accident_number,date,time,year,street1,street2,offset,road_class,district,latitude,longitude,x,y,accident_location,traffctl,visibility,light,road_surface_condition,hood_158,neighbourhood_new,hood_140,neighbourhood_old,accident_class,pedestrian,cyclist,automobile,motorcycle,truck,trsn_city_veh,emerg_veh,passenger,speeding,aggressive_driving,redlight,alcohol,disability,impact_type,involvement_type,initial_direction,vehicle_type,manoeuver,driver_action,driver_condition,pedestrian_type,pedestrian_action,pedestrian_condition,cyclist_type,cyclist_action,cyclist_condition,division,injury,involvement_age,injury_severity_score
93,2015-05-10 08:00:00,1830,2015,50 CARLTON ST,,4 m South of,Major Arterial,North York,43.661627,-79.380183,630604.2978,4835565.4274,Non Intersection,No Control,Clear,Daylight,Dry,168,Downtown Yonge East,75,Church-Yonge Corridor (75),Non-Fatal Injury,0,1,0,0,1,0,0,0,0,0,0,0,0,Cyclist Collisions,"['Cyclist', 'Truck Driver']",East,"['Bicycle', 'Truck - Closed (Blazer, etc)']","['Changing Lanes', 'Going Ahead']",['Driving Properly'],['Normal'],[],[],[],['Cyclist and Driver travelling in same direction. One vehicle sideswipes the other.'],['Improper Lane Change'],['Had Been Drinking'],D51,False,"['60 to 64', '45 to 49']",3.0
94,2015-05-12 08:00:00,735,2015,25 RACINE RD,,5 m North of,Collector,Etobicoke York,43.715785,-79.575084,614786.1369,4841292.0534,At/Near Private Drive,No Control,Clear,Daylight,Dry,1,West Humber-Clairville,1,West Humber-Clairville (1),Non-Fatal Injury,0,0,1,0,0,0,0,0,1,1,0,0,0,Turning Movement,['Driver'],East,"['Automobile, Station Wagon']","['Turning Left', 'Going Ahead']","['Improper Turn', 'Exceeding Speed Limit']","['Unknown', 'Normal']",[],[],[],[],[],[],D23,False,"['55 to 59', '20 to 24']",3.0
95,2015-05-13 08:00:00,2208,2015,DANFORTH RD,BRIMLEY RD,,Major Arterial,Scarborough,43.735163,-79.247379,641139.6376,4843950.2874,At Intersection,Traffic Signal,Clear,Dark,Dry,138,Eglinton East,138,Eglinton East (138),Fatal,1,0,1,0,0,0,0,0,0,0,0,0,0,Pedestrian Collisions,"['Driver', 'Pedestrian']",East,"['Automobile, Station Wagon']",['Going Ahead'],['Driving Properly'],['Unknown'],['Vehicle is going straight thru inter.while ped cross without ROW'],['Crossing without right of way'],['Unknown'],[],[],[],D43,True,"['80 to 84', '30 to 34']",4.0
96,2015-05-14 08:00:00,1538,2015,DUNVEGAN RD,ST CLAIR AVE W,,Local,Toronto and East York,43.686713,-79.405063,628544.6549,4838312.7013,Non Intersection,No Control,Clear,Daylight,Dry,96,Casa Loma,96,Casa Loma (96),Non-Fatal Injury,0,1,1,0,0,0,0,1,0,0,0,0,0,Cyclist Collisions,"['Driver', 'Cyclist', 'Passenger']",North,"['Automobile, Station Wagon', 'Bicycle']","['Turning Left', 'Going Ahead']",['Improper Turn'],['Normal'],[],[],[],['Motorist turned left across cyclists path.'],['Driving Properly'],['Normal'],D53,False,"['45 to 49', '20 to 24', '0 to 4']",3.0
97,2015-05-14 08:00:00,1730,2015,GERRARD ST E,GREENWOOD AVE,4 m East of,Minor Arterial,Toronto and East York,43.670912,-79.328014,634789.8977,4836680.0992,Non Intersection,Traffic Signal,Clear,Daylight,Dry,65,Greenwood-Coxwell,65,Greenwood-Coxwell (65),Non-Fatal Injury,0,0,1,1,0,0,0,0,0,0,0,0,0,Turning Movement,"['Driver', 'Motorcycle Driver']",East,"['Automobile, Station Wagon', 'Motorcycle']","['Turning Right', 'Going Ahead']","['Improper Turn', 'Driving Properly']",['Normal'],[],[],[],[],[],[],D55,False,"['45 to 49', '30 to 34']",3.0
98,2015-05-15 08:00:00,1535,2015,MORTIMER AVE,GLEBEMOUNT AVE,,Minor Arterial,Toronto and East York,43.691435,-79.320651,635337.3307,4838971.4529,At Intersection,Stop Sign,Clear,Daylight,Wet,59,Danforth East York,59,Danforth East York (59),Non-Fatal Injury,0,0,1,1,0,0,0,0,0,1,0,0,0,Angle,"['Driver', 'Motorcycle Driver']",East,"['Automobile, Station Wagon', 'Motorcycle']","['Going Ahead', 'Overtaking']","['Failed to Yield Right of Way', 'Driving Properly']","['Inattentive', 'Normal']",[],[],[],[],[],[],D55,False,"['15 to 19', '55 to 59']",3.0
99,2015-05-16 08:00:00,211,2015,755 QUEEN ST E,,10 m North o,Minor Arterial,Toronto and East York,43.659293,-79.347926,633210.339,4835357.4898,Non Intersection,No Control,Clear,"Dark, artificial",Dry,70,South Riverdale,70,South Riverdale (70),Non-Fatal Injury,1,0,1,0,0,0,0,1,0,0,0,0,0,Pedestrian Collisions,"['Driver', 'Pedestrian', 'Passenger']",East,"['Automobile, Station Wagon']",['Going Ahead'],['Other'],['Had Been Drinking'],['Pedestrian hit at mid-block'],"['Crossing, no Traffic Control']",['Normal'],[],[],[],D55,False,"['20 to 24', '35 to 39']",3.0
100,2015-05-16 08:00:00,325,2015,BLOOR ST W,INDIAN GRV,50 m West of,Major Arterial,Toronto and East York,43.655169,-79.457828,624357.126,4834728.8859,Non Intersection,No Control,Clear,"Dark, artificial",Dry,87,High Park-Swansea,87,High Park-Swansea (87),Fatal,1,0,1,0,0,0,0,1,0,0,0,0,0,Pedestrian Collisions,"['Driver', 'Pedestrian', 'Passenger']",East,"['Automobile, Station Wagon']",['Going Ahead'],['Driving Properly'],['Normal'],['Pedestrian hit at mid-block'],"['Crossing, no Traffic Control']",['Had Been Drinking'],[],[],[],D11,True,"['65 to 69', '40 to 44', '30 to 34']",4.0
101,2015-05-19 08:00:00,823,2015,ROXBOROUGH ST E,WRENTHAM PL,,Collector,Toronto and East York,43.679423,-79.382312,630394.0932,4837538.5638,,Stop Sign,Clear,"Daylight, artificial",Dry,98,Rosedale-Moore Park,98,Rosedale-Moore Park (98),Fatal,0,1,1,0,0,0,0,0,0,0,0,0,0,Cyclist Collisions,"['Cyclist', 'Driver']",East,"['Bicycle', 'Automobile, Station Wagon']","['Turning Left', 'Going Ahead']",['Driving Properly'],['Normal'],[],[],[],['Cyclist turned left across motorists path.'],['Improper Turn'],['Unknown'],D53,True,"['75 to 79', '40 to 44']",4.0
102,2015-05-20 08:00:00,600,2015,JANE ST,STEELES AVE W,,Major Arterial,Etobicoke York,43.775401,-79.521693,618969.0049,4847988.5962,At Intersection,Traffic Signal,Clear,Daylight,Dry,24,Black Creek,24,Black Creek (24),Non-Fatal Injury,0,0,1,0,0,0,0,1,0,0,0,0,0,SMV Other,"['Driver', 'Passenger']",North,"['Automobile, Station Wagon']",['Going Ahead'],['Lost control'],['Inattentive'],[],[],[],[],[],[],D31,False,"['40 to 44', '35 to 39']",3.0
103,2015-05-20 08:00:00,1453,2015,HIGH PARK AVE,ANNETTE ST,,Minor Arterial,Toronto and East York,43.662867,-79.469249,623420.382,4835566.7964,Intersection Related,Traffic Signal,Clear,Daylight,Dry,90,Junction Area,90,Junction Area (90),Non-Fatal Injury,1,0,1,0,0,0,0,1,0,1,0,0,0,Pedestrian Collisions,"['Driver', 'Passenger', 'Pedestrian']",North,"['Automobile, Station Wagon']",['Turning Left'],['Failed to Yield Right of Way'],['Normal'],['Vehicle turns left while ped crosses with ROW at inter.'],['Crossing with right of way'],['Normal'],[],[],[],D11,False,"['35 to 39', '50 to 54', '30 to 34']",3.0
104,2015-05-21 08:00:00,1514,2015,GLEN WATFORD DR,RURAL AVE,,Collector,Scarborough,43.787783,-79.27634,638685.722,4849745.6194,At Intersection,Stop Sign,Clear,Daylight,Dry,128,Agincourt South-Malvern West,128,Agincourt South-Malvern West (128),Non-Fatal Injury,1,0,1,0,0,0,0,0,0,1,0,0,0,Pedestrian Collisions,"['Driver', 'Pedestrian']",North,"['Automobile, Station Wagon']",['Turning Left'],['Failed to Yield Right of Way'],['Inattentive'],['Vehicle turns left while ped crosses with ROW at inter.'],['Crossing with right of way'],['Normal'],[],[],[],D42,False,"['45 to 49', '15 to 19']",3.0
105,2015-05-21 08:00:00,2255,2015,YONGE ST,FRONT ST E,10 m North o,Major Arterial,Toronto and East York,43.646811,-79.376933,630898.5313,4833925.0363,At Intersection,Traffic Signal,Clear,"Dark, artificial",Dry,166,St Lawrence-East Bayfront-The Islands,77,Waterfront Communities-The Island (77),Non-Fatal Injury,0,1,1,0,0,0,0,1,0,0,0,0,0,Cyclist Collisions,"['Cyclist', 'Driver', 'Passenger']",South,"['Bicycle', 'Pick Up Truck']","['Overtaking', 'Going Ahead']",['Driving Properly'],['Normal'],[],[],[],['Cyclist and Driver travelling in same direction. One vehicle sideswipes the other.'],['Improper Passing'],['Normal'],D51,False,"['35 to 39', '60 to 64', '20 to 24']",3.0
106,2015-05-22 08:00:00,822,2015,DON MILLS RD,GREEN BELT DR,,Major Arterial,North York,43.727645,-79.340846,633629.3196,4842960.3276,Intersection Related,Traffic Signal,Clear,Daylight,Dry,42,Banbury-Don Mills,42,Banbury-Don Mills (42),Fatal,1,0,1,0,0,0,0,0,0,1,0,0,0,Pedestrian Collisions,"['Driver', 'Pedestrian']",Unknown,"['Automobile, Station Wagon']","['Turning Left', 'Going Ahead']","['Failed to Yield Right of Way', 'Driving Properly']",['Normal'],['Pedestrian hit on sidewalk or shoulder'],['On Sidewalk or Shoulder'],['Normal'],[],[],[],D33,True,"['25 to 29', '45 to 49', '15 to 19']",4.0
107,2015-05-22 08:00:00,1115,2015,DANFORTH AVE,FERRIER AVE,,Major Arterial,Toronto and East York,43.678198,-79.34827,633140.795,4837456.5936,Intersection Related,No Control,Clear,Daylight,Dry,68,North Riverdale,68,North Riverdale (68),Non-Fatal Injury,0,0,1,0,0,0,0,1,0,1,0,0,1,Rear End,"['Driver', 'Passenger']",West,"['Automobile, Station Wagon', 'Pick Up Truck']","['Going Ahead', 'Slowing or Stopping']","['Following too Close', 'Other']","['Normal', 'Medical or Physical Disability']",[],[],[],[],[],[],D55,False,"['35 to 39', '45 to 49', '0 to 4']",3.0
108,2015-05-23 08:00:00,1030,2015,MARINE PARADE DR,PARK LAWN RD,,Major Arterial,Etobicoke York,43.622958,-79.481197,622538.1473,4831116.6899,At Intersection,Traffic Signal,Clear,Daylight,Dry,161,Humber Bay Shores,17,Mimico (includes Humber Bay Shores) (17),Non-Fatal Injury,0,1,1,0,0,0,0,0,0,1,0,0,0,Cyclist Collisions,"['Driver', 'Cyclist']",East,"['Automobile, Station Wagon', 'Bicycle']","['Turning Right', 'Going Ahead']",['Failed to Yield Right of Way'],['Normal'],[],[],[],"['Motorist turns right at non-signal Inter.(stop, yield, no cont.,and dwy) and strikes cyclist.']",['Driving Properly'],['Normal'],D22,False,"['50 to 54', '45 to 49']",3.0
109,2015-05-24 08:00:00,1413,2015,BATHURST ST,ULSTER ST,35 m North o,Major Arterial,Toronto and East York,43.659735,-79.409045,628281.1878,4835310.2668,Non Intersection,Traffic Signal,Clear,Daylight,Other,79,University,79,University (79),Non-Fatal Injury,0,0,0,1,0,0,0,0,0,0,0,0,0,SMV Other,['Motorcycle Driver'],South,['Motorcycle'],['Going Ahead'],['Driving Properly'],['Other'],[],[],[],[],[],[],D14,False,['25 to 29'],3.0
110,2015-05-25 08:00:00,1828,2015,MORNINGSIDE AVE,SHEPPARD AVE E,,Major Arterial,Scarborough,43.801963,-79.199764,644812.8441,4851451.6927,Intersection Related,Traffic Signal,Clear,Daylight,Dry,144,Morningside Heights,131,Rouge (131),Non-Fatal Injury,0,0,1,1,0,0,0,1,0,1,0,0,0,Turning Movement,"['Driver', 'Motorcycle Driver', 'Motorcycle Passenger']",North,"['Automobile, Station Wagon', 'Motorcycle']","['Turning Left', 'Going Ahead']","['Failed to Yield Right of Way', 'Driving Properly']",['Normal'],[],[],[],[],[],[],D42,False,"['55 to 59', '20 to 24', '15 to 19']",3.0
111,2015-05-26 08:00:00,1855,2015,ST CLAIR AVE E,O CONNOR DR,,Major Arterial,Toronto and East York,43.705386,-79.312824,635936.5785,4840533.7136,Intersection Related,Traffic Signal,Clear,Daylight,Dry,54,O'Connor-Parkview,54,O'Connor-Parkview (54),Non-Fatal Injury,1,0,1,0,0,0,0,1,0,1,1,0,0,Pedestrian Collisions,"['Driver', 'Pedestrian', 'Passenger']",East,"['Automobile, Station Wagon']",['Going Ahead'],['Disobeyed Traffic Control'],['Inattentive'],['Vehicle is going straight thru inter.while ped cross with ROW'],['Crossing with right of way'],['Normal'],[],[],[],D55,False,"['60 to 64', '40 to 44', '25 to 29']",3.0
112,2015-05-27 08:00:00,2120,2015,TANGAMO RD,MOFORD CRES,17 m North o,Local,Etobicoke York,43.69047,-79.559459,616093.6909,4838502.2338,Non Intersection,Stop Sign,Clear,"Dark, artificial",Dry,7,Willowridge-Martingrove-Richview,7,Willowridge-Martingrove-Richview (7),Fatal,0,0,1,0,0,0,0,0,0,0,0,0,0,SMV Other,['Driver'],South,"['Automobile, Station Wagon']",['Going Ahead'],['Other'],['Unknown'],[],[],[],[],[],[],D23,True,['15 to 19'],4.0
113,2015-05-28 08:00:00,1420,2015,BATHURST ST,FRONT ST W,25 m South o,Major Arterial,Toronto and East York,43.641295,-79.401637,628917.9589,4833273.7441,Non Intersection,No Control,Clear,Daylight,Dry,164,Wellington Place,77,Waterfront Communities-The Island (77),Non-Fatal Injury,0,1,1,0,0,0,0,0,0,0,0,0,0,Cyclist Collisions,"['Cyclist', 'Driver']",North,"['Bicycle', 'Automobile, Station Wagon']",['Going Ahead'],['Driving Properly'],['Normal'],[],[],[],['Insufficient information (to determine cyclist crash type).'],['Other'],['Had Been Drinking'],D14,False,"['45 to 49', '50 to 54']",3.0
114,2015-05-29 08:00:00,1109,2015,169 KINGSLAKE RD,,,Collector,North York,43.789248,-79.343745,633259.0026,4849797.6032,At/Near Private Drive,No Control,Clear,Daylight,Dry,47,Don Valley Village,47,Don Valley Village (47),Non-Fatal Injury,0,0,1,0,0,0,0,0,0,0,0,0,0,Other,['Driver'],East,"['Automobile, Station Wagon']",['Reversing'],['Other'],['Inattentive'],[],[],[],[],[],[],D33,False,['40 to 44'],3.0
115,2015-05-29 08:00:00,1230,2015,THE QUEENSWAY,VIBE RD,33 m West of,Major Arterial,Etobicoke York,43.621604,-79.523433,619133.1602,4830904.8442,At/Near Private Drive,No Control,Clear,Daylight,Dry,159,Etobicoke City Centre,14,Islington-City Centre West (14),Non-Fatal Injury,0,0,1,0,0,0,0,0,0,1,0,0,0,Angle,['Driver'],North,"['Automobile, Station Wagon', 'Other']",['Going Ahead'],"['Failed to Yield Right of Way', 'Driving Properly']","['Inattentive', 'Normal']",[],[],[],[],[],[],D22,False,"['20 to 24', '85 to 89']",3.0
116,2015-05-29 08:00:00,1621,2015,LAKE SHORE BLVD E,LESLIE ST,374 m West o,Major Arterial,Toronto and East York,43.657817,-79.331432,634543.598,4835220.1743,Non Intersection,No Control,Clear,Daylight,Dry,70,South Riverdale,70,South Riverdale (70),Non-Fatal Injury,0,0,1,0,1,0,0,0,0,1,0,0,0,Rear End,"['Truck Driver', 'Driver']",West,"['Truck - Dump', 'Automobile, Station Wagon']","['Changing Lanes', 'Going Ahead']","['Following too Close', 'Driving Properly']",['Normal'],[],[],[],[],[],[],D55,False,"['60 to 64', '40 to 44']",3.0
117,2015-05-30 08:00:00,2,2015,DUNDAS ST W,EDNA AVE,2 m North of,Minor Arterial,Toronto and East York,43.657214,-79.45267,624768.8236,4834963.7529,At Intersection,No Control,Clear,"Dark, artificial",Dry,88,High Park North,88,High Park North (88),Non-Fatal Injury,0,1,1,0,0,0,0,0,0,0,0,0,0,Cyclist Collisions,"['Cyclist', 'Driver']",North,"['Bicycle', 'Automobile, Station Wagon']",['Going Ahead'],['Driving Properly'],['Normal'],[],[],[],"['Cyclist without ROW rides into path of motorist at inter, lnwy, dwy-Cyclist not turn.']",['Failed to Yield Right of Way'],['Normal'],D11,False,"['50 to 54', '40 to 44']",3.0
118,2015-05-31 08:00:00,241,2015,YONGE ST,SHEPPARD AVE W,,Major Arterial,North York,43.7615,-79.410922,627913.173,4846609.807,At Intersection,Traffic Signal,Rain,"Dark, artificial",Wet,153,Avondale,51,Willowdale East (51),Non-Fatal Injury,1,0,1,0,0,0,0,0,0,0,0,0,0,Pedestrian Collisions,"['Driver', 'Pedestrian']",South,"['Automobile, Station Wagon']",['Going Ahead'],['Driving Properly'],['Normal'],['Vehicle is going straight thru inter.while ped cross without ROW'],['Crossing without right of way'],['Unknown'],[],[],[],D32,False,"['35 to 39', '50 to 54']",3.0
119,2015-05-31 08:00:00,2104,2015,BLOOR ST W,WESTMORELAND AVE,,Major Arterial,Toronto and East York,43.660933,-79.430408,626556.1218,4835410.5128,,No Control,Rain,Dusk,Wet,83,Dufferin Grove,83,Dufferin Grove (83),Fatal,1,0,1,0,0,0,0,0,1,1,0,0,0,Pedestrian Collisions,"['Pedestrian', 'Driver']",South,"['Automobile, Station Wagon']",['Going Ahead'],['Speed too Fast For Condition'],['Unknown'],['Pedestrian hit at mid-block'],"['Crossing, no Traffic Control']",['Normal'],[],[],[],D14,True,"['35 to 39', 'unknown']",4.0
120,2015-06-02 08:00:00,1233,2015,LAWRENCE AVE E,MCCOWAN RD,,Major Arterial,Scarborough,43.755538,-79.245418,641249.628,4846216.5828,At Intersection,Traffic Signal,Clear,Daylight,Dry,157,Bendale South,127,Bendale (127),Fatal,1,0,1,0,0,0,0,0,0,0,0,0,0,Pedestrian Collisions,"['Driver', 'Pedestrian']",West,"['Automobile, Station Wagon']",['Going Ahead'],['Driving Properly'],['Normal'],['Vehicle is going straight thru inter.while ped cross without ROW'],['Crossing without right of way'],['Unknown'],[],[],[],D43,True,"['80 to 84', '70 to 74']",4.0
121,2015-06-02 08:00:00,1854,2015,SPENVALLEY DR,ARLETA AVE,,Collector,Etobicoke York,43.74364,-79.501498,620658.0639,4844490.2828,At Intersection,Stop Sign,Clear,Daylight,Dry,25,Glenfield-Jane Heights,25,Glenfield-Jane Heights (25),Non-Fatal Injury,1,0,1,0,0,0,0,0,0,1,0,0,0,Pedestrian Collisions,"['Driver', 'Pedestrian']",East,"['Automobile, Station Wagon']",['Turning Left'],['Failed to Yield Right of Way'],['Normal'],['Vehicle turns left while ped crosses with ROW at inter.'],['Crossing with right of way'],['Normal'],[],[],[],D31,False,['75 to 79'],3.0
122,2015-06-03 08:00:00,51,2015,BAYVIEW AVE,BOWAN CRT,,Major Arterial,North York,43.795054,-79.394183,629188.3122,4850362.4851,At Intersection,Stop Sign,Clear,"Dark, artificial",Dry,49,Bayview Woods-Steeles,49,Bayview Woods-Steeles (49),Non-Fatal Injury,0,0,1,0,0,1,0,1,1,1,0,0,0,Turning Movement,"['Driver', 'Passenger']",North,"['Automobile, Station Wagon', 'Bus (Other) (Go Bus, Gray Coa']","['Going Ahead', 'Turning Left']","['Exceeding Speed Limit', 'Other']",['Had Been Drinking'],[],[],[],[],[],[],D33,False,"['35 to 39', '55 to 59', '30 to 34']",3.0
123,2015-06-03 08:00:00,2001,2015,BRIMLEY RD,EGLINTON AVE E,,Major Arterial,Scarborough,43.736624,-79.24805,641082.1697,4844111.4105,At Intersection,Traffic Signal,Clear,"Dawn, artificial",Dry,124,Kennedy Park,124,Kennedy Park (124),Non-Fatal Injury,1,0,1,0,0,0,0,0,0,1,0,0,0,Pedestrian Collisions,"['Driver', 'Pedestrian']",North,"['Automobile, Station Wagon']",['Turning Left'],['Failed to Yield Right of Way'],['Normal'],['Vehicle turns left while ped crosses with ROW at inter.'],['Crossing with right of way'],['Normal'],[],[],[],D41,False,"['55 to 59', '25 to 29']",3.0
124,2015-06-04 08:00:00,242,2015,MARKHAM RD,LAWRENCE AVE E,,Major Arterial,Scarborough,43.75981,-79.225314,642857.9185,4846725.5382,Intersection Related,Traffic Signal,Clear,"Dark, artificial",Dry,141,Golfdale-Cedarbrae-Woburn,137,Woburn (137),Non-Fatal Injury,0,0,1,0,1,0,0,0,0,0,0,0,0,Rear End,"['Driver', 'Truck Driver']",South,"['Automobile, Station Wagon', 'Truck-Tractor']","['Going Ahead', 'Stopped']","['Lost control', 'Driving Properly']","['Had Been Drinking', 'Normal']",[],[],[],[],[],[],D43,False,"['35 to 39', '30 to 34']",3.0
125,2015-06-04 08:00:00,1255,2015,COMMISSIONERS ST,BOUCHETTE ST,80 m East of,Collector,Toronto and East York,43.65108,-79.339046,633944.6199,4834459.6223,Non Intersection,No Control,Clear,Daylight,Dry,70,South Riverdale,70,South Riverdale (70),Non-Fatal Injury,0,0,1,0,0,0,0,0,1,1,0,0,0,SMV Other,['Driver'],East,"['Automobile, Station Wagon']",['Changing Lanes'],['Exceeding Speed Limit'],['Inattentive'],[],[],[],[],[],[],D55,False,['45 to 49'],3.0
126,2015-06-04 08:00:00,2135,2015,DUNDAS ST W,ROYAL YORK RD,300 m East o,Major Arterial,Etobicoke York,43.659487,-79.513393,619867.8642,4835126.683,Non Intersection,Traffic Signal,Clear,"Dark, artificial",Dry,15,Kingsway South,15,Kingsway South (15),Non-Fatal Injury,1,0,1,0,0,0,0,0,0,0,0,0,0,Pedestrian Collisions,"['Driver', 'Pedestrian']",East,"['Automobile, Station Wagon']",['Going Ahead'],['Driving Properly'],['Normal'],['Vehicle is going straight thru inter.while ped cross without ROW'],['Crossing without right of way'],['Inattentive'],[],[],[],D22,False,"['75 to 79', '45 to 49']",3.0
127,2015-06-07 08:00:00,1830,2015,YONGE ST,LAWRENCE AVE E,,Major Arterial,North York,43.725032,-79.402156,628696.92,4842573.0751,At Intersection,Traffic Signal,Clear,Daylight,Dry,103,Lawrence Park South,103,Lawrence Park South (103),Non-Fatal Injury,0,1,0,0,0,1,0,0,0,0,0,0,0,Cyclist Collisions,"['Cyclist', 'Driver']",North,"['Bicycle', 'Municipal Transit Bus (TTC)']",['Going Ahead'],['Driving Properly'],['Normal'],[],[],[],['Cyclist and Driver travelling in same direction. One vehicle sideswipes the other.'],['Lost control'],['Normal'],D53,False,"['50 to 54', '45 to 49']",3.0
128,2015-06-07 08:00:00,1850,2015,YONGE ST,CUMMER AVE,38 m North o,Major Arterial,North York,43.787596,-79.417468,627330.8494,4849498.0763,Non Intersection,No Control,Clear,Daylight,Dry,50,Newtonbrook East,50,Newtonbrook East (50),Non-Fatal Injury,0,0,1,0,0,0,0,0,0,0,0,0,0,SMV Other,['Driver'],South,['Pick Up Truck'],['Going Ahead'],['Lost control'],['Unknown'],[],[],[],[],[],[],D32,False,['20 to 24'],3.0
129,2015-06-07 08:00:00,2316,2015,169 SHAW ST,,,Collector,Toronto and East York,43.646323,-79.416911,627675.3512,4833808.5573,Non Intersection,No Control,Clear,"Dark, artificial",Dry,81,Trinity-Bellwoods,81,Trinity-Bellwoods (81),Non-Fatal Injury,0,1,0,0,0,0,0,0,0,0,0,0,0,Cyclist Collisions,['Cyclist'],North,['Bicycle'],['Going Ahead'],[],[],[],[],[],['Cyclist strikes a parked vehicle.'],['Lost control'],"['Ability Impaired, Alcohol']",D14,False,['25 to 29'],3.0
130,2015-06-08 08:00:00,1915,2015,PATON RD,LANSDOWNE AVE,,Minor Arterial,Toronto and East York,43.660639,-79.443607,625492.4894,4835357.8119,At Intersection,Stop Sign,Other,Daylight,Other,171,Junction-Wallace Emerson,93,Dovercourt-Wallace Emerson-Junction (93),Non-Fatal Injury,0,1,1,0,0,0,0,0,0,1,0,0,0,Angle,"['Driver', 'Moped Driver']",East,"['Automobile, Station Wagon', 'Moped']",['Going Ahead'],"['Failed to Yield Right of Way', 'Driving Properly']",['Unknown'],[],[],[],[],[],[],D11,False,"['40 to 44', '50 to 54']",3.0
131,2015-06-09 08:00:00,25,2015,878 YONGE  ST,,20 m North o,Major Arterial,Toronto and East York,43.672415,-79.387683,629976.2875,4836751.8004,Intersection Related,No Control,Clear,"Dark, artificial",Dry,98,Rosedale-Moore Park,98,Rosedale-Moore Park (98),Non-Fatal Injury,0,0,1,0,0,0,0,1,1,1,0,1,0,Turning Movement,"['Driver', 'Passenger']",North,"['Automobile, Station Wagon']","['Turning Left', 'Going Ahead']","['Improper Turn', 'Speed too Fast For Condition']","['Normal', 'Ability Impaired, Alcohol Over .08']",[],[],[],[],[],[],D53,False,"['40 to 44', '30 to 34']",3.0
132,2015-06-09 08:00:00,1047,2015,DUNDAS ST W,HURON ST,,Major Arterial,Toronto and East York,43.653159,-79.397022,629264.7404,4834598.5745,Non Intersection,No Control,Clear,Daylight,Dry,78,Kensington-Chinatown,78,Kensington-Chinatown (78),Non-Fatal Injury,0,0,1,0,0,0,0,1,0,0,0,0,1,Rear End,"['Driver', 'Passenger']",East,"['Automobile, Station Wagon']","['Going Ahead', 'Stopped']","['Lost control', 'Driving Properly']","['Medical or Physical Disability', 'Normal']",[],[],[],[],[],[],D52,False,"['45 to 49', '50 to 54']",3.0
133,2015-06-11 08:00:00,24,2015,FINCH AVE W,TOBERMORY DR,,Major Arterial,Etobicoke York,43.759272,-79.507922,620109.532,4846217.1092,At Intersection,Traffic Signal,Clear,"Dark, artificial",Dry,25,Glenfield-Jane Heights,25,Glenfield-Jane Heights (25),Fatal,0,1,1,0,0,0,0,0,1,1,0,1,0,Cyclist Collisions,"['Driver', 'Cyclist']",West,"['Automobile, Station Wagon', 'Bicycle']",['Going Ahead'],['Exceeding Speed Limit'],"['Ability Impaired, Alcohol']",[],[],[],['Cyclist and Driver travelling in same direction. One vehicle rear-ended the other.'],['Driving Properly'],['Unknown'],D31,True,"['20 to 24', '40 to 44']",4.0
134,2015-06-11 08:00:00,1322,2015,YONGE ST,EMPRESS AVE,,Major Arterial,North York,43.769263,-79.412891,627738.1521,4847468.9661,At Intersection,Traffic Signal,Clear,Daylight,Dry,151,Yonge-Doris,51,Willowdale East (51),Fatal,1,0,1,0,0,0,0,0,0,0,0,0,0,Pedestrian Collisions,"['Driver', 'Pedestrian']",East,"['Automobile, Station Wagon']","['Going Ahead', 'Turning Left']","['Driving Properly', 'Lost control']","['Normal', 'Unknown']",['Pedestrian hit on sidewalk or shoulder'],['On Sidewalk or Shoulder'],"['Normal', 'Unknown']",[],[],[],D32,True,"['55 to 59', '60 to 64', '65 to 69']",4.0
135,2015-06-12 08:00:00,530,2015,GERRARD ST E,WOODBINE AVE,1 m East of,Major Arterial,Toronto and East York,43.680781,-79.310748,636159.5176,4837804.3885,Intersection Related,Traffic Signal,Clear,"Dark, artificial",Dry,62,East End-Danforth,62,East End-Danforth (62),Non-Fatal Injury,0,0,1,0,0,0,0,1,0,0,0,0,0,Other,"['Driver', 'Passenger']",West,"['Automobile, Station Wagon']",['Going Ahead'],['Other'],['Normal'],[],[],[],[],[],[],D55,False,"['40 to 44', '25 to 29']",3.0
136,2015-06-12 08:00:00,756,2015,WILSON AVE,DALLNER RD,,Major Arterial,Etobicoke York,43.719813,-79.513789,619715.8586,4841826.1273,At Intersection,Stop Sign,Clear,Daylight,Dry,154,Oakdale-Beverley Heights,26,Downsview-Roding-CFB (26),Non-Fatal Injury,0,0,1,0,0,0,0,0,0,1,0,0,0,Turning Movement,['Driver'],South,"['Automobile, Station Wagon']","['Turning Left', 'Going Ahead']","['Failed to Yield Right of Way', 'Driving Properly']","['Inattentive', 'Normal']",[],[],[],[],[],[],D31,False,"['25 to 29', '45 to 49']",3.0
137,2015-06-13 08:00:00,300,2015,F G GARDINER XY  W,ROYAL YORK RD,,,Etobicoke York,43.622645,-79.502467,620822.6796,4831050.7557,,No Control,Rain,Dark,Wet,16,Stonegate-Queensway,16,Stonegate-Queensway (16),Fatal,0,0,1,0,0,0,0,0,1,1,0,0,0,SMV Other,['Driver'],West,"['Automobile, Station Wagon']",['Going Ahead'],['Exceeding Speed Limit'],['Unknown'],[],[],[],[],[],[],D22,True,['20 to 24'],4.0