accident_number,date,time,year,street1,street2,offset,road_class,district,latitude,longitude,x,y,accident_location,traffctl,visibility,light,road_surface_condition,hood_158,neighbourhood_new,hood_140,neighbourhood_old,accident_class,pedestrian,cyclist,automobile,motorcycle,truck,trsn_city_veh,emerg_veh,passenger,speeding,aggressive_driving,redlight,alcohol,disability,impact_type,involvement_type,initial_direction,vehicle_type,manoeuver,driver_action,driver_condition,pedestrian_type,pedestrian_action,pedestrian_condition,cyclist_type,cyclist_action,cyclist_condition,division,injury,involvement_age,injury_severity_score
182,2015-07-31 08:00:00,2130,2015,63 WALLINGFORD RD,,,Local,North York,43.756701,-79.326358,634731.0099,4846210.895,Private Driveway,No Control,Clear,"Dark, artificial",Wet,150,Fenside-Parkwoods,45,Parkwoods-Donalda (45),Non-Fatal Injury,1,0,1,0,0,0,0,0,0,0,0,0,0,Pedestrian Collisions,"['Driver', 'Pedestrian']",East,"['Automobile, Station Wagon']",['Reversing'],['Other'],['Inattentive'],['Pedestrian hit at private driveway'],['Other'],['Normal'],[],[],[],D33,False,"['45 to 49', '70 to 74']",3.0
183,2015-08-01 08:00:00,31,2015,1939 KENNEDY RD,,18 m South o,Major Arterial,Scarborough,43.768611,-79.281932,638279.974,4847606.9144,Non Intersection,No Control,Clear,Dark,Dry,126,Dorset Park,126,Dorset Park (126),Non-Fatal Injury,0,0,1,1,0,0,0,1,0,1,0,0,0,Rear End,"['Driver', 'Motorcycle Driver', 'Motorcycle Passenger']",North,"['Automobile, Station Wagon', 'Motorcycle']",['Going Ahead'],"['Following too Close', 'Driving Properly']","['Had Been Drinking', 'Normal']",[],[],[],[],[],[],D41,False,"['40 to 44', '35 to 39']",3.0
184,2015-08-04 08:00:00,1136,2015,KEELE STREET,MAPLE LEAF DRIVE,40 m North o,Major Arterial,Etobicoke York,43.715346,-79.479564,622481.8418,4841380.0085,Non Intersection,No Control,Clear,Daylight,Dry,29,Maple Leaf,29,Maple Leaf (29),Fatal,0,0,1,0,1,0,0,1,0,0,0,0,0,Sideswipe,"['Driver', 'Truck Driver', 'Passenger']",North,"['Automobile, Station Wagon', 'Truck (other)']","['Going Ahead', 'Stopped']","['Lost control', 'Driving Properly']",['Normal'],[],[],[],[],[],[],D12,True,"['85 to 89', '35 to 39', '80 to 84']",4.0
185,2015-08-07 08:00:00,1715,2015,SHEPPARD AVE W,JOHN DRURY DR,,Major Arterial,North York,43.748278,-79.482768,622156.7649,4845032.8496,At Intersection,Traffic Signal,Clear,Daylight,Dry,155,Downsview,26,Downsview-Roding-CFB (26),Non-Fatal Injury,1,0,1,0,0,0,0,0,0,0,0,0,0,Pedestrian Collisions,"['Driver', 'Pedestrian']",North,"['Automobile, Station Wagon']",['Going Ahead'],['Driving Properly'],['Normal'],['Vehicle is going straight thru inter.while ped cross without ROW'],['Crossing without right of way'],['Normal'],[],[],[],D31,False,"['unknown', '15 to 19']",3.0
186,2015-08-07 08:00:00,1811,2015,OLD SHEPPARD AVE,BRIAN DR,9 m East of,Collector,North York,43.778842,-79.3325,634187.0431,4848660.0195,Intersection Related,Stop Sign,Clear,Daylight,Dry,46,Pleasant View,46,Pleasant View (46),Non-Fatal Injury,0,1,1,0,0,0,0,0,0,0,0,0,0,Cyclist Collisions,"['Cyclist', 'Driver']",South,"['Bicycle', 'Automobile, Station Wagon']","['Overtaking', 'Turning Left']",['Driving Properly'],['Normal'],[],[],[],['Motorist turned left across cyclists path.'],['Improper Passing'],['Inattentive'],D33,False,"['55 to 59', '20 to 24']",3.0
187,2015-08-09 08:00:00,40,2015,KIPLING AVE,FINCH AVE W,18 m North o,Major Arterial,Etobicoke York,43.743254,-79.582095,614169.1523,4844333.1872,At Intersection,Traffic Signal,Clear,"Dark, artificial",Dry,3,Thistletown-Beaumond Heights,3,Thistletown-Beaumond Heights (3),Non-Fatal Injury,0,0,1,0,0,0,0,1,0,1,0,0,0,Rear End,"['Driver', 'Passenger']",South,"['Automobile, Station Wagon']","['Going Ahead', 'Stopped']","['Following too Close', 'Driving Properly']","['Fatigue', 'Normal']",[],[],[],[],[],[],D23,False,"['60 to 64', '30 to 34', '55 to 59', '5 to 9', '25 to 29']",3.0
188,2015-08-09 08:00:00,700,2015,FINCH AVE E,BIRCHMOUNT RD,,Major Arterial,Scarborough,43.798983,-79.30598,636275.401,4850940.3226,At Intersection,Traffic Signal,Clear,Daylight,Dry,148,East L'Amoreaux,117,L'Amoreaux (117),Non-Fatal Injury,1,0,1,0,0,0,0,0,0,1,0,0,0,Pedestrian Collisions,"['Driver', 'Pedestrian']",East,"['Automobile, Station Wagon']",['Turning Right'],['Failed to Yield Right of Way'],['Normal'],['Vehicle turns right while ped crosses with ROW at inter.'],['Crossing with right of way'],['Normal'],[],[],[],D42,False,"['55 to 59', '70 to 74']",3.0
189,2015-08-09 08:00:00,2110,2015,MEADOWVALE RD,SHEPPARD AVE E,35 m North o,Collector,Scarborough,43.808852,-79.171031,647107.2727,4852267.5144,Intersection Related,No Control,Clear,"Dark, artificial",Dry,144,Morningside Heights,131,Rouge (131),Fatal,1,0,1,0,0,0,0,0,0,0,0,0,0,Pedestrian Collisions,"['Driver', 'Pedestrian']",South,"['Automobile, Station Wagon']",['Going Ahead'],['Driving Properly'],['Normal'],['Pedestrian hit at mid-block'],"['Crossing, no Traffic Control']",['Normal'],[],[],[],D42,True,"['70 to 74', '35 to 39']",4.0
190,2015-08-10 08:00:00,1130,2015,ISLINGTON AVE,THE WESTWAY,,Major Arterial,Etobicoke York,43.688613,-79.542857,617435.2858,4838319.3648,At Intersection,Traffic Signal,Clear,Daylight,Dry,7,Willowridge-Martingrove-Richview,7,Willowridge-Martingrove-Richview (7),Non-Fatal Injury,0,0,1,0,0,0,0,1,0,1,1,0,0,Angle,"['Driver', 'Passenger']",South,"['Automobile, Station Wagon']",['Going Ahead'],"['Disobeyed Traffic Control', 'Driving Properly']","['Inattentive', 'Normal']",[],[],[],[],[],[],D23,False,"['70 to 74', '40 to 44', '0 to 4', '80 to 84']",3.0
191,2015-08-11 08:00:00,920,2015,ANNETTE ST,KEELE ST,,Major Arterial,Toronto and East York,43.663642,-79.463794,623858.6144,4835660.9995,At Intersection,Traffic Signal,Clear,Daylight,Dry,90,Junction Area,90,Junction Area (90),Non-Fatal Injury,0,1,0,0,1,0,0,0,0,0,0,0,0,Cyclist Collisions,"['Truck Driver', 'Cyclist']",West,"['Truck - Open', 'Bicycle']","['Turning Right', 'Going Ahead']",['Improper Turn'],['Inattentive'],[],[],[],['Motorist turning right on green or amber at signalized intersection strikes cyclist.'],['Driving Properly'],['Normal'],D11,False,"['65 to 69', '55 to 59']",3.0
192,2015-08-11 08:00:00,1420,2015,71 MCCOOL CRT,,,Local,,43.818225,-79.284099,637991.3168,4853113.7225,Non Intersection,No Control,Clear,Daylight,Dry,130,Milliken,130,Milliken (130),Non-Fatal Injury,0,0,0,1,0,0,0,0,0,0,0,0,0,SMV Unattended Vehicle,['Motorcycle Driver'],East,['Motorcycle'],['Going Ahead'],['Lost control'],['Normal'],[],[],[],[],[],[],D42,False,['20 to 24'],3.0
193,2015-08-11 08:00:00,1840,2015,HAKIMI  AVE,ASHTONBEE RD,97 m South o,Local,Scarborough,43.729033,-79.291698,637584.597,4843194.9165,Non Intersection,Stop Sign,Clear,Daylight,Dry,119,Wexford/Maryvale,119,Wexford/Maryvale (119),Non-Fatal Injury,1,0,1,0,0,0,0,0,0,0,0,0,0,Pedestrian Collisions,"['Driver', 'Pedestrian']",East,"['Automobile, Station Wagon']",['Turning Left'],['Improper Turn'],['Inattentive'],['Pedestrian hit at mid-block'],"['Crossing, no Traffic Control']",['Normal'],[],[],[],D41,False,"['40 to 44', '70 to 74']",3.0
194,2015-08-12 08:00:00,1524,2015,WILSON AVE,KELVIN AVE,,Major Arterial,Etobicoke York,43.715689,-79.531894,618265.5834,4841342.1078,At Intersection,Stop Sign,Clear,Daylight,Dry,23,Pelmo Park-Humberlea,23,Pelmo Park-Humberlea (23),Non-Fatal Injury,0,1,1,0,0,0,0,0,0,0,0,0,0,Cyclist Collisions,"['Cyclist', 'Driver']",East,"['Bicycle', 'Automobile, Station Wagon']",['Going Ahead'],['Driving Properly'],['Normal'],[],[],[],"['Cyclist without ROW rides into path of motorist at inter, lnwy, dwy-Cyclist not turn.']",['Failed to Yield Right of Way'],['Inattentive'],D31,False,"['15 to 19', '50 to 54']",3.0
195,2015-08-12 08:00:00,2307,2015,ST CLAIR AVE W,KEELE ST,,Major Arterial,Etobicoke York,43.672522,-79.467609,623532.805,4836641.5526,At Intersection,Traffic Signal,Clear,"Dark, artificial",Dry,90,Junction Area,90,Junction Area (90),Non-Fatal Injury,1,0,1,0,0,0,0,0,0,1,0,0,0,Pedestrian Collisions,"['Driver', 'Pedestrian']",East,"['Automobile, Station Wagon']",['Going Ahead'],['Driving Properly'],['Normal'],['Vehicle is going straight thru inter.while ped cross without ROW'],['Crossing without right of way'],['Inattentive'],[],[],[],D11,False,"['20 to 24', '15 to 19']",3.0
196,2015-08-15 08:00:00,1047,2015,OLD WESTON RD,ROGERS RD,,Minor Arterial,Etobicoke York,43.681883,-79.46767,623508.6809,4837681.126,At Intersection,Traffic Signal,Clear,Daylight,Dry,110,Keelesdale-Eglinton West,110,Keelesdale-Eglinton West (110),Non-Fatal Injury,0,0,1,0,0,0,0,1,0,0,0,0,1,Approaching,"['Driver', 'Passenger']",North,"['Automobile, Station Wagon']","['Going Ahead', 'Stopped']","['Lost control', 'Driving Properly']","['Medical or Physical Disability', 'Normal']",[],[],[],[],[],[],D12,False,"['60 to 64', '30 to 34']",3.0
197,2015-08-15 08:00:00,2100,2015,DUFFERIN ST,HUNTER AVE,,Major Arterial,Toronto and East York,43.694426,-79.449741,624927.7634,4839101.0525,At Intersection,No Control,Clear,"Dark, artificial",Dry,107,Oakwood Village,107,Oakwood Village (107),Non-Fatal Injury,0,1,1,0,0,0,0,0,0,0,0,0,0,Cyclist Collisions,"['Driver', 'Cyclist']",North,"['Automobile, Station Wagon', 'Bicycle']","['Turning Left', 'Going Ahead']",['Improper Turn'],['Normal'],[],[],[],['Motorist turned left across cyclists path.'],['Driving Properly'],['Normal'],D13,False,"['70 to 74', '50 to 54']",3.0
198,2015-08-15 08:00:00,2152,2015,LAKE SHORE BLVD W,JAMESON AVE,,Major Arterial,Toronto and East York,43.633326,-79.434558,626279.3398,4832338.077,Non Intersection,No Control,Clear,"Dark, artificial",Dry,85,South Parkdale,85,South Parkdale (85),Non-Fatal Injury,0,0,1,0,0,0,0,0,0,1,0,0,0,Approaching,['Driver'],West,"['Automobile, Station Wagon']",['Going Ahead'],"['Failed to Yield Right of Way', 'Driving Properly']","['Inattentive', 'Normal']",[],[],[],[],[],[],D14,False,"['50 to 54', '25 to 29']",3.0
199,2015-08-16 08:00:00,42,2015,BELLAMY RD N,LAWRENCE AVE E,,Major Arterial,Scarborough,43.757712,-79.235263,642062.0038,4846475.4084,Intersection Related,Traffic Signal,Clear,"Dark, artificial",Dry,141,Golfdale-Cedarbrae-Woburn,137,Woburn (137),Fatal,0,0,1,0,0,0,0,1,0,1,1,1,0,Angle,"['Driver', 'Passenger']",East,"['Automobile, Station Wagon']",['Going Ahead'],"['Disobeyed Traffic Control', 'Driving Properly']","['Ability Impaired, Alcohol', 'Normal']",[],[],[],[],[],[],D43,True,"['20 to 24', '50 to 54', '45 to 49', '25 to 29']",4.0
200,2015-08-16 08:00:00,1210,2015,2350 BAYVIEW AVE,,,Major Arterial,North York,43.732985,-79.38129,630360.3154,4843488.9874,Intersection Related,Traffic Signal,Clear,Daylight,Dry,41,Bridle Path-Sunnybrook-York Mills,41,Bridle Path-Sunnybrook-York Mills (41),Fatal,0,0,1,0,0,0,0,0,0,1,1,0,0,Turning Movement,['Driver'],East,"['Automobile, Station Wagon']","['Going Ahead', 'Turning Left']","['Disobeyed Traffic Control', 'Driving Properly']","['Inattentive', 'Normal']",[],[],[],[],[],[],D32,True,"['85 to 89', '20 to 24']",4.0
201,2015-08-20 08:00:00,947,2015,STEELES AVE W,ALCIDE ST,,Major Arterial,Etobicoke York,43.751242,-79.63467,609921.1867,4845149.2616,Intersection Related,No Control,Clear,Daylight,Dry,1,West Humber-Clairville,1,West Humber-Clairville (1),Non-Fatal Injury,0,0,1,0,1,0,0,0,0,1,0,0,0,Turning Movement,"['Truck Driver', 'Driver']",East,"['Truck-Tractor', 'Automobile, Station Wagon']","['Turning Left', 'Going Ahead']","['Failed to Yield Right of Way', 'Driving Properly']",['Normal'],[],[],[],[],[],[],D23,False,['25 to 29'],3.0
202,2015-08-20 08:00:00,1318,2015,SOUTH KINGSWAY,BLOOR ST W,,Major Arterial,Toronto and East York,43.648303,-79.485736,622120.5849,4833924.8821,At Intersection,Traffic Signal,Rain,Daylight,Wet,87,High Park-Swansea,87,High Park-Swansea (87),Non-Fatal Injury,0,1,1,0,0,0,0,1,0,0,0,0,0,Cyclist Collisions,"['Cyclist', 'Driver', 'Passenger']",East,"['Bicycle', 'Automobile, Station Wagon']","['Going Ahead', 'Turning Left']",['Driving Properly'],['Normal'],[],[],[],"['Cyclist without ROW rides into path of motorist at inter, lnwy, dwy-Cyclist not turn.']",['Disobeyed Traffic Control'],['Normal'],D11,False,"['20 to 24', '65 to 69', '55 to 59']",3.0
203,2015-08-22 08:00:00,730,2015,DUNDAS ST W,AUKLAND RD,,Major Arterial,Etobicoke York,43.638514,-79.537998,617924.936,4832762.1137,At Intersection,Traffic Signal,Clear,Daylight,Dry,159,Etobicoke City Centre,14,Islington-City Centre West (14),Non-Fatal Injury,1,0,0,0,0,1,0,0,0,1,0,0,0,Pedestrian Collisions,"['Driver', 'Pedestrian']",North,['Municipal Transit Bus (TTC)'],['Turning Left'],['Failed to Yield Right of Way'],['Inattentive'],['Vehicle turns left while ped crosses with ROW at inter.'],['Crossing with right of way'],['Normal'],[],[],[],D22,False,"['40 to 44', '75 to 79']",3.0
204,2015-08-22 08:00:00,1211,2015,1468 VICTORIA PARK AVE,,50 m South o,Major Arterial,North York,43.722777,-79.301845,636781.599,4842483.2978,At/Near Private Drive,No Control,Clear,Daylight,Dry,120,Clairlea-Birchmount,120,Clairlea-Birchmount (120),Non-Fatal Injury,0,0,0,1,0,0,0,0,0,1,0,0,0,SMV Other,['Motorcycle Driver'],South,['Motorcycle'],['Changing Lanes'],['Lost control'],['Normal'],[],[],[],[],[],[],D41,False,['55 to 59'],3.0
205,2015-08-22 08:00:00,1516,2015,678 KENNEDY RD,,4 m South of,Major Arterial,Scarborough,43.726832,-79.265682,639685.0354,4842993.9892,At/Near Private Drive,No Control,Clear,Daylight,Dry,124,Kennedy Park,124,Kennedy Park (124),Non-Fatal Injury,0,0,1,1,0,0,0,0,0,1,0,0,0,Turning Movement,"['Driver', 'Motorcycle Driver']",North,"['Automobile, Station Wagon', 'Motorcycle']","['Turning Left', 'Going Ahead']","['Failed to Yield Right of Way', 'Driving Properly']","['Inattentive', 'Normal']",[],[],[],[],[],[],D41,False,"['20 to 24', '30 to 34']",3.0
206,2015-08-23 08:00:00,43,2015,1630 LAWRENCE AVE W,,30 m East of,Major Arterial,Etobicoke York,43.705596,-79.49084,621593.1871,4840280.5348,At Intersection,Traffic Signal,Clear,Dark,Dry,30,Brookhaven-Amesbury,30,Brookhaven-Amesbury (30),Non-Fatal Injury,0,0,1,1,0,0,0,0,0,0,0,0,0,SMV Other,"['Driver - Not Hit', 'Motorcycle Driver']",West,"['Automobile, Station Wagon', 'Motorcycle']","['Changing Lanes', 'Going Ahead']","['Improper Lane Change', 'Lost control']",['Unknown'],[],[],[],[],[],[],D12,False,"['unknown', '30 to 34']",3.0
207,2015-08-23 08:00:00,1147,2015,DUNDAS ST W,CLOVERDALE MALL,100 m East o,Major Arterial,Etobicoke York,43.628993,-79.55492,616578.4056,4831680.7873,At Intersection,Traffic Signal,Clear,Daylight,Dry,159,Etobicoke City Centre,14,Islington-City Centre West (14),Non-Fatal Injury,0,1,1,0,0,0,0,1,0,0,0,0,0,Cyclist Collisions,"['Driver', 'Cyclist', 'Passenger']",East,"['Automobile, Station Wagon', 'Passenger Van', 'Bicycle']","['Turning Left', 'Going Ahead', 'Stopped']","['Improper Turn', 'Driving Properly']","['Inattentive', 'Normal']",[],[],[],['Motorist loses control and strikes cyclist.'],['Driving Properly'],['Normal'],D22,False,"['60 to 64', '45 to 49', '55 to 59', '40 to 44']",3.0
208,2015-08-24 08:00:00,1325,2015,STEELES AVE W,TORRESDALE AVE,1 m East of,Major Arterial,North York,43.790801,-79.453021,624463.5711,4849799.9667,At Intersection,Traffic Signal,Clear,Daylight,Dry,35,Westminster-Branson,35,Westminster-Branson (35),Fatal,1,0,1,0,0,0,0,0,0,0,0,0,0,Pedestrian Collisions,"['Driver', 'Pedestrian']",Unknown,['Pick Up Truck'],['Going Ahead'],['Driving Properly'],['Normal'],['Vehicle is going straight thru inter.while ped cross without ROW'],['Crossing without right of way'],['Medical or Physical Disability'],[],[],[],D32,True,"['15 to 19', '85 to 89']",4.0
209,2015-08-28 08:00:00,2200,2015,ALBION RD,FINCH AVE W,,Major Arterial,Etobicoke York,43.74137,-79.590785,613472.9914,4844112.0036,Non Intersection,No Control,Clear,Daylight,Dry,2,Mount Olive-Silverstone-Jamestown,2,Mount Olive-Silverstone-Jamestown (2),Non-Fatal Injury,0,0,1,0,0,0,0,1,1,1,0,0,0,Approaching,"['Driver', 'Passenger']",East,"['Automobile, Station Wagon']",['Going Ahead'],"['Lost control', 'Driving Properly']","['Unknown', 'Normal']",[],[],[],[],[],[],D23,False,"['15 to 19', '40 to 44']",3.0
210,2015-08-31 08:00:00,1545,2015,LOWER SIMCOE ST,BREMNER BLVD,,Minor Arterial,Toronto and East York,43.642317,-79.383968,630340.8791,4833414.8469,At Intersection,Traffic Signal,Clear,Daylight,Dry,165,Harbourfront-CityPlace,77,Waterfront Communities-The Island (77),Non-Fatal Injury,0,1,0,0,1,0,0,0,0,0,0,0,0,Cyclist Collisions,"['Truck Driver', 'Cyclist']",South,"['Truck - Closed (Blazer, etc)', 'Bicycle']","['Turning Right', 'Going Ahead']",['Improper Turn'],['Inattentive'],[],[],[],['Motorist turning right on green or amber at signalized intersection strikes cyclist.'],['Driving Properly'],['Normal'],D52,False,"['40 to 44', '35 to 39']",3.0
211,2015-09-01 08:00:00,1400,2015,STEELES AVE E,DON MILLS RD,,Major Arterial,North York,43.811175,-79.360767,631841.1943,4852205.6807,At Intersection,Traffic Signal,Clear,Daylight,Dry,48,Hillcrest Village,48,Hillcrest Village (48),Non-Fatal Injury,0,0,1,0,1,0,0,0,0,1,1,0,0,Angle,"['Driver', 'Truck Driver']",South,"['Automobile, Station Wagon', 'Truck - Dump']",['Going Ahead'],"['Disobeyed Traffic Control', 'Driving Properly']","['Unknown', 'Normal']",[],[],[],[],[],[],D33,False,"['60 to 64', '65 to 69']",3.0
212,2015-09-03 08:00:00,736,2015,PARK LAWN RD,LAKE SHORE BLVD W,,Major Arterial,Etobicoke York,43.623171,-79.481792,622489.7092,4831139.4682,,No Control,Clear,Daylight,Dry,161,Humber Bay Shores,17,Mimico (includes Humber Bay Shores) (17),Fatal,1,0,0,0,1,0,0,0,0,0,0,0,0,Pedestrian Collisions,"['Pedestrian', 'Truck Driver']",South,['Truck - Open'],['Going Ahead'],['Driving Properly'],['Unknown'],['Pedestrian hit at mid-block'],"['Crossing, no Traffic Control']",['Normal'],[],[],[],D22,True,"['70 to 74', '25 to 29']",4.0
213,2015-09-05 08:00:00,120,2015,SEWELLS RD,HUPFIELD TRL,20 m West of,Minor Arterial,Scarborough,43.814582,-79.213184,643703.0456,4852829.8415,Intersection Related,No Control,Clear,"Dark, artificial",Dry,146,Malvern East,132,Malvern (132),Non-Fatal Injury,0,0,1,0,0,0,0,1,1,1,0,0,0,SMV Other,"['Driver', 'Passenger']",East,"['Automobile, Station Wagon']",['Going Ahead'],['Lost control'],['Unknown'],[],[],[],[],[],[],D42,False,"['20 to 24', '15 to 19']",3.0
214,2015-09-05 08:00:00,1652,2015,MAXWELL ST,HOVE ST,40 m South o,Local,North York,43.76113,-79.448695,624873.3705,4846511.0648,Non Intersection,No Control,Clear,Daylight,Dry,34,Bathurst Manor,34,Bathurst Manor (34),Fatal,0,0,1,0,0,0,0,1,0,0,0,0,0,SMV Other,"['Driver', 'Passenger']",South,"['Automobile, Station Wagon']",['Going Ahead'],['Lost control'],['Unknown'],[],[],[],[],[],[],D32,True,"['85 to 89', '90 to 94']",4.0
215,2015-09-06 08:00:00,1034,2015,LAKE SHORE BLVD W,JAMESON AVE,1 m West of,Major Arterial,Toronto and East York,43.633349,-79.435138,626232.5044,4832339.7492,Non Intersection,No Control,Clear,Daylight,Dry,85,South Parkdale,85,South Parkdale (85),Fatal,0,0,0,1,0,0,0,0,0,0,0,0,0,SMV Other,['Motorcycle Driver'],East,['Motorcycle'],['Going Ahead'],['Lost control'],['Unknown'],[],[],[],[],[],[],D14,True,['55 to 59'],4.0
216,2015-09-07 08:00:00,513,2015,MARTIN GROVE RD,RICHGROVE DR,4 m South of,Major Arterial,Etobicoke York,43.676829,-79.564204,615737.5142,4836980.588,At Intersection,Traffic Signal,Clear,Dark,Dry,7,Willowridge-Martingrove-Richview,7,Willowridge-Martingrove-Richview (7),Non-Fatal Injury,0,0,1,0,0,0,0,1,0,1,1,0,0,Angle,"['Driver', 'Passenger']",East,"['Automobile, Station Wagon']",['Going Ahead'],"['Disobeyed Traffic Control', 'Driving Properly']",['Unknown'],[],[],[],[],[],[],D23,False,"['unknown', '20 to 24']",3.0
217,2015-09-08 08:00:00,1500,2015,JARVIS ST,FRONT ST E,53 m South o,Major Arterial,Toronto and East York,43.648951,-79.371242,631352.8443,4834171.7035,Non Intersection,No Control,Clear,Daylight,Dry,166,St Lawrence-East Bayfront-The Islands,77,Waterfront Communities-The Island (77),Non-Fatal Injury,1,0,1,0,0,0,0,0,0,0,0,0,0,Pedestrian Collisions,"['Driver', 'Pedestrian']",South,"['Automobile, Station Wagon']",['Going Ahead'],['Driving Properly'],['Normal'],['Pedestrian hit at mid-block'],"['Crossing, no Traffic Control']",['Inattentive'],[],[],[],D51,False,"['35 to 39', '65 to 69']",3.0
218,2015-09-11 08:00:00,2130,2015,QUEENS PARK,COLLEGE ST,1 m North of,Major Arterial,Toronto and East York,43.659846,-79.390483,629777.6471,4835351.4613,At Intersection,Traffic Signal,Rain,"Dark, artificial",Wet,170,Yonge-Bay Corridor,76,Bay Street Corridor (76),Non-Fatal Injury,1,0,1,0,0,0,0,0,0,1,0,0,0,Pedestrian Collisions,"['Driver', 'Pedestrian']",East,"['Automobile, Station Wagon']",['Turning Left'],['Failed to Yield Right of Way'],['Normal'],['Vehicle turns left while ped crosses with ROW at inter.'],['Crossing with right of way'],['Normal'],[],[],[],D52,False,"['60 to 64', '30 to 34']",3.0
219,2015-09-11 08:00:00,2139,2015,DUPONT ST,WALMER RD,24 m West of,Major Arterial,Toronto and East York,43.674601,-79.408252,628313.4502,4836962.5609,Non Intersection,No Control,Rain,"Dark, artificial",Wet,95,Annex,95,Annex (95),Non-Fatal Injury,1,0,1,0,0,0,0,1,0,0,0,0,0,Pedestrian Collisions,"['Driver', 'Passenger', 'Pedestrian']",South,"['Automobile, Station Wagon']",['Going Ahead'],['Driving Properly'],['Normal'],['Pedestrian hit at mid-block'],"['Crossing, no Traffic Control']",['Unknown'],[],[],[],D14,False,"['45 to 49', '10 to 14', '60 to 64']",3.0
220,2015-09-12 08:00:00,1930,2015,BAY MILLS BLVD,SHEPPARD AVE E,,Major Arterial,Scarborough,43.779551,-79.304385,636447.9241,4848784.7197,At Intersection,Traffic Signal,Rain,"Dawn, artificial",Wet,118,Tam O'Shanter-Sullivan,118,Tam O'Shanter-Sullivan (118),Non-Fatal Injury,1,0,1,0,0,0,0,1,0,1,0,0,0,Pedestrian Collisions,"['Driver', 'Passenger', 'Pedestrian']",South,"['Automobile, Station Wagon']",['Turning Left'],['Failed to Yield Right of Way'],['Inattentive'],['Vehicle turns left while ped crosses with ROW at inter.'],['Crossing with right of way'],['Normal'],[],[],[],D42,False,"['20 to 24', '25 to 29', '15 to 19']",3.0
221,2015-09-16 08:00:00,1721,2015,STRACHAN AVE,WELLINGTON ST W,,Minor Arterial,Toronto and East York,43.640742,-79.411464,628126.5173,4833197.1094,At Intersection,Stop Sign,Clear,Daylight,Dry,162,West Queen West,82,Niagara (82),Non-Fatal Injury,0,0,1,0,0,0,0,0,0,1,0,0,0,Angle,['Driver'],South,"['Automobile, Station Wagon']",['Going Ahead'],"['Failed to Yield Right of Way', 'Driving Properly']",['Normal'],[],[],[],[],[],[],D14,False,"['40 to 44', '35 to 39']",3.0
222,2015-09-16 08:00:00,1940,2015,KENNEDY RD,PERTHSHIRE ST,,Major Arterial,Scarborough,43.808901,-79.300456,636697.1597,4852050.9871,Intersection Related,No Control,Clear,"Dark, artificial",Dry,130,Milliken,130,Milliken (130),Non-Fatal Injury,1,0,1,0,0,0,0,0,0,0,0,0,0,Pedestrian Collisions,"['Driver', 'Pedestrian']",Unknown,"['Automobile, Station Wagon']",['Going Ahead'],['Driving Properly'],['Normal'],['Vehicle is going straight thru inter.while ped cross without ROW'],"['Crossing, no Traffic Control']",['Normal'],[],[],[],D42,False,"['20 to 24', '80 to 84', '70 to 74']",3.0
223,2015-09-16 08:00:00,2200,2015,BIRMINGHAM ST,SIXTEENTH ST,1 m East of,Collector,Etobicoke York,43.601107,-79.516086,619766.6159,4828638.9728,Non Intersection,No Control,Clear,"Dark, artificial",Dry,18,New Toronto,18,New Toronto (18),Non-Fatal Injury,0,1,1,0,0,0,0,0,0,0,0,0,0,Cyclist Collisions,"['Cyclist', 'Driver']",West,"['Bicycle', 'Automobile, Station Wagon']","['Changing Lanes', 'Going Ahead']",['Driving Properly'],['Normal'],[],[],[],['Cyclist and Driver travelling in same direction. One vehicle sideswipes the other.'],['Improper Lane Change'],['Inattentive'],D22,False,['50 to 54'],3.0
224,2015-09-17 08:00:00,2210,2015,NEILSON RD,FINCH AVE E,26 m South o,Minor Arterial,Scarborough,43.816256,-79.227596,642539.9769,4852990.8341,Non Intersection,No Control,Clear,"Dark, artificial",Dry,145,Malvern West,132,Malvern (132),Non-Fatal Injury,1,0,1,0,0,0,0,0,0,0,0,0,0,Pedestrian Collisions,"['Driver', 'Pedestrian']",East,"['Automobile, Station Wagon']",['Changing Lanes'],['Improper Lane Change'],['Unknown'],['Pedestrian hit at mid-block'],"['Crossing, no Traffic Control']",['Inattentive'],[],[],[],D42,False,"['unknown', '40 to 44']",3.0
225,2015-09-18 08:00:00,610,2015,QUEEN ST E,HILTZ AVE,5 m West of,Minor Arterial,Toronto and East York,43.664164,-79.326206,634950.7758,4835933.5817,Non Intersection,No Control,Clear,Dark,Dry,65,Greenwood-Coxwell,65,Greenwood-Coxwell (65),Fatal,0,0,0,1,0,1,0,0,0,0,0,0,0,Approaching,"['Motorcycle Driver', 'Driver']",East,"['Motorcycle', 'Street Car']",['Going Ahead'],"['Lost control', 'Driving Properly']","['Inattentive', 'Normal']",[],[],[],[],[],[],D55,True,"['35 to 39', '30 to 34']",4.0
226,2015-09-20 08:00:00,2000,2015,MIDLAND AVE,ELLESMERE RD,,Major Arterial,Scarborough,43.767913,-79.271098,639153.5851,4847547.5407,At Intersection,Traffic Signal,Clear,"Dark, artificial",Dry,156,Bendale-Glen Andrew,127,Bendale (127),Fatal,0,0,1,0,0,0,0,1,0,0,0,0,0,Turning Movement,"['Driver', 'Passenger']",West,"['Automobile, Station Wagon']","['Turning Left', 'Going Ahead', 'Stopped']","['Improper Turn', 'Driving Properly']",['Normal'],[],[],[],[],[],[],D41,True,"['65 to 69', '15 to 19', '20 to 24', '25 to 29', '80 to 84', '60 to 64', '35 to 39', '10 to 14']",4.0