accident_number,date,time,year,street1,street2,offset,road_class,district,latitude,longitude,x,y,accident_location,traffctl,visibility,light,road_surface_condition,hood_158,neighbourhood_new,hood_140,neighbourhood_old,accident_class,pedestrian,cyclist,automobile,motorcycle,truck,trsn_city_veh,emerg_veh,passenger,speeding,aggressive_driving,redlight,alcohol,disability,impact_type,involvement_type,initial_direction,vehicle_type,manoeuver,driver_action,driver_condition,pedestrian_type,pedestrian_action,pedestrian_condition,cyclist_type,cyclist_action,cyclist_condition,division,injury,involvement_age,injury_severity_score
270,2015-10-19 08:00:00,845,2015,PELICAN GT,FINCH AVE W,5 m South of,Major Arterial,Etobicoke York,43.756339,-79.522502,618941.6711,4845870.3157,At Intersection,No Control,Clear,Daylight,Dry,25,Glenfield-Jane Heights,25,Glenfield-Jane Heights (25),Non-Fatal Injury,1,0,1,0,0,0,0,0,0,1,0,0,0,Pedestrian Collisions,"['Driver', 'Pedestrian']",East,"['Automobile, Station Wagon']",['Turning Right'],['Failed to Yield Right of Way'],['Unknown'],['Vehicle turns right while ped crosses with ROW at inter.'],['Crossing with right of way'],['Normal'],[],[],[],D31,False,"['unknown', '65 to 69']",3.0
271,2015-10-20 08:00:00,923,2015,1245 DUPONT ST,,25 m West of,Major Arterial,Toronto and East York,43.668135,-79.441852,625618.3614,4836192.9977,Non Intersection,No Control,Clear,Daylight,Dry,171,Junction-Wallace Emerson,93,Dovercourt-Wallace Emerson-Junction (93),Non-Fatal Injury,1,0,1,0,0,0,0,1,0,0,0,0,0,Pedestrian Collisions,"['Driver', 'Passenger', 'Pedestrian']",East,"['Automobile, Station Wagon']","['Changing Lanes', 'Going Ahead']","['Improper Lane Change', 'Driving Properly']","['Unknown', 'Normal']",['Pedestrian hit at mid-block'],['Other'],['Normal'],[],[],[],D11,False,"['20 to 24', '55 to 59', '40 to 44']",3.0
272,2015-10-20 08:00:00,1250,2015,QUEEN ST W,BEACONSFIELD AVE,60 m West of,Major Arterial,Toronto and East York,43.643004,-79.424808,627045.4519,4833427.8208,Non Intersection,No Control,Clear,Daylight,Dry,84,Little Portugal,84,Little Portugal (84),Non-Fatal Injury,0,1,1,0,0,0,0,1,0,0,0,0,0,Cyclist Collisions,"['Driver', 'Cyclist', 'Passenger']",East,"['Automobile, Station Wagon', 'Bicycle']","['Stopped', 'Overtaking']",['Other'],['Inattentive'],[],[],[],['Cyclist struck opened vehicle door'],['Driving Properly'],['Normal'],D14,False,"['30 to 34', '25 to 29', '0 to 4']",3.0
273,2015-10-21 08:00:00,1327,2015,KEELE ST,TILBURY DR,,Major Arterial,North York,43.730334,-79.482967,622177.2336,4843039.6154,Intersection Related,Traffic Signal,Clear,Daylight,Dry,155,Downsview,26,Downsview-Roding-CFB (26),Non-Fatal Injury,0,0,1,0,0,0,0,0,0,1,0,0,0,SMV Other,['Driver'],South,"['Automobile, Station Wagon']",['Going Ahead'],['Lost control'],['Unknown'],[],[],[],[],[],[],D31,False,['75 to 79'],3.0
274,2015-10-22 08:00:00,945,2015,VAN HORNE AVE,TAVERLY RD,14 m East of,Collector,North York,43.788794,-79.331577,634239.0421,4849766.8411,Intersection Related,Stop Sign,Clear,Daylight,Dry,46,Pleasant View,46,Pleasant View (46),Non-Fatal Injury,1,0,1,0,0,0,0,0,0,0,0,0,0,Pedestrian Collisions,"['Driver', 'Pedestrian']",North,"['Automobile, Station Wagon']",['Turning Left'],['Driving Properly'],['Normal'],['Pedestrian hit at mid-block'],"['Crossing, no Traffic Control']",['Inattentive'],[],[],[],D33,False,"['50 to 54', '85 to 89']",3.0
275,2015-10-22 08:00:00,2130,2015,BATHURST ST,NIAGARA ST,25 m South o,Major Arterial,Toronto and East York,43.642199,-79.402004,628886.4247,4833373.575,At/Near Private Drive,Traffic Signal,Clear,"Dark, artificial",Dry,164,Wellington Place,77,Waterfront Communities-The Island (77),Non-Fatal Injury,0,1,1,0,0,0,0,0,0,0,0,0,0,Cyclist Collisions,"['Cyclist', 'Driver']",North,"['Bicycle', 'Automobile, Station Wagon']",['Turning Left'],['Driving Properly'],['Normal'],[],[],[],['Cyclist turned left across motorists path.'],['Speed too Fast For Condition'],['Inattentive'],D14,False,"['30 to 34', '20 to 24']",3.0
276,2015-10-23 08:00:00,1437,2015,KEELE ST,DONALD AVE,,Major Arterial,Etobicoke York,43.684897,-79.472804,623088.7032,4838008.2388,Intersection Related,Traffic Signal,Clear,Daylight,Dry,110,Keelesdale-Eglinton West,110,Keelesdale-Eglinton West (110),Fatal,1,0,1,0,0,0,0,0,0,0,0,0,0,Pedestrian Collisions,"['Driver', 'Pedestrian']",East,"['Automobile, Station Wagon']",['Turning Left'],['Improper Turn'],['Inattentive'],['Vehicle turns left while ped crosses with ROW at inter.'],['Crossing with right of way'],['Normal'],[],[],[],D12,True,"['40 to 44', '75 to 79']",4.0
277,2015-10-23 08:00:00,1841,2015,DUNDAS ST W,WATSON AVE,33 m East of,Major Arterial,Toronto and East York,43.665644,-79.491969,621582.9067,4835841.6716,Non Intersection,No Control,Clear,"Dark, artificial",Dry,89,Runnymede-Bloor West Village,89,Runnymede-Bloor West Village (89),Non-Fatal Injury,1,0,1,0,0,0,0,1,0,0,0,0,0,Pedestrian Collisions,"['Driver', 'Pedestrian', 'Passenger']",North,"['Automobile, Station Wagon']",['Going Ahead'],['Driving Properly'],['Normal'],['Pedestrian hit at mid-block'],['Crossing without right of way'],['Had Been Drinking'],[],[],[],D11,False,"['65 to 69', '50 to 54', '55 to 59', '25 to 29']",3.0
278,2015-10-23 08:00:00,1909,2015,MORNINGSIDE AVE,SEWELLS RD,,Minor Arterial,Scarborough,43.81626,-79.211139,643863.485,4853019.7653,At Intersection,Traffic Signal,Clear,"Dark, artificial",Dry,146,Malvern East,132,Malvern (132),Non-Fatal Injury,1,0,1,0,0,0,0,0,0,0,0,0,0,Pedestrian Collisions,"['Driver', 'Pedestrian']",South,"['Automobile, Station Wagon']",['Going Ahead'],['Driving Properly'],['Normal'],['Vehicle is going straight thru inter.while ped cross without ROW'],['Running onto Roadway'],['Inattentive'],[],[],[],D42,False,"['60 to 64', '30 to 34']",3.0
279,2015-10-24 08:00:00,1450,2015,DON VALLEY PARKWAY  N,DON MILLS RD,120 m North ,Expressway,,43.700781,-79.33662,634029.5641,4839983.5177,Non Intersection,No Control,Rain,Daylight,Wet,58,Old East York,58,Old East York (58),Non-Fatal Injury,0,0,1,0,0,0,0,1,0,0,0,0,0,Approaching,"['Driver', 'Passenger']",South,"['Automobile, Station Wagon']","['Merging', 'Going Ahead']","['Lost control', 'Driving Properly']","['Inattentive', 'Normal']",[],[],[],[],[],[],D55,False,"['45 to 49', '30 to 34', '0 to 4', '15 to 19', '10 to 14']",3.0
280,2015-10-25 08:00:00,1100,2015,ELLESMERE RD,PRINCIPAL RD,,Major Arterial,Scarborough,43.762576,-79.294696,637266.4462,4846915.3979,Intersection Related,Traffic Signal,Clear,Daylight,Dry,119,Wexford/Maryvale,119,Wexford/Maryvale (119),Non-Fatal Injury,1,0,1,0,0,0,0,0,0,1,0,0,0,Pedestrian Collisions,"['Driver', 'Pedestrian']",West,"['Automobile, Station Wagon']","['Turning Left', 'Going Ahead']","['Failed to Yield Right of Way', 'Driving Properly']","['Inattentive', 'Normal']",['Vehicle is going straight thru inter.while ped cross with ROW'],['Crossing with right of way'],"['Normal', 'Unknown']",[],[],[],D41,False,"['50 to 54', '20 to 24', '80 to 84', '75 to 79', '70 to 74']",3.0
281,2015-10-25 08:00:00,1536,2015,LAWRENCE AVE E,TOWNLEY AVE,,Major Arterial,Scarborough,43.742633,-79.307399,636289.1854,4844679.4481,Intersection Related,No Control,Clear,Daylight,Dry,119,Wexford/Maryvale,119,Wexford/Maryvale (119),Non-Fatal Injury,1,0,1,0,0,0,0,0,0,0,0,0,0,Pedestrian Collisions,"['Driver', 'Pedestrian']",South,"['Automobile, Station Wagon']",['Going Ahead'],['Driving Properly'],['Normal'],['Pedestrian hit at mid-block'],"['Crossing, no Traffic Control']","['Normal', 'Unknown']",[],[],[],D41,False,"['40 to 44', '10 to 14', '5 to 9', '15 to 19', '45 to 49']",3.0
282,2015-10-25 08:00:00,1925,2015,EGLINTON AVE E,DANFORTH RD,,Major Arterial,Scarborough,43.737086,-79.246158,641233.4455,4844165.9462,At Intersection,Traffic Signal,Clear,"Dark, artificial",Dry,138,Eglinton East,138,Eglinton East (138),Non-Fatal Injury,1,0,1,0,0,0,0,0,0,1,0,0,0,Pedestrian Collisions,"['Driver', 'Pedestrian']",South,['Passenger Van'],['Turning Right'],['Failed to Yield Right of Way'],['Inattentive'],['Vehicle turns right while ped crosses with ROW at inter.'],['Crossing with right of way'],['Normal'],[],[],[],D43,False,"['25 to 29', '50 to 54']",3.0
283,2015-10-26 08:00:00,1510,2015,WILSON AVE,JAMES FINLAY WAY,,Major Arterial,North York,43.727404,-79.480113,622413.0565,4842718.409,At Intersection,Traffic Signal,Clear,Daylight,Dry,155,Downsview,26,Downsview-Roding-CFB (26),Non-Fatal Injury,0,1,1,0,0,0,0,1,0,1,0,0,0,Cyclist Collisions,"['Driver', 'Cyclist', 'Passenger']",North,"['Automobile, Station Wagon', 'Bicycle']","['Turning Right', 'Going Ahead']",['Failed to Yield Right of Way'],['Normal'],[],[],[],['Motorist turning right on red at signalized intersection strikes cyclist.'],['Driving Properly'],['Normal'],D31,False,"['50 to 54', '20 to 24']",3.0
284,2015-10-26 08:00:00,1750,2015,VICTORIA PARK AVE,HUNTINGWOOD DR,100 m North ,Major Arterial,North York,43.781314,-79.325847,634716.8766,4848945.3787,Non Intersection,No Control,Clear,"Dark, artificial",Dry,147,L'Amoreaux West,117,L'Amoreaux (117),Non-Fatal Injury,0,0,1,0,0,0,0,1,0,0,0,0,1,Approaching,"['Driver', 'Passenger']",North,"['Automobile, Station Wagon']",['Going Ahead'],"['Lost control', 'Driving Properly']","['Medical or Physical Disability', 'Normal']",[],[],[],[],[],[],D42,False,"['70 to 74', '30 to 34']",3.0
285,2015-10-28 08:00:00,616,2015,KIPLING AVE,GREENING CRES,20 m North o,Major Arterial,Etobicoke York,43.657641,-79.542217,617547.3152,4834880.4242,Non Intersection,No Control,Rain,"Dark, artificial",Wet,10,Princess-Rosethorn,10,Princess-Rosethorn (10),Non-Fatal Injury,1,0,1,0,0,0,0,0,0,1,0,0,0,Pedestrian Collisions,"['Driver', 'Pedestrian']",North,"['Automobile, Station Wagon']",['Going Ahead'],['Driving Properly'],['Normal'],['Pedestrian hit at mid-block'],['Other'],['Inattentive'],[],[],[],D22,False,['50 to 54'],3.0
286,2015-10-30 08:00:00,1320,2015,JANE ST,WILSON AVE,,Major Arterial,Etobicoke York,43.720904,-79.508617,620130.2916,4841954.7817,At Intersection,Traffic Signal,Clear,Daylight,Dry,154,Oakdale-Beverley Heights,26,Downsview-Roding-CFB (26),Non-Fatal Injury,0,0,1,0,0,0,0,1,0,1,0,0,0,Turning Movement,"['Driver', 'Passenger']",East,"['Automobile, Station Wagon', 'Pick Up Truck']","['Turning Left', 'Going Ahead', 'Stopped']","['Failed to Yield Right of Way', 'Driving Properly']","['Inattentive', 'Normal']",[],[],[],[],[],[],D31,False,"['75 to 79', '50 to 54', '60 to 64', '70 to 74', '55 to 59']",3.0
287,2015-10-30 08:00:00,1509,2015,LAWRENCE AVE E,SCARBOROUGH GOLF CLUB RD,,Major Arterial,Scarborough,43.76184,-79.215839,643615.7849,4846967.3898,At Intersection,Traffic Signal,Clear,Daylight,Dry,141,Golfdale-Cedarbrae-Woburn,137,Woburn (137),Non-Fatal Injury,1,0,1,0,0,0,0,0,0,0,0,0,0,Pedestrian Collisions,"['Driver', 'Pedestrian']",East,['Passenger Van'],['Going Ahead'],['Driving Properly'],['Normal'],['Vehicle is going straight thru inter.while ped cross without ROW'],['Crossing without right of way'],['Inattentive'],[],[],[],D43,False,"['40 to 44', '10 to 14']",3.0
288,2015-10-31 08:00:00,1640,2015,SHEPPARD AVE E,MASSIE ST,,Major Arterial,Scarborough,43.792521,-79.245204,641179.7971,4850324.4898,Non Intersection,No Control,Clear,Daylight,Dry,128,Agincourt South-Malvern West,128,Agincourt South-Malvern West (128),Non-Fatal Injury,1,0,1,0,0,0,0,1,0,0,0,0,0,Pedestrian Collisions,"['Driver', 'Passenger', 'Pedestrian']",Unknown,['Passenger Van'],['Going Ahead'],['Driving Properly'],['Normal'],['Vehicle is going straight thru inter.while ped cross without ROW'],['Crossing without right of way'],['Unknown'],[],[],[],D42,False,"['65 to 69', '55 to 59', '45 to 49', '10 to 14']",3.0
289,2015-10-31 08:00:00,1710,2015,HORNER AVE,THIRTIETH ST,,Minor Arterial,Etobicoke York,43.604254,-79.533725,618336.7911,4828963.2022,At Intersection,Traffic Signal,Clear,Daylight,Dry,20,Alderwood,20,Alderwood (20),Non-Fatal Injury,0,0,1,0,0,0,0,1,0,1,1,0,0,Angle,"['Driver', 'Passenger']",East,"['Pick Up Truck', 'Automobile, Station Wagon']",['Going Ahead'],"['Disobeyed Traffic Control', 'Driving Properly']","['Inattentive', 'Normal']",[],[],[],[],[],[],D22,False,"['40 to 44', '65 to 69', '25 to 29', '35 to 39', '20 to 24', '0 to 4']",3.0
290,2015-10-31 08:00:00,1852,2015,BATHURST ST,BROOKE AVE,6 m South of,Major Arterial,North York,43.730368,-79.432338,626254.704,4843119.2856,Intersection Related,Stop Sign,Clear,"Dusk, artificial",Dry,39,Bedford Park-Nortown,39,Bedford Park-Nortown (39),Non-Fatal Injury,1,0,1,0,0,0,0,1,0,1,0,0,0,Pedestrian Collisions,"['Driver', 'Pedestrian', 'Passenger']",Unknown,"['Automobile, Station Wagon']",['Turning Left'],['Failed to Yield Right of Way'],['Normal'],['Vehicle turns left while ped crosses without ROW at inter.'],"['Crossing, no Traffic Control']",['Normal'],[],[],[],D32,False,"['40 to 44', '65 to 69', '5 to 9', '0 to 4']",3.0
291,2015-10-31 08:00:00,2335,2015,WOODBINE AVE,STRATHMORE BLVD,,Major Arterial,Toronto and East York,43.686515,-79.313144,635953.4361,4838437.2981,Intersection Related,No Control,Rain,"Dark, artificial",Wet,59,Danforth East York,59,Danforth East York (59),Non-Fatal Injury,0,0,1,1,0,0,0,0,1,1,0,0,0,Turning Movement,"['Driver', 'Motorcycle Driver']",North,"['Automobile, Station Wagon', 'Motorcycle']","['Making U Turn', 'Going Ahead']","['Improper Turn', 'Speed too Fast For Condition']","['Normal', 'Unknown']",[],[],[],[],[],[],D55,False,"['65 to 69', '30 to 34']",3.0
292,2015-11-01 09:00:00,155,2015,QUEEN ST E,BROADVIEW AVE,49 m East of,Minor Arterial,Toronto and East York,43.659014,-79.349185,633109.4385,4835324.4825,Non Intersection,No Control,Rain,"Dark, artificial",Wet,70,South Riverdale,70,South Riverdale (70),Non-Fatal Injury,1,0,1,0,0,0,0,1,0,0,0,0,0,Pedestrian Collisions,"['Driver', 'Passenger', 'Pedestrian']",East,"['Automobile, Station Wagon']",['Going Ahead'],['Driving Properly'],['Normal'],['Vehicle hits the pedestrian walking or running out from between parked vehicles at mid-block'],['Coming From Behind Parked Vehicle'],['Had Been Drinking'],[],[],[],D55,False,"['40 to 44', '20 to 24', 'unknown', '35 to 39']",3.0
293,2015-11-03 10:00:00,1755,2015,HIGHWAY 27  N,VICE REGENT BLVD,,Major Arterial,Etobicoke York,43.711352,-79.592754,613371.0535,4840775.3901,Intersection Related,No Control,Clear,"Dark, artificial",Dry,1,West Humber-Clairville,1,West Humber-Clairville (1),Fatal,0,1,1,0,0,0,0,0,0,0,0,0,0,Cyclist Collisions,"['Cyclist', 'Driver']",South,"['Bicycle', 'Automobile, Station Wagon']",['Going Ahead'],['Driving Properly'],['Normal'],[],[],[],"['Cyclist without ROW rides into path of motorist at inter, lnwy, dwy-Cyclist not turn.']",['Other'],['Unknown'],D23,True,"['55 to 59', '60 to 64']",4.0
294,2015-11-04 10:00:00,1530,2015,BAYVIEW AVE,PARKHURST BLVD,,Major Arterial,North York,43.708693,-79.376323,630813.1859,4840798.8377,At Intersection,Stop Sign,Clear,Daylight,Dry,56,Leaside-Bennington,56,Leaside-Bennington (56),Non-Fatal Injury,0,0,1,0,0,0,0,1,0,1,0,0,0,Angle,"['Driver', 'Passenger']",North,"['Automobile, Station Wagon']","['Going Ahead', 'Stopped']","['Failed to Yield Right of Way', 'Driving Properly']","['Inattentive', 'Normal']",[],[],[],[],[],[],D53,False,"['75 to 79', '50 to 54', '55 to 59', '30 to 34', '20 to 24', '15 to 19']",3.0
295,2015-11-05 10:00:00,2020,2015,BAYVIEW AVE,CITATION DR,14 m North o,Major Arterial,North York,43.774321,-79.389774,629587.8118,4848066.6554,Intersection Related,Traffic Signal,Clear,"Dawn, artificial",Dry,52,Bayview Village,52,Bayview Village (52),Non-Fatal Injury,1,0,1,0,0,0,0,0,0,0,0,0,0,Pedestrian Collisions,"['Driver', 'Pedestrian']",North,"['Automobile, Station Wagon']",['Going Ahead'],['Driving Properly'],['Normal'],['Vehicle is going straight thru inter.while ped cross without ROW'],['Running onto Roadway'],['Inattentive'],[],[],[],D33,False,"['80 to 84', '35 to 39']",3.0
296,2015-11-05 10:00:00,2310,2015,DON VALLEY PARKWAY  S,LEASIDE BDGE,,Major Arterial,Toronto and East York,43.698043,-79.349742,632978.2789,4839658.2944,Non Intersection,No Control,Clear,"Dark, artificial",Dry,58,Old East York,58,Old East York (58),Non-Fatal Injury,1,0,1,0,0,0,0,1,0,0,0,0,0,Pedestrian Collisions,"['Driver', 'Passenger', 'Pedestrian']",South,"['Automobile, Station Wagon']",['Going Ahead'],['Driving Properly'],['Normal'],['Other / Undefined'],['Other'],['Other'],[],[],[],D55,False,"['40 to 44', '35 to 39', '50 to 54']",3.0
297,2015-11-06 10:00:00,600,2015,JANE ST,CHURCH ST,19 m South o,Major Arterial,Etobicoke York,43.709235,-79.505565,620399.4968,4840663.2044,Intersection Related,Traffic Signal,Rain,"Dark, artificial",Wet,113,Weston,113,Weston (113),Non-Fatal Injury,1,0,1,0,0,0,0,0,0,0,0,0,0,Pedestrian Collisions,"['Driver', 'Pedestrian']",East,"['Automobile, Station Wagon']",['Turning Left'],['Driving Properly'],['Normal'],['Vehicle turns left while ped crosses without ROW at inter.'],"['Crossing, no Traffic Control']",['Inattentive'],[],[],[],D12,False,"['60 to 64', '70 to 74']",3.0
298,2015-11-06 10:00:00,1836,2015,WILLIAM R ALLEN RD S,WILSON AVE,90 m North o,,North York,43.734896,-79.45045,624786.6016,4843594.7487,Non Intersection,No Control,Clear,"Dark, artificial",Dry,33,Clanton Park,33,Clanton Park (33),Non-Fatal Injury,0,0,1,0,0,0,0,0,1,1,0,0,0,Rear End,['Driver'],South,"['Automobile, Station Wagon']",['Going Ahead'],"['Speed too Fast For Condition', 'Driving Properly']","['Inattentive', 'Normal']",[],[],[],[],[],[],D32,False,"['20 to 24', '35 to 39']",3.0
299,2015-11-08 10:00:00,340,2015,WARDEN AVE,HUNTINGWOOD DR,94 m North o,Major Arterial,Scarborough,43.786265,-79.311298,635876.4101,4849519.0438,Non Intersection,No Control,Clear,"Dark, artificial",Dry,147,L'Amoreaux West,117,L'Amoreaux (117),Non-Fatal Injury,0,0,1,0,0,0,0,1,0,0,0,0,0,SMV Other,"['Driver', 'Passenger']",North,"['Automobile, Station Wagon']",['Going Ahead'],['Wrong Way on One Way Road'],['Unknown'],[],[],[],[],[],[],D42,False,['30 to 34'],3.0
300,2015-11-08 10:00:00,1100,2015,LAWRENCE AVE E,GREENHOLM CRCT,,Major Arterial,Scarborough,43.760302,-79.22298,643044.6296,4846784.2113,At Intersection,Traffic Signal,Clear,Daylight,Dry,141,Golfdale-Cedarbrae-Woburn,137,Woburn (137),Non-Fatal Injury,1,0,1,0,0,0,0,0,0,1,0,0,0,Pedestrian Collisions,"['Driver', 'Pedestrian']",North,"['Automobile, Station Wagon']",['Turning Left'],['Failed to Yield Right of Way'],['Normal'],['Vehicle turns left while ped crosses with ROW at inter.'],['Crossing with right of way'],['Normal'],[],[],[],D43,False,"['40 to 44', '65 to 69']",3.0
301,2015-11-08 10:00:00,1640,2015,MCNICOLL AVE,SHADY HOLLOW DR,5 m South of,Minor Arterial,Scarborough,43.819476,-79.26469,639549.2746,4853285.2246,Intersection Related,No Control,Clear,Daylight,Dry,130,Milliken,130,Milliken (130),Non-Fatal Injury,0,0,1,0,0,0,0,1,0,0,0,1,0,Turning Movement,"['Driver', 'Passenger']",East,"['Automobile, Station Wagon']","['Turning Left', 'Going Ahead']","['Improper Turn', 'Driving Properly']","['Ability Impaired, Alcohol', 'Normal']",[],[],[],[],[],[],D42,False,"['55 to 59', '65 to 69', '40 to 44']",3.0
302,2015-11-08 10:00:00,2020,2015,LAWRENCE AVE E,DON MILLS RD,,Major Arterial,North York,43.737162,-79.34344,633399.2629,4844013.1504,At Intersection,Traffic Signal,Clear,Dark,Dry,42,Banbury-Don Mills,42,Banbury-Don Mills (42),Non-Fatal Injury,0,1,1,0,0,0,0,0,0,1,0,0,0,Cyclist Collisions,"['Cyclist', 'Driver']",East,"['Bicycle', 'Automobile, Station Wagon']","['Turning Left', 'Going Ahead']",['Driving Properly'],['Normal'],[],[],[],['Cyclist turned left across motorists path.'],['Failed to Yield Right of Way'],['Unknown'],D33,False,['15 to 19'],3.0
303,2015-11-09 10:00:00,2005,2015,PORTLAND ST,ROYAL YORK RD,11 m South o,Minor Arterial,Etobicoke York,43.619052,-79.499576,621063.1418,4830655.9199,Non Intersection,No Control,Clear,"Dark, artificial",Dry,160,Mimico-Queensway,17,Mimico (includes Humber Bay Shores) (17),Non-Fatal Injury,1,0,1,0,0,0,0,0,1,1,0,0,0,Pedestrian Collisions,"['Driver', 'Pedestrian']",South,"['Automobile, Station Wagon']",['Going Ahead'],['Speed too Fast For Condition'],['Unknown'],['Pedestrian hit at mid-block'],"['Crossing, no Traffic Control']",['Normal'],[],[],[],D22,False,"['50 to 54', '65 to 69']",3.0
304,2015-11-10 10:00:00,950,2015,DUNMAIL DR,BLUE EAGLE TRL,15 m West of,Local,Scarborough,43.804766,-79.284869,637960.3808,4851617.5979,Non Intersection,No Control,Clear,Daylight,Dry,129,Agincourt North,129,Agincourt North (129),Non-Fatal Injury,0,1,1,0,0,0,0,0,0,0,0,0,0,Cyclist Collisions,"['Driver', 'Cyclist']",West,"['Automobile, Station Wagon', 'Bicycle']","['Making U Turn', 'Going Ahead']",['Improper Turn'],['Inattentive'],[],[],[],['Motorist turning right on red at signalized intersection strikes cyclist.'],['Driving Properly'],['Normal'],D42,False,"['45 to 49', '55 to 59']",3.0
305,2015-11-11 10:00:00,2004,2015,LAWRENCE AVE W,JANE ST,5 m West of,Major Arterial,Etobicoke York,43.702868,-79.503825,620552.4435,4839958.5897,Non Intersection,No Control,Clear,"Dark, artificial",Dry,30,Brookhaven-Amesbury,30,Brookhaven-Amesbury (30),Fatal,1,0,1,0,0,0,0,0,0,0,0,0,0,Pedestrian Collisions,"['Driver', 'Pedestrian']",East,"['Automobile, Station Wagon']",['Going Ahead'],['Driving Properly'],['Normal'],['Pedestrian hit at mid-block'],"['Crossing, no Traffic Control']",['Inattentive'],[],[],[],D12,True,"['55 to 59', '85 to 89']",4.0
306,2015-11-14 10:00:00,825,2015,1996 BATHURST ST,,,Major Arterial,Toronto and East York,43.699485,-79.424945,626915.2967,4839700.5818,Non Intersection,No Control,Clear,Daylight,Dry,101,Forest Hill South,101,Forest Hill South (101),Fatal,1,0,1,0,0,0,0,0,0,0,0,0,0,Pedestrian Collisions,['Pedestrian'],,"['Automobile, Station Wagon']",[],[],[],['Pedestrian hit at parking lot'],['Other'],['Normal'],[],[],[],D13,True,['85 to 89'],4.0
307,2015-11-16 10:00:00,615,2015,BATHURST ST,FLEET ST,,Major Arterial,Toronto and East York,43.636405,-79.399623,629090.8738,4832733.777,At Intersection,Traffic Signal,Clear,"Dawn, artificial",Dry,163,Fort York-Liberty Village,82,Niagara (82),Non-Fatal Injury,0,0,1,0,0,0,0,1,0,0,0,0,0,Turning Movement,"['Driver', 'Passenger']",East,"['Automobile, Station Wagon', 'Pick Up Truck']","['Turning Left', 'Going Ahead']","['Improper Turn', 'Driving Properly']","['Inattentive', 'Normal']",[],[],[],[],[],[],D14,False,"['50 to 54', '45 to 49']",3.0
308,2015-11-18 10:00:00,1710,2015,MARKHAM RD,EGLINTON AVE E,55 m North o,Major Arterial,Scarborough,43.743716,-79.219142,643393.1886,4844948.7179,Non Intersection,No Control,Rain,"Dark, artificial",Wet,139,Scarborough Village,139,Scarborough Village (139),Fatal,1,0,1,0,0,0,0,0,0,0,0,0,0,Pedestrian Collisions,"['Driver', 'Pedestrian']",East,"['Automobile, Station Wagon']",['Going Ahead'],['Driving Properly'],['Normal'],['Pedestrian hit at mid-block'],"['Crossing, no Traffic Control']",['Inattentive'],[],[],[],D43,True,"['65 to 69', '50 to 54', '45 to 49']",4.0
309,2015-11-19 10:00:00,40,2015,SHEPPARD AVE E,IDAGROVE GT,,Major Arterial,Scarborough,43.807318,-79.175548,646747.7145,4852089.1172,At Intersection,Traffic Signal,Rain,"Dark, artificial",Wet,143,West Rouge,131,Rouge (131),Non-Fatal Injury,1,0,1,0,0,0,0,0,0,0,0,0,0,Pedestrian Collisions,"['Driver', 'Pedestrian']",East,"['Automobile, Station Wagon']",['Going Ahead'],['Driving Properly'],['Normal'],['Vehicle is going straight thru inter.while ped cross without ROW'],['Crossing without right of way'],['Inattentive'],[],[],[],D42,False,"['35 to 39', '60 to 64']",3.0
310,2015-11-19 10:00:00,502,2015,KIPLING AVE,NORSEMAN ST,,Major Arterial,Etobicoke York,43.631472,-79.531055,618498.8021,4831989.8991,At Intersection,Traffic Signal,Rain,"Dark, artificial",Wet,159,Etobicoke City Centre,14,Islington-City Centre West (14),Non-Fatal Injury,1,0,1,0,0,0,0,0,0,1,0,0,0,Pedestrian Collisions,"['Driver', 'Pedestrian']",South,"['Automobile, Station Wagon']",['Turning Left'],['Failed to Yield Right of Way'],['Normal'],['Vehicle turns left while ped crosses with ROW at inter.'],['Crossing with right of way'],['Normal'],[],[],[],D22,False,"['45 to 49', '40 to 44']",3.0
311,2015-11-21 10:00:00,55,2015,UNDERHILL DR,ROANOKE RD,,Collector,North York,43.741919,-79.325191,634858.1513,4844571.0307,Intersection Related,Stop Sign,Clear,"Dark, artificial",Dry,149,Parkwoods-O'Connor Hills,45,Parkwoods-Donalda (45),Non-Fatal Injury,0,0,1,0,0,0,0,0,1,1,0,1,0,Turning Movement,['Driver'],East,"['Automobile, Station Wagon']","['Going Ahead', 'Turning Left']","['Speed too Fast For Condition', 'Improper Turn']","['Ability Impaired, Alcohol Over .08', 'Normal']",[],[],[],[],[],[],D33,False,"['70 to 74', '25 to 29']",3.0
312,2015-11-21 10:00:00,1344,2015,LAWRENCE AVE E,ELINOR AVE,,Major Arterial,Scarborough,43.744086,-79.300555,636836.9637,4844852.1079,At Intersection,Traffic Signal,Rain,Daylight,Wet,119,Wexford/Maryvale,119,Wexford/Maryvale (119),Non-Fatal Injury,0,0,1,0,0,0,0,0,0,0,0,0,0,Pedestrian Collisions,"['Driver - Not Hit', 'Driver']",West,"['Automobile, Station Wagon']",['Going Ahead'],['Driving Properly'],['Normal'],[],[],[],[],[],[],D41,False,"['unknown', '30 to 34']",3.0