accident_number,date,time,year,street1,street2,offset,road_class,district,latitude,longitude,x,y,accident_location,traffctl,visibility,light,road_surface_condition,hood_158,neighbourhood_new,hood_140,neighbourhood_old,accident_class,pedestrian,cyclist,automobile,motorcycle,truck,trsn_city_veh,emerg_veh,passenger,speeding,aggressive_driving,redlight,alcohol,disability,impact_type,involvement_type,initial_direction,vehicle_type,manoeuver,driver_action,driver_condition,pedestrian_type,pedestrian_action,pedestrian_condition,cyclist_type,cyclist_action,cyclist_condition,division,injury,involvement_age,injury_severity_score
313,2015-11-21 10:00:00,2110,2015,EGLINTON AVE W,MUNICIPAL DR,19 m East of,Major Arterial,Etobicoke York,43.689658,-79.477168,622727.2614,4838530.5446,Non Intersection,No Control,Rain,"Dark, artificial",Wet,110,Keelesdale-Eglinton West,110,Keelesdale-Eglinton West (110),Non-Fatal Injury,1,0,0,0,0,0,0,0,0,0,0,0,0,Pedestrian Collisions,"['Driver', 'Pedestrian']",Unknown,[],['Unknown'],['Other'],['Unknown'],['Pedestrian hit at mid-block'],['Other'],['Had Been Drinking'],[],[],[],D12,False,"['unknown', '30 to 34']",3.0
314,2015-11-23 10:00:00,2119,2015,3030 BIRCHMOUNT RD,,10 m East of,Major Arterial,Scarborough,43.801058,-79.307475,636150.4211,4851168.3238,Non Intersection,No Control,Snow,Dark,Wet,148,East L'Amoreaux,117,L'Amoreaux (117),Non-Fatal Injury,0,0,1,0,0,0,0,1,1,1,0,0,0,Approaching,"['Driver', 'Passenger']",North,"['Automobile, Station Wagon']",['Going Ahead'],"['Speed too Fast For Condition', 'Driving Properly']","['Unknown', 'Normal']",[],[],[],[],[],[],D42,False,"['25 to 29', '40 to 44', '45 to 49', '0 to 4']",3.0
315,2015-11-24 10:00:00,603,2015,MCCOWAN RD,KENHATCH BLVD,,Major Arterial,Scarborough,43.801421,-79.263774,639665.0177,4851281.4686,At Intersection,Traffic Signal,Snow,Dark,Wet,129,Agincourt North,129,Agincourt North (129),Fatal,1,0,1,0,0,0,0,0,1,1,1,0,0,Pedestrian Collisions,"['Driver', 'Pedestrian']",North,"['Automobile, Station Wagon']",['Going Ahead'],['Disobeyed Traffic Control'],['Had Been Drinking'],['Vehicle is going straight thru inter.while ped cross with ROW'],['Crossing with right of way'],['Normal'],[],[],[],D42,True,['25 to 29'],4.0
316,2015-11-26 10:00:00,934,2015,EGLINTON AVE W,ELMSTHORPE AVE,,Major Arterial,North York,43.704074,-79.410945,628033.6354,4840231.7802,At Intersection,No Control,Clear,Daylight,Dry,100,Yonge-Eglinton,100,Yonge-Eglinton (100),Fatal,1,0,1,0,0,0,0,0,0,1,0,0,0,Pedestrian Collisions,"['Driver', 'Pedestrian']",West,"['Automobile, Station Wagon']",['Turning Left'],['Failed to Yield Right of Way'],['Inattentive'],['Vehicle turns left while ped crosses with ROW at inter.'],['Crossing with right of way'],['Normal'],[],[],[],D53,True,"['90 to 94', '85 to 89']",4.0
317,2015-11-26 10:00:00,2226,2015,THE QUEENSWAY,COLBORNE LODGE DR,134 m West o,Major Arterial,Toronto and East York,43.639292,-79.460948,624138.2349,4832960.8699,Non Intersection,No Control,Clear,"Dark, artificial",Dry,87,High Park-Swansea,87,High Park-Swansea (87),Non-Fatal Injury,1,0,1,0,0,0,0,0,0,0,0,0,0,Pedestrian Collisions,"['Driver', 'Pedestrian']",North,"['Automobile, Station Wagon']",['Going Ahead'],['Driving Properly'],['Normal'],['Pedestrian hit at mid-block'],"['Crossing, no Traffic Control']","['Ability Impaired, Alcohol']",[],[],[],D11,False,"['50 to 54', '45 to 49']",3.0
318,2015-11-27 10:00:00,532,2015,EGLINTON AVE W,BATHURST ST,,Major Arterial,North York,43.700984,-79.425548,626863.546,4839866.1437,At Intersection,Traffic Signal,Clear,Dark,Dry,101,Forest Hill South,101,Forest Hill South (101),Fatal,1,0,0,0,1,0,0,0,0,1,1,0,0,Pedestrian Collisions,"['Truck Driver', 'Pedestrian']",East,['Truck - Tank'],['Turning Right'],['Disobeyed Traffic Control'],['Normal'],['Vehicle turns right while ped crosses with ROW at inter.'],['Crossing with right of way'],['Normal'],[],[],[],D13,True,"['45 to 49', '20 to 24']",4.0
319,2015-11-27 10:00:00,830,2015,RONCESVALLES AVE,GRENADIER RD,5 m North of,Minor Arterial,Toronto and East York,43.648932,-79.450061,624996.3825,4834047.8557,Non Intersection,No Control,Clear,Daylight,Dry,86,Roncesvalles,86,Roncesvalles (86),Non-Fatal Injury,0,1,1,0,0,0,0,0,0,1,0,0,0,Cyclist Collisions,"['Driver', 'Cyclist']",North,"['Automobile, Station Wagon', 'Bicycle']","['Pulling Onto Shoulder or towardCurb', 'Going Ahead']",['Failed to Yield Right of Way'],['Normal'],[],[],[],['Cyclist and Driver travelling in same direction. One vehicle sideswipes the other.'],['Driving Properly'],['Normal'],D11,False,"['35 to 39', '15 to 19']",3.0
320,2015-11-27 10:00:00,1644,2015,KIPLING AVE,GENTHORN AVE,6 m South of,Major Arterial,Etobicoke York,43.723429,-79.572353,614991.5149,4842144.8114,Intersection Related,Traffic Signal,Clear,"Dark, artificial",Wet,4,Rexdale-Kipling,4,Rexdale-Kipling (4),Non-Fatal Injury,0,0,1,0,0,0,0,1,0,1,0,0,0,Rear End,"['Driver', 'Passenger']",North,"['Automobile, Station Wagon']","['Going Ahead', 'Stopped']","['Following too Close', 'Driving Properly']","['Inattentive', 'Normal']",[],[],[],[],[],[],D23,False,"['25 to 29', '45 to 49', '50 to 54', '5 to 9', '0 to 4']",3.0
321,2015-11-30 10:00:00,1715,2015,BATHURST ST,MARMION AVE,7 m East of,Major Arterial,North York,43.726615,-79.431415,626336.9303,4842703.8677,Intersection Related,No Control,Clear,"Dark, artificial",Dry,39,Bedford Park-Nortown,39,Bedford Park-Nortown (39),Fatal,1,0,1,0,0,0,0,0,0,1,0,0,0,Pedestrian Collisions,"['Driver', 'Pedestrian']",South,['Pick Up Truck'],['Turning Left'],['Failed to Yield Right of Way'],['Inattentive'],['Vehicle turns left while ped crosses with ROW at inter.'],"['Crossing, no Traffic Control']",['Normal'],[],[],[],D32,True,"['25 to 29', '65 to 69']",4.0
322,2015-11-30 10:00:00,1833,2015,FLORENCE AVE,BOTHAM RD,,Collector,North York,43.757376,-79.413707,627697.7646,4846147.4772,At Intersection,Stop Sign,Clear,"Dark, artificial",Dry,38,Lansing-Westgate,38,Lansing-Westgate (38),Non-Fatal Injury,1,0,1,0,0,0,0,0,0,1,0,0,0,Pedestrian Collisions,"['Driver', 'Pedestrian']",East,"['Automobile, Station Wagon']",['Turning Left'],['Failed to Yield Right of Way'],['Inattentive'],['Vehicle turns left while ped crosses with ROW at inter.'],['Crossing with right of way'],['Normal'],[],[],[],D32,False,"['45 to 49', '55 to 59']",3.0
323,2015-12-01 10:00:00,2107,2015,THE QUEENSWAY,NORTH QUEEN ST,3 m North of,Major Arterial,Etobicoke York,43.614207,-79.55614,616508.5399,4830036.9099,At Intersection,Traffic Signal,Rain,Dark,Wet,159,Etobicoke City Centre,14,Islington-City Centre West (14),Non-Fatal Injury,1,0,0,0,1,0,0,0,0,1,0,0,0,Pedestrian Collisions,"['Truck Driver', 'Pedestrian']",East,['Truck-Tractor'],['Turning Left'],['Failed to Yield Right of Way'],['Inattentive'],['Vehicle turns left while ped crosses with ROW at inter.'],['Crossing with right of way'],['Normal'],[],[],[],D22,False,"['55 to 59', '15 to 19']",3.0
324,2015-12-02 10:00:00,1419,2015,LAWRENCE AVE W,BATHURST ST,1 m West of,Major Arterial,North York,43.719248,-79.429813,626481.4618,4841888.1005,Intersection Related,Traffic Signal,Clear,Daylight,Dry,32,Englemount-Lawrence,32,Englemount-Lawrence (32),Fatal,1,0,1,0,0,0,0,0,0,1,0,0,0,Pedestrian Collisions,"['Driver', 'Pedestrian']",East,"['Automobile, Station Wagon']",['Turning Left'],['Failed to Yield Right of Way'],['Inattentive'],['Vehicle turns left while ped crosses without ROW at inter.'],['Crossing without right of way'],['Inattentive'],[],[],[],D13,True,"['45 to 49', '90 to 94']",4.0
325,2015-12-03 10:00:00,2038,2015,KINGSTON RD,FAIRCROFT BLVD,119 m West o,Major Arterial,Scarborough,43.729457,-79.22742,642760.5258,4843350.7451,Non Intersection,No Control,Clear,"Dark, artificial",Dry,123,Cliffcrest,123,Cliffcrest (123),Fatal,0,0,1,0,0,0,0,0,1,1,0,0,0,SMV Unattended Vehicle,"['Driver', 'Other']",Unknown,"['Automobile, Station Wagon', 'Delivery Van']","['Going Ahead', 'Parked']",['Lost control'],['Inattentive'],[],[],[],[],[],[],D43,True,"['30 to 34', 'unknown']",4.0
326,2015-12-04 10:00:00,109,2015,ISABELLA ST,SHERBOURNE ST,70 m West of,Collector,Toronto and East York,43.669455,-79.376643,630872.7154,4836440.4104,Non Intersection,No Control,Clear,Dark,Dry,74,North St.James Town,74,North St.James Town (74),Non-Fatal Injury,1,0,1,0,0,0,0,1,0,0,0,0,0,Pedestrian Collisions,"['Driver', 'Passenger', 'Pedestrian']",North,"['Automobile, Station Wagon']",['Going Ahead'],['Driving Properly'],['Normal'],['Pedestrian hit at mid-block'],['Running onto Roadway'],['Inattentive'],[],[],[],D51,False,"['45 to 49', '20 to 24', '25 to 29']",3.0
327,2015-12-06 10:00:00,2,2015,KING ST W,BRANT ST,10 m South o,Major Arterial,Toronto and East York,43.644942,-79.397632,629233.1705,4833685.0193,Non Intersection,Pedestrian Crossover,Clear,"Dark, artificial",Dry,164,Wellington Place,77,Waterfront Communities-The Island (77),Non-Fatal Injury,1,0,1,0,0,0,0,0,0,1,0,0,0,Pedestrian Collisions,"['Driver', 'Pedestrian']",East,"['Automobile, Station Wagon']",['Going Ahead'],['Failed to Yield Right of Way'],['Unknown'],['Pedestrian hit a PXO/ped. Mid-block signal'],"['Crossing, Pedestrian Crossover']",['Normal'],[],[],[],D14,False,"['unknown', '40 to 44']",3.0
328,2015-12-07 10:00:00,655,2015,FINCH AVE W,WESTON RD,,Major Arterial,Etobicoke York,43.752082,-79.542362,617351.2083,4845369.186,At Intersection,Traffic Signal,Clear,"Dark, artificial",Dry,22,Humbermede,22,Humbermede (22),Non-Fatal Injury,1,0,1,0,0,0,0,0,0,0,0,0,0,Pedestrian Collisions,"['Driver', 'Pedestrian']",East,"['Automobile, Station Wagon']",['Going Ahead'],['Driving Properly'],['Normal'],['Vehicle is going straight thru inter.while ped cross without ROW'],['Crossing without right of way'],['Inattentive'],[],[],[],D31,False,"['60 to 64', '35 to 39']",3.0
329,2015-12-07 10:00:00,1905,2015,STEELES AVE W,JANE ST,1 m East of,Major Arterial,Etobicoke York,43.775462,-79.521716,618967.033,4847995.3381,At Intersection,Traffic Signal,Clear,"Dark, artificial",Dry,27,York University Heights,27,York University Heights (27),Non-Fatal Injury,0,0,1,0,0,1,0,1,0,0,0,0,0,Sideswipe,"['Driver', 'Passenger']",West,"['Automobile, Station Wagon', 'Intercity Bus']","['Changing Lanes', 'Going Ahead']","['Improper Lane Change', 'Driving Properly']","['Inattentive', 'Normal']",[],[],[],[],[],[],D31,False,"['unknown', '35 to 39', '65 to 69']",3.0
330,2015-12-08 10:00:00,2115,2015,LOWTHER AVE,SPADINA RD,5 m South of,Minor Arterial,Toronto and East York,43.668948,-79.404765,628606.6197,4836340.1193,Intersection Related,Traffic Signal,Rain,"Dark, artificial",Wet,95,Annex,95,Annex (95),Non-Fatal Injury,0,1,1,0,0,0,0,1,0,0,0,0,0,Cyclist Collisions,"['Cyclist', 'Driver', 'Passenger']",North,"['Bicycle', 'Automobile, Station Wagon']","['Turning Left', 'Going Ahead']",['Driving Properly'],['Normal'],[],[],[],['Cyclist turned left across motorists path.'],['Improper Turn'],['Normal'],D53,False,"['20 to 24', '50 to 54', '15 to 19', '10 to 14']",3.0
331,2015-12-12 10:00:00,646,2015,QUEEN ST E,VICTORIA ST,2 m West of,Major Arterial,Toronto and East York,43.652671,-79.378078,630793.4671,4834574.0608,Intersection Related,Traffic Signal,Clear,"Dark, artificial",Dry,168,Downtown Yonge East,75,Church-Yonge Corridor (75),Non-Fatal Injury,1,0,1,0,0,0,0,0,0,0,0,0,0,Pedestrian Collisions,"['Driver', 'Pedestrian']",Unknown,['Pick Up Truck'],['Going Ahead'],['Driving Properly'],['Normal'],['Other / Undefined'],['Other'],['Medical or Physical Disability'],[],[],[],D51,False,"['45 to 49', '40 to 44']",3.0
332,2015-12-12 10:00:00,1941,2015,JANE ST,WEATHERELL ST,,Major Arterial,Toronto and East York,43.651641,-79.485439,622137.7713,4834296.0469,At Intersection,No Control,Clear,"Dark, artificial",Dry,114,Lambton Baby Point,114,Lambton Baby Point (114),Non-Fatal Injury,0,0,1,1,0,0,0,1,0,0,0,0,0,Sideswipe,"['Driver', 'Motorcycle Driver', 'Passenger']",South,"['Automobile, Station Wagon', 'Motorcycle']","['Changing Lanes', 'Going Ahead']","['Improper Lane Change', 'Driving Properly']",['Normal'],[],[],[],[],[],[],D11,False,"['20 to 24', '15 to 19']",3.0
333,2015-12-13 10:00:00,1556,2015,PARKSIDE DR,INDIAN VALLEY CRES,,Major Arterial,Toronto and East York,43.651126,-79.458499,624311.3589,4834278.853,At Intersection,Traffic Signal,Rain,Daylight,Wet,87,High Park-Swansea,87,High Park-Swansea (87),Non-Fatal Injury,0,1,1,0,0,0,0,1,0,1,0,0,0,Cyclist Collisions,"['Driver', 'Cyclist', 'Passenger']",South,"['Automobile, Station Wagon', 'Bicycle']","['Going Ahead', 'Stopped']",['Following too Close'],['Normal'],[],[],[],['Cyclist and Driver travelling in same direction. One vehicle rear-ended the other.'],['Driving Properly'],['Normal'],D11,False,"['35 to 39', '25 to 29', '10 to 14']",3.0
334,2015-12-13 10:00:00,2013,2015,DUFFERIN ST,CARTWRIGHT AVE,7 m North of,Major Arterial,North York,43.723784,-79.456859,624293.457,4842350.9694,At Intersection,No Control,Clear,"Dark, artificial",Dry,31,Yorkdale-Glen Park,31,Yorkdale-Glen Park (31),Non-Fatal Injury,1,0,0,0,0,0,0,0,0,0,0,0,0,Pedestrian Collisions,['Pedestrian'],East,[],[],[],[],['Vehicle is going straight thru inter.while ped cross without ROW'],"['Crossing, no Traffic Control']",['Inattentive'],[],[],[],D32,False,['25 to 29'],3.0
335,2015-12-14 10:00:00,1726,2015,KING ST W,FRASER AVE,2 m West of,Major Arterial,Toronto and East York,43.639392,-79.4248,627053.7105,4833026.6741,At Intersection,Streetcar (Stop for),Rain,"Dark, artificial",Wet,85,South Parkdale,85,South Parkdale (85),Non-Fatal Injury,1,0,1,0,0,0,0,0,0,1,0,0,0,Pedestrian Collisions,"['Driver', 'Pedestrian']",East,"['Automobile, Station Wagon']",['Going Ahead'],['Failed to Yield Right of Way'],['Unknown'],['Vehicle is going straight thru inter.while ped cross with ROW'],['Person Getting on/off Vehicle'],['Normal'],[],[],[],D14,False,"['unknown', '25 to 29']",3.0
336,2015-12-15 10:00:00,1100,2015,JANE ST,SPEERS AVE,,Major Arterial,Etobicoke York,43.701564,-79.503444,620585.7565,4839814.3167,At Intersection,No Control,Clear,Daylight,Dry,30,Brookhaven-Amesbury,30,Brookhaven-Amesbury (30),Fatal,0,0,1,0,0,0,0,1,0,0,0,0,0,Turning Movement,"['Driver', 'Passenger']",North,"['Automobile, Station Wagon', 'Delivery Van']","['Turning Left', 'Slowing or Stopping']","['Improper Turn', 'Driving Properly']","['Unknown', 'Normal']",[],[],[],[],[],[],D12,True,"['80 to 84', '55 to 59']",4.0
337,2015-12-16 10:00:00,1645,2015,FINCH AVE E,BRIMLEY RD,9 m East of,Major Arterial,Scarborough,43.805636,-79.277362,638562.218,4851726.7689,At Intersection,Traffic Signal,Clear,Dusk,Wet,129,Agincourt North,129,Agincourt North (129),Non-Fatal Injury,0,0,1,0,0,0,0,1,0,0,0,0,0,Turning Movement,"['Driver', 'Passenger']",East,"['Automobile, Station Wagon', 'Passenger Van']","['Turning Left', 'Going Ahead']","['Improper Turn', 'Driving Properly']",['Unknown'],[],[],[],[],[],[],D42,False,"['55 to 59', '50 to 54', '20 to 24']",3.0
338,2015-12-18 10:00:00,1452,2015,4727 SHEPPARD AVE E,,4 m East of,Major Arterial,Scarborough,43.79143,-79.250346,640768.6611,4850194.5585,At/Near Private Drive,No Control,Clear,Daylight,Dry,128,Agincourt South-Malvern West,128,Agincourt South-Malvern West (128),Non-Fatal Injury,1,0,1,0,0,0,0,1,0,0,0,0,0,Pedestrian Collisions,"['Driver', 'Passenger', 'Pedestrian']",East,"['Automobile, Station Wagon']",['Going Ahead'],['Driving Properly'],['Normal'],['Pedestrian hit at mid-block'],"['Crossing, no Traffic Control']",['Inattentive'],[],[],[],D42,False,"['80 to 84', '75 to 79', '85 to 89']",3.0
339,2015-12-19 10:00:00,2220,2015,YONGE ST,SHELDRAKE BLVD,,Major Arterial,North York,43.714938,-79.400096,628884.4839,4841455.1931,At Intersection,Stop Sign,Clear,"Dark, artificial",Dry,99,Mount Pleasant East,99,Mount Pleasant East (99),Non-Fatal Injury,1,0,1,0,0,0,0,1,0,0,0,0,0,Pedestrian Collisions,"['Driver', 'Passenger', 'Pedestrian']",North,"['Automobile, Station Wagon']",['Going Ahead'],['Driving Properly'],['Normal'],['Vehicle is going straight thru inter.while ped cross without ROW'],['Crossing without right of way'],['Inattentive'],[],[],[],D53,False,"['50 to 54', '60 to 64', '65 to 69']",3.0
340,2015-12-20 10:00:00,639,2015,DUFFERIN ST,DAVENPORT RD,41 m South o,Major Arterial,Toronto and East York,43.672553,-79.440799,625694.0328,4836685.2705,Intersection Related,No Control,Clear,"Dark, artificial",Dry,171,Junction-Wallace Emerson,93,Dovercourt-Wallace Emerson-Junction (93),Non-Fatal Injury,0,1,1,0,0,0,0,0,0,0,0,0,0,Cyclist Collisions,"['Cyclist', 'Driver']",South,"['Bicycle', 'Automobile, Station Wagon']",['Going Ahead'],['Driving Properly'],['Normal'],[],[],[],"['Cyclist without ROW rides into path of motorist at inter, lnwy, dwy-Cyclist not turn.']",['Failed to Yield Right of Way'],"['Ability Impaired, Alcohol']",D13,False,"['30 to 34', '35 to 39']",3.0
341,2015-12-21 10:00:00,1720,2015,1145 DANFORTH AVE,,,Major Arterial,Toronto and East York,43.681204,-79.333614,634315.4747,4837814.0824,Non Intersection,No Control,Rain,"Dark, artificial",Wet,69,Blake-Jones,69,Blake-Jones (69),Non-Fatal Injury,1,0,1,0,0,0,0,0,0,0,0,0,0,Pedestrian Collisions,"['Driver', 'Pedestrian']",East,"['Automobile, Station Wagon']",['Going Ahead'],['Driving Properly'],['Normal'],['Pedestrian hit at mid-block'],"['Crossing, no Traffic Control']","['Ability Impaired, Alcohol Over .80']",[],[],[],D55,False,"['60 to 64', '25 to 29']",3.0
342,2015-12-21 10:00:00,2125,2015,BATHURST ST,SHEPPARD AVE W,,Major Arterial,North York,43.75545,-79.438464,625708.823,4845895.6933,At Intersection,Traffic Signal,Rain,"Dark, artificial",Wet,38,Lansing-Westgate,38,Lansing-Westgate (38),Non-Fatal Injury,1,0,1,0,0,0,0,0,0,1,1,0,0,Pedestrian Collisions,"['Driver', 'Pedestrian']",North,"['Automobile, Station Wagon']",['Going Ahead'],['Disobeyed Traffic Control'],['Unknown'],['Vehicle is going straight thru inter.while ped cross without ROW'],['Crossing without right of way'],['Inattentive'],[],[],[],D32,False,"['20 to 24', '15 to 19']",3.0
343,2015-12-22 10:00:00,911,2015,SHERBOURNE ST,CARLTON ST,,Minor Arterial,Toronto and East York,43.663119,-79.373019,631178.6808,4835742.4364,At Intersection,Traffic Controller,Rain,Daylight,Wet,73,Moss Park,73,Moss Park (73),Non-Fatal Injury,0,1,0,0,1,0,0,0,0,1,0,0,0,Cyclist Collisions,"['Truck Driver', 'Cyclist']",North,"['Truck - Closed (Blazer, etc)', 'Bicycle']","['Turning Left', 'Going Ahead']",['Failed to Yield Right of Way'],['Normal'],[],[],[],['Motorist turned left across cyclists path.'],['Driving Properly'],['Normal'],D51,False,"['30 to 34', '55 to 59']",3.0
344,2015-12-22 10:00:00,1830,2015,DUFFERIN ST,1 AUTUMN AVE,,Major Arterial,North York,43.703574,-79.452411,624693.6351,4840113.045,At Intersection,No Control,Clear,"Dark, artificial",Dry,31,Yorkdale-Glen Park,31,Yorkdale-Glen Park (31),Non-Fatal Injury,1,0,0,0,1,0,0,0,0,1,0,0,0,Pedestrian Collisions,"['Truck Driver', 'Pedestrian']",South,['Truck (other)'],['Turning Left'],['Failed to Yield Right of Way'],['Inattentive'],['Vehicle turns left while ped crosses with ROW at inter.'],['Crossing with right of way'],['Normal'],[],[],[],D13,False,"['50 to 54', '30 to 34']",3.0
345,2015-12-24 10:00:00,845,2015,LAWRENCE AVE E,RAILSIDE RD,,Major Arterial,North York,43.741103,-79.319248,635338.5345,4844490.0934,At Intersection,Traffic Signal,Clear,Daylight,Dry,43,Victoria Village,43,Victoria Village (43),Non-Fatal Injury,1,0,1,0,0,0,0,0,0,1,0,0,0,Pedestrian Collisions,"['Driver', 'Pedestrian']",North,"['Automobile, Station Wagon']",['Turning Left'],['Failed to Yield Right of Way'],['Normal'],['Vehicle turns left while ped crosses with ROW at inter.'],['Crossing with right of way'],['Normal'],[],[],[],D33,False,"['55 to 59', '60 to 64']",3.0
346,2015-12-25 10:00:00,819,2015,QUEEN ST W,TRINITY DR,1 m East of,Major Arterial,Toronto and East York,43.645293,-79.413158,627980.2192,4833699.943,At Intersection,Traffic Signal,Clear,Daylight,Dry,162,West Queen West,82,Niagara (82),Non-Fatal Injury,1,0,0,0,0,1,0,0,0,0,0,0,0,Pedestrian Collisions,"['Driver', 'Pedestrian']",East,['Street Car'],['Going Ahead'],['Driving Properly'],['Normal'],['Pedestrian involved in a collision with transit vehicle anywhere along roadway'],['Other'],['Other'],[],[],[],D14,False,"['30 to 34', '35 to 39']",3.0
347,2015-12-26 10:00:00,1618,2015,1071 QUEEN ST W,,1 m South of,Major Arterial,Toronto and East York,43.643721,-79.4211,627343.0048,4833513.1356,Laneway,No Control,Clear,Daylight,Dry,162,West Queen West,82,Niagara (82),Non-Fatal Injury,1,0,1,0,0,0,0,0,0,0,0,0,0,Pedestrian Collisions,"['Driver', 'Pedestrian']",Unknown,"['Automobile, Station Wagon']",['Going Ahead'],['Lost control'],['Normal'],['Pedestrian hit on sidewalk or shoulder'],['On Sidewalk or Shoulder'],['Normal'],[],[],[],D14,False,"['35 to 39', '20 to 24', '25 to 29']",3.0
348,2015-12-26 10:00:00,1754,2015,DUPONT ST,DELAWARE AVE,16 m East of,Major Arterial,Toronto and East York,43.669928,-79.431537,626446.2027,4836407.8053,Non Intersection,No Control,Clear,"Dusk, artificial",Dry,172,Dovercourt Village,93,Dovercourt-Wallace Emerson-Junction (93),Non-Fatal Injury,1,0,1,0,0,0,0,0,0,0,0,0,0,Pedestrian Collisions,"['Driver', 'Pedestrian']",South,['Passenger Van'],['Going Ahead'],['Driving Properly'],['Normal'],['Pedestrian hit at mid-block'],"['Crossing, no Traffic Control']",['Had Been Drinking'],[],[],[],D14,False,"['60 to 64', '50 to 54', '40 to 44']",3.0
349,2015-12-28 10:00:00,1253,2015,HAKIMI  AVE,EGLINTON AVE E,20 m North o,Major Arterial,Scarborough,43.726927,-79.291408,637612.7764,4842961.4957,At/Near Private Drive,No Control,Clear,Daylight,Dry,120,Clairlea-Birchmount,120,Clairlea-Birchmount (120),Non-Fatal Injury,0,0,1,0,0,0,0,0,0,1,0,0,0,Angle,['Driver'],South,"['Automobile, Station Wagon']",['Going Ahead'],"['Failed to Yield Right of Way', 'Driving Properly']","['Inattentive', 'Normal']",[],[],[],[],[],[],D41,False,"['40 to 44', '20 to 24']",3.0
350,2015-12-30 10:00:00,1824,2015,CARLTON ST,SHERBOURNE ST,,Minor Arterial,Toronto and East York,43.66318,-79.37305,631176.0485,4835749.1622,At Intersection,Traffic Signal,Clear,Dark,Dry,73,Moss Park,73,Moss Park (73),Non-Fatal Injury,1,0,1,0,0,0,0,0,0,1,0,0,0,Pedestrian Collisions,"['Driver', 'Pedestrian']",East,"['Automobile, Station Wagon']",['Turning Right'],['Failed to Yield Right of Way'],['Inattentive'],['Vehicle turns right while ped crosses with ROW at inter.'],['Crossing with right of way'],['Normal'],[],[],[],D51,False,"['25 to 29', '35 to 39']",3.0
351,2015-12-30 10:00:00,2115,2015,250 MARLEE AVE,,1 m East of,Minor Arterial,North York,43.705504,-79.442401,625496.1492,4840342.5027,At/Near Private Drive,No Control,Clear,"Dark, artificial",Wet,31,Yorkdale-Glen Park,31,Yorkdale-Glen Park (31),Non-Fatal Injury,0,0,1,0,0,0,0,1,0,0,0,0,0,Angle,"['Driver', 'Passenger']",South,"['Automobile, Station Wagon']",['Going Ahead'],"['Other', 'Driving Properly']",['Normal'],[],[],[],[],[],[],D13,False,"['20 to 24', '70 to 74', '65 to 69']",3.0
352,2015-12-30 10:00:00,2339,2015,DANFORTH AVE,GILLARD AVE,,Major Arterial,Toronto and East York,43.682341,-79.328265,634744.0788,4837949.0387,At Intersection,No Control,Clear,"Dark, artificial",Dry,65,Greenwood-Coxwell,65,Greenwood-Coxwell (65),Fatal,1,0,1,0,0,0,0,0,0,1,0,0,0,Pedestrian Collisions,"['Driver', 'Pedestrian']",South,"['Automobile, Station Wagon']",['Going Ahead'],['Failed to Yield Right of Way'],['Unknown'],['Vehicle is going straight thru inter.while ped cross with ROW'],"['Crossing, no Traffic Control']",['Normal'],[],[],[],D55,True,"['25 to 29', '60 to 64']",4.0
353,2016-01-01 10:00:00,1904,2016,MOUNT PLEASANT RD,DAVISVILLE AVE,,Major Arterial,North York,43.700301,-79.386958,629974.4927,4839850.0603,At Intersection,Traffic Signal,Clear,"Dark, artificial",Dry,99,Mount Pleasant East,99,Mount Pleasant East (99),Non-Fatal Injury,1,0,1,0,0,0,0,0,0,1,0,0,0,Pedestrian Collisions,"['Driver', 'Pedestrian']",South,"['Automobile, Station Wagon']",['Turning Right'],['Failed to Yield Right of Way'],['Normal'],['Vehicle turns right while ped crosses with ROW at inter.'],['Other'],['Normal'],[],[],[],D53,False,"['70 to 74', '50 to 54']",3.0
354,2016-01-03 10:00:00,1915,2016,1400 KENNEDY RD,,196 m North ,Major Arterial,Scarborough,43.764498,-79.280681,638390.1477,4847152.1922,Non Intersection,No Control,Clear,"Dark, artificial",Dry,126,Dorset Park,126,Dorset Park (126),Fatal,1,0,1,0,0,0,0,1,0,1,0,0,0,Pedestrian Collisions,"['Driver', 'Passenger', 'Pedestrian']",South,"['Automobile, Station Wagon']",['Going Ahead'],['Driving Properly'],['Normal'],['Pedestrian hit at mid-block'],['Crossing without right of way'],['Had Been Drinking'],[],[],[],D41,True,"['40 to 44', '5 to 9', '35 to 39']",4.0
355,2016-01-04 10:00:00,1520,2016,FENSIDE DR,VERSEND DR,,Collector,North York,43.762789,-79.3287,634528.8276,4846883.2527,At Intersection,Stop Sign,Clear,Daylight,Dry,150,Fenside-Parkwoods,45,Parkwoods-Donalda (45),Non-Fatal Injury,0,0,1,0,0,0,0,1,0,1,0,0,0,Angle,"['Driver', 'Passenger']",East,"['Automobile, Station Wagon', 'School Bus']",['Going Ahead'],"['Disobeyed Traffic Control', 'Driving Properly']",['Normal'],[],[],[],[],[],[],D33,False,"['50 to 54', '35 to 39', '20 to 24', '10 to 14']",3.0