accident_number,date,time,year,street1,street2,offset,road_class,district,latitude,longitude,x,y,accident_location,traffctl,visibility,light,road_surface_condition,hood_158,neighbourhood_new,hood_140,neighbourhood_old,accident_class,pedestrian,cyclist,automobile,motorcycle,truck,trsn_city_veh,emerg_veh,passenger,speeding,aggressive_driving,redlight,alcohol,disability,impact_type,involvement_type,initial_direction,vehicle_type,manoeuver,driver_action,driver_condition,pedestrian_type,pedestrian_action,pedestrian_condition,cyclist_type,cyclist_action,cyclist_condition,division,injury,involvement_age,injury_severity_score
401,2016-02-23 10:00:00,2146,2016,OSSINGTON AVE,COLLEGE ST,67 m South o,Minor Arterial,Toronto and East York,43.653796,-79.422458,627212.2063,4834630.0124,Non Intersection,No Control,Clear,"Dark, artificial",Dry,81,Trinity-Bellwoods,81,Trinity-Bellwoods (81),Non-Fatal Injury,1,0,1,0,0,0,0,0,1,1,0,0,0,Pedestrian Collisions,"['Driver', 'Pedestrian']",South,"['Automobile, Station Wagon']",['Going Ahead'],['Lost control'],['Inattentive'],['Pedestrian hit at mid-block'],['Other'],['Normal'],[],[],[],D14,False,"['35 to 39', '45 to 49']",3.0
402,2016-02-25 10:00:00,912,2016,FINCH AVE E,DON MILLS RD,,Major Arterial,North York,43.79259,-79.354694,632370.6808,4850151.2158,At Intersection,Traffic Signal,Freezing Rain,Daylight,Wet,47,Don Valley Village,47,Don Valley Village (47),Non-Fatal Injury,1,0,1,0,0,0,0,0,0,1,0,0,0,Pedestrian Collisions,"['Driver', 'Pedestrian']",East,"['Automobile, Station Wagon']",['Turning Right'],['Failed to Yield Right of Way'],['Unknown'],['Vehicle turns right while ped crosses with ROW at inter.'],['Crossing with right of way'],['Normal'],[],[],[],D33,False,"['unknown', '55 to 59']",3.0
403,2016-02-25 10:00:00,1625,2016,AVIEMORE DR,GRAMPIAN CRES,99 m South o,Local,Etobicoke York,43.750346,-79.570171,615115.6798,4845137.357,Non Intersection,No Control,Clear,Daylight,Dry,21,Humber Summit,21,Humber Summit (21),Non-Fatal Injury,1,0,1,0,0,0,0,0,0,1,0,0,0,Pedestrian Collisions,"['Driver', 'Pedestrian']",East,"['Automobile, Station Wagon']",['Going Ahead'],['Improper Passing'],['Inattentive'],['Pedestrian hit at mid-block'],['Other'],['Normal'],[],[],[],D31,False,"['75 to 79', '35 to 39']",3.0
404,2016-02-28 10:00:00,2240,2016,LAWRENCE AVE E,CARNFORTH RD,,Major Arterial,North York,43.741427,-79.314204,635743.9627,4844534.3309,At Intersection,Traffic Signal,Rain,"Dark, artificial",Wet,43,Victoria Village,43,Victoria Village (43),Non-Fatal Injury,0,0,1,0,0,0,0,1,1,1,0,0,0,Turning Movement,"['Driver', 'Passenger']",East,"['Automobile, Station Wagon']","['Going Ahead', 'Turning Left']","['Exceeding Speed Limit', 'Driving Properly']","['Fatigue', 'Normal']",[],[],[],[],[],[],D33,False,"['20 to 24', '25 to 29', '15 to 19']",3.0
405,2016-02-29 10:00:00,1930,2016,COSBURN AVE,PAPE AVE,3 m East of,Minor Arterial,Toronto and East York,43.689437,-79.348338,633110.454,4838704.7305,Non Intersection,No Control,Clear,"Dark, artificial",Dry,59,Danforth East York,59,Danforth East York (59),Non-Fatal Injury,1,0,1,0,0,0,0,0,0,1,0,0,0,Pedestrian Collisions,"['Driver', 'Pedestrian']",East,"['Automobile, Station Wagon']",['Turning Left'],['Failed to Yield Right of Way'],['Inattentive'],['Pedestrian hit at mid-block'],['Crossing with right of way'],['Normal'],[],[],[],D55,False,"['30 to 34', '60 to 64']",3.0
406,2016-02-29 10:00:00,1939,2016,137 QUEEN S PLATE  DR,,1 m North of,Collector,Etobicoke York,43.717261,-79.592593,613372.8815,4841431.8861,Non Intersection,No Control,Clear,Dusk,Dry,1,West Humber-Clairville,1,West Humber-Clairville (1),Non-Fatal Injury,1,0,1,0,0,0,0,0,0,0,0,0,0,Pedestrian Collisions,"['Driver', 'Pedestrian']",North,"['Automobile, Station Wagon']",['Going Ahead'],['Driving Properly'],['Normal'],['Pedestrian hit at mid-block'],"['Crossing, no Traffic Control']",['Inattentive'],[],[],[],D23,False,"['55 to 59', '50 to 54']",3.0
407,2016-03-01 10:00:00,1117,2016,BATHURST ST,NINA ST,,Major Arterial,Toronto and East York,43.679812,-79.416972,627599.464,4837527.8606,Intersection Related,Traffic Signal,Snow,Daylight,Loose Snow,96,Casa Loma,96,Casa Loma (96),Non-Fatal Injury,1,0,1,0,0,0,0,1,0,1,1,0,0,Pedestrian Collisions,"['Driver', 'Passenger', 'Pedestrian']",South,"['Automobile, Station Wagon']",['Going Ahead'],['Disobeyed Traffic Control'],['Inattentive'],['Vehicle is going straight thru inter.while ped cross with ROW'],['Crossing with right of way'],['Normal'],[],[],[],D13,False,"['45 to 49', '75 to 79', '40 to 44']",3.0
408,2016-03-03 10:00:00,1255,2016,GORDON BAKER RD,FINCH AVE E,11 m West of,Major Arterial,North York,43.795138,-79.341251,633446.5567,4850455.7987,Intersection Related,Traffic Signal,Clear,Daylight,Dry,46,Pleasant View,46,Pleasant View (46),Non-Fatal Injury,0,0,1,0,0,0,0,1,0,0,0,0,0,Approaching,"['Driver', 'Passenger']",West,"['Automobile, Station Wagon']","['Going Ahead', 'Stopped']","['Lost control', 'Driving Properly']","['Unknown', 'Normal']",[],[],[],[],[],[],D33,False,"['45 to 49', '60 to 64', '80 to 84', '65 to 69']",3.0
409,2016-03-04 10:00:00,1411,2016,JARVIS ST,QUEEN ST E,,Major Arterial,Toronto and East York,43.65372,-79.373241,631181.248,4834698.2016,Intersection Related,Traffic Signal,Clear,Daylight,Dry,73,Moss Park,73,Moss Park (73),Fatal,1,0,0,0,1,0,0,0,0,0,0,0,0,Pedestrian Collisions,"['Truck Driver', 'Pedestrian']",East,['Truck - Dump'],['Going Ahead'],['Driving Properly'],['Normal'],['Vehicle is going straight thru inter.while ped cross without ROW'],['Crossing without right of way'],['Medical or Physical Disability'],[],[],[],D51,True,['30 to 34'],4.0
410,2016-03-08 10:00:00,2106,2016,EGLINTON AVE W,BATHURST ST,,Major Arterial,North York,43.700984,-79.425548,626863.546,4839866.1437,Intersection Related,Traffic Signal,Clear,Daylight,Dry,101,Forest Hill South,101,Forest Hill South (101),Non-Fatal Injury,1,0,0,0,0,1,0,0,0,0,0,0,0,Pedestrian Collisions,"['Driver', 'Pedestrian']",North,"['Bus (Other) (Go Bus, Gray Coa']",['Going Ahead'],['Driving Properly'],['Normal'],['Vehicle is going straight thru inter.while ped cross without ROW'],['Crossing without right of way'],['Inattentive'],[],[],[],D13,False,"['30 to 34', '20 to 24']",3.0
411,2016-03-09 10:00:00,1014,2016,JOHN GARLAND BLVD,MARTIN GROVE RD,3 m East of,Major Arterial,Etobicoke York,43.732012,-79.589404,613601.8869,4843074.5573,At Intersection,Traffic Signal,Clear,Daylight,Dry,2,Mount Olive-Silverstone-Jamestown,2,Mount Olive-Silverstone-Jamestown (2),Non-Fatal Injury,1,0,1,0,0,0,0,0,0,1,0,0,0,Pedestrian Collisions,"['Driver', 'Pedestrian']",South,"['Automobile, Station Wagon']",['Turning Right'],['Failed to Yield Right of Way'],['Inattentive'],['Vehicle turns right while ped crosses with ROW at inter.'],['Crossing with right of way'],['Normal'],[],[],[],D23,False,['65 to 69'],3.0
412,2016-03-09 10:00:00,1835,2016,STEELES AVE W,ISLINGTON AVE,,Major Arterial,Etobicoke York,43.764662,-79.573322,614834.6034,4846722.9837,,No Control,Clear,Daylight,Dry,21,Humber Summit,21,Humber Summit (21),Fatal,0,0,0,1,0,0,0,0,1,1,0,0,0,Rear End,['Motorcycle Driver'],West,['Motorcycle'],['Going Ahead'],['Speed too Fast For Condition'],['Unknown'],[],[],[],[],[],[],D31,True,['25 to 29'],4.0
413,2016-03-11 10:00:00,1037,2016,ALBION RD,HIGHWAY 27  N,,Major Arterial,Etobicoke York,43.744273,-79.607539,612118.4962,4844411.6134,At Intersection,Traffic Signal,Clear,Daylight,Dry,1,West Humber-Clairville,1,West Humber-Clairville (1),Non-Fatal Injury,0,0,1,0,1,0,0,1,0,0,0,0,0,Turning Movement,"['Driver', 'Truck Driver', 'Passenger']",East,"['Automobile, Station Wagon', 'Truck - Dump']","['Turning Left', 'Going Ahead']","['Improper Turn', 'Driving Properly']","['Inattentive', 'Normal']",[],[],[],[],[],[],D23,False,"['40 to 44', '45 to 49', '20 to 24']",3.0
414,2016-03-12 10:00:00,2235,2016,YONGE ST,EGLINTON AVE E,,Major Arterial,North York,43.706721,-79.398357,629042.2083,4840545.2844,At Intersection,Traffic Signal,Clear,"Dark, artificial",Dry,174,South Eglinton-Davisville,104,Mount Pleasant West (104),Non-Fatal Injury,1,0,1,0,0,0,0,1,1,1,0,0,1,Pedestrian Collisions,"['Driver', 'Passenger', 'Pedestrian']",East,"['Automobile, Station Wagon']","['Going Ahead', 'Stopped']","['Lost control', 'Driving Properly']","['Medical or Physical Disability', 'Normal']",['Vehicle is going straight thru inter.while ped cross with ROW'],['Crossing with right of way'],['Normal'],[],[],[],D53,False,"['15 to 19', '70 to 74', '65 to 69', '60 to 64']",3.0
415,2016-03-13 09:00:00,856,2016,KING ST W,CLOSE AVE,18 m West of,Major Arterial,Toronto and East York,43.637435,-79.434772,626253.4718,4832794.1081,Non Intersection,No Control,Clear,Daylight,Dry,85,South Parkdale,85,South Parkdale (85),Non-Fatal Injury,1,0,1,0,0,0,0,1,0,0,0,0,0,Pedestrian Collisions,"['Driver', 'Passenger', 'Pedestrian']",East,"['Automobile, Station Wagon']",['Reversing'],['Other'],['Inattentive'],['Vehicle is reversing and hits pedestrian'],['Other'],['Normal'],[],[],[],D14,False,"['75 to 79', '80 to 84', '85 to 89']",3.0
416,2016-03-14 08:00:00,300,2016,SHEPPARD AVE W,WESTON RD,2 m West of,Major Arterial,Etobicoke York,43.733737,-79.538211,617721.348,4843337.5986,Intersection Related,Traffic Signal,Rain,"Dark, artificial",Wet,23,Pelmo Park-Humberlea,23,Pelmo Park-Humberlea (23),Non-Fatal Injury,0,0,1,0,0,0,0,1,0,0,0,1,0,SMV Other,"['Driver', 'Passenger']",West,"['Automobile, Station Wagon']",['Unknown'],['Lost control'],"['Ability Impaired, Alcohol']",[],[],[],[],[],[],D31,False,['25 to 29'],3.0
417,2016-03-14 08:00:00,952,2016,DON MILLS RD,FINCH AVE E,,Major Arterial,North York,43.792651,-79.354724,632368.1325,4850157.9428,At Intersection,Traffic Signal,Rain,Daylight,Wet,47,Don Valley Village,47,Don Valley Village (47),Fatal,0,0,1,0,0,0,0,1,0,1,1,0,0,Angle,"['Passenger', 'Driver']",East,"['Automobile, Station Wagon']",['Going Ahead'],"['Disobeyed Traffic Control', 'Driving Properly']","['Unknown', 'Normal']",[],[],[],[],[],[],D33,True,"['55 to 59', '40 to 44']",4.0
418,2016-03-14 08:00:00,1739,2016,PAPE AVE,CANNING AVE,40 m North o,Major Arterial,Toronto and East York,43.682749,-79.346278,633291.2873,4837965.2443,Non Intersection,No Control,Clear,Dusk,Wet,59,Danforth East York,59,Danforth East York (59),Non-Fatal Injury,1,0,1,0,0,0,0,0,0,0,0,0,0,Pedestrian Collisions,"['Driver', 'Pedestrian']",South,"['Automobile, Station Wagon']",['Going Ahead'],['Other'],"['Ability Impaired, Drugs']",['Pedestrian hit at mid-block'],"['Crossing, no Traffic Control']",['Normal'],[],[],[],D55,False,"['20 to 24', '35 to 39']",3.0
419,2016-03-20 08:00:00,303,2016,BAY ST,WELLINGTON ST W,,Major Arterial,Toronto and East York,43.647319,-79.379726,630672.175,4833977.0548,At Intersection,Traffic Signal,Clear,"Dark, artificial",Dry,170,Yonge-Bay Corridor,76,Bay Street Corridor (76),Non-Fatal Injury,0,0,1,0,0,0,0,1,0,1,1,0,0,Angle,"['Driver', 'Passenger']",North,"['Automobile, Station Wagon']",['Going Ahead'],"['Disobeyed Traffic Control', 'Driving Properly']","['Unknown', 'Normal']",[],[],[],[],[],[],D52,False,"['15 to 19', '35 to 39', 'unknown', '10 to 14', '30 to 34', '25 to 29']",3.0
420,2016-03-20 08:00:00,340,2016,O CONNOR DR,RALSTON AVE,,Major Arterial,Toronto and East York,43.69826,-79.32706,634805.5349,4839719.0246,At Intersection,No Control,Clear,Daylight,Dry,58,Old East York,58,Old East York (58),Non-Fatal Injury,0,0,1,0,0,0,0,1,1,1,0,0,0,Rear End,"['Driver', 'Passenger']",East,"['Automobile, Station Wagon', 'Passenger Van']","['Going Ahead', 'Slowing or Stopping']","['Following too Close', 'Driving Properly']","['Inattentive', 'Normal']",[],[],[],[],[],[],D55,False,"['45 to 49', '25 to 29', '40 to 44', '20 to 24']",3.0
421,2016-03-20 08:00:00,344,2016,COLLEGE ST,LANSDOWNE AVE,,Minor Arterial,Toronto and East York,43.650939,-79.43996,625806.8052,4834286.0228,At Intersection,Traffic Signal,Clear,"Dark, artificial",Dry,83,Dufferin Grove,83,Dufferin Grove (83),Non-Fatal Injury,0,1,1,0,0,0,0,1,0,1,0,0,0,Cyclist Collisions,"['Driver', 'Cyclist', 'Passenger']",East,"['Automobile, Station Wagon', 'Bicycle']","['Turning Left', 'Going Ahead']",['Failed to Yield Right of Way'],['Inattentive'],[],[],[],['Motorist turned left across cyclists path.'],['Other'],['Had Been Drinking'],D11,False,"['40 to 44', '30 to 34']",3.0
422,2016-03-20 08:00:00,1654,2016,LAKE SHORE BLVD W,BRITISH COLUMBIA RD,11 m South o,Major Arterial,Toronto and East York,43.629958,-79.425548,627013.2502,4831977.7637,Non Intersection,No Control,Clear,Daylight,Dry,163,Fort York-Liberty Village,82,Niagara (82),Non-Fatal Injury,0,0,1,0,0,0,0,1,0,0,0,0,0,Approaching,"['Driver', 'Passenger']",East,"['Automobile, Station Wagon']",['Going Ahead'],"['Other', 'Driving Properly']","['Had Been Drinking', 'Normal']",[],[],[],[],[],[],D14,False,"['40 to 44', '60 to 64', '50 to 54', '30 to 34', '25 to 29', '15 to 19']",3.0
423,2016-03-22 08:00:00,1936,2016,PROGRESS AVE,KENNEDY RD,,Major Arterial,Scarborough,43.769351,-79.282222,638254.9279,4847688.6186,Intersection Related,Traffic Signal,Rain,"Dusk, artificial",Wet,126,Dorset Park,126,Dorset Park (126),Non-Fatal Injury,1,0,1,0,0,0,0,0,0,1,0,0,0,Pedestrian Collisions,"['Driver', 'Pedestrian']",South,['Pick Up Truck'],['Turning Right'],['Failed to Yield Right of Way'],['Normal'],['Vehicle turns right while ped crosses with ROW at inter.'],['Crossing with right of way'],['Normal'],[],[],[],D41,False,"['35 to 39', '60 to 64']",3.0
424,2016-03-23 08:00:00,1313,2016,400 NUGGET AVE,,110 m South ,Minor Arterial,Scarborough,43.796668,-79.24876,640883.9545,4850779.021,At/Near Private Drive,No Control,Clear,Daylight,Dry,128,Agincourt South-Malvern West,128,Agincourt South-Malvern West (128),Non-Fatal Injury,0,0,1,0,0,0,0,1,0,1,0,0,0,Turning Movement,"['Driver', 'Passenger']",South,"['Passenger Van', 'Automobile, Station Wagon']","['Turning Left', 'Going Ahead']","['Failed to Yield Right of Way', 'Driving Properly']",['Normal'],[],[],[],[],[],[],D42,False,"['40 to 44', '35 to 39', '25 to 29']",3.0
425,2016-03-23 08:00:00,2015,2016,KING ST E,PRINCESS ST,10 m East of,Major Arterial,Toronto and East York,43.651473,-79.367008,631688.7913,4834458.5153,Intersection Related,No Control,Freezing Rain,"Dark, artificial",Wet,73,Moss Park,73,Moss Park (73),Fatal,1,0,1,0,0,0,0,0,0,0,0,0,0,Pedestrian Collisions,"['Pedestrian', 'Driver']",East,"['Automobile, Station Wagon']",['Going Ahead'],['Driving Properly'],['Normal'],['Pedestrian hit at mid-block'],"['Crossing, no Traffic Control']",['Inattentive'],[],[],[],D51,True,"['75 to 79', '60 to 64']",4.0
426,2016-03-24 08:00:00,42,2016,KINGSTON RD,SHEPPARD AVE E,,Major Arterial,Scarborough,43.798911,-79.14622,649127.6277,4851207.8159,At Intersection,Traffic Signal,Freezing Rain,"Dark, artificial",Slush,133,Centennial Scarborough,133,Centennial Scarborough (133),Non-Fatal Injury,0,0,1,0,0,0,0,0,1,1,1,1,0,Angle,['Driver'],East,"['Automobile, Station Wagon']",['Going Ahead'],"['Disobeyed Traffic Control', 'Driving Properly']","['Ability Impaired, Alcohol Over .08', 'Normal']",[],[],[],[],[],[],D42,False,"['25 to 29', '50 to 54']",3.0
427,2016-03-24 08:00:00,2049,2016,KING  ST W,UNIVERSITY  AVE,,Major Arterial,Toronto and East York,43.64765,-79.384799,630262.3269,4834005.8413,Intersection Related,Traffic Signal,Rain,"Dusk, artificial",Wet,170,Yonge-Bay Corridor,76,Bay Street Corridor (76),Non-Fatal Injury,1,0,1,0,0,0,0,0,0,1,0,0,0,Pedestrian Collisions,"['Driver', 'Pedestrian']",East,['Pick Up Truck'],['Turning Left'],['Failed to Yield Right of Way'],['Normal'],['Vehicle turns left while ped crosses with ROW at inter.'],['Crossing with right of way'],['Normal'],[],[],[],D52,False,"['60 to 64', '25 to 29']",3.0
428,2016-03-26 08:00:00,1530,2016,FINCH AVE W,BATHURST ST,,Major Arterial,North York,43.773787,-79.442966,625308.1023,4847925.4696,At Intersection,Traffic Signal,Clear,Daylight,Dry,37,Willowdale West,37,Willowdale West (37),Non-Fatal Injury,1,0,0,0,0,0,0,0,0,0,0,0,0,Pedestrian Collisions,['Pedestrian'],Unknown,[],[],[],[],['Vehicle turns right while ped crosses with ROW at inter.'],['Crossing with right of way'],['Normal'],[],[],[],D32,False,['75 to 79'],3.0
429,2016-03-27 08:00:00,2153,2016,MONOGRAM PL,ISLINGTON AVE,,Major Arterial,Etobicoke York,43.7051,-79.550426,616793.2627,4840139.7789,At Intersection,Traffic Signal,Clear,"Dark, artificial",Dry,6,Kingsview Village-The Westway,6,Kingsview Village-The Westway (6),Non-Fatal Injury,0,0,1,0,0,0,0,1,0,1,1,0,0,Turning Movement,"['Driver', 'Passenger']",East,"['Automobile, Station Wagon']","['Going Ahead', 'Turning Left']","['Disobeyed Traffic Control', 'Driving Properly']","['Had Been Drinking', 'Normal']",[],[],[],[],[],[],D23,False,"['25 to 29', '50 to 54']",3.0
430,2016-03-29 08:00:00,901,2016,FINCH AVE E,SKYMARK DR,,Major Arterial,North York,43.793151,-79.352275,632564.0594,4850217.3952,Intersection Related,Traffic Signal,Clear,Daylight,Dry,47,Don Valley Village,47,Don Valley Village (47),Fatal,1,0,1,0,0,0,0,0,0,0,0,0,0,Pedestrian Collisions,"['Pedestrian', 'Driver']",North,['Pick Up Truck'],['Turning Left'],['Driving Properly'],['Normal'],['Vehicle turns left while ped crosses without ROW at inter.'],"['Crossing, no Traffic Control']",['Normal'],[],[],[],D33,True,"['75 to 79', '70 to 74']",4.0
431,2016-03-31 08:00:00,637,2016,COLLEGE ST,LIPPINCOTT ST,1 m East of,Major Arterial,Toronto and East York,43.656649,-79.406482,628494.431,4834971.4917,At Intersection,Stop Sign,Rain,"Daylight, artificial",Wet,78,Kensington-Chinatown,78,Kensington-Chinatown (78),Non-Fatal Injury,0,1,1,0,0,0,0,1,0,0,0,0,0,Cyclist Collisions,"['Cyclist', 'Driver', 'Passenger']",South,"['Bicycle', 'Automobile, Station Wagon']",['Going Ahead'],['Driving Properly'],['Normal'],[],[],[],"['Cyclist without ROW rides into path of motorist at inter, lnwy, dwy-Cyclist not turn.']",['Disobeyed Traffic Control'],['Inattentive'],D14,False,"['65 to 69', '60 to 64']",3.0
432,2016-03-31 08:00:00,2146,2016,MARKHAM RD,NASHDENE RD,,Major Arterial,Scarborough,43.820227,-79.246181,641035.9701,4853400.0253,Intersection Related,Traffic Signal,Rain,Dark,Wet,130,Milliken,131,Rouge (131),Fatal,1,0,1,0,0,0,0,0,0,0,0,0,0,Pedestrian Collisions,"['Driver', 'Pedestrian']",South,"['Automobile, Station Wagon']",['Going Ahead'],['Driving Properly'],['Inattentive'],['Vehicle turns left while ped crosses without ROW at inter.'],['Crossing without right of way'],['Inattentive'],[],[],[],D42,True,"['25 to 29', '55 to 59']",4.0
433,2016-03-31 08:00:00,2210,2016,OAKWOOD AVE,VAUGHAN RD,2 m South of,Minor Arterial,Toronto and East York,43.692645,-79.44083,625649.5831,4838916.7122,At Intersection,Traffic Signal,Rain,"Dark, artificial",Wet,107,Oakwood Village,107,Oakwood Village (107),Non-Fatal Injury,0,0,0,0,0,1,0,1,0,0,0,0,0,Other,"['Driver', 'Passenger']",North,['Municipal Transit Bus (TTC)'],['Pulling Away from Shoulder or Curb'],['Driving Properly'],['Normal'],[],[],[],[],[],[],D13,False,"['40 to 44', '60 to 64']",3.0
434,2016-04-01 08:00:00,2206,2016,THE QUEENSWAY,ROYAL YORK RD,,Major Arterial,Etobicoke York,43.626326,-79.50262,620802.9623,4831459.3535,At Intersection,Traffic Signal,Clear,"Dark, artificial",Dry,16,Stonegate-Queensway,16,Stonegate-Queensway (16),Non-Fatal Injury,0,0,1,0,0,0,0,1,1,1,0,0,0,Turning Movement,"['Driver', 'Passenger']",East,"['Automobile, Station Wagon']","['Turning Left', 'Going Ahead']","['Improper Turn', 'Exceeding Speed Limit']",['Normal'],[],[],[],[],[],[],D22,False,"['45 to 49', '20 to 24', '15 to 19', '25 to 29']",3.0
435,2016-04-03 08:00:00,1930,2016,FINCH AVE E,CHEROKEE BLVD,150 m East o,Major Arterial,North York,43.792872,-79.335483,633915.6591,4850213.44,Non Intersection,No Control,Snow,Dark,Ice,46,Pleasant View,46,Pleasant View (46),Non-Fatal Injury,0,0,1,0,0,0,0,1,1,1,0,0,0,Approaching,"['Driver', 'Passenger']",East,"['Automobile, Station Wagon']",['Going Ahead'],"['Speed too Fast For Condition', 'Driving Properly']",['Normal'],[],[],[],[],[],[],D33,False,"['25 to 29', '40 to 44', '50 to 54', '65 to 69', '70 to 74', '35 to 39', '0 to 4', '5 to 9']",3.0
436,2016-04-05 08:00:00,1204,2016,200 NORSEMAN ST,,420 m West o,Collector,Etobicoke York,43.632872,-79.524761,619003.7759,4832154.3899,Non Intersection,No Control,Clear,Daylight,Dry,159,Etobicoke City Centre,14,Islington-City Centre West (14),Non-Fatal Injury,0,0,1,0,0,0,0,0,0,1,0,0,0,Turning Movement,['Driver'],West,"['Automobile, Station Wagon']","['Overtaking', 'Turning Left']","['Improper Passing', 'Driving Properly']","['Inattentive', 'Normal']",[],[],[],[],[],[],D22,False,"['20 to 24', '55 to 59']",3.0
437,2016-04-06 08:00:00,835,2016,SHEPPARD AVE E,GATEFORTH DR,15 m West of,Major Arterial,Scarborough,43.795584,-79.230312,642370.6531,4850690.1958,Intersection Related,Traffic Signal,Clear,Daylight,Dry,146,Malvern East,132,Malvern (132),Non-Fatal Injury,1,0,1,0,0,0,0,1,0,0,0,0,0,Pedestrian Collisions,"['Driver', 'Pedestrian', 'Passenger']",South,"['Automobile, Station Wagon']",['Going Ahead'],['Driving Properly'],['Normal'],['Vehicle is going straight thru inter.while ped cross without ROW'],['Crossing without right of way'],['Normal'],[],[],[],D42,False,"['25 to 29', '10 to 14', '15 to 19']",3.0
438,2016-04-06 08:00:00,1440,2016,ROYAL YORK  RD,SAUNDERS  CRES,3 m North of,Minor Arterial,Etobicoke York,43.627577,-79.503116,620760.4415,4831597.571,At Intersection,No Control,Clear,Daylight,Dry,16,Stonegate-Queensway,16,Stonegate-Queensway (16),Non-Fatal Injury,1,0,0,0,0,1,0,0,0,0,0,0,0,Pedestrian Collisions,"['Driver', 'Pedestrian']",East,['Municipal Transit Bus (TTC)'],['Going Ahead'],['Driving Properly'],['Normal'],['Pedestrian involved in a collision with transit vehicle anywhere along roadway'],['Running onto Roadway'],['Normal'],[],[],[],D22,False,"['55 to 59', '45 to 49']",3.0
439,2016-04-08 08:00:00,902,2016,ST CLEMENTS AVE,CALDOW RD,,Local,North York,43.708262,-79.42094,627219.449,4840681.5288,Intersection Related,Stop Sign,Clear,Daylight,Dry,102,Forest Hill North,102,Forest Hill North (102),Fatal,0,0,1,0,0,0,0,0,1,1,0,0,0,Angle,['Driver'],East,"['Automobile, Station Wagon']","['Going Ahead', 'Stopped']","['Disobeyed Traffic Control', 'Driving Properly']","['Unknown', 'Normal']",[],[],[],[],[],[],D53,True,"['35 to 39', '60 to 64']",4.0
440,2016-04-09 08:00:00,2111,2016,CUMMER AVE,WILLOWDALE AVE,,Minor Arterial,North York,43.788653,-79.4099,627937.5225,4849627.1417,Intersection Related,Traffic Signal,Clear,Dark,Dry,50,Newtonbrook East,50,Newtonbrook East (50),Fatal,0,0,1,0,0,0,0,0,0,1,1,0,0,Angle,['Driver'],North,"['Automobile, Station Wagon']",['Going Ahead'],"['Driving Properly', 'Disobeyed Traffic Control']",['Unknown'],[],[],[],[],[],[],D32,True,"['60 to 64', '30 to 34']",4.0
441,2016-04-10 08:00:00,326,2016,JANE ST,SHEPPARD AVE W,,Major Arterial,Etobicoke York,43.739379,-79.513202,619724.1535,4844000.0579,Intersection Related,Traffic Signal,Clear,"Dark, artificial",Dry,25,Glenfield-Jane Heights,25,Glenfield-Jane Heights (25),Fatal,0,0,1,0,0,0,0,1,1,1,0,0,0,Rear End,"['Passenger', 'Driver']",South,"['Automobile, Station Wagon']","['Changing Lanes', 'Stopped']","['Speed too Fast For Condition', 'Driving Properly']","['Had Been Drinking', 'Normal']",[],[],[],[],[],[],D31,True,"['20 to 24', '15 to 19', '45 to 49']",4.0
442,2016-04-10 08:00:00,1130,2016,QUEEN ST W,UNIVERSITY AVE,14 m West of,Major Arterial,Toronto and East York,43.650843,-79.386615,630108.9746,4834357.6168,Non Intersection,Streetcar (Stop for),Clear,Daylight,Dry,170,Yonge-Bay Corridor,76,Bay Street Corridor (76),Non-Fatal Injury,1,0,1,0,0,0,0,0,0,1,0,0,0,Pedestrian Collisions,"['Driver', 'Pedestrian']",East,"['Automobile, Station Wagon']",['Going Ahead'],['Improper Passing'],['Inattentive'],['Pedestrian hit at mid-block'],['Person Getting on/off Vehicle'],['Normal'],[],[],[],D52,False,"['35 to 39', '30 to 34']",3.0
443,2016-04-11 08:00:00,1145,2016,FINCH AVE E,PICKERING TOWN LINE,,Local,Scarborough,43.831656,-79.159526,647976.3005,4854820.8001,At Intersection,Stop Sign,Clear,Daylight,Wet,NSA,NSA,NSA,NSA,Non-Fatal Injury,0,0,1,0,0,0,0,0,0,1,0,0,0,Turning Movement,['Driver'],South,"['Automobile, Station Wagon']","['Turning Left', 'Going Ahead']","['Failed to Yield Right of Way', 'Driving Properly']","['Inattentive', 'Normal']",[],[],[],[],[],[],NSA,False,"['25 to 29', '75 to 79']",3.0
444,2016-04-14 08:00:00,831,2016,BATHURST ST,KHEDIVE AVE,9 m East of,Major Arterial,North York,43.725783,-79.431247,626352.2107,4842611.7183,At Intersection,No Control,Clear,Daylight,Dry,39,Bedford Park-Nortown,39,Bedford Park-Nortown (39),Non-Fatal Injury,0,0,1,0,0,0,0,1,0,0,0,0,0,Approaching,"['Driver', 'Passenger']",North,"['Automobile, Station Wagon', 'Pick Up Truck']",['Going Ahead'],"['Other', 'Driving Properly']",['Normal'],[],[],[],[],[],[],D32,False,"['75 to 79', '55 to 59', '60 to 64']",3.0
445,2016-04-22 08:00:00,1727,2016,VICTORIA PARK AVE,PATRICK BLVD,,Major Arterial,North York,43.777732,-79.324161,634860.6014,4848550.2868,Intersection Related,Traffic Signal,Clear,Daylight,Dry,147,L'Amoreaux West,117,L'Amoreaux (117),Fatal,1,0,1,0,0,0,0,0,0,0,0,0,0,Pedestrian Collisions,"['Pedestrian', 'Driver']",East,['Pick Up Truck'],['Going Ahead'],['Driving Properly'],['Normal'],['Vehicle is going straight thru inter.while ped cross without ROW'],['Crossing without right of way'],['Inattentive'],[],[],[],D42,True,['55 to 59'],4.0