accident_number,date,time,year,street1,street2,offset,road_class,district,latitude,longitude,x,y,accident_location,traffctl,visibility,light,road_surface_condition,hood_158,neighbourhood_new,hood_140,neighbourhood_old,accident_class,pedestrian,cyclist,automobile,motorcycle,truck,trsn_city_veh,emerg_veh,passenger,speeding,aggressive_driving,redlight,alcohol,disability,impact_type,involvement_type,initial_direction,vehicle_type,manoeuver,driver_action,driver_condition,pedestrian_type,pedestrian_action,pedestrian_condition,cyclist_type,cyclist_action,cyclist_condition,division,injury,involvement_age,injury_severity_score
446,2016-04-23 08:00:00,356,2016,JANE ST,HUMBERVIEW RD,,Major Arterial,Toronto and East York,43.653998,-79.4864,622055.4986,4834556.4082,Non Intersection,No Control,Other,Dark,Other,89,Runnymede-Bloor West Village,89,Runnymede-Bloor West Village (89),Fatal,0,0,1,0,0,0,0,1,1,1,0,0,0,SMV Other,"['Passenger', 'Driver']",North,"['Automobile, Station Wagon']",['Going Ahead'],['Lost control'],['Unknown'],[],[],[],[],[],[],D11,True,['20 to 24'],4.0
447,2016-04-25 08:00:00,1510,2016,LESLIE ST,VAN HORNE AVE,,Major Arterial,North York,43.783667,-79.366519,631438.8656,4849141.3335,At Intersection,Traffic Signal,Clear,Daylight,Dry,47,Don Valley Village,47,Don Valley Village (47),Non-Fatal Injury,1,0,1,0,0,0,0,0,0,0,0,0,0,Pedestrian Collisions,"['Driver', 'Pedestrian']",East,"['Automobile, Station Wagon']",['Turning Left'],['Driving Properly'],['Normal'],['Vehicle turns left while ped crosses without ROW at inter.'],['Crossing without right of way'],['Inattentive'],[],[],[],D33,False,"['75 to 79', '65 to 69']",3.0
448,2016-04-25 08:00:00,2139,2016,EGLINTON AVE E,BEACHELL ST,,Major Arterial,Scarborough,43.742285,-79.222949,643090.0577,4844783.2007,Non Intersection,No Control,Rain,Dark,Wet,139,Scarborough Village,139,Scarborough Village (139),Fatal,1,0,1,0,0,0,0,0,0,0,0,0,0,Pedestrian Collisions,"['Driver', 'Pedestrian']",North,['Passenger Van'],['Going Ahead'],['Other'],['Had Been Drinking'],['Pedestrian hit at mid-block'],"['Crossing, no Traffic Control']",['Normal'],[],[],[],D43,True,"['50 to 54', '60 to 64']",4.0
449,2016-04-26 08:00:00,1910,2016,CARRIER DR,WOODBINE DOWNS BLVD,,Collector,Etobicoke York,43.738547,-79.607532,612129.748,4843775.6691,At Intersection,Stop Sign,Clear,Daylight,Dry,1,West Humber-Clairville,1,West Humber-Clairville (1),Non-Fatal Injury,0,0,1,0,0,0,0,0,0,1,0,0,0,Angle,['Driver'],North,"['Automobile, Station Wagon']",['Going Ahead'],"['Failed to Yield Right of Way', 'Driving Properly']","['Inattentive', 'Normal']",[],[],[],[],[],[],D23,False,"['30 to 34', '40 to 44']",3.0
450,2016-04-27 08:00:00,1805,2016,LAKE SHORE BLVD W,BRITISH COLUMBIA RD,324 m East o,Major Arterial,Toronto and East York,43.630068,-79.425716,626999.4656,4831989.7236,Non Intersection,No Control,Clear,Daylight,Dry,163,Fort York-Liberty Village,82,Niagara (82),Non-Fatal Injury,0,0,1,0,0,1,0,0,1,1,0,0,0,Approaching,['Driver'],East,"['Automobile, Station Wagon', 'Bus (Other) (Go Bus, Gray Coa']",['Going Ahead'],"['Other', 'Driving Properly']","['Inattentive', 'Normal']",[],[],[],[],[],[],D14,False,"['30 to 34', '50 to 54', '20 to 24', '55 to 59']",3.0
451,2016-04-27 08:00:00,2038,2016,JARVIS ST,CARLTON ST,,Major Arterial,Toronto and East York,43.662345,-79.376674,630885.6678,4835650.7007,At Intersection,Traffic Signal,Clear,"Dark, artificial",Dry,73,Moss Park,73,Moss Park (73),Non-Fatal Injury,0,1,1,0,0,0,0,0,0,1,1,0,0,Cyclist Collisions,"['Driver', 'Cyclist']",North,"['Automobile, Station Wagon', 'Bicycle']",['Going Ahead'],['Disobeyed Traffic Control'],['Normal'],[],[],[],"['Motorist without ROW drives into path of cyclist at inter, lnwy, dwy-Driver not turn.']",['Disobeyed Traffic Control'],['Normal'],D51,False,"['30 to 34', '25 to 29']",3.0
452,2016-04-29 08:00:00,1325,2016,DUFFERIN ST,CROATIA ST,,Major Arterial,Toronto and East York,43.658335,-79.434764,626210.3376,4835115.3355,At Intersection,Stop Sign,Clear,Daylight,Dry,83,Dufferin Grove,83,Dufferin Grove (83),Non-Fatal Injury,0,1,0,0,1,0,0,0,0,0,0,0,0,Cyclist Collisions,"['Truck Driver', 'Cyclist']",East,"['Truck - Closed (Blazer, etc)', 'Bicycle']","['Turning Right', 'Going Ahead']",['Other'],['Inattentive'],[],[],[],"['Motorist turns right at non-signal Inter.(stop, yield, no cont.,and dwy) and strikes cyclist.']",['Other'],['Inattentive'],D14,False,"['20 to 24', '45 to 49']",3.0
453,2016-04-29 08:00:00,1930,2016,MILLWOOD RD,MCRAE DR,63 m West of,Collector,North York,43.704878,-79.369037,631408.532,4840386.6514,Non Intersection,No Control,Clear,Daylight,Dry,56,Leaside-Bennington,56,Leaside-Bennington (56),Non-Fatal Injury,0,0,1,0,0,0,0,1,0,0,0,0,0,Other,"['Driver', 'Passenger']",West,"['Automobile, Station Wagon']",['Going Ahead'],['Driving Properly'],['Normal'],[],[],[],[],[],[],D53,False,"['55 to 59', '20 to 24']",3.0
454,2016-05-01 08:00:00,2033,2016,AVENUE RD,FELBRIGGE AVE,,Major Arterial,North York,43.734461,-79.419765,627258.635,4843593.1062,Non Intersection,No Control,Rain,"Dark, artificial",Wet,39,Bedford Park-Nortown,39,Bedford Park-Nortown (39),Fatal,1,0,1,0,0,0,0,0,0,0,0,0,0,Pedestrian Collisions,"['Pedestrian', 'Driver']",South,"['Automobile, Station Wagon']",['Going Ahead'],['Driving Properly'],['Normal'],['Vehicle is going straight thru inter.while ped cross without ROW'],"['Crossing, no Traffic Control']",['Inattentive'],[],[],[],D32,True,"['90 to 94', '30 to 34']",4.0
455,2016-05-03 08:00:00,555,2016,MARKHAM RD,EGLINTON AVE E,1 m North of,Major Arterial,Scarborough,43.743109,-79.218875,643416.137,4844881.7636,Intersection Related,No Control,Clear,Dawn,Dry,139,Scarborough Village,139,Scarborough Village (139),Non-Fatal Injury,1,0,0,0,1,0,0,0,0,0,0,0,0,Pedestrian Collisions,"['Truck Driver', 'Pedestrian']",North,['Truck - Open'],['Going Ahead'],['Driving Properly'],['Normal'],['Pedestrian hit on sidewalk or shoulder'],['On Sidewalk or Shoulder'],['Normal'],[],[],[],D43,False,"['unknown', '45 to 49']",3.0
456,2016-05-03 08:00:00,605,2016,OAKWOOD AVE,GLENHURST AVE,,Minor Arterial,Toronto and East York,43.681796,-79.436557,626016.6526,4837718.2665,At Intersection,No Control,Clear,"Dawn, artificial",Dry,107,Oakwood Village,107,Oakwood Village (107),Non-Fatal Injury,0,0,1,1,0,0,0,0,0,1,0,0,0,Turning Movement,"['Driver', 'Motorcycle Driver']",North,"['Pick Up Truck', 'Motorcycle']","['Turning Left', 'Going Ahead']","['Failed to Yield Right of Way', 'Driving Properly']","['Inattentive', 'Normal']",[],[],[],[],[],[],D13,False,"['55 to 59', '50 to 54']",3.0
457,2016-05-03 08:00:00,948,2016,3 SPRUCE HILL RD,,,Local,Toronto and East York,43.672747,-79.288913,637937.9224,4836948.1812,Non Intersection,No Control,Clear,Daylight,Dry,63,The Beaches,63,The Beaches (63),Fatal,1,0,1,0,0,0,0,0,0,0,0,0,0,Pedestrian Collisions,"['Driver', 'Pedestrian']",East,"['Automobile, Station Wagon']",['Turning Right'],['Lost control'],['Unknown'],['Pedestrian hit at parking lot'],['Other'],['Normal'],[],[],[],D55,True,['65 to 69'],4.0
458,2016-05-03 08:00:00,1912,2016,SCOTTFIELD DR,FINCH AVE E,80 m South o,Local,Scarborough,43.81,-79.252544,640548.2661,4852253.3206,Non Intersection,No Control,Clear,Daylight,Dry,129,Agincourt North,129,Agincourt North (129),Non-Fatal Injury,0,0,0,1,0,0,0,0,0,0,0,0,0,SMV Other,['Motorcycle Driver'],North,['Motorcycle'],['Going Ahead'],['Lost control'],['Normal'],[],[],[],[],[],[],D42,False,['25 to 29'],3.0
459,2016-05-06 08:00:00,630,2016,920 DANFORTH RD,,,Major Arterial,Scarborough,43.729975,-79.251354,640831.6852,4843367.3187,Intersection Related,No Control,Clear,Daylight,Dry,124,Kennedy Park,124,Kennedy Park (124),Non-Fatal Injury,0,0,1,0,0,0,0,0,1,1,0,0,0,Approaching,['Driver'],South,"['Automobile, Station Wagon']","['Going Ahead', 'Parked']","['Lost control', 'Driving Properly']","['Inattentive', 'Normal']",[],[],[],[],[],[],D41,False,"['45 to 49', '25 to 29', '30 to 34', 'unknown']",3.0
460,2016-05-06 08:00:00,755,2016,WELLINGTON ST E,YONGE ST,25 m East of,Major Arterial,Toronto and East York,43.647834,-79.377361,630861.7917,4834037.9789,At/Near Private Drive,No Control,Clear,Daylight,Dry,168,Downtown Yonge East,75,Church-Yonge Corridor (75),Non-Fatal Injury,1,0,0,0,1,0,0,0,0,0,0,0,0,Pedestrian Collisions,"['Truck Driver', 'Pedestrian']",North,"['Truck - Closed (Blazer, etc)']",['Reversing'],['Other'],['Normal'],['Pedestrian hit at private driveway'],['Other'],['Normal'],[],[],[],D51,False,"['25 to 29', '30 to 34']",3.0
461,2016-05-06 08:00:00,2025,2016,ADELAIDE ST W,TECUMSETH ST,51 m West of,Collector,Toronto and East York,43.644461,-79.40652,628517.3594,4833617.7963,Non Intersection,No Control,Clear,Dusk,Dry,162,West Queen West,82,Niagara (82),Non-Fatal Injury,0,0,1,0,0,0,0,1,0,0,0,0,0,Other,"['Driver', 'Passenger']",East,"['Automobile, Station Wagon']",['Going Ahead'],['Driving Properly'],['Normal'],[],[],[],[],[],[],D14,False,"['30 to 34', '35 to 39']",3.0
462,2016-05-07 08:00:00,15,2016,SHEPPARD AVE W,EASTON RD,14 m East of,Major Arterial,North York,43.758208,-79.425723,626728.7026,4846221.4268,Intersection Related,No Control,Clear,"Dark, artificial",Dry,38,Lansing-Westgate,38,Lansing-Westgate (38),Non-Fatal Injury,1,0,1,0,0,0,0,0,0,1,0,0,0,Pedestrian Collisions,"['Driver', 'Pedestrian']",South,"['Automobile, Station Wagon']",['Going Ahead'],['Driving Properly'],['Normal'],['Pedestrian hit at mid-block'],"['Crossing, no Traffic Control']",['Inattentive'],[],[],[],D32,False,"['25 to 29', '20 to 24']",3.0
463,2016-05-08 08:00:00,1133,2016,BROADVIEW AVE,JACK LAYTON WAY,,Minor Arterial,Toronto and East York,43.666148,-79.352901,632794.0746,4836110.8539,Intersection Related,No Control,Clear,Daylight,Dry,68,North Riverdale,68,North Riverdale (68),Non-Fatal Injury,0,0,1,1,0,0,0,0,0,1,0,0,0,Sideswipe,"['Driver', 'Motorcycle Driver']",North,"['Automobile, Station Wagon', 'Motorcycle']","['Pulling Away from Shoulder or Curb', 'Going Ahead']","['Failed to Yield Right of Way', 'Driving Properly']",['Normal'],[],[],[],[],[],[],D55,False,"['70 to 74', '30 to 34']",3.0
464,2016-05-10 08:00:00,648,2016,FINCH AVE W,SIGNET DR,25 m East of,Major Arterial,Etobicoke York,43.753218,-79.53622,617843.4611,4845504.0751,At Intersection,Traffic Signal,Clear,Daylight,Dry,22,Humbermede,22,Humbermede (22),Non-Fatal Injury,0,1,1,0,0,0,0,0,0,0,0,0,0,Cyclist Collisions,"['Cyclist', 'Driver']",East,"['Bicycle', 'Automobile, Station Wagon']",['Going Ahead'],['Driving Properly'],['Normal'],[],[],[],['Cyclist and Driver travelling in same direction. One vehicle sideswipes the other.'],['Lost control'],['Normal'],D31,False,['30 to 34'],3.0
465,2016-05-15 08:00:00,30,2016,DUNDAS ST W,OSSINGTON AVE,40 m East of,Major Arterial,Toronto and East York,43.649394,-79.420032,627417.1481,4834144.8349,Non Intersection,No Control,Clear,Dark,Dry,81,Trinity-Bellwoods,81,Trinity-Bellwoods (81),Non-Fatal Injury,0,1,1,0,0,0,0,0,0,0,0,0,0,Cyclist Collisions,"['Driver', 'Cyclist']",East,"['Automobile, Station Wagon', 'Bicycle']","['Making U Turn', 'Going Ahead']",['Improper Turn'],['Inattentive'],[],[],[],['Motorist makes u-turn in-front of cyclist.'],['Driving Properly'],['Normal'],D14,False,"['unknown', '20 to 24']",3.0
466,2016-05-17 08:00:00,820,2016,2632 EGLINTON AVE E,,18 m East of,Major Arterial,Scarborough,43.735991,-79.25098,640847.7021,4844036.1211,Non Intersection,No Control,Clear,Daylight,Dry,124,Kennedy Park,124,Kennedy Park (124),Non-Fatal Injury,1,0,1,0,0,0,0,1,0,0,0,0,0,Pedestrian Collisions,"['Driver', 'Passenger', 'Pedestrian']",North,['Passenger Van'],['Going Ahead'],['Driving Properly'],['Normal'],['Pedestrian hit at mid-block'],"['Crossing, no Traffic Control']",['Normal'],[],[],[],D41,False,"['60 to 64', '30 to 34', '75 to 79']",3.0
467,2016-05-17 08:00:00,1414,2016,JANE ST,TROUTBROOKE DR,,Major Arterial,Etobicoke York,43.731806,-79.511264,619895.3238,4843161.77,At Intersection,Traffic Signal,Clear,Daylight,Dry,154,Oakdale-Beverley Heights,26,Downsview-Roding-CFB (26),Fatal,0,0,1,1,0,0,0,0,0,1,0,0,0,Turning Movement,"['Driver', 'Motorcycle Driver']",North,"['Automobile, Station Wagon', 'Motorcycle']","['Turning Left', 'Going Ahead']","['Failed to Yield Right of Way', 'Driving Properly']",['Normal'],[],[],[],[],[],[],D31,True,"['55 to 59', '30 to 34']",4.0
468,2016-05-18 08:00:00,400,2016,ALBION RD,MARTIN GROVE RD,10 m West of,Major Arterial,Etobicoke York,43.742179,-79.595989,613052.4289,4844194.7404,Non Intersection,No Control,Clear,"Dark, artificial",Dry,1,West Humber-Clairville,1,West Humber-Clairville (1),Non-Fatal Injury,1,0,1,0,0,0,0,0,0,0,0,0,0,Pedestrian Collisions,"['Driver', 'Pedestrian']",East,"['Automobile, Station Wagon']",['Reversing'],['Other'],['Had Been Drinking'],['Vehicle is reversing and hits pedestrian'],['Other'],['Had Been Drinking'],[],[],[],D23,False,['35 to 39'],3.0
469,2016-05-18 08:00:00,600,2016,TWENTY FOURTH STREET,LAKESHORE BOULEVARD,46 m North o,Local,Etobicoke York,43.597373,-79.522662,619243.2383,4828214.8071,Non Intersection,No Control,Clear,Daylight,Dry,19,Long Branch,19,Long Branch (19),Non-Fatal Injury,1,0,1,0,0,0,0,0,0,0,0,0,0,Pedestrian Collisions,"['Pedestrian', 'Driver']",East,"['Automobile, Station Wagon']",['Reversing'],['Other'],['Inattentive'],['Vehicle is reversing and hits pedestrian'],['Other'],['Normal'],[],[],[],D22,False,"['80 to 84', '20 to 24']",3.0
470,2016-05-18 08:00:00,845,2016,580 CHRISTIE ST,,2 m East of,Minor Arterial,Toronto and East York,43.679186,-79.42467,626980.2836,4837446.5206,At/Near Private Drive,No Control,Clear,Daylight,Dry,94,Wychwood,94,Wychwood (94),Non-Fatal Injury,0,1,1,0,0,0,0,1,0,1,0,0,0,Cyclist Collisions,"['Driver', 'Cyclist', 'Passenger']",North,"['Delivery Van', 'Bicycle']","['Turning Left', 'Going Ahead']",['Failed to Yield Right of Way'],['Other'],[],[],[],['Motorist turned left across cyclists path.'],['Driving Properly'],['Normal'],D13,False,"['30 to 34', '20 to 24']",3.0
471,2016-05-19 08:00:00,1200,2016,JANE ST,400 S JANE ST RAMP,,Major Arterial,Etobicoke York,43.710971,-79.505931,620366.5347,4840855.4798,At Intersection,Traffic Signal,Clear,Daylight,Dry,28,Rustic,28,Rustic (28),Non-Fatal Injury,0,0,1,0,0,0,0,0,0,1,0,0,0,Turning Movement,['Driver'],North,"['Pick Up Truck', 'Automobile, Station Wagon']","['Turning Left', 'Going Ahead']","['Failed to Yield Right of Way', 'Driving Properly']",['Normal'],[],[],[],[],[],[],D12,False,"['55 to 59', '30 to 34']",3.0
472,2016-05-19 08:00:00,2008,2016,FINCH AVE E,MARKHAM RD,,Major Arterial,Scarborough,43.812899,-79.243037,641306.0874,4852591.4955,Intersection Related,Traffic Signal,Clear,Daylight,Dry,145,Malvern West,132,Malvern (132),Non-Fatal Injury,0,0,1,1,0,0,0,0,0,1,0,0,0,Rear End,"['Motorcycle Driver', 'Driver']",North,"['Motorcycle', 'Pick Up Truck']",['Changing Lanes'],"['Following too Close', 'Driving Properly']",['Normal'],[],[],[],[],[],[],D42,False,"['25 to 29', '40 to 44']",3.0
473,2016-05-20 08:00:00,1430,2016,EGLINTON AVE W,OAKWOOD AVE,,Major Arterial,North York,43.69723,-79.442752,625485.129,4839423.0289,At Intersection,Traffic Signal,Clear,"Daylight, artificial",Dry,107,Oakwood Village,107,Oakwood Village (107),Non-Fatal Injury,1,0,1,0,0,0,0,0,0,0,0,0,0,Pedestrian Collisions,"['Driver', 'Pedestrian']",East,"['Automobile, Station Wagon']","['Turning Right', 'Going Ahead', 'Parked']","['Lost control', 'Driving Properly', 'Other']","['Inattentive', 'Normal', 'Unknown']",['Pedestrian hit on sidewalk or shoulder'],['On Sidewalk or Shoulder'],['Normal'],[],[],[],D13,False,"['75 to 79', '30 to 34', '55 to 59', '70 to 74']",3.0
474,2016-05-21 08:00:00,1300,2016,REESOR RD,OLD FINCH AVE,400 m North ,Collector,Scarborough,43.828662,-79.190494,645493.6816,4854433.3231,Non Intersection,No Control,Clear,Daylight,Dry,144,Morningside Heights,131,Rouge (131),Non-Fatal Injury,0,0,0,1,0,0,0,0,0,0,0,0,0,SMV Other,['Motorcycle Driver'],North,['Motorcycle'],['Going Ahead'],['Lost control'],['Normal'],[],[],[],[],[],[],D42,False,['55 to 59'],3.0
475,2016-05-22 08:00:00,1815,2016,DANFORTH AVE,PHARMACY AVE,,Major Arterial,Scarborough,43.692256,-79.283344,638342.0182,4839124.204,At Intersection,Traffic Signal,Clear,Daylight,Dry,121,Oakridge,121,Oakridge (121),Non-Fatal Injury,1,0,1,0,0,0,0,1,0,0,0,0,0,Pedestrian Collisions,"['Driver', 'Passenger', 'Pedestrian']",South,"['Automobile, Station Wagon']",['Going Ahead'],['Driving Properly'],['Normal'],['Vehicle is going straight thru inter.while ped cross without ROW'],['Crossing without right of way'],['Normal'],[],[],[],D41,False,"['20 to 24', '10 to 14']",3.0
476,2016-05-24 08:00:00,1350,2016,HIGHWAY 27  N,HUMBER COLLEGE BLVD,,Major Arterial,Etobicoke York,43.727339,-79.600063,612752.2298,4842540.9977,Non Intersection,No Control,Clear,Daylight,Dry,1,West Humber-Clairville,1,West Humber-Clairville (1),Fatal,0,0,1,0,1,0,0,1,1,1,0,0,0,Rear End,"['Passenger', 'Driver', 'Truck Driver']",North,"['Automobile, Station Wagon', 'Truck - Dump']",['Going Ahead'],"['Exceeding Speed Limit', 'Driving Properly']","['Ability Impaired, Drugs', 'Normal']",[],[],[],[],[],[],D23,True,"['15 to 19', '20 to 24', '55 to 59', '25 to 29', '70 to 74']",4.0
477,2016-05-25 08:00:00,13,2016,HIGHWAY 27  N,REXDALE BLVD,20 m South o,Major Arterial,Etobicoke York,43.717196,-79.595577,613132.6278,4841420.5898,At Intersection,Traffic Signal,Clear,"Dark, artificial",Dry,1,West Humber-Clairville,1,West Humber-Clairville (1),Non-Fatal Injury,0,0,1,0,1,0,0,0,1,1,0,0,0,Rear End,"['Truck Driver', 'Driver']",North,"['Truck-Tractor', 'Truck - Dump', 'Automobile, Station Wagon']","['Going Ahead', 'Stopped']","['Speed too Fast For Condition', 'Driving Properly']","['Unknown', 'Normal']",[],[],[],[],[],[],D23,False,"['55 to 59', '40 to 44', '50 to 54']",3.0
478,2016-05-25 08:00:00,1525,2016,182 JAMESON AVE,,3 m East of,Minor Arterial,Toronto and East York,43.638697,-79.436633,626100.7196,4832931.4403,Non Intersection,No Control,Clear,Daylight,Dry,85,South Parkdale,85,South Parkdale (85),Non-Fatal Injury,1,0,1,0,0,0,0,1,0,0,0,0,0,Pedestrian Collisions,"['Driver', 'Passenger', 'Pedestrian']",East,"['Automobile, Station Wagon']",['Going Ahead'],['Driving Properly'],['Normal'],['Pedestrian hit at mid-block'],['Running onto Roadway'],['Inattentive'],[],[],[],D14,False,"['35 to 39', '40 to 44', '5 to 9', '0 to 4']",3.0
479,2016-05-27 08:00:00,1953,2016,MARKHAM RD,BLAKEMANOR BLVD,,Major Arterial,Scarborough,43.751013,-79.222255,643125.1358,4845753.7773,At Intersection,Traffic Signal,Clear,Daylight,Dry,141,Golfdale-Cedarbrae-Woburn,137,Woburn (137),Non-Fatal Injury,1,0,1,0,0,1,0,0,0,0,0,0,0,Pedestrian Collisions,"['Driver', 'Pedestrian']",North,"['Automobile, Station Wagon', 'Municipal Transit Bus (TTC)']","['Turning Left', 'Going Ahead']","['Improper Turn', 'Driving Properly']",['Normal'],['Pedestrian hit on sidewalk or shoulder'],['On Sidewalk or Shoulder'],['Normal'],[],[],[],D43,False,"['35 to 39', '40 to 44']",3.0
480,2016-05-27 08:00:00,2150,2016,LAWRENCE AVE E,MCCOWAN RD,,Major Arterial,Scarborough,43.755477,-79.245387,641252.2672,4846209.8607,At Intersection,Traffic Signal,Clear,"Dark, artificial",Dry,157,Bendale South,127,Bendale (127),Non-Fatal Injury,0,0,1,1,0,0,0,1,0,1,1,0,0,Turning Movement,"['Driver', 'Motorcycle Driver', 'Motorcycle Passenger']",North,"['Automobile, Station Wagon', 'Motorcycle']","['Turning Left', 'Going Ahead']","['Disobeyed Traffic Control', 'Driving Properly']","['Inattentive', 'Normal']",[],[],[],[],[],[],D43,False,"['65 to 69', '40 to 44', '10 to 14']",3.0
481,2016-05-28 08:00:00,1150,2016,JANE ST,MAPLE LEAF DR,,Major Arterial,Etobicoke York,43.709174,-79.505519,620403.325,4840656.4963,At Intersection,Traffic Signal,Clear,Daylight,Dry,28,Rustic,28,Rustic (28),Non-Fatal Injury,0,0,1,1,0,0,0,0,0,1,0,0,0,Turning Movement,"['Driver', 'Motorcycle Driver']",North,"['Automobile, Station Wagon', 'Motorcycle']","['Turning Left', 'Going Ahead']","['Failed to Yield Right of Way', 'Driving Properly']","['Inattentive', 'Normal']",[],[],[],[],[],[],D12,False,"['60 to 64', '20 to 24']",3.0
482,2016-05-28 08:00:00,1800,2016,THE WEST MALL,WESTSIDE DR,,Minor Arterial,Etobicoke York,43.618773,-79.564426,615831.1506,4830532.4274,Non Intersection,No Control,Clear,Daylight,Dry,159,Etobicoke City Centre,14,Islington-City Centre West (14),Fatal,0,0,1,0,0,0,0,1,1,1,0,0,0,Approaching,"['Passenger', 'Driver']",North,"['Automobile, Station Wagon']","['Changing Lanes', 'Going Ahead']","['Lost control', 'Driving Properly']","['Inattentive', 'Normal']",[],[],[],[],[],[],D22,True,"['65 to 69', '20 to 24', '25 to 29']",4.0
483,2016-05-28 08:00:00,2005,2016,RICHMOND ST W,UNIVERSITY AVE,,Major Arterial,Toronto and East York,43.650012,-79.386249,630140.2852,4834265.8973,At Intersection,Traffic Signal,Clear,Daylight,Dry,170,Yonge-Bay Corridor,76,Bay Street Corridor (76),Non-Fatal Injury,0,1,1,0,0,0,0,0,0,1,0,0,0,Cyclist Collisions,"['Driver', 'Cyclist']",West,"['Automobile, Station Wagon', 'Bicycle']","['Turning Right', 'Going Ahead']",['Failed to Yield Right of Way'],['Inattentive'],[],[],[],['Motorist turning right on green or amber at signalized intersection strikes cyclist.'],['Driving Properly'],['Normal'],D52,False,"['unknown', '25 to 29']",3.0
484,2016-05-29 08:00:00,1755,2016,SPADINA RD,BERNARD AVE,90 m South o,Minor Arterial,Toronto and East York,43.671214,-79.405658,628529.7891,4836590.4049,At/Near Private Drive,No Control,Clear,Daylight,Dry,95,Annex,95,Annex (95),Non-Fatal Injury,0,0,1,1,0,0,0,1,0,1,0,0,0,Turning Movement,"['Driver', 'Motorcycle Driver', 'Passenger']",East,"['Automobile, Station Wagon', 'Motorcycle']","['Turning Left', 'Going Ahead']","['Failed to Yield Right of Way', 'Driving Properly']","['Inattentive', 'Normal']",[],[],[],[],[],[],D53,False,"['30 to 34', '20 to 24']",3.0
485,2016-05-30 08:00:00,1250,2016,BAY ST,HAGERMAN ST,,Major Arterial,Toronto and East York,43.654246,-79.383167,630379.6722,4834740.9766,At Intersection,Traffic Signal,Clear,Daylight,Dry,170,Yonge-Bay Corridor,76,Bay Street Corridor (76),Non-Fatal Injury,0,0,1,1,0,0,0,1,0,1,0,0,0,Turning Movement,"['Driver', 'Motorcycle Driver', 'Passenger']",East,"['Automobile, Station Wagon', 'Motorcycle']","['Turning Left', 'Going Ahead']","['Failed to Yield Right of Way', 'Driving Properly']","['Inattentive', 'Normal']",[],[],[],[],[],[],D52,False,"['35 to 39', '50 to 54']",3.0
486,2016-05-30 08:00:00,1725,2016,LAKE SHORE BLVD W,THIRTY THIRD ST,50 m East of,Major Arterial,Etobicoke York,43.594889,-79.531665,618521.4318,4827926.0454,Non Intersection,No Control,Clear,Daylight,Dry,19,Long Branch,19,Long Branch (19),Non-Fatal Injury,0,0,1,0,0,0,0,1,0,0,0,0,0,Rear End,"['Driver', 'Passenger']",West,"['Automobile, Station Wagon', 'Passenger Van']","['Going Ahead', 'Slowing or Stopping']","['Lost control', 'Driving Properly']",['Normal'],[],[],[],[],[],[],D22,False,"['60 to 64', '35 to 39', '70 to 74']",3.0
487,2016-05-30 08:00:00,1728,2016,4 EWART AVE,,,Local,Etobicoke York,43.688113,-79.467433,623514.9974,4838373.4047,Non Intersection,No Control,Clear,Daylight,Dry,110,Keelesdale-Eglinton West,110,Keelesdale-Eglinton West (110),Fatal,0,0,1,0,0,0,0,0,0,0,0,0,0,Other,['Driver'],Unknown,"['Automobile, Station Wagon']",['Reversing'],['Other'],['Unknown'],[],[],[],[],[],[],D12,True,['65 to 69'],4.0
488,2016-05-31 08:00:00,1441,2016,DON VALLEY PARKWAY  S,LAWRENCE AVE E,,,North York,43.738375,-79.332294,634294.1243,4844165.8787,Non Intersection,No Control,Clear,Daylight,Dry,42,Banbury-Don Mills,42,Banbury-Don Mills (42),Fatal,0,0,1,0,1,0,0,0,0,0,0,0,0,Rear End,"['Driver', 'Truck Driver']",South,"['Automobile, Station Wagon', 'Truck - Open']",['Going Ahead'],"['Speed too Slow', 'Other']","['Inattentive', 'Normal']",[],[],[],[],[],[],D33,True,"['70 to 74', '50 to 54']",4.0
489,2016-05-31 08:00:00,1600,2016,EGLINTON AVE E,BAYVIEW AVE,,Major Arterial,North York,43.710967,-79.377116,630744.3518,4841050.1466,At Intersection,Traffic Signal,Clear,Daylight,Dry,56,Leaside-Bennington,56,Leaside-Bennington (56),Non-Fatal Injury,0,0,1,0,0,0,0,1,0,1,0,0,0,Turning Movement,"['Driver', 'Passenger']",East,"['Automobile, Station Wagon']","['Turning Left', 'Going Ahead']","['Failed to Yield Right of Way', 'Driving Properly']","['Inattentive', 'Normal']",[],[],[],[],[],[],D53,False,"['75 to 79', '30 to 34', '0 to 4']",3.0
490,2016-05-31 08:00:00,1756,2016,LAWRENCE AVE W,LITTLE AVE,5 m West of,Major Arterial,Etobicoke York,43.699214,-79.51984,619269.2894,4839529.6009,At Intersection,Traffic Signal,Clear,Daylight,Dry,113,Weston,113,Weston (113),Non-Fatal Injury,1,0,1,0,0,0,0,1,0,1,0,0,0,Pedestrian Collisions,"['Driver', 'Pedestrian', 'Passenger']",North,"['Automobile, Station Wagon']",['Turning Right'],['Failed to Yield Right of Way'],['Inattentive'],['Vehicle turns right while ped crosses with ROW at inter.'],['Crossing with right of way'],['Normal'],[],[],[],D12,False,"['25 to 29', '55 to 59', '5 to 9', '0 to 4']",3.0