accident_number,date,time,year,street1,street2,offset,road_class,district,latitude,longitude,x,y,accident_location,traffctl,visibility,light,road_surface_condition,hood_158,neighbourhood_new,hood_140,neighbourhood_old,accident_class,pedestrian,cyclist,automobile,motorcycle,truck,trsn_city_veh,emerg_veh,passenger,speeding,aggressive_driving,redlight,alcohol,disability,impact_type,involvement_type,initial_direction,vehicle_type,manoeuver,driver_action,driver_condition,pedestrian_type,pedestrian_action,pedestrian_condition,cyclist_type,cyclist_action,cyclist_condition,division,injury,involvement_age,injury_severity_score
491,2016-06-01 08:00:00,240,2016,LAKE SHORE BLVD W,MILES RD,30 m West of,Major Arterial,Etobicoke York,43.608233,-79.490337,621830.4499,4829467.8502,At Intersection,No Control,Clear,"Dark, artificial",Dry,160,Mimico-Queensway,17,Mimico (includes Humber Bay Shores) (17),Non-Fatal Injury,0,0,1,0,0,0,0,1,1,1,0,0,0,SMV Other,"['Driver', 'Passenger']",East,"['Automobile, Station Wagon']",['Going Ahead'],['Lost control'],['Had Been Drinking'],[],[],[],[],[],[],D22,False,"['20 to 24', '25 to 29']",3.0
492,2016-06-01 08:00:00,836,2016,LAWRENCE AVE E,MOSSBANK DR,20 m West of,Major Arterial,Scarborough,43.76285,-79.211009,644002.1565,4847087.954,At Intersection,Traffic Signal,Clear,Daylight,Dry,141,Golfdale-Cedarbrae-Woburn,137,Woburn (137),Non-Fatal Injury,0,0,1,0,0,0,0,1,1,1,0,0,0,Rear End,"['Driver', 'Passenger']",East,"['Automobile, Station Wagon', 'Delivery Van']","['Overtaking', 'Going Ahead', 'Stopped']","['Speed too Fast For Condition', 'Driving Properly']","['Unknown', 'Normal']",[],[],[],[],[],[],D43,False,"['20 to 24', '35 to 39', '30 to 34', '15 to 19']",3.0
493,2016-06-01 08:00:00,1940,2016,DUNDAS ST W,BROCK AVE,,Minor Arterial,Toronto and East York,43.649817,-79.435558,626164.1498,4834168.0931,At Intersection,Traffic Signal,Clear,Daylight,Dry,84,Little Portugal,84,Little Portugal (84),Non-Fatal Injury,0,1,1,0,0,0,0,0,0,0,0,0,0,Cyclist Collisions,"['Cyclist', 'Driver']",South,"['Bicycle', 'Automobile, Station Wagon']","['Turning Left', 'Going Ahead']",['Driving Properly'],['Normal'],[],[],[],['Cyclist turned left across motorists path.'],['Disobeyed Traffic Control'],['Inattentive'],D11,False,"['30 to 34', '25 to 29']",3.0
494,2016-06-03 08:00:00,1430,2016,LAWRENCE AVE W,MARLEE AVE,,Major Arterial,North York,43.715605,-79.446506,625144.3811,4841458.1546,At Intersection,Traffic Signal,Clear,Daylight,Dry,31,Yorkdale-Glen Park,31,Yorkdale-Glen Park (31),Non-Fatal Injury,0,0,1,0,0,0,0,1,0,1,0,0,0,Rear End,"['Truck Driver', 'Driver', 'Passenger']",East,"['Tow Truck', 'Automobile, Station Wagon']","['Going Ahead', 'Slowing or Stopping']","['Following too Close', 'Driving Properly']","['Inattentive', 'Normal']",[],[],[],[],[],[],D13,False,"['20 to 24', '60 to 64', '65 to 69', '55 to 59']",3.0
495,2016-06-03 08:00:00,2131,2016,BURNHAMTHORPE RD,THE EAST MALL,,Major Arterial,Etobicoke York,43.646285,-79.559978,616137.0438,4833594.1889,At Intersection,Traffic Signal,Clear,"Dark, artificial",Dry,158,Islington,14,Islington-City Centre West (14),Non-Fatal Injury,1,0,1,0,0,0,0,1,0,1,0,0,0,Pedestrian Collisions,"['Driver', 'Passenger', 'Pedestrian']",East,"['Automobile, Station Wagon']",['Turning Right'],['Failed to Yield Right of Way'],['Normal'],['Vehicle turns right while ped crosses with ROW at inter.'],['Crossing with right of way'],['Normal'],[],[],[],D22,False,"['60 to 64', '55 to 59', '40 to 44']",3.0
496,2016-06-04 08:00:00,1525,2016,PHARMACY AVE,JANET BLVD,37 m South o,Minor Arterial,Scarborough,43.741286,-79.303851,636577.9386,4844535.6868,Non Intersection,No Control,Clear,Daylight,Dry,119,Wexford/Maryvale,119,Wexford/Maryvale (119),Non-Fatal Injury,1,0,1,0,0,0,0,0,0,1,0,0,0,Pedestrian Collisions,"['Driver', 'Pedestrian']",East,"['Automobile, Station Wagon']",['Going Ahead'],['Driving Properly'],['Normal'],['Pedestrian hit at mid-block'],['Running onto Roadway'],['Inattentive'],[],[],[],D41,False,"['30 to 34', '25 to 29']",3.0
497,2016-06-04 08:00:00,1822,2016,LAKE SHORE BLVD W,DWIGHT AVE,,Major Arterial,Etobicoke York,43.60229,-79.49792,621230.4299,4828796.7128,At Intersection,Stop Sign,Clear,Daylight,Dry,18,New Toronto,18,New Toronto (18),Non-Fatal Injury,0,0,1,1,0,0,0,1,0,0,0,0,0,Turning Movement,"['Driver', 'Motorcycle Driver', 'Passenger', 'Motorcycle Passenger']",South,"['Automobile, Station Wagon', 'Motorcycle']","['Turning Left', 'Going Ahead']","['Improper Turn', 'Driving Properly']",['Normal'],[],[],[],[],[],[],D22,False,"['40 to 44', '30 to 34', '25 to 29', 'unknown']",3.0
498,2016-06-05 08:00:00,1937,2016,UNIVERSITY AVE,FRONT ST W,9 m South of,Minor Arterial,Toronto and East York,43.645068,-79.383418,630379.2885,4833721.2451,Non Intersection,Stop Sign,Clear,"Dusk, artificial",Wet,165,Harbourfront-CityPlace,77,Waterfront Communities-The Island (77),Non-Fatal Injury,0,0,1,1,0,0,0,0,0,1,0,0,0,Rear End,"['Motorcycle Driver', 'Driver']",South,"['Motorcycle', 'Automobile, Station Wagon']","['Going Ahead', 'Slowing or Stopping']","['Following too Close', 'Driving Properly']",['Normal'],[],[],[],[],[],[],D52,False,"['25 to 29', '55 to 59']",3.0
499,2016-06-06 08:00:00,1435,2016,KENNEDY RD,EGLINTON AVE E,,Major Arterial,Scarborough,43.732192,-79.267925,639491.9342,4843585.5181,At Intersection,Traffic Signal,Clear,Daylight,Dry,124,Kennedy Park,124,Kennedy Park (124),Fatal,0,0,1,0,0,0,0,1,0,1,1,0,0,Turning Movement,"['Passenger', 'Driver']",East,"['Automobile, Station Wagon']","['Turning Left', 'Going Ahead']","['Driving Properly', 'Disobeyed Traffic Control']","['Normal', 'Inattentive']",[],[],[],[],[],[],D41,True,"['65 to 69', '50 to 54', '55 to 59']",4.0
500,2016-06-08 08:00:00,1048,2016,DON VALLEY PARKWAY  N,BAYVIEW BLOOR DVP N RAMP,120 m South ,,Toronto and East York,43.684523,-79.36124,632081.4321,4838138.3333,Non Intersection,No Control,Clear,Daylight,Dry,57,Broadview North,57,Broadview North (57),Non-Fatal Injury,0,0,0,1,0,0,0,0,1,1,0,0,0,SMV Other,['Motorcycle Driver'],North,['Motorcycle'],['Going Ahead'],['Lost control'],['Inattentive'],[],[],[],[],[],[],D55,False,['25 to 29'],3.0
501,2016-06-09 08:00:00,837,2016,ADELAIDE ST W,JOHN ST,,Major Arterial,Toronto and East York,43.647845,-79.390285,629819.4686,4834018.9021,Intersection Related,Traffic Signal,Clear,Daylight,Dry,164,Wellington Place,77,Waterfront Communities-The Island (77),Non-Fatal Injury,0,1,1,0,0,0,0,0,0,0,0,0,0,Cyclist Collisions,"['Driver', 'Cyclist']",East,"['Automobile, Station Wagon', 'Bicycle']","['Turning Right', 'Going Ahead']",['Improper Turn'],['Inattentive'],[],[],[],['Motorist turning right on green or amber at signalized intersection strikes cyclist.'],['Driving Properly'],['Normal'],D52,False,"['50 to 54', '35 to 39']",3.0
502,2016-06-09 08:00:00,1030,2016,VICTORIA ST,SHUTER ST,58 m South o,Collector,Toronto and East York,43.653781,-79.378536,630754.1241,4834696.6191,Non Intersection,No Control,Clear,Daylight,Dry,168,Downtown Yonge East,75,Church-Yonge Corridor (75),Non-Fatal Injury,1,0,1,0,0,0,0,0,0,0,0,0,0,Pedestrian Collisions,"['Driver', 'Pedestrian']",South,['Passenger Van'],['Going Ahead'],['Driving Properly'],['Normal'],['Pedestrian hit at mid-block'],['Walking on Roadway with Traffic'],['Inattentive'],[],[],[],D51,False,"['60 to 64', '80 to 84']",3.0
503,2016-06-12 08:00:00,2223,2016,BLOOR ST W,ISLINGTON AVE,,Major Arterial,Etobicoke York,43.644641,-79.523425,619088.2969,4833463.4011,At Intersection,Traffic Signal,Clear,"Dark, artificial",Dry,16,Stonegate-Queensway,16,Stonegate-Queensway (16),Non-Fatal Injury,0,0,1,0,0,0,0,1,0,1,1,0,0,Angle,"['Driver', 'Passenger']",East,"['Automobile, Station Wagon']",['Going Ahead'],"['Disobeyed Traffic Control', 'Driving Properly']","['Inattentive', 'Normal']",[],[],[],[],[],[],D22,False,"['50 to 54', '40 to 44', '55 to 59']",3.0
504,2016-06-14 08:00:00,1246,2016,58 THE ESPLANADE,,45 m West of,Collector,Toronto and East York,43.646952,-79.374179,631120.3339,4833945.0438,Non Intersection,No Control,Clear,Daylight,Dry,166,St Lawrence-East Bayfront-The Islands,77,Waterfront Communities-The Island (77),Non-Fatal Injury,0,1,1,0,0,0,0,0,0,0,0,0,0,Cyclist Collisions,"['Cyclist', 'Driver']",West,"['Bicycle', 'Automobile, Station Wagon']","['Pulling Onto Shoulder or towardCurb', 'Going Ahead']",['Driving Properly'],['Normal'],[],[],[],['Cyclist and Driver travelling in same direction. One vehicle rear-ended the other.'],['Following too Close'],['Normal'],D51,False,"['30 to 34', '25 to 29']",3.0
505,2016-06-14 08:00:00,1415,2016,BREMNER BLVD,SPADINA AVE,,Minor Arterial,Toronto and East York,43.640692,-79.392284,629673.6419,4833221.3434,Non Intersection,No Control,Clear,Daylight,Dry,165,Harbourfront-CityPlace,77,Waterfront Communities-The Island (77),Fatal,1,0,1,0,0,0,0,0,0,1,0,0,0,Pedestrian Collisions,"['Driver', 'Pedestrian']",Unknown,"['Automobile, Station Wagon']",['Going Ahead'],['Lost control'],['Inattentive'],['Pedestrian hit on sidewalk or shoulder'],['On Sidewalk or Shoulder'],['Unknown'],[],[],[],D52,True,"['45 to 49', '35 to 39']",4.0
506,2016-06-15 08:00:00,37,2016,LAWRENCE AVE E,VALPARAISO AVE,,Major Arterial,Scarborough,43.755103,-79.247493,641083.604,4846164.7326,Non Intersection,No Control,Clear,"Dark, artificial",Dry,157,Bendale South,127,Bendale (127),Fatal,1,0,1,0,0,0,0,0,0,0,0,0,0,Pedestrian Collisions,"['Pedestrian', 'Driver']",East,"['Automobile, Station Wagon']",['Going Ahead'],['Driving Properly'],['Normal'],['Pedestrian hit at mid-block'],"['Crossing, no Traffic Control']",['Had Been Drinking'],[],[],[],D43,True,"['70 to 74', '65 to 69']",4.0
507,2016-06-15 08:00:00,1231,2016,YONGE ST,ADELAIDE ST E,11 m North o,Major Arterial,Toronto and East York,43.650389,-79.378459,630767.695,4834320.0143,Intersection Related,Traffic Controller,Clear,Daylight,Dry,168,Downtown Yonge East,75,Church-Yonge Corridor (75),Non-Fatal Injury,0,0,1,1,0,0,0,0,0,1,0,0,0,Rear End,"['Motorcycle Driver', 'Driver']",North,"['Motorcycle', 'Pick Up Truck']","['Going Ahead', 'Slowing or Stopping']","['Following too Close', 'Driving Properly']",['Normal'],[],[],[],[],[],[],D51,False,"['50 to 54', '40 to 44']",3.0
508,2016-06-15 08:00:00,1644,2016,FINCH AVE E,GARVIN  MEWS,143 m West o,Major Arterial,North York,43.782927,-79.401058,628661.2295,4849004.8849,Non Intersection,No Control,Clear,Daylight,Dry,152,East Willowdale,51,Willowdale East (51),Non-Fatal Injury,1,0,1,0,0,0,0,0,0,0,0,0,0,Pedestrian Collisions,"['Driver', 'Pedestrian']",North,"['Automobile, Station Wagon']",['Going Ahead'],['Driving Properly'],['Normal'],['Pedestrian hit at mid-block'],['Running onto Roadway'],['Normal'],[],[],[],D32,False,"['40 to 44', '20 to 24']",3.0
509,2016-06-17 08:00:00,303,2016,DANFORTH RD,ST CLAIR AVE E,92.1 m south,Minor Arterial,Scarborough,43.715674,-79.260387,640137.5226,4841763.6687,Non Intersection,No Control,Clear,"Dark, artificial",Dry,120,Clairlea-Birchmount,120,Clairlea-Birchmount (120),Fatal,1,0,1,0,0,0,0,0,0,0,0,0,0,Pedestrian Collisions,"['Pedestrian', 'Driver']",North,"['Automobile, Station Wagon']",['Going Ahead'],['Other'],['Unknown'],['Pedestrian hit at mid-block'],['Running onto Roadway'],['Other'],[],[],[],D41,True,"['20 to 24', 'unknown']",4.0
510,2016-06-17 08:00:00,855,2016,DUFFERIN ST,CLOVERLAWN AVE,,Major Arterial,Toronto and East York,43.681273,-79.4444,625385.5746,4837648.2934,Intersection Related,No Control,Clear,Daylight,Dry,92,Corso Italia-Davenport,92,Corso Italia-Davenport (92),Non-Fatal Injury,1,0,0,0,0,1,0,0,0,1,0,0,0,Pedestrian Collisions,"['Driver', 'Pedestrian']",South,"['Bus (Other) (Go Bus, Gray Coa']",['Turning Left'],['Failed to Yield Right of Way'],['Inattentive'],['Vehicle turns left while ped crosses with ROW at inter.'],['Crossing with right of way'],['Normal'],[],[],[],D13,False,"['20 to 24', '75 to 79']",3.0
511,2016-06-17 08:00:00,1737,2016,CALEDONIA RD,CASTLEFIELD AVE,35 m North o,Minor Arterial,North York,43.698886,-79.463603,623801.5044,4839575.6054,Non Intersection,No Control,Clear,Daylight,Dry,108,Briar Hill-Belgravia,108,Briar Hill-Belgravia (108),Non-Fatal Injury,0,0,1,1,0,0,0,0,1,1,0,0,0,Turning Movement,"['Motorcycle Driver', 'Driver']",North,"['Motorcycle', 'Automobile, Station Wagon']","['Going Ahead', 'Turning Right']","['Exceeding Speed Limit', 'Driving Properly']",['Normal'],[],[],[],[],[],[],D13,False,"['20 to 24', '40 to 44']",3.0
512,2016-06-19 08:00:00,20,2016,ELLESMERE RD,WARDEN AVE,,Major Arterial,Scarborough,43.761183,-79.300746,636782.6278,4846750.6734,Intersection Related,Traffic Signal,Clear,"Dark, artificial",Dry,119,Wexford/Maryvale,119,Wexford/Maryvale (119),Non-Fatal Injury,0,0,1,0,0,0,0,1,0,1,1,0,0,Angle,"['Driver', 'Passenger']",North,"['Automobile, Station Wagon']","['Going Ahead', 'Stopped']","['Disobeyed Traffic Control', 'Driving Properly']","['Normal', 'Inattentive']",[],[],[],[],[],[],D41,False,"['20 to 24', '75 to 79', '30 to 34', '65 to 69', '25 to 29']",3.0
513,2016-06-20 08:00:00,910,2016,540 BRIMLEY RD,,1 m North of,Major Arterial,Scarborough,43.737811,-79.248805,641018.5832,4844241.9593,At/Near Private Drive,No Control,Clear,Daylight,Dry,138,Eglinton East,138,Eglinton East (138),Non-Fatal Injury,0,0,1,1,0,0,0,0,0,0,0,0,0,Turning Movement,"['Driver', 'Motorcycle Driver']",North,"['Automobile, Station Wagon', 'Motorcycle']","['Turning Left', 'Going Ahead']","['Improper Turn', 'Driving Properly']",['Normal'],[],[],[],[],[],[],D41,False,"['55 to 59', '30 to 34']",3.0
514,2016-06-20 08:00:00,1307,2016,ORMEROD ST,VERNE CRES,32 m East of,Local,Scarborough,43.795184,-79.237384,641802.6532,4850633.6278,Intersection Related,No Control,Clear,Daylight,Dry,145,Malvern West,132,Malvern (132),Non-Fatal Injury,0,1,1,0,0,0,0,0,0,1,0,0,0,Cyclist Collisions,"['Driver', 'Cyclist']",West,"['Automobile, Station Wagon', 'Bicycle']","['Overtaking', 'Turning Left']",['Improper Passing'],['Normal'],[],[],[],['Cyclist turned left across motorists path.'],['Improper Turn'],['Normal'],D42,False,"['50 to 54', '65 to 69']",3.0
515,2016-06-21 08:00:00,1621,2016,81 JANRAY DR,,,Local,Scarborough,43.765277,-79.218051,643429.5136,4847345.2883,Private Driveway,No Control,Clear,Daylight,Dry,141,Golfdale-Cedarbrae-Woburn,137,Woburn (137),Non-Fatal Injury,1,0,1,0,0,0,0,0,0,0,0,0,0,Pedestrian Collisions,"['Driver', 'Pedestrian']",East,"['Automobile, Station Wagon']",['Reversing'],['Other'],['Unknown'],['Pedestrian hit at private driveway'],['Other'],"['Ability Impaired, Alcohol']",[],[],[],D43,False,['30 to 34'],3.0
516,2016-06-21 08:00:00,2030,2016,SHEPPARD AVE W,NORTHOVER ST,100 m West o,Major Arterial,Etobicoke York,43.741191,-79.502818,620556.6931,4844216.3643,Non Intersection,No Control,Clear,Daylight,Dry,25,Glenfield-Jane Heights,25,Glenfield-Jane Heights (25),Non-Fatal Injury,0,0,1,0,0,0,0,0,0,1,0,0,0,Rear End,['Driver'],East,"['Automobile, Station Wagon']","['Stopped', 'Slowing or Stopping']","['Following too Close', 'Driving Properly']","['Inattentive', 'Normal']",[],[],[],[],[],[],D31,False,"['20 to 24', '65 to 69']",3.0
517,2016-06-22 08:00:00,655,2016,DYNEVOR RD,KIRKNEWTON RD,,Local,Toronto and East York,43.691016,-79.450549,624869.7268,4838721.1083,Non Intersection,No Control,Clear,Daylight,Dry,109,Caledonia-Fairbank,109,Caledonia-Fairbank (109),Fatal,1,0,1,0,0,0,0,1,0,0,0,0,0,Pedestrian Collisions,"['Pedestrian', 'Driver', 'Passenger']",East,['Delivery Van'],['Going Ahead'],['Other'],['Normal'],['Pedestrian hit at mid-block'],['Other'],['Normal'],[],[],[],D13,True,"['65 to 69', '25 to 29', '30 to 34']",4.0
518,2016-06-22 08:00:00,1305,2016,SHEPPARD AVE E,PROVOST DR,,Major Arterial,North York,43.770346,-79.371257,631086.7221,4847654.3191,At Intersection,Traffic Signal,Clear,Daylight,Dry,52,Bayview Village,52,Bayview Village (52),Non-Fatal Injury,1,0,1,0,0,0,0,0,0,0,0,0,0,Pedestrian Collisions,"['Driver', 'Pedestrian']",North,"['Automobile, Station Wagon']",['Turning Left'],['Improper Turn'],['Inattentive'],['Vehicle turns left while ped crosses with ROW at inter.'],['Crossing with right of way'],['Normal'],[],[],[],D33,False,"['85 to 89', '35 to 39']",3.0
519,2016-06-22 08:00:00,2315,2016,120 BEVERLY HILLS DR,,65 m South o,Collector,Etobicoke York,43.718318,-79.516246,619520.9155,4841656.5406,Non Intersection,No Control,Clear,"Dark, artificial",Dry,154,Oakdale-Beverley Heights,26,Downsview-Roding-CFB (26),Non-Fatal Injury,1,0,1,0,0,0,0,1,0,0,0,0,0,Pedestrian Collisions,"['Driver', 'Passenger', 'Pedestrian']",East,"['Automobile, Station Wagon']",['Going Ahead'],['Driving Properly'],['Normal'],['Vehicle hits the pedestrian walking or running out from between parked vehicles at mid-block'],"['Crossing, no Traffic Control']",['Inattentive'],[],[],[],D31,False,"['25 to 29', '30 to 34', '10 to 14']",3.0
520,2016-06-23 08:00:00,1949,2016,DUNDAS ST W,SHORNCLIFFE RD,,Major Arterial,Etobicoke York,43.632106,-79.544688,617397.7939,4832040.9431,At Intersection,Traffic Controller,Clear,Daylight,Dry,159,Etobicoke City Centre,14,Islington-City Centre West (14),Non-Fatal Injury,1,0,0,0,1,0,0,0,0,1,0,0,0,Pedestrian Collisions,"['Truck Driver', 'Pedestrian']",North,"['Truck - Closed (Blazer, etc)']",['Turning Left'],['Failed to Yield Right of Way'],['Normal'],['Vehicle turns left while ped crosses with ROW at inter.'],['Crossing with right of way'],['Normal'],[],[],[],D22,False,"['35 to 39', '65 to 69']",3.0
521,2016-06-24 08:00:00,707,2016,THE QUEENSWAY,427 C S QUEENSWAY RAMP,200 m West o,Major Arterial,Etobicoke York,43.61447,-79.554401,616648.3567,4830068.5605,Non Intersection,No Control,Clear,Daylight,Dry,159,Etobicoke City Centre,14,Islington-City Centre West (14),Non-Fatal Injury,0,0,0,1,0,0,0,0,1,1,0,0,0,SMV Other,['Motorcycle Driver'],East,['Motorcycle'],['Going Ahead'],['Speed too Fast For Condition'],['Unknown'],[],[],[],[],[],[],D22,False,['30 to 34'],3.0
522,2016-06-24 08:00:00,1445,2016,720 RENFORTH DR,,3 m South of,Minor Arterial,Etobicoke York,43.663943,-79.585178,614071.2246,4835520.3795,At/Near Private Drive,Pedestrian Crossover,Clear,Daylight,Dry,11,Eringate-Centennial-West Deane,11,Eringate-Centennial-West Deane (11),Non-Fatal Injury,1,0,1,0,0,0,0,0,0,1,0,0,0,Pedestrian Collisions,"['Driver', 'Pedestrian']",South,"['Automobile, Station Wagon']",['Going Ahead'],['Disobeyed Traffic Control'],['Normal'],['Pedestrian hit a PXO/ped. Mid-block signal'],"['Crossing, Pedestrian Crossover']",['Normal'],[],[],[],D22,False,"['20 to 24', '15 to 19']",3.0
523,2016-06-26 08:00:00,1300,2016,MCCOWAN RD,MCNICOLL AVE,,Major Arterial,Scarborough,43.81787,-79.271938,638970.1283,4853094.6508,At Intersection,Traffic Signal,Clear,Daylight,Dry,130,Milliken,130,Milliken (130),Non-Fatal Injury,0,0,1,0,0,0,0,1,0,0,0,0,0,Sideswipe,"['Driver', 'Passenger']",North,"['Automobile, Station Wagon']","['Changing Lanes', 'Going Ahead', 'Slowing or Stopping']","['Improper Lane Change', 'Driving Properly']","['Inattentive', 'Normal']",[],[],[],[],[],[],D42,False,"['70 to 74', '55 to 59', '45 to 49', '65 to 69']",3.0
524,2016-06-26 08:00:00,1948,2016,PARKSIDE DR,SPRING RD,,Major Arterial,Toronto and East York,43.640975,-79.454639,624643.6366,4833157.2435,Intersection Related,Traffic Signal,Clear,Daylight,Dry,87,High Park-Swansea,87,High Park-Swansea (87),Non-Fatal Injury,1,0,1,0,0,0,0,0,0,0,0,0,0,Pedestrian Collisions,"['Driver', 'Pedestrian']",East,"['Automobile, Station Wagon']",['Going Ahead'],['Driving Properly'],['Normal'],['Vehicle is going straight thru inter.while ped cross without ROW'],['Crossing without right of way'],['Had Been Drinking'],[],[],[],D11,False,"['60 to 64', '15 to 19']",3.0
525,2016-06-27 08:00:00,1745,2016,DON MILLS RD,HELEN LU  RD,,Major Arterial,North York,43.772326,-79.346271,633093.3074,4847914.0884,Intersection Related,Traffic Signal,Clear,Daylight,Dry,53,Henry Farm,53,Henry Farm (53),Non-Fatal Injury,0,0,1,1,0,0,0,0,0,0,0,0,0,Turning Movement,"['Driver', 'Motorcycle Driver']",North,"['Automobile, Station Wagon', 'Motorcycle']","['Turning Left', 'Going Ahead']","['Improper Turn', 'Driving Properly']","['Inattentive', 'Normal']",[],[],[],[],[],[],D33,False,['50 to 54'],3.0
526,2016-06-29 08:00:00,1908,2016,99 HUMBER BLVD,,,Collector,Etobicoke York,43.679877,-79.482257,622337.0079,4837436.7138,At Intersection,No Control,Clear,Daylight,Dry,111,Rockcliffe-Smythe,111,Rockcliffe-Smythe (111),Non-Fatal Injury,0,1,1,0,0,0,0,0,0,0,0,0,0,Cyclist Collisions,"['Cyclist', 'Driver']",North,"['Bicycle', 'Pick Up Truck']",['Going Ahead'],['Driving Properly'],['Normal'],[],[],[],"['Cyclist without ROW rides into path of motorist at inter, lnwy, dwy-Cyclist not turn.']",['Failed to Yield Right of Way'],['Normal'],D12,False,"['10 to 14', '35 to 39']",3.0
527,2016-06-29 08:00:00,2050,2016,ALBION RD,SILVERSTONE DR,75 m East of,Major Arterial,Etobicoke York,43.742755,-79.599033,612806.2395,4844254.5642,Non Intersection,No Control,Clear,"Dusk, artificial",Dry,1,West Humber-Clairville,1,West Humber-Clairville (1),Non-Fatal Injury,0,0,1,0,0,0,0,0,0,0,0,0,0,SMV Other,['Driver'],West,"['Automobile, Station Wagon']",['Going Ahead'],['Lost control'],['Fatigue'],[],[],[],[],[],[],D23,False,['65 to 69'],3.0
528,2016-06-30 08:00:00,1143,2016,JANE ST,WILSON AVE,5 m South of,Major Arterial,Etobicoke York,43.720904,-79.508617,620130.2916,4841954.7817,Intersection Related,Traffic Signal,Clear,Daylight,Dry,154,Oakdale-Beverley Heights,26,Downsview-Roding-CFB (26),Non-Fatal Injury,0,1,0,0,1,0,0,0,0,0,0,0,0,Cyclist Collisions,"['Cyclist', 'Truck Driver']",East,"['Bicycle', 'Truck - Closed (Blazer, etc)']","['Going Ahead', 'Turning Right']",['Other'],['Normal'],[],[],[],['Motorist turning right on green or amber at signalized intersection strikes cyclist.'],['Driving Properly'],['Normal'],D31,False,"['20 to 24', '30 to 34']",3.0
529,2016-07-01 08:00:00,405,2016,F G GARDINER XY  E,DON VALLEY PARKWAY  N,,Major Arterial,Toronto and East York,43.650691,-79.347575,633257.6667,4834402.687,Non Intersection,No Control,Clear,"Dark, artificial",Dry,166,St Lawrence-East Bayfront-The Islands,77,Waterfront Communities-The Island (77),Non-Fatal Injury,0,0,0,1,0,0,0,0,0,0,0,0,0,SMV Other,['Motorcycle Driver'],East,['Motorcycle'],['Going Ahead'],['Lost control'],['Fatigue'],[],[],[],[],[],[],D51,False,['35 to 39'],3.0
530,2016-07-02 08:00:00,244,2016,FINCH AVE W,SENTINEL RD,,Major Arterial,Etobicoke York,43.760993,-79.499957,620747.2429,4846419.8334,At Intersection,Traffic Signal,Clear,"Dark, artificial",Dry,27,York University Heights,27,York University Heights (27),Non-Fatal Injury,1,0,1,0,0,0,0,0,1,1,0,0,0,Pedestrian Collisions,"['Driver', 'Pedestrian']",North,"['Automobile, Station Wagon']",['Going Ahead'],['Failed to Yield Right of Way'],['Unknown'],['Vehicle is going straight thru inter.while ped cross with ROW'],['Crossing with right of way'],['Had Been Drinking'],[],[],[],D31,False,"['35 to 39', '20 to 24']",3.0
531,2016-07-02 08:00:00,1812,2016,QUEENS QUAY E,BONNYCASTLE ST,65.6 M E of,Minor Arterial,Toronto and East York,43.645873,-79.363429,631989.68,4833842.2477,Non Intersection,No Control,Clear,Daylight,Dry,166,St Lawrence-East Bayfront-The Islands,77,Waterfront Communities-The Island (77),Fatal,0,0,1,0,0,0,0,1,1,1,0,0,0,SMV Other,"['Passenger', 'Driver']",East,"['Automobile, Station Wagon']",['Going Ahead'],['Exceeding Speed Limit'],['Inattentive'],[],[],[],[],[],[],D51,True,"['35 to 39', '30 to 34']",4.0
532,2016-07-04 08:00:00,2055,2016,KIPLING AVE,WESTHUMBER BLVD,,Major Arterial,Etobicoke York,43.728129,-79.574641,614798.2461,4842663.6403,At Intersection,Traffic Signal,Clear,"Dusk, artificial",Dry,4,Rexdale-Kipling,4,Rexdale-Kipling (4),Fatal,1,0,1,0,0,0,0,0,1,1,0,0,0,Pedestrian Collisions,"['Driver', 'Pedestrian']",East,['Passenger Van'],['Turning Left'],['Exceeding Speed Limit'],['Inattentive'],['Vehicle turns left while ped crosses with ROW at inter.'],['Walking on Roadway with Traffic'],['Normal'],[],[],[],D23,True,"['25 to 29', '70 to 74']",4.0
533,2016-07-05 08:00:00,1120,2016,ALBION RD,ISLINGTON AVE,,Major Arterial,Etobicoke York,43.737166,-79.565257,615536.6595,4843680.3692,At Intersection,Traffic Signal,Clear,Daylight,Dry,3,Thistletown-Beaumond Heights,3,Thistletown-Beaumond Heights (3),Fatal,1,0,1,0,0,0,0,0,0,0,0,0,0,Pedestrian Collisions,"['Pedestrian', 'Driver']",North,"['Automobile, Station Wagon']",['Going Ahead'],['Driving Properly'],['Inattentive'],['Pedestrian hit at mid-block'],"['Crossing, no Traffic Control']",['Inattentive'],[],[],[],D23,True,"['55 to 59', '45 to 49']",4.0
534,2016-07-05 08:00:00,1247,2016,740 DUPONT ST,,,Major Arterial,Toronto and East York,43.671199,-79.423724,627073.3942,4836560.9056,Non Intersection,No Control,Clear,Daylight,Dry,172,Dovercourt Village,93,Dovercourt-Wallace Emerson-Junction (93),Fatal,0,1,1,0,0,0,0,0,0,0,0,0,0,Cyclist Collisions,"['Cyclist', 'Driver - Not Hit', 'Other']",West,"['Bicycle', 'Passenger Van']","['Overtaking', 'Parked']",[],[],[],[],[],['Cyclist strikes a parked vehicle.'],['Improper Passing'],['Unknown'],D14,True,"['70 to 74', 'unknown']",4.0
535,2016-07-05 08:00:00,2005,2016,EGLINTON AVE E,MARKHAM RD,13 m West of,Major Arterial,Scarborough,43.743109,-79.218875,643416.137,4844881.7636,At Intersection,Traffic Signal,Clear,Daylight,Dry,139,Scarborough Village,139,Scarborough Village (139),Non-Fatal Injury,1,0,1,0,0,0,0,0,0,1,0,0,0,Pedestrian Collisions,"['Driver', 'Pedestrian']",North,"['Automobile, Station Wagon']",['Turning Left'],['Failed to Yield Right of Way'],['Inattentive'],['Vehicle turns left while ped crosses without ROW at inter.'],['Crossing without right of way'],['Inattentive'],[],[],[],D43,False,"['60 to 64', '40 to 44']",3.0