accident_number,date,time,year,street1,street2,offset,road_class,district,latitude,longitude,x,y,accident_location,traffctl,visibility,light,road_surface_condition,hood_158,neighbourhood_new,hood_140,neighbourhood_old,accident_class,pedestrian,cyclist,automobile,motorcycle,truck,trsn_city_veh,emerg_veh,passenger,speeding,aggressive_driving,redlight,alcohol,disability,impact_type,involvement_type,initial_direction,vehicle_type,manoeuver,driver_action,driver_condition,pedestrian_type,pedestrian_action,pedestrian_condition,cyclist_type,cyclist_action,cyclist_condition,division,injury,involvement_age,injury_severity_score
759,2017-01-29 10:00:00,110,2017,F G GARDINER XY  E,SPADINA AVE,350 m West,Major Arterial,Toronto and East York,43.637957,-79.395633,629409.39,4832912.3596,Non Intersection,No Control,Clear,Dark,Dry,165,Harbourfront-CityPlace,77,Waterfront Communities-The Island (77),Fatal,1,0,1,0,0,0,0,0,0,0,0,0,0,Pedestrian Collisions,"['Driver', 'Pedestrian']",East,"['Automobile, Station Wagon']",['Going Ahead'],['Driving Properly'],['Normal'],['Pedestrian hit at mid-block'],['Walking on Roadway Against Traffic'],['Other'],[],[],[],D14,True,"['20 to 24', '15 to 19']",4.0
760,2017-01-29 10:00:00,200,2017,OAKDALE RD,EDDYSTONE AVE,350 m North ,Minor Arterial,,43.749594,-79.526996,618593.2137,4845114.7412,Non Intersection,No Control,Clear,"Dark, artificial",Dry,25,Glenfield-Jane Heights,25,Glenfield-Jane Heights (25),Non-Fatal Injury,0,0,1,0,0,0,0,0,0,0,0,0,0,SMV Other,['Driver'],North,"['Automobile, Station Wagon']",['Going Ahead'],['Lost control'],['Unknown'],[],[],[],[],[],[],D31,False,['20 to 24'],3.0
761,2017-01-29 10:00:00,345,2017,F G GARDINER XY  W,SOUTH KINGSWAY RAMP,55 m West of,Major Arterial,Toronto and East York,43.633498,-79.472667,623204.8248,4832299.9129,Non Intersection,No Control,Clear,"Dark, artificial",Dry,85,South Parkdale,85,South Parkdale (85),Fatal,0,0,1,0,0,0,0,0,1,1,0,1,0,Rear End,['Driver'],West,"['Pick Up Truck', 'Automobile, Station Wagon']",['Going Ahead'],"['Driving Properly', 'Lost control']","['Normal', 'Ability Impaired, Alcohol Over .08']",[],[],[],[],[],[],D11,True,"['40 to 44', '20 to 24']",4.0
762,2017-02-01 10:00:00,1415,2017,MORNINGSIDE AVE,401 C E MORNINGSIDE AVE S RAMP,,Major Arterial,Scarborough,43.794795,-79.196475,645094.7682,4850661.331,At Intersection,Traffic Signal,Clear,Daylight,Dry,134,Highland Creek,134,Highland Creek (134),Non-Fatal Injury,1,0,1,0,0,0,0,0,0,1,0,0,0,Pedestrian Collisions,"['Driver', 'Pedestrian']",East,"['Automobile, Station Wagon']",['Going Ahead'],['Failed to Yield Right of Way'],['Inattentive'],['Vehicle is going straight thru inter.while ped cross with ROW'],['Crossing with right of way'],['Normal'],[],[],[],D43,False,"['45 to 49', '20 to 24']",3.0
763,2017-02-02 10:00:00,219,2017,BRIMLEY RD,ELGAR AVE,,Major Arterial,Scarborough,43.741065,-79.250186,640899.7407,4844601.0153,At Intersection,Stop Sign,Clear,Dark,Wet,138,Eglinton East,138,Eglinton East (138),Fatal,0,0,1,0,0,0,0,0,1,1,0,0,0,Turning Movement,['Driver'],South,"['Automobile, Station Wagon']","['Going Ahead', 'Turning Left']","['Driving Properly', 'Improper Turn']","['Unknown', 'Normal']",[],[],[],[],[],[],D43,True,"['25 to 29', '15 to 19']",4.0
764,2017-02-03 10:00:00,1430,2017,BAY ST,GROSVENOR ST,,Major Arterial,Toronto and East York,43.662398,-79.38634,630106.1941,4835641.3834,At Intersection,Traffic Signal,Clear,Daylight,Dry,169,Bay-Cloverhill,76,Bay Street Corridor (76),Non-Fatal Injury,0,0,1,0,0,0,0,0,0,0,0,0,0,Angle,['Driver'],East,"['Automobile, Station Wagon']",['Going Ahead'],['Other'],['Normal'],[],[],[],[],[],[],D52,False,"['20 to 24', '45 to 49']",3.0
765,2017-02-05 10:00:00,314,2017,F G GARDINER XY  W,GARDINER X W 427 X N RAMP,250 m West o,,Etobicoke York,43.615878,-79.536365,618100.9744,4830250.4288,Non Intersection,No Control,Clear,Dark,Dry,20,Alderwood,20,Alderwood (20),Non-Fatal Injury,0,0,1,0,0,0,0,0,0,0,0,0,0,SMV Other,['Driver'],West,"['Automobile, Station Wagon']",['Going Ahead'],['Other'],['Had Been Drinking'],[],[],[],[],[],[],D22,False,['20 to 24'],3.0
766,2017-02-05 10:00:00,1330,2017,DRIFTWOOD  AVE,VENETIAN  CRES,19 m South o,Collector,Etobicoke York,43.754115,-79.513667,619657.3448,4845636.033,Intersection Related,Stop Sign,Drifting Snow,Daylight,Wet,25,Glenfield-Jane Heights,25,Glenfield-Jane Heights (25),Non-Fatal Injury,0,0,1,0,0,0,0,1,1,1,0,0,0,Turning Movement,"['Passenger', 'Driver']",East,"['Automobile, Station Wagon']","['Going Ahead', 'Turning Right']","['Driving Properly', 'Lost control']","['Normal', 'Inattentive']",[],[],[],[],[],[],D31,False,"['55 to 59', '10 to 14']",3.0
767,2017-02-07 10:00:00,1909,2017,MORTIMER AVE,BROADVIEW AVE,42 m East of,Minor Arterial,Toronto and East York,43.683955,-79.356281,632482.3742,4838083.159,Non Intersection,No Control,Rain,"Dark, artificial",Wet,57,Broadview North,57,Broadview North (57),Non-Fatal Injury,1,0,1,0,0,0,0,0,0,0,0,0,0,Pedestrian Collisions,"['Driver', 'Pedestrian']",East,"['Automobile, Station Wagon']",['Slowing or Stopping'],['Driving Properly'],['Normal'],['Pedestrian hit at mid-block'],"['Crossing, no Traffic Control']",['Normal'],[],[],[],D55,False,"['65 to 69', '75 to 79']",3.0
768,2017-02-08 10:00:00,1510,2017,4 THE DONWAY  E,GUYTOI CRT,3 m North of,Minor Arterial,North York,43.732337,-79.341464,633569.1146,4843480.4465,At/Near Private Drive,No Control,Clear,Daylight,Dry,42,Banbury-Don Mills,42,Banbury-Don Mills (42),Non-Fatal Injury,1,0,1,0,0,0,0,0,0,1,0,0,0,Pedestrian Collisions,"['Driver', 'Pedestrian']",East,"['Automobile, Station Wagon']",['Turning Left'],['Failed to Yield Right of Way'],['Inattentive'],['Pedestrian hit at private driveway'],['On Sidewalk or Shoulder'],['Normal'],[],[],[],D33,False,['35 to 39'],3.0
769,2017-02-10 10:00:00,1003,2017,QUEEN ST E,SHERBOURNE ST,5 m East of,Major Arterial,Toronto and East York,43.654452,-79.369418,631487.939,4834785.5508,At Intersection,Traffic Signal,Clear,Daylight,Dry,73,Moss Park,73,Moss Park (73),Non-Fatal Injury,1,0,0,0,0,1,0,0,0,0,0,0,0,Pedestrian Collisions,"['Driver', 'Pedestrian']",Unknown,['Municipal Transit Bus (TTC)'],['Going Ahead'],['Driving Properly'],['Normal'],['Other / Undefined'],['Other'],['Other'],[],[],[],D51,False,"['45 to 49', '35 to 39']",3.0
770,2017-02-11 10:00:00,2011,2017,MIDLAND  AVE,SHEPPARD  AVE E,,Major Arterial,Scarborough,43.785277,-79.278529,638515.3814,4849463.6232,At Intersection,Traffic Signal,Clear,"Dark, artificial",Wet,128,Agincourt South-Malvern West,128,Agincourt South-Malvern West (128),Non-Fatal Injury,1,0,1,0,0,0,0,0,0,0,0,0,0,Pedestrian Collisions,"['Pedestrian', 'Driver']",North,"['Automobile, Station Wagon']",['Going Ahead'],['Driving Properly'],['Normal'],['Vehicle is going straight thru inter.while ped cross without ROW'],['Crossing without right of way'],['Inattentive'],[],[],[],D42,False,"['35 to 39', '65 to 69']",3.0
771,2017-02-11 10:00:00,2021,2017,STEELES AVE W,ISLINGTON AVE,177 m West o,Major Arterial,Etobicoke York,43.763838,-79.576625,614570.3131,4846626.8917,Non Intersection,No Control,Clear,"Dark, artificial",Dry,21,Humber Summit,21,Humber Summit (21),Non-Fatal Injury,0,0,1,0,0,0,0,0,0,0,0,0,0,Approaching,['Driver'],East,"['Passenger Van', 'Automobile, Station Wagon']",['Going Ahead'],"['Driving Properly', 'Lost control']","['Normal', 'Inattentive']",[],[],[],[],[],[],D31,False,"['60 to 64', '15 to 19']",3.0
772,2017-02-12 10:00:00,936,2017,RICHMOND ST E,JARVIS ST,,Major Arterial,Toronto and East York,43.652632,-79.372791,631219.9057,4834578.0763,At Intersection,Traffic Signal,Rain,Daylight,Packed Snow,73,Moss Park,73,Moss Park (73),Non-Fatal Injury,1,0,1,0,0,0,0,1,1,1,0,0,0,Pedestrian Collisions,"['Driver', 'Passenger', 'Pedestrian']",Unknown,"['Automobile, Station Wagon']",['Going Ahead'],['Speed too Fast For Condition'],['Normal'],['Pedestrian hit on sidewalk or shoulder'],['On Sidewalk or Shoulder'],['Normal'],[],[],[],D51,False,"['30 to 34', '40 to 44', '60 to 64']",3.0
773,2017-02-13 10:00:00,1507,2017,FINCH AVE W,YONGE ST,,Major Arterial,North York,43.779696,-79.415538,627502.9325,4848623.63,At Intersection,Traffic Signal,Clear,Daylight,Wet,151,Yonge-Doris,51,Willowdale East (51),Non-Fatal Injury,1,0,1,0,0,0,0,0,0,0,0,0,0,Pedestrian Collisions,"['Driver', 'Pedestrian']",East,"['Automobile, Station Wagon']",['Going Ahead'],['Driving Properly'],['Normal'],['Vehicle is going straight thru inter.while ped cross without ROW'],['Crossing without right of way'],['Inattentive'],[],[],[],D32,False,"['35 to 39', '50 to 54']",3.0
774,2017-02-14 10:00:00,1017,2017,ISLINGTON AVE,EGLINTON AVE W,,Major Arterial,Etobicoke York,43.679766,-79.538974,617765.5393,4837342.2934,At Intersection,Traffic Signal,Clear,Daylight,Dry,9,Edenbridge-Humber Valley,9,Edenbridge-Humber Valley (9),Non-Fatal Injury,0,0,1,0,0,0,0,0,0,0,0,0,0,Turning Movement,['Driver'],North,"['Automobile, Station Wagon']","['Turning Left', 'Going Ahead']",['Other'],['Normal'],[],[],[],[],[],[],D22,False,"['55 to 59', '15 to 19']",3.0
775,2017-02-18 10:00:00,29,2017,KIPLING AVE,NEW TORONTO ST,112 m North,Major Arterial,Etobicoke York,43.604773,-79.519672,619469.9311,4829040.9613,Underpass or Tunnel,No Control,Clear,"Dark, artificial",Dry,160,Mimico-Queensway,17,Mimico (includes Humber Bay Shores) (17),Fatal,0,0,1,0,0,0,0,1,1,1,0,0,0,SMV Other,"['Passenger', 'Driver']",South,['Pick Up Truck'],['Going Ahead'],['Failed to Yield Right of Way'],['Had Been Drinking'],[],[],[],[],[],[],D22,True,['30 to 34'],4.0
776,2017-02-18 10:00:00,347,2017,DUFFERIN ST,DUPONT ST,,Major Arterial,Toronto and East York,43.668391,-79.438991,625848.4833,4836225.7661,At Intersection,Traffic Signal,Clear,"Dark, artificial",Dry,172,Dovercourt Village,93,Dovercourt-Wallace Emerson-Junction (93),Non-Fatal Injury,0,0,1,0,0,1,0,1,1,1,1,1,0,Angle,"['Driver', 'Passenger']",North,"['Automobile, Station Wagon', 'Intercity Bus']",['Going Ahead'],"['Disobeyed Traffic Control', 'Driving Properly']","['Ability Impaired, Alcohol', 'Normal']",[],[],[],[],[],[],D14,False,"['30 to 34', '45 to 49', '50 to 54', '20 to 24']",3.0
777,2017-02-18 10:00:00,709,2017,DON VALLEY PARKWAY  S,PRINCE EDWARD VIADUCT,150 m North ,,Toronto and East York,43.676798,-79.361957,632040.5875,4837279.2244,Non Intersection,No Control,Clear,Daylight,Dry,67,Playter Estates-Danforth,67,Playter Estates-Danforth (67),Non-Fatal Injury,0,0,1,0,0,0,0,0,0,0,0,0,0,SMV Other,['Driver'],South,"['Automobile, Station Wagon']",['Going Ahead'],['Lost control'],['Fatigue'],[],[],[],[],[],[],D55,False,['20 to 24'],3.0
778,2017-02-18 10:00:00,2230,2017,UNIVERSITY AVE,QUEEN ST W,11 m North o,Major Arterial,Toronto and East York,43.650778,-79.386592,630110.9697,4834350.4337,At Intersection,Traffic Signal,Clear,"Dark, artificial",Dry,170,Yonge-Bay Corridor,76,Bay Street Corridor (76),Non-Fatal Injury,1,0,1,0,0,0,0,0,0,0,0,0,0,Pedestrian Collisions,"['Driver', 'Other', 'Pedestrian']",East,"['Automobile, Station Wagon']","['Turning Left', 'Unknown']",['Driving Properly'],['Normal'],['Vehicle turns left while ped crosses without ROW at inter.'],['Crossing without right of way'],"['Inattentive', 'Had Been Drinking']",[],[],[],D52,False,"['30 to 34', 'unknown', '35 to 39']",3.0
779,2017-02-19 10:00:00,1057,2017,KIPLING AVE,GARDINER C W KIPLING  RAMP,,Major Arterial,Etobicoke York,43.61912,-79.525974,618933.0416,4830625.323,At Intersection,Traffic Signal,Clear,Daylight,Dry,159,Etobicoke City Centre,14,Islington-City Centre West (14),Non-Fatal Injury,0,0,1,1,0,0,0,1,0,1,1,0,0,Turning Movement,"['Driver', 'Motorcycle Driver', 'Passenger']",North,"['Automobile, Station Wagon', 'Motorcycle']","['Going Ahead', 'Turning Left']","['Disobeyed Traffic Control', 'Driving Properly']","['Inattentive', 'Normal']",[],[],[],[],[],[],D22,False,"['35 to 39', '45 to 49', '10 to 14']",3.0
780,2017-02-19 10:00:00,1727,2017,1000 GERRARD ST E,,98 m West of,Minor Arterial,Toronto and East York,43.668463,-79.338725,633931.8502,4836390.7556,Non Intersection,No Control,Clear,Daylight,Dry,70,South Riverdale,70,South Riverdale (70),Non-Fatal Injury,1,0,1,0,0,0,0,0,0,0,0,0,0,Pedestrian Collisions,"['Driver', 'Pedestrian']",South,"['Automobile, Station Wagon']",['Going Ahead'],['Driving Properly'],['Normal'],['Pedestrian hit at mid-block'],['Crossing without right of way'],['Normal'],[],[],[],D55,False,"['20 to 24', '55 to 59']",3.0
781,2017-02-23 10:00:00,1022,2017,ADELAIDE ST W,BAY ST,,Major Arterial,Toronto and East York,43.649821,-79.380771,630582.4748,4834253.2897,At Intersection,Traffic Signal,Clear,"Daylight, artificial",Dry,170,Yonge-Bay Corridor,76,Bay Street Corridor (76),Fatal,1,0,1,0,0,0,0,0,0,1,0,0,0,Pedestrian Collisions,"['Pedestrian', 'Driver']",East,['Pick Up Truck'],['Turning Right'],['Failed to Yield Right of Way'],['Inattentive'],['Vehicle turns right while ped crosses with ROW at inter.'],['Crossing with right of way'],['Normal'],[],[],[],D52,True,"['75 to 79', '20 to 24']",4.0
782,2017-02-23 10:00:00,1200,2017,YONGE ST,NORTON AVE,,Major Arterial,North York,43.772185,-79.413593,627675.4336,4847792.4159,At Intersection,Stop Sign,Clear,Daylight,Dry,151,Yonge-Doris,51,Willowdale East (51),Non-Fatal Injury,1,0,1,0,0,0,0,0,0,0,0,0,0,Pedestrian Collisions,"['Driver', 'Pedestrian']",East,"['Automobile, Station Wagon']",['Turning Left'],['Improper Turn'],['Inattentive'],['Vehicle turns left while ped crosses without ROW at inter.'],"['Crossing, no Traffic Control']",['Normal'],[],[],[],D32,False,"['65 to 69', '80 to 84']",3.0
783,2017-02-23 10:00:00,2020,2017,EGLINTON AVE E,VICTORIA PARK AVE,,Major Arterial,Scarborough,43.724738,-79.30141,636812.1733,4842701.8136,Non Intersection,No Control,Clear,"Dark, artificial",Dry,120,Clairlea-Birchmount,120,Clairlea-Birchmount (120),Non-Fatal Injury,1,0,1,0,0,0,0,0,0,0,0,0,0,Pedestrian Collisions,"['Driver', 'Pedestrian']",North,"['Automobile, Station Wagon']",['Going Ahead'],['Driving Properly'],['Unknown'],['Pedestrian hit at mid-block'],"['Crossing, no Traffic Control']",['Inattentive'],[],[],[],D41,False,"['25 to 29', '85 to 89']",3.0
784,2017-02-24 10:00:00,615,2017,KING ST W,JAMESON AVE,8 m East of,Major Arterial,Toronto and East York,43.637103,-79.435993,626155.678,4832755.3788,At Intersection,Traffic Signal,Rain,Dawn,Wet,85,South Parkdale,85,South Parkdale (85),Non-Fatal Injury,1,0,1,0,0,0,0,0,0,1,0,0,0,Pedestrian Collisions,"['Driver', 'Pedestrian']",North,"['Automobile, Station Wagon']",['Turning Left'],['Failed to Yield Right of Way'],['Normal'],['Vehicle turns left while ped crosses with ROW at inter.'],['Crossing with right of way'],['Normal'],[],[],[],D14,False,"['50 to 54', '55 to 59']",3.0
785,2017-02-24 10:00:00,1818,2017,OAKWOOD AVE,STRADER AVE,7 m South of,Minor Arterial,Toronto and East York,43.693427,-79.441173,625620.3086,4839003.0443,At Intersection,No Control,Clear,"Dark, artificial",Dry,107,Oakwood Village,107,Oakwood Village (107),Non-Fatal Injury,1,0,1,0,0,0,0,0,0,0,0,0,0,Pedestrian Collisions,"['Driver', 'Pedestrian']",South,"['Automobile, Station Wagon']",['Going Ahead'],['Driving Properly'],['Normal'],['Vehicle is going straight thru inter.while ped cross without ROW'],"['Crossing, no Traffic Control']",['Had Been Drinking'],[],[],[],D13,False,"['70 to 74', '25 to 29']",3.0
786,2017-02-26 10:00:00,300,2017,EGLINTON AVE E,BRIMLEY RD,30 m East of,Major Arterial,Scarborough,43.736624,-79.24805,641082.1697,4844111.4105,Intersection Related,No Control,Clear,"Dark, artificial",Dry,124,Kennedy Park,124,Kennedy Park (124),Non-Fatal Injury,0,0,1,0,0,0,0,1,1,1,0,1,0,Rear End,"['Driver', 'Passenger']",East,"['Automobile, Station Wagon']",['Going Ahead'],"['Exceeding Speed Limit', 'Driving Properly']","['Ability Impaired, Alcohol Over .08', 'Normal']",[],[],[],[],[],[],D41,False,"['20 to 24', '45 to 49']",3.0
787,2017-02-26 10:00:00,2311,2017,215 HURON ST,,20 m South o,Local,Toronto and East York,43.659106,-79.398532,629130.2244,4835256.716,Non Intersection,No Control,Clear,"Dark, artificial",Dry,79,University,79,University (79),Non-Fatal Injury,0,1,1,0,0,0,0,1,0,0,0,0,0,Cyclist Collisions,"['Driver', 'Cyclist', 'Passenger']",North,"['Automobile, Station Wagon', 'Bicycle']",['Going Ahead'],['Other'],['Inattentive'],[],[],[],['Insufficient information (to determine cyclist crash type).'],['Other'],['Inattentive'],D52,False,"['45 to 49', '25 to 29', '20 to 24']",3.0
788,2017-02-28 10:00:00,2122,2017,STEELES AVE E,KENNEDY RD,,Major Arterial,Scarborough,43.823619,-79.307025,636135.3475,4853674.8288,At Intersection,Traffic Signal,Rain,"Dark, artificial",Wet,130,Milliken,130,Milliken (130),Non-Fatal Injury,1,0,1,0,0,0,0,0,0,1,0,0,0,Pedestrian Collisions,"['Driver', 'Pedestrian']",East,"['Automobile, Station Wagon']",['Turning Left'],['Failed to Yield Right of Way'],['Normal'],['Vehicle turns left while ped crosses with ROW at inter.'],['Crossing with right of way'],['Normal'],[],[],[],D42,False,"['45 to 49', '50 to 54']",3.0
789,2017-03-04 10:00:00,1001,2017,SHEPPARD AVE W,MAGELLAN DR,,Major Arterial,Etobicoke York,43.7396,-79.509639,620010.6242,4844029.758,At Intersection,Traffic Signal,Clear,Daylight,Dry,25,Glenfield-Jane Heights,25,Glenfield-Jane Heights (25),Fatal,1,0,1,0,0,0,0,0,0,1,1,0,0,Pedestrian Collisions,"['Driver', 'Pedestrian']",North,"['Automobile, Station Wagon']",['Going Ahead'],['Disobeyed Traffic Control'],['Inattentive'],['Vehicle is going straight thru inter.while ped cross with ROW'],['Crossing with right of way'],['Normal'],[],[],[],D31,True,"['20 to 24', '5 to 9']",4.0
790,2017-03-04 10:00:00,1249,2017,REXDALE BLVD,RAMP TO ENTRANCE RD,6.5 m West o,Major Arterial,Etobicoke York,43.720431,-79.61201,611802.8502,4841757.5833,Non Intersection,No Control,Clear,Daylight,Dry,1,West Humber-Clairville,1,West Humber-Clairville (1),Fatal,1,0,1,0,0,0,0,0,0,0,0,0,0,Pedestrian Collisions,"['Pedestrian', 'Driver']",East,['Passenger Van'],['Going Ahead'],['Driving Properly'],['Normal'],['Pedestrian hit at mid-block'],"['Crossing, no Traffic Control']",['Inattentive'],[],[],[],D23,True,"['90 to 94', '75 to 79']",4.0
791,2017-03-07 10:00:00,1538,2017,BLOOR ST W,KENNEDY PARK RD,8.6 m East o,Major Arterial,Toronto and East York,43.652056,-79.471744,623241.3296,4834362.3857,Intersection Related,No Control,Clear,Daylight,Dry,87,High Park-Swansea,87,High Park-Swansea (87),Fatal,0,0,1,0,0,0,0,1,1,1,0,0,0,Approaching,"['Driver', 'Passenger']",East,"['Automobile, Station Wagon']","['Overtaking', 'Going Ahead']","['Improper Passing', 'Driving Properly']","['Unknown', 'Normal']",[],[],[],[],[],[],D11,True,"['30 to 34', '80 to 84', '35 to 39', '20 to 24']",4.0
792,2017-03-08 10:00:00,36,2017,YONGE ST,MERTON ST,386 m South ,Major Arterial,Toronto and East York,43.692683,-79.395435,629307.8059,4838990.7211,Non Intersection,No Control,Clear,"Dark, artificial",Dry,99,Mount Pleasant East,99,Mount Pleasant East (99),Non-Fatal Injury,0,0,1,0,0,0,0,0,0,0,0,1,0,SMV Other,['Driver'],North,"['Automobile, Station Wagon']",['Going Ahead'],['Other'],"['Ability Impaired, Alcohol']",[],[],[],[],[],[],D53,False,['30 to 34'],3.0
793,2017-03-10 10:00:00,204,2017,SPADINA AV,COLLEGE ST,20 m North o,Major Arterial,Toronto and East York,43.657942,-79.40002,629012.7351,4835125.1237,Non Intersection,No Control,Clear,"Dark, artificial",Dry,78,Kensington-Chinatown,78,Kensington-Chinatown (78),Non-Fatal Injury,0,0,1,0,0,0,0,1,1,1,0,0,0,Rear End,"['Passenger', 'Driver']",North,"['Automobile, Station Wagon']",['Going Ahead'],['Improper Passing'],['Inattentive'],[],[],[],[],[],[],D52,False,"['25 to 29', '35 to 39']",3.0
794,2017-03-10 10:00:00,846,2017,LAWRENCE AVE E,CENTENNIAL RD,17 m East of,Minor Arterial,Scarborough,43.777285,-79.146533,649156.2346,4848805.3345,At Intersection,Traffic Signal,Clear,Daylight,Dry,133,Centennial Scarborough,133,Centennial Scarborough (133),Non-Fatal Injury,0,0,1,0,0,0,0,1,0,0,0,0,1,Rear End,"['Driver', 'Passenger']",West,"['Automobile, Station Wagon']","['Going Ahead', 'Stopped']","['Lost control', 'Driving Properly']","['Medical or Physical Disability', 'Normal']",[],[],[],[],[],[],D43,False,"['85 to 89', '35 to 39', '45 to 49', '0 to 4']",3.0
795,2017-03-13 08:00:00,1006,2017,BRIMWOOD BLVD,WELLPARK BLVD,4 m East of,Collector,Scarborough,43.81272,-79.274318,638790.6584,4852518.6639,At Intersection,Stop Sign,Clear,Daylight,Dry,129,Agincourt North,129,Agincourt North (129),Non-Fatal Injury,0,1,1,0,0,0,0,0,0,0,0,0,0,Cyclist Collisions,"['Cyclist', 'Driver']",East,"['Bicycle', 'Automobile, Station Wagon']","['Turning Left', 'Going Ahead']",['Driving Properly'],['Normal'],[],[],[],['Cyclist turned left across motorists path.'],['Failed to Yield Right of Way'],['Inattentive'],D42,False,"['70 to 74', '45 to 49']",3.0
796,2017-03-13 08:00:00,1405,2017,CALEDONIA RD,BRIDGELAND AVE,176 m South ,Minor Arterial,North York,43.722506,-79.469394,623286.4287,4842190.306,Non Intersection,No Control,Snow,Daylight,Wet,31,Yorkdale-Glen Park,31,Yorkdale-Glen Park (31),Non-Fatal Injury,0,0,1,0,0,0,0,0,1,1,0,0,0,Rear End,['Driver'],South,"['Automobile, Station Wagon']","['Going Ahead', 'Slowing or Stopping']","['Speed too Fast For Condition', 'Driving Properly']","['Inattentive', 'Normal']",[],[],[],[],[],[],D32,False,"['30 to 34', '40 to 44']",3.0
797,2017-03-15 08:00:00,1658,2017,BRIMLEY RD,HUNTINGWOOD DR,,Major Arterial,Scarborough,43.798335,-79.273326,638903.7813,4850922.6417,At Intersection,Traffic Signal,Clear,Daylight,Dry,129,Agincourt North,129,Agincourt North (129),Non-Fatal Injury,0,0,1,0,0,0,0,1,0,1,1,0,0,Angle,"['Driver', 'Passenger']",East,"['Automobile, Station Wagon']","['Going Ahead', 'Stopped']","['Disobeyed Traffic Control', 'Driving Properly']","['Inattentive', 'Normal']",[],[],[],[],[],[],D42,False,"['15 to 19', '30 to 34', '45 to 49']",3.0
798,2017-03-18 08:00:00,1932,2017,JARVIS ST,EARL PL,30 m South o,Major Arterial,Toronto and East York,43.667636,-79.378894,630695.189,4836234.8372,Intersection Related,No Control,Rain,"Dark, artificial",Wet,74,North St.James Town,74,North St.James Town (74),Fatal,1,0,1,0,0,0,0,0,0,0,0,0,0,Pedestrian Collisions,"['Pedestrian', 'Driver']",East,"['Automobile, Station Wagon']",['Going Ahead'],['Driving Properly'],['Unknown'],['Pedestrian hit at mid-block'],"['Crossing, no Traffic Control']",['Medical or Physical Disability'],[],[],[],D51,True,"['60 to 64', '65 to 69']",4.0
799,2017-03-19 08:00:00,155,2017,2677 KIPLING  AVE,,6 m East of,Major Arterial,Etobicoke York,43.748488,-79.584605,613957.1151,4844911.0422,At/Near Private Drive,No Control,Snow,"Dark, artificial",Wet,2,Mount Olive-Silverstone-Jamestown,2,Mount Olive-Silverstone-Jamestown (2),Non-Fatal Injury,0,0,1,0,0,0,0,0,1,1,0,1,0,SMV Other,['Driver'],South,"['Automobile, Station Wagon']",['Going Ahead'],['Speed too Fast For Condition'],"['Ability Impaired, Alcohol']",[],[],[],[],[],[],D23,False,['30 to 34'],3.0
800,2017-03-19 08:00:00,255,2017,106 YORK MILLS RD,,,Major Arterial,North York,43.745097,-79.397746,629009.0288,4844808.4443,Non Intersection,No Control,Clear,"Dark, artificial",Wet,41,Bridle Path-Sunnybrook-York Mills,41,Bridle Path-Sunnybrook-York Mills (41),Fatal,0,0,1,0,0,0,0,0,1,1,0,0,0,SMV Other,['Driver'],East,"['Automobile, Station Wagon']",['Going Ahead'],"['Driving Properly', 'Lost control']","['Normal', 'Inattentive']",[],[],[],[],[],[],D32,True,"['45 to 49', '15 to 19']",4.0
801,2017-03-21 08:00:00,845,2017,LAKE SHORE BLVD E,DON ROADWAY,16 m East of,Major Arterial,Toronto and East York,43.65082,-79.346919,633310.2842,4834418.0678,At Intersection,Traffic Signal,Clear,Daylight,Dry,70,South Riverdale,70,South Riverdale (70),Non-Fatal Injury,0,1,1,0,0,0,0,0,0,0,0,0,0,Cyclist Collisions,"['Driver', 'Cyclist']",East,"['Automobile, Station Wagon', 'Bicycle']",['Going Ahead'],['Driving Properly'],['Normal'],[],[],[],"['Cyclist without ROW rides into path of motorist at inter, lnwy, dwy-Cyclist not turn.']",['Disobeyed Traffic Control'],['Inattentive'],D51,False,"['65 to 69', '50 to 54']",3.0
802,2017-03-21 08:00:00,905,2017,EGLINTON AVE E,BRIMLEY RD,,Major Arterial,Scarborough,43.736624,-79.24805,641082.1697,4844111.4105,At Intersection,Traffic Signal,Clear,Daylight,Dry,124,Kennedy Park,124,Kennedy Park (124),Non-Fatal Injury,1,0,1,0,0,0,0,0,0,1,0,0,0,Pedestrian Collisions,"['Driver', 'Pedestrian']",North,"['Automobile, Station Wagon']",['Turning Left'],['Failed to Yield Right of Way'],['Unknown'],['Vehicle turns left while ped crosses with ROW at inter.'],['Crossing with right of way'],['Normal'],[],[],[],D41,False,"['60 to 64', '75 to 79']",3.0
803,2017-03-21 08:00:00,1606,2017,401 C E VICTORIA PR N RAMP,VICTORIA PARK AVE,,Major Arterial,North York,43.766852,-79.319141,635289.1137,4847350.0843,At Intersection,Traffic Signal,Clear,Daylight,Dry,119,Wexford/Maryvale,119,Wexford/Maryvale (119),Non-Fatal Injury,1,0,1,0,0,0,0,0,0,1,0,0,0,Pedestrian Collisions,"['Driver', 'Pedestrian']",East,"['Automobile, Station Wagon']",['Turning Right'],['Failed to Yield Right of Way'],['Inattentive'],['Vehicle turns right while ped crosses with ROW at inter.'],['Crossing with right of way'],['Normal'],[],[],[],D41,False,"['50 to 54', '65 to 69']",3.0