accident_number,date,time,year,street1,street2,offset,road_class,district,latitude,longitude,x,y,accident_location,traffctl,visibility,light,road_surface_condition,hood_158,neighbourhood_new,hood_140,neighbourhood_old,accident_class,pedestrian,cyclist,automobile,motorcycle,truck,trsn_city_veh,emerg_veh,passenger,speeding,aggressive_driving,redlight,alcohol,disability,impact_type,involvement_type,initial_direction,vehicle_type,manoeuver,driver_action,driver_condition,pedestrian_type,pedestrian_action,pedestrian_condition,cyclist_type,cyclist_action,cyclist_condition,division,injury,involvement_age,injury_severity_score
804,2017-03-22 08:00:00,1440,2017,CARLAW AVE,RIVERDALE AVE,,Minor Arterial,Toronto and East York,43.670687,-79.343982,633503.0957,4836629.2869,At Intersection,No Control,Clear,Daylight,Dry,68,North Riverdale,68,North Riverdale (68),Non-Fatal Injury,1,0,1,0,0,0,0,0,0,0,0,0,0,Pedestrian Collisions,"['Pedestrian', 'Driver']",North,['Delivery Van'],['Going Ahead'],['Lost control'],['Unknown'],['Vehicle is going straight thru inter.while ped cross with ROW'],['Crossing with right of way'],['Normal'],[],[],[],D55,False,"['60 to 64', 'unknown']",3.0
805,2017-03-23 08:00:00,653,2017,MARTIN GROVE RD,BRUNELLO GT,,Minor Arterial,Etobicoke York,43.755927,-79.601611,612573.9617,4845713.9974,At Intersection,Stop Sign,Clear,Dawn,Dry,1,West Humber-Clairville,1,West Humber-Clairville (1),Non-Fatal Injury,0,0,1,0,0,0,0,0,0,1,0,0,0,Turning Movement,['Driver'],East,"['Automobile, Station Wagon']","['Turning Left', 'Going Ahead']","['Failed to Yield Right of Way', 'Driving Properly']","['Inattentive', 'Normal']",[],[],[],[],[],[],D23,False,"['55 to 59', '25 to 29']",3.0
806,2017-03-24 08:00:00,2213,2017,FINCH AVE E,DORIS AVE,,Major Arterial,North York,43.780406,-79.412273,627764.1597,4848707.52,At Intersection,Traffic Signal,Rain,"Dark, artificial",Wet,152,East Willowdale,51,Willowdale East (51),Non-Fatal Injury,0,1,1,0,0,0,0,0,0,0,0,0,0,Cyclist Collisions,"['Driver', 'Cyclist']",North,"['Automobile, Station Wagon', 'Bicycle']","['Turning Left', 'Going Ahead']",['Improper Turn'],['Inattentive'],[],[],[],['Motorist turned left across cyclists path.'],['Disobeyed Traffic Control'],['Inattentive'],D32,False,"['50 to 54', '20 to 24']",3.0
807,2017-03-26 08:00:00,254,2017,LAWRENCE  AVE W,WESTON RD,,Major Arterial,Etobicoke York,43.700087,-79.516155,619564.4888,4839631.8669,At Intersection,Traffic Signal,Rain,"Dark, artificial",Wet,113,Weston,113,Weston (113),Non-Fatal Injury,1,0,1,0,0,0,0,0,0,0,0,0,0,Pedestrian Collisions,"['Driver', 'Pedestrian']",South,"['Automobile, Station Wagon']",['Going Ahead'],['Driving Properly'],['Normal'],['Vehicle is going straight thru inter.while ped cross without ROW'],['Crossing without right of way'],"['Ability Impaired, Drugs']",[],[],[],D12,False,"['70 to 74', '30 to 34']",3.0
808,2017-03-26 08:00:00,1310,2017,ELLESMERE RD,DOLLY VARDEN BLVD,,Major Arterial,Scarborough,43.775668,-79.234958,642044.0466,4848470.2252,At Intersection,Traffic Signal,Clear,Daylight,Wet,142,Woburn North,137,Woburn (137),Non-Fatal Injury,0,0,1,0,0,0,0,1,0,1,1,0,0,Turning Movement,"['Driver', 'Passenger']",East,"['Automobile, Station Wagon']","['Going Ahead', 'Turning Left']","['Disobeyed Traffic Control', 'Driving Properly']","['Inattentive', 'Normal']",[],[],[],[],[],[],D43,False,"['65 to 69', '25 to 29', '20 to 24', '70 to 74', '0 to 4']",3.0
809,2017-03-27 08:00:00,855,2017,EGLINTON AVE W,RUSSELL HILL RD,3 m East of,Major Arterial,North York,43.703047,-79.415462,627671.8674,4840110.7514,Non Intersection,Traffic Controller,Clear,Daylight,Wet,101,Forest Hill South,101,Forest Hill South (101),Non-Fatal Injury,0,0,0,0,0,1,0,1,0,0,0,0,0,Other,"['Driver', 'Passenger']",East,['Municipal Transit Bus (TTC)'],['Going Ahead'],['Driving Properly'],['Normal'],[],[],[],[],[],[],D53,False,"['45 to 49', '25 to 29']",3.0
810,2017-03-28 08:00:00,600,2017,2800 WARDEN AVE,,,Major Arterial,Scarborough,43.794673,-79.314952,635563.3876,4850446.8935,Non Intersection,Pedestrian Crossover,Clear,Dark,Dry,147,L'Amoreaux West,117,L'Amoreaux (117),Non-Fatal Injury,1,0,1,0,0,0,0,0,0,1,0,0,0,Pedestrian Collisions,"['Pedestrian', 'Driver']",East,"['Automobile, Station Wagon']",['Going Ahead'],['Disobeyed Traffic Control'],['Inattentive'],['Pedestrian hit a PXO/ped. Mid-block signal'],"['Crossing, Pedestrian Crossover']",['Normal'],[],[],[],D42,False,"['65 to 69', '25 to 29']",3.0
811,2017-03-30 08:00:00,15,2017,SCARBOROUGH GOLF CLUB RD,LAWRENCE AVE E,,Major Arterial,Scarborough,43.761779,-79.215801,643618.9897,4846960.6807,At Intersection,Traffic Signal,Clear,"Dark, artificial",Dry,141,Golfdale-Cedarbrae-Woburn,137,Woburn (137),Non-Fatal Injury,0,0,1,0,0,0,0,1,1,1,1,0,0,Angle,"['Driver', 'Passenger']",East,"['Automobile, Station Wagon']",['Going Ahead'],"['Disobeyed Traffic Control', 'Driving Properly']","['Unknown', 'Normal']",[],[],[],[],[],[],D43,False,"['15 to 19', '55 to 59', '70 to 74']",3.0
812,2017-03-31 08:00:00,1050,2017,PASSMORE  AVE,SILVER STAR  BLVD,,Collector,Scarborough,43.819899,-79.298061,636864.6677,4853276.4534,At Intersection,Traffic Signal,Clear,Daylight,Dry,130,Milliken,130,Milliken (130),Non-Fatal Injury,0,0,1,0,0,0,0,0,0,1,1,0,0,Turning Movement,['Driver'],South,['Passenger Van'],"['Turning Left', 'Going Ahead']","['Disobeyed Traffic Control', 'Driving Properly']",['Normal'],[],[],[],[],[],[],D42,False,"['60 to 64', '45 to 49']",3.0
813,2017-04-01 08:00:00,208,2017,MARGUERETTA ST,BLOOR  ST W,34 m South o,Local,Toronto and East York,43.658438,-79.440212,625770.8274,4835118.5025,Non Intersection,No Control,Clear,"Dark, artificial",Wet,83,Dufferin Grove,83,Dufferin Grove (83),Non-Fatal Injury,1,0,1,0,0,0,0,0,0,0,0,0,0,Pedestrian Collisions,"['Driver', 'Pedestrian']",North,"['Automobile, Station Wagon']",['Going Ahead'],['Other'],['Unknown'],['Pedestrian hit at mid-block'],['Running onto Roadway'],['Normal'],[],[],[],D11,False,"['unknown', '20 to 24']",3.0
814,2017-04-02 08:00:00,4,2017,MARTIN GROVE RD,JEFFCOAT DR,120 m South ,Major Arterial,Etobicoke York,43.717608,-79.582813,614160.0503,4841483.8486,Non Intersection,No Control,Clear,"Dark, artificial",Dry,1,West Humber-Clairville,1,West Humber-Clairville (1),Non-Fatal Injury,0,0,1,0,0,0,0,0,1,1,0,0,0,SMV Other,['Driver'],South,"['Automobile, Station Wagon']",['Unknown'],['Speed too Fast For Condition'],['Inattentive'],[],[],[],[],[],[],D23,False,['60 to 64'],3.0
815,2017-04-02 08:00:00,905,2017,PHARMACY AVE,STEELES AVE E,,Major Arterial,Scarborough,43.816786,-79.336421,633786.7971,4852867.955,At Intersection,Traffic Signal,Clear,Daylight,Dry,116,Steeles,116,Steeles (116),Non-Fatal Injury,1,0,1,0,0,0,0,0,0,1,0,0,0,Pedestrian Collisions,"['Driver', 'Pedestrian']",South,"['Automobile, Station Wagon']",['Turning Left'],['Failed to Yield Right of Way'],['Inattentive'],['Vehicle turns left while ped crosses with ROW at inter.'],['Crossing with right of way'],['Normal'],[],[],[],D42,False,"['65 to 69', '60 to 64']",3.0
816,2017-04-03 08:00:00,1053,2017,THE EAST MALL,BURNHAMTHORPE RD,,Major Arterial,Etobicoke York,43.646231,-79.559947,616139.648,4833588.2349,Intersection Related,Traffic Signal,Clear,Daylight,Dry,158,Islington,14,Islington-City Centre West (14),Non-Fatal Injury,1,0,1,0,0,0,0,1,0,0,0,0,0,Pedestrian Collisions,"['Driver', 'Passenger', 'Pedestrian']",North,"['Automobile, Station Wagon']",['Turning Left'],['Improper Turn'],['Normal'],['Vehicle turns left while ped crosses with ROW at inter.'],['Crossing with right of way'],['Normal'],[],[],[],D22,False,"['80 to 84', '90 to 94', '50 to 54']",3.0
817,2017-04-04 08:00:00,10,2017,MCLEVIN AVE,TAPSCOTT RD,,Minor Arterial,Scarborough,43.80511,-79.22665,642642.5903,4851754.5186,At Intersection,Traffic Signal,Rain,"Dark, artificial",Wet,145,Malvern West,132,Malvern (132),Non-Fatal Injury,1,0,1,0,0,0,0,0,0,0,0,0,0,Pedestrian Collisions,"['Driver', 'Pedestrian']",East,['Pick Up Truck'],['Turning Left'],['Improper Turn'],['Inattentive'],['Vehicle turns left while ped crosses with ROW at inter.'],['Crossing with right of way'],['Normal'],[],[],[],D42,False,"['40 to 44', '15 to 19']",3.0
818,2017-04-04 08:00:00,853,2017,DUFFERIN ST,DUNDAS ST W,,Minor Arterial,Toronto and East York,43.649577,-79.431415,626498.7684,4834147.745,At Intersection,Traffic Signal,Rain,Daylight,Wet,84,Little Portugal,84,Little Portugal (84),Non-Fatal Injury,1,0,1,0,0,0,0,0,0,1,0,0,0,Pedestrian Collisions,"['Driver', 'Pedestrian']",South,"['Automobile, Station Wagon']",['Turning Left'],['Failed to Yield Right of Way'],['Normal'],['Vehicle turns left while ped crosses with ROW at inter.'],['Crossing with right of way'],['Normal'],[],[],[],D14,False,"['30 to 34', '65 to 69']",3.0
819,2017-04-05 08:00:00,1454,2017,4 RIDGEMOUNT RD,CHAPMAN RD,2 m East of,Local,Etobicoke York,43.688971,-79.522189,619100.2831,4838388.6006,At/Near Private Drive,No Control,Clear,Daylight,Dry,8,Humber Heights-Westmount,8,Humber Heights-Westmount (8),Non-Fatal Injury,1,0,1,0,0,0,0,0,0,0,0,0,0,Pedestrian Collisions,"['Driver', 'Pedestrian']",North,"['Automobile, Station Wagon']",['Reversing'],['Other'],[],['Vehicle is reversing and hits pedestrian'],['Other'],['Normal'],[],[],[],D23,False,"['35 to 39', '55 to 59', '85 to 89']",3.0
820,2017-04-06 08:00:00,1403,2017,CLIFFSIDE DR,FOLCROFT AVE,10 m North o,Local,Scarborough,43.701213,-79.251239,640908.348,4840173.0733,Intersection Related,No Control,Rain,Daylight,Wet,122,Birchcliffe-Cliffside,122,Birchcliffe-Cliffside (122),Fatal,0,0,0,0,1,0,0,1,0,0,0,0,0,Other,"['Passenger', 'Truck Driver']",North,"['Truck - Closed (Blazer, etc)']",['Going Ahead'],['Driving Properly'],['Normal'],[],[],[],[],[],[],D41,True,"['55 to 59', '50 to 54']",4.0
821,2017-04-06 08:00:00,1549,2017,NASSAU ST,BATHURST ST,,Major Arterial,Toronto and East York,43.654212,-79.406795,628474.3886,4834700.3461,At Intersection,Traffic Signal,Rain,Daylight,Wet,78,Kensington-Chinatown,78,Kensington-Chinatown (78),Non-Fatal Injury,1,0,1,0,0,0,0,1,0,1,0,0,0,Pedestrian Collisions,"['Pedestrian', 'Passenger', 'Driver']",East,"['Automobile, Station Wagon']",['Turning Left'],['Failed to Yield Right of Way'],['Inattentive'],['Vehicle turns left while ped crosses with ROW at inter.'],['Crossing with right of way'],['Normal'],[],[],[],D14,False,"['75 to 79', '40 to 44', '50 to 54']",3.0
822,2017-04-06 08:00:00,2315,2017,MARKHAM RD,PAINTED POST DR,10 m West of,Major Arterial,Scarborough,43.767493,-79.22832,642597.6832,4847573.6736,At Intersection,Traffic Signal,Rain,"Dark, artificial",Wet,142,Woburn North,137,Woburn (137),Non-Fatal Injury,1,0,1,0,0,0,0,0,0,0,0,0,0,Pedestrian Collisions,"['Driver', 'Pedestrian']",South,"['Automobile, Station Wagon']",['Going Ahead'],['Driving Properly'],['Normal'],['Vehicle is going straight thru inter.while ped cross without ROW'],['Crossing without right of way'],['Inattentive'],[],[],[],D43,False,['25 to 29'],3.0
823,2017-04-10 08:00:00,1610,2017,MARTIN GROVE RD,DOSCO RD,7 m South of,Major Arterial,Etobicoke York,43.695151,-79.572528,615031.4988,4839003.9089,At Intersection,No Control,Clear,Daylight,Wet,1,West Humber-Clairville,1,West Humber-Clairville (1),Non-Fatal Injury,0,0,1,0,0,0,0,0,1,1,0,0,0,Turning Movement,['Driver'],East,"['Passenger Van', 'Automobile, Station Wagon']","['Turning Left', 'Going Ahead']","['Failed to Yield Right of Way', 'Driving Properly']",['Inattentive'],[],[],[],[],[],[],D23,False,"['45 to 49', '20 to 24']",3.0
824,2017-04-10 08:00:00,2229,2017,ST CLAIR AVE W,GUNNS RD,90 m West of,Major Arterial,Etobicoke York,43.671408,-79.472408,623148.2113,4836510.6926,Non Intersection,No Control,Rain,Dark,Wet,90,Junction Area,90,Junction Area (90),Non-Fatal Injury,1,0,1,0,0,0,0,0,0,1,0,0,0,Pedestrian Collisions,"['Driver', 'Pedestrian']",West,"['Automobile, Station Wagon']",['Going Ahead'],['Driving Properly'],['Normal'],['Pedestrian hit at mid-block'],['Running onto Roadway'],['Inattentive'],[],[],[],D11,False,"['35 to 39', '50 to 54']",3.0
825,2017-04-11 08:00:00,1056,2017,WILSON AVE,DUFFERIN ST,10 m west,Major Arterial,North York,43.73202,-79.458873,624114.2251,4843262.6765,At Intersection,Traffic Signal,Clear,Daylight,Dry,33,Clanton Park,33,Clanton Park (33),Fatal,1,0,0,0,1,0,0,0,0,1,0,0,0,Pedestrian Collisions,"['Pedestrian', 'Truck Driver']",East,"['Truck - Closed (Blazer, etc)']",['Turning Right'],['Failed to Yield Right of Way'],['Inattentive'],['Vehicle turns right while ped crosses with ROW at inter.'],['Crossing with right of way'],['Normal'],[],[],[],D32,True,"['50 to 54', '60 to 64']",4.0
826,2017-04-11 08:00:00,1919,2017,GERRARD ST E,SACKVILLE ST,37 m East of,Minor Arterial,Toronto and East York,43.66265,-79.363513,631946.1573,4835705.422,Non Intersection,No Control,Clear,Daylight,Dry,72,Regent Park,72,Regent Park (72),Non-Fatal Injury,1,0,1,0,0,0,0,0,0,0,0,0,0,Pedestrian Collisions,"['Driver', 'Pedestrian']",East,"['Automobile, Station Wagon']",['Going Ahead'],['Driving Properly'],['Normal'],['Pedestrian hit at mid-block'],"['Crossing, no Traffic Control']",['Other'],[],[],[],D51,False,['40 to 44'],3.0
827,2017-04-13 08:00:00,144,2017,CUMMER AVE,SNOWCREST AVE,150 m East,Collector,North York,43.795336,-79.380786,630265.5008,4850414.8043,Non Intersection,No Control,Clear,"Dark, artificial",Dry,49,Bayview Woods-Steeles,49,Bayview Woods-Steeles (49),Fatal,0,0,1,0,0,0,0,1,1,1,0,0,0,SMV Other,"['Passenger', 'Driver']",East,"['Automobile, Station Wagon']",['Going Ahead'],['Lost control'],['Unknown'],[],[],[],[],[],[],D33,True,['25 to 29'],4.0
828,2017-04-14 08:00:00,1805,2017,SPADINA AVE,SULLIVAN ST,50 m North,Major Arterial,Toronto and East York,43.651316,-79.397403,629237.9692,4834393.2917,Non Intersection,No Control,Clear,Daylight,Dry,78,Kensington-Chinatown,78,Kensington-Chinatown (78),Fatal,1,0,0,0,0,1,0,0,0,0,0,0,0,Pedestrian Collisions,"['Pedestrian', 'Driver']",East,['Street Car'],['Going Ahead'],['Driving Properly'],['Normal'],['Pedestrian involved in a collision with transit vehicle anywhere along roadway'],"['Crossing, no Traffic Control']",['Had Been Drinking'],[],[],[],D52,True,"['65 to 69', '40 to 44']",4.0
829,2017-04-15 08:00:00,2002,2017,61 TOPCLIFF  AVE,,47 m East of,Local,Etobicoke York,43.756457,-79.508296,620085.0563,4845903.9196,Non Intersection,No Control,Clear,"Dark, artificial",Dry,25,Glenfield-Jane Heights,25,Glenfield-Jane Heights (25),Non-Fatal Injury,0,0,1,0,0,0,0,1,1,1,0,0,0,Approaching,"['Driver', 'Passenger']",East,"['Automobile, Station Wagon']",['Going Ahead'],"['Lost control', 'Driving Properly']",['Normal'],[],[],[],[],[],[],D31,False,"['20 to 24', '30 to 34', '35 to 39', '5 to 9', '0 to 4', '25 to 29']",3.0
830,2017-04-16 08:00:00,1649,2017,QUEENS QUAY W,YORK ST,47 m West of,Minor Arterial,Toronto and East York,43.639735,-79.380924,630591.9892,4833132.8674,Non Intersection,No Control,Clear,Daylight,Dry,165,Harbourfront-CityPlace,77,Waterfront Communities-The Island (77),Non-Fatal Injury,1,0,0,0,0,1,0,0,0,0,0,0,0,Pedestrian Collisions,"['Driver', 'Pedestrian']",East,"['Bus (Other) (Go Bus, Gray Coa']",['Going Ahead'],['Driving Properly'],['Normal'],['Pedestrian involved in a collision with transit vehicle anywhere along roadway'],"['Crossing, no Traffic Control']",['Inattentive'],[],[],[],D52,False,"['50 to 54', '35 to 39']",3.0
831,2017-04-16 08:00:00,1659,2017,MARTIN GROVE RD,TOLLINGTON RD,2 m North of,Major Arterial,Etobicoke York,43.686537,-79.568591,615365.274,4838052.678,At Intersection,No Control,Clear,Daylight,Dry,7,Willowridge-Martingrove-Richview,7,Willowridge-Martingrove-Richview (7),Non-Fatal Injury,0,0,1,0,0,0,0,0,0,1,0,0,0,Rear End,"['Truck Driver', 'Driver']",South,"['Tow Truck', 'Pick Up Truck']","['Slowing or Stopping', 'Going Ahead']","['Failed to Yield Right of Way', 'Driving Properly']",['Normal'],[],[],[],[],[],[],D23,False,"['25 to 29', '40 to 44']",3.0
832,2017-04-17 08:00:00,1858,2017,219 MARTIN GROVE RD,,100 m North ,Collector,Etobicoke York,43.654845,-79.551708,616787.429,4834556.4912,Non Intersection,No Control,Clear,Daylight,Dry,158,Islington,14,Islington-City Centre West (14),Non-Fatal Injury,0,0,0,1,0,0,0,0,0,0,0,0,0,SMV Other,['Motorcycle Driver'],South,['Motorcycle'],['Going Ahead'],['Lost control'],['Normal'],[],[],[],[],[],[],D22,False,['15 to 19'],3.0
833,2017-04-17 08:00:00,2132,2017,WILSON HEIGHTS BLVD,COCKSFIELD AVE,,Collector,North York,43.752844,-79.457706,624165.1544,4845577.2341,Intersection Related,No Control,Clear,"Dark, artificial",Dry,34,Bathurst Manor,34,Bathurst Manor (34),Non-Fatal Injury,1,0,1,0,0,0,0,0,0,0,0,0,0,Pedestrian Collisions,"['Driver', 'Pedestrian']",North,"['Automobile, Station Wagon']",['Turning Left'],['Improper Turn'],['Inattentive'],['Vehicle turns left while ped crosses with ROW at inter.'],['Crossing with right of way'],['Normal'],[],[],[],D32,False,"['85 to 89', '60 to 64']",3.0
834,2017-04-18 08:00:00,1503,2017,SHEPPARD AVE W,BATHURST ST,20 m West of,Major Arterial,North York,43.755385,-79.438442,625710.7302,4845888.5075,At/Near Private Drive,No Control,Clear,Daylight,Dry,38,Lansing-Westgate,38,Lansing-Westgate (38),Non-Fatal Injury,0,1,1,0,0,0,0,0,0,1,0,0,0,Cyclist Collisions,"['Driver', 'Cyclist']",East,"['Automobile, Station Wagon', 'Bicycle']","['Turning Right', 'Going Ahead']",['Failed to Yield Right of Way'],['Inattentive'],[],[],[],"['Motorist turns right at non-signal Inter.(stop, yield, no cont.,and dwy) and strikes cyclist.']",['Driving Properly'],['Normal'],D32,False,['55 to 59'],3.0
835,2017-04-19 08:00:00,2045,2017,EGLINTON AVE E,COMMONWEALTH AVE,29 m East of,Major Arterial,Scarborough,43.734736,-79.256801,640381.8669,4843886.8552,At Intersection,No Control,Clear,"Dark, artificial",Dry,124,Kennedy Park,124,Kennedy Park (124),Non-Fatal Injury,1,0,1,0,0,0,0,0,0,0,0,0,0,Pedestrian Collisions,"['Driver', 'Pedestrian']",South,"['Automobile, Station Wagon']",['Going Ahead'],['Driving Properly'],['Normal'],['Pedestrian hit at mid-block'],"['Crossing, no Traffic Control']",['Normal'],[],[],[],D41,False,"['65 to 69', '45 to 49']",3.0
836,2017-04-19 08:00:00,2206,2017,COLLEGE ST,MC CAUL ST,17 m West of,Major Arterial,Toronto and East York,43.659129,-79.393443,629540.5176,4835267.2032,At Intersection,Streetcar (Stop for),Clear,"Dark, artificial",Dry,78,Kensington-Chinatown,78,Kensington-Chinatown (78),Non-Fatal Injury,1,0,1,0,0,0,0,1,0,1,0,0,0,Pedestrian Collisions,"['Driver', 'Passenger', 'Pedestrian']",East,"['Automobile, Station Wagon']",['Going Ahead'],['Failed to Yield Right of Way'],['Inattentive'],['Other / Undefined'],['Person Getting on/off Vehicle'],['Normal'],[],[],[],D52,False,"['35 to 39', '20 to 24', '25 to 29']",3.0
837,2017-04-21 08:00:00,543,2017,LAKE SHORE BLVD W,PARKSIDE DR,700 m East o,Major Arterial,Toronto and East York,43.636943,-79.445483,625390.5225,4832723.2292,Non Intersection,No Control,Clear,"Dark, artificial",Wet,85,South Parkdale,85,South Parkdale (85),Non-Fatal Injury,0,0,1,0,0,0,0,0,1,1,0,0,0,SMV Other,['Driver'],East,"['Automobile, Station Wagon']",['Going Ahead'],['Lost control'],['Fatigue'],[],[],[],[],[],[],D14,False,['60 to 64'],3.0
838,2017-04-21 08:00:00,1530,2017,HALFMOON SQ,CANMORE BLVD,north of,Collector,Scarborough,43.793753,-79.17908,646496.7712,4850576.2442,Intersection Related,No Control,Clear,"Daylight, artificial",Dry,134,Highland Creek,134,Highland Creek (134),Fatal,1,0,1,0,0,0,0,0,0,0,0,0,0,Pedestrian Collisions,"['Pedestrian', 'Driver']",East,"['Automobile, Station Wagon']",['Going Ahead'],['Driving Properly'],['Inattentive'],['Vehicle hits the pedestrian walking or running out from between parked vehicles at mid-block'],['Running onto Roadway'],['Inattentive'],[],[],[],D43,True,"['5 to 9', '50 to 54']",4.0
839,2017-04-23 08:00:00,2044,2017,YONGE ST,ERSKINE AVE,,Major Arterial,North York,43.711005,-79.399272,628959.2995,4841019.6592,At Intersection,Traffic Controller,Clear,Dusk,Dry,173,North Toronto,104,Mount Pleasant West (104),Non-Fatal Injury,0,0,1,1,0,0,0,1,0,1,0,0,0,Turning Movement,"['Driver', 'Motorcycle Driver', 'Motorcycle Passenger']",North,"['Pick Up Truck', 'Motorcycle']","['Turning Left', 'Going Ahead']","['Failed to Yield Right of Way', 'Driving Properly']","['Unknown', 'Normal']",[],[],[],[],[],[],D53,False,"['25 to 29', '50 to 54', '15 to 19']",3.0
840,2017-04-26 08:00:00,1857,2017,LESLIE ST,CORNING RD,,Major Arterial,North York,43.781909,-79.366107,631475.8714,4848946.7345,At/Near Private Drive,No Control,Clear,Daylight,Dry,47,Don Valley Village,47,Don Valley Village (47),Fatal,0,0,1,1,0,0,0,0,0,1,0,0,0,Angle,"['Motorcycle Driver', 'Driver']",East,"['Motorcycle', 'Automobile, Station Wagon']",['Going Ahead'],"['Driving Properly', 'Failed to Yield Right of Way']","['Unknown', 'Normal']",[],[],[],[],[],[],D33,True,"['30 to 34', '45 to 49']",4.0
841,2017-04-29 08:00:00,205,2017,KIPLING AVE,STEVENSON  RD,80 m North o,Major Arterial,Etobicoke York,43.745127,-79.582996,614093.0456,4844539.9695,Non Intersection,No Control,Clear,"Dark, artificial",Dry,2,Mount Olive-Silverstone-Jamestown,2,Mount Olive-Silverstone-Jamestown (2),Non-Fatal Injury,0,0,1,0,0,0,0,1,0,1,0,0,0,Approaching,"['Driver', 'Passenger']",North,"['Automobile, Station Wagon']",['Going Ahead'],"['Failed to Yield Right of Way', 'Driving Properly']",['Normal'],[],[],[],[],[],[],D23,False,"['20 to 24', '50 to 54', '35 to 39', '25 to 29']",3.0
842,2017-04-29 08:00:00,325,2017,DAVENPORT ROAD,BATHURST ST,5 m East of,Major Arterial,Toronto and East York,43.676657,-79.415744,627705.1404,4837179.3452,Intersection Related,Traffic Signal,Clear,"Dark, artificial",Dry,96,Casa Loma,96,Casa Loma (96),Non-Fatal Injury,1,0,1,0,0,0,0,0,0,0,0,0,0,Pedestrian Collisions,"['Driver', 'Pedestrian']",East,"['Automobile, Station Wagon']",['Going Ahead'],['Other'],['Had Been Drinking'],['Vehicle is going straight thru inter.while ped cross without ROW'],['Crossing without right of way'],['Inattentive'],[],[],[],D13,False,"['70 to 74', '30 to 34']",3.0
843,2017-05-02 08:00:00,645,2017,WESTHUMBER BLVD,KIPLING AVE,,Major Arterial,Etobicoke York,43.728068,-79.574611,614800.7788,4842656.9069,At Intersection,Traffic Signal,Clear,"Dawn, artificial",Dry,4,Rexdale-Kipling,4,Rexdale-Kipling (4),Non-Fatal Injury,0,1,1,0,0,0,0,0,0,0,0,0,0,Cyclist Collisions,"['Driver', 'Cyclist']",East,"['Automobile, Station Wagon', 'Bicycle']","['Turning Right', 'Going Ahead']",['Improper Turn'],['Inattentive'],[],[],[],['Motorist turning right on red at signalized intersection strikes cyclist.'],['Driving Properly'],['Normal'],D23,False,"['45 to 49', '60 to 64']",3.0
844,2017-05-03 08:00:00,716,2017,DUNDAS ST W,BEVERLEY ST,,Major Arterial,Toronto and East York,43.65375,-79.393817,629521.9249,4834669.2105,At Intersection,Traffic Signal,Clear,Daylight,Dry,78,Kensington-Chinatown,78,Kensington-Chinatown (78),Non-Fatal Injury,1,0,0,0,1,0,0,0,0,0,0,0,0,Pedestrian Collisions,"['Pedestrian', 'Truck Driver']",East,"['Truck - Closed (Blazer, etc)']",['Going Ahead'],['Driving Properly'],['Normal'],['Vehicle is going straight thru inter.while ped cross without ROW'],['Crossing without right of way'],['Inattentive'],[],[],[],D52,False,"['40 to 44', '60 to 64']",3.0
845,2017-05-03 08:00:00,2142,2017,DON VALLEY PARKWAY  N,LAWRENCE AVE E,400 m North ,,North York,43.742961,-79.33224,634288.2193,4844675.3097,Non Intersection,No Control,Clear,"Dark, artificial",Dry,149,Parkwoods-O'Connor Hills,45,Parkwoods-Donalda (45),Non-Fatal Injury,1,0,1,0,0,0,0,0,0,0,0,0,0,Pedestrian Collisions,"['Pedestrian', 'Driver']",North,"['Automobile, Station Wagon']",['Going Ahead'],['Improper Lane Change'],['Normal'],[],['Other'],['Normal'],[],[],[],D33,False,"['25 to 29', 'unknown']",3.0
846,2017-05-04 08:00:00,1546,2017,SHEPPARD AVE E,MALVERN ST,,Major Arterial,Scarborough,43.794589,-79.234897,642004.1444,4850571.8078,At Intersection,Traffic Controller,Rain,Daylight,Wet,146,Malvern East,132,Malvern (132),Non-Fatal Injury,0,0,1,0,0,0,0,1,0,0,0,0,0,Turning Movement,"['Driver', 'Passenger']",East,"['Automobile, Station Wagon']","['Turning Left', 'Going Ahead']","['Improper Turn', 'Driving Properly']",['Normal'],[],[],[],[],[],[],D42,False,"['40 to 44', '20 to 24']",3.0
847,2017-05-04 08:00:00,2025,2017,NUGGET AVE,MARKHAM RD,,Major Arterial,Scarborough,43.798484,-79.241008,641503.3085,4850993.9429,At Intersection,Traffic Signal,Rain,Daylight,Wet,145,Malvern West,132,Malvern (132),Non-Fatal Injury,1,0,1,0,0,0,0,0,0,1,0,0,0,Pedestrian Collisions,"['Driver', 'Pedestrian']",West,"['Automobile, Station Wagon']",['Turning Left'],['Failed to Yield Right of Way'],['Unknown'],['Vehicle turns left while ped crosses with ROW at inter.'],['Crossing with right of way'],['Normal'],[],[],[],D42,False,"['unknown', '65 to 69']",3.0