accident_number,date,time,year,street1,street2,offset,road_class,district,latitude,longitude,x,y,accident_location,traffctl,visibility,light,road_surface_condition,hood_158,neighbourhood_new,hood_140,neighbourhood_old,accident_class,pedestrian,cyclist,automobile,motorcycle,truck,trsn_city_veh,emerg_veh,passenger,speeding,aggressive_driving,redlight,alcohol,disability,impact_type,involvement_type,initial_direction,vehicle_type,manoeuver,driver_action,driver_condition,pedestrian_type,pedestrian_action,pedestrian_condition,cyclist_type,cyclist_action,cyclist_condition,division,injury,involvement_age,injury_severity_score
893,2017-06-03 08:00:00,2330,2017,ST CLAIR AVE W,CALEDONIA RD,,Major Arterial,Toronto and East York,43.67528,-79.45473,624565.3413,4836967.1254,Intersection Related,Traffic Signal,Clear,"Dark, artificial",Dry,92,Corso Italia-Davenport,92,Corso Italia-Davenport (92),Non-Fatal Injury,0,1,1,0,0,0,0,0,0,1,0,0,0,Cyclist Collisions,"['Driver', 'Cyclist']",West,"['Automobile, Station Wagon', 'Bicycle']",['Going Ahead'],['Improper Passing'],['Inattentive'],[],[],[],['Cyclist and Driver travelling in same direction. One vehicle sideswipes the other.'],['Driving Properly'],['Normal'],D13,False,"['unknown', '40 to 44']",3.0
894,2017-06-05 08:00:00,1732,2017,KIPLING  AVE,NAMCO  RD,,Major Arterial,Etobicoke York,43.708155,-79.565051,615609.0342,4840458.5794,At Intersection,Stop Sign,Clear,Daylight,Dry,1,West Humber-Clairville,1,West Humber-Clairville (1),Non-Fatal Injury,0,0,1,1,0,0,0,1,0,1,0,0,0,Angle,"['Driver', 'Motorcycle Driver', 'Passenger']",East,"['Automobile, Station Wagon', 'Motorcycle']",['Going Ahead'],"['Failed to Yield Right of Way', 'Driving Properly']",['Normal'],[],[],[],[],[],[],D23,False,"['30 to 34', '60 to 64', '55 to 59']",3.0
895,2017-06-06 08:00:00,825,2017,BAYVIEW AVE,POTTERY RD,3 m South of,Major Arterial,North York,43.688643,-79.36375,631870.0996,4838591.9217,Non Intersection,No Control,Rain,Daylight,Wet,56,Leaside-Bennington,56,Leaside-Bennington (56),Non-Fatal Injury,0,0,0,1,0,0,0,0,0,0,0,0,0,SMV Other,['Motorcycle Driver'],South,['Motorcycle'],['Slowing or Stopping'],['Lost control'],['Normal'],[],[],[],[],[],[],D53,False,['25 to 29'],3.0
896,2017-06-06 08:00:00,1320,2017,MARKHAM  RD,ELLESMERE RD,69 m North o,Major Arterial,Scarborough,43.777068,-79.231982,642280.2263,4848630.8275,Non Intersection,No Control,Rain,Daylight,Wet,142,Woburn North,137,Woburn (137),Non-Fatal Injury,1,0,1,0,0,0,0,0,0,0,0,0,0,Pedestrian Collisions,"['Pedestrian', 'Driver']",South,"['Automobile, Station Wagon']",['Going Ahead'],['Lost control'],['Normal'],['Pedestrian hit on sidewalk or shoulder'],['On Sidewalk or Shoulder'],['Normal'],[],[],[],D43,False,"['20 to 24', '40 to 44']",3.0
897,2017-06-07 08:00:00,701,2017,COLLEGE ST,DUFFERIN ST,,Major Arterial,Toronto and East York,43.652568,-79.432521,626403.2993,4834478.2491,Intersection Related,Traffic Signal,Clear,Daylight,Dry,84,Little Portugal,84,Little Portugal (84),Non-Fatal Injury,0,1,1,0,0,0,0,0,0,1,0,0,0,Cyclist Collisions,"['Driver', 'Cyclist']",East,"['Pick Up Truck', 'Bicycle']","['Turning Left', 'Going Ahead']",['Failed to Yield Right of Way'],['Inattentive'],[],[],[],['Motorist turned left across cyclists path.'],['Driving Properly'],['Normal'],D14,False,"['50 to 54', '65 to 69']",3.0
898,2017-06-07 08:00:00,715,2017,DUNDAS ST W,ELIZABETH ST,,Major Arterial,Toronto and East York,43.655352,-79.385181,630214.8732,4834860.6499,At Intersection,No Control,Clear,Daylight,Dry,170,Yonge-Bay Corridor,76,Bay Street Corridor (76),Non-Fatal Injury,0,1,1,0,0,0,0,0,0,1,0,0,0,Cyclist Collisions,"['Driver', 'Cyclist']",East,"['Automobile, Station Wagon', 'Bicycle']","['Turning Left', 'Going Ahead']",['Failed to Yield Right of Way'],['Inattentive'],[],[],[],['Motorist turned left across cyclists path.'],['Driving Properly'],['Normal'],D52,False,"['55 to 59', '25 to 29']",3.0
899,2017-06-08 08:00:00,1030,2017,DAVENPORT RD,AVENUE RD,100 m East o,Major Arterial,Toronto and East York,43.674872,-79.395358,629352.2852,4837012.6859,Non Intersection,No Control,Clear,Daylight,Dry,95,Annex,95,Annex (95),Non-Fatal Injury,0,1,0,0,1,0,0,0,0,0,0,0,0,Cyclist Collisions,"['Truck Driver', 'Cyclist']",East,"['Truck - Closed (Blazer, etc)', 'Bicycle']",['Going Ahead'],['Other'],['Normal'],[],[],[],['Cyclist and Driver travelling in same direction. One vehicle sideswipes the other.'],['Other'],['Normal'],D53,False,"['35 to 39', '20 to 24']",3.0
900,2017-06-09 08:00:00,135,2017,SYMINGTON AVE,DUPONT ST,50 m South o,Collector,Toronto and East York,43.665156,-79.451022,624885.2438,4835848.2957,Non Intersection,No Control,Clear,"Dark, artificial",Dry,171,Junction-Wallace Emerson,93,Dovercourt-Wallace Emerson-Junction (93),Non-Fatal Injury,0,0,1,0,0,0,0,0,0,1,0,0,0,SMV Unattended Vehicle,['Driver'],South,"['Automobile, Station Wagon']",['Going Ahead'],['Lost control'],['Unknown'],[],[],[],[],[],[],D11,False,['20 to 24'],3.0
901,2017-06-09 08:00:00,1543,2017,DANFORTH AV,COXWELL AV              (542),10 m East of,Major Arterial,Toronto and East York,43.683394,-79.323482,635127.2352,4838073.7711,Intersection Related,Traffic Signal,Clear,Daylight,Dry,64,Woodbine Corridor,66,Danforth (66),Non-Fatal Injury,0,1,1,0,0,0,0,0,0,0,0,0,0,Cyclist Collisions,"['Cyclist', 'Driver']",West,"['Bicycle', 'Automobile, Station Wagon']","['Changing Lanes', 'Going Ahead']",['Driving Properly'],['Normal'],[],[],[],['Cyclist and Driver travelling in same direction. One vehicle sideswipes the other.'],['Improper Lane Change'],['Normal'],D55,False,"['60 to 64', '55 to 59']",3.0
902,2017-06-10 08:00:00,1055,2017,DANFORTH RD,WETHERBY DR,35 m South o,Major Arterial,Scarborough,43.73878,-79.245494,641282.9324,4844355.2225,Non Intersection,No Control,Clear,Daylight,Dry,138,Eglinton East,138,Eglinton East (138),Non-Fatal Injury,0,0,0,0,0,1,0,1,0,0,0,0,0,Other,"['Driver', 'Passenger']",North,['Municipal Transit Bus (TTC)'],['Pulling Away from Shoulder or Curb'],['Driving Properly'],['Normal'],[],[],[],[],[],[],D43,False,"['30 to 34', '80 to 84']",3.0
903,2017-06-10 08:00:00,1404,2017,FINCH  AVE E,PHARMACY AVE,233 m East o,Major Arterial,Scarborough,43.794886,-79.323169,634901.8376,4850457.1242,Non Intersection,No Control,Clear,Daylight,Dry,147,L'Amoreaux West,117,L'Amoreaux (117),Non-Fatal Injury,1,0,0,1,0,0,0,0,1,1,0,0,0,Pedestrian Collisions,"['Motorcycle Driver', 'Pedestrian']",East,['Motorcycle'],['Going Ahead'],['Exceeding Speed Limit'],['Inattentive'],['Pedestrian hit at mid-block'],"['Crossing, no Traffic Control']",['Normal'],[],[],[],D42,False,"['25 to 29', '60 to 64']",3.0
904,2017-06-11 08:00:00,635,2017,50 TORYORK DR,,3 m East of,Collector,Etobicoke York,43.753699,-79.544574,617169.9683,4845545.6461,At/Near Private Drive,No Control,Clear,"Dark, artificial",Dry,21,Humber Summit,21,Humber Summit (21),Non-Fatal Injury,0,0,1,0,0,0,0,0,1,1,0,0,0,SMV Other,['Driver'],East,"['Automobile, Station Wagon']",['Going Ahead'],['Lost control'],['Inattentive'],[],[],[],[],[],[],D31,False,['45 to 49'],3.0
905,2017-06-11 08:00:00,1605,2017,5 WAKUNDA PL,O CONNOR DR,,Major Arterial,Toronto and East York,43.715914,-79.304904,636550.7924,4841716.0173,Intersection Related,No Control,Clear,Daylight,Dry,43,Victoria Village,43,Victoria Village (43),Non-Fatal Injury,0,1,1,0,0,0,0,0,0,0,0,0,0,Cyclist Collisions,"['Cyclist', 'Driver']",East,"['Bicycle', 'Automobile, Station Wagon']","['Other', 'Going Ahead']",['Driving Properly'],['Normal'],[],[],[],['Insufficient information (to determine cyclist crash type).'],['Other'],['Unknown'],D55,False,"['25 to 29', '40 to 44']",3.0
906,2017-06-11 08:00:00,1922,2017,1755 LAKE SHORE BLVD W,,9 m North of,Major Arterial,Toronto and East York,43.637885,-79.457416,624426.0289,4832809.8932,Non Intersection,No Control,Clear,Daylight,Dry,85,South Parkdale,85,South Parkdale (85),Non-Fatal Injury,0,0,0,1,1,0,0,0,0,1,0,0,0,Sideswipe,"['Truck Driver', 'Motorcycle Driver']",East,"['Truck - Closed (Blazer, etc)', 'Motorcycle']","['Changing Lanes', 'Going Ahead']","['Improper Passing', 'Driving Properly']","['Inattentive', 'Normal']",[],[],[],[],[],[],D11,False,"['25 to 29', '20 to 24']",3.0
907,2017-06-13 08:00:00,854,2017,BATHURST ST,REINER RD,3 m South of,Major Arterial,North York,43.752307,-79.437686,625778.0394,4845547.7976,At Intersection,Stop Sign,Clear,Daylight,Dry,38,Lansing-Westgate,38,Lansing-Westgate (38),Non-Fatal Injury,0,0,1,0,0,0,0,1,1,1,0,0,0,Turning Movement,"['Passenger', 'Driver']",North,"['Automobile, Station Wagon', 'Delivery Van']","['Going Ahead', 'Turning Left']","['Driving Properly', 'Exceeding Speed Limit', 'Failed to Yield Right of Way']","['Normal', 'Unknown']",[],[],[],[],[],[],D32,False,"['15 to 19', '75 to 79', '20 to 24', '45 to 49', '65 to 69']",3.0
908,2017-06-13 08:00:00,1505,2017,BURNHAMTHORPE RD,MARTIN GROVE RD,25 m West of,Major Arterial,Etobicoke York,43.648734,-79.548938,617022.6656,4833881.6891,Intersection Related,No Control,Clear,Daylight,Dry,158,Islington,14,Islington-City Centre West (14),Non-Fatal Injury,0,0,1,1,0,0,0,1,0,0,0,0,0,Rear End,"['Motorcycle Driver', 'Driver', 'Passenger']",West,"['Motorcycle', 'Automobile, Station Wagon']","['Going Ahead', 'Stopped']","['Other', 'Driving Properly']","['Inattentive', 'Normal']",[],[],[],[],[],[],D22,False,"['20 to 24', '60 to 64', '70 to 74']",3.0
909,2017-06-13 08:00:00,1606,2017,5085 SHEPPARD AVE E,,,Major Arterial,Scarborough,43.793505,-79.24007,641590.5272,4850442.5492,Non Intersection,No Control,Clear,Daylight,Dry,128,Agincourt South-Malvern West,128,Agincourt South-Malvern West (128),Fatal,0,0,1,0,0,0,0,1,0,0,0,0,0,Turning Movement,"['Driver', 'Passenger']",East,"['Automobile, Station Wagon']","['Turning Left', 'Going Ahead']","['Improper Turn', 'Driving Properly']",['Normal'],[],[],[],[],[],[],D42,True,"['25 to 29', '40 to 44', '0 to 4', '55 to 59']",4.0
910,2017-06-13 08:00:00,1719,2017,SHEPPARD AVE E,DON MILLS RD,1 m West of,Major Arterial,North York,43.775035,-79.347003,633028.3881,4848213.7883,At Intersection,Traffic Controller,Clear,Daylight,Dry,53,Henry Farm,53,Henry Farm (53),Non-Fatal Injury,0,0,1,0,0,0,0,1,0,0,0,0,1,Rear End,"['Driver', 'Passenger']",East,"['Automobile, Station Wagon']","['Going Ahead', 'Stopped']","['Other', 'Driving Properly']","['Medical or Physical Disability', 'Normal']",[],[],[],[],[],[],D33,False,"['70 to 74', '25 to 29']",3.0
911,2017-06-13 08:00:00,2001,2017,DON VALLEY PARKWAY  N,EGLINTON AVE E,80 m North o,,North York,43.725211,-79.330257,634487.6206,4842707.1268,Non Intersection,No Control,Clear,Daylight,Dry,42,Banbury-Don Mills,42,Banbury-Don Mills (42),Non-Fatal Injury,0,0,1,1,0,0,0,0,0,1,0,0,0,Sideswipe,"['Motorcycle Driver', 'Driver']",North,"['Motorcycle', 'Automobile, Station Wagon']","['Changing Lanes', 'Going Ahead']","['Lost control', 'Driving Properly']",['Normal'],[],[],[],[],[],[],D33,False,"['25 to 29', '20 to 24']",3.0
912,2017-06-15 08:00:00,1200,2017,MORNINGVIEW TRL,BLACKHURST CRT,3 m South of,Local,Scarborough,43.818915,-79.200221,644735.1257,4853333.6914,Intersection Related,No Control,Clear,Daylight,Dry,144,Morningside Heights,131,Rouge (131),Non-Fatal Injury,1,0,0,0,0,1,0,0,0,0,0,0,0,Pedestrian Collisions,"['Driver', 'Pedestrian']",North,['Municipal Transit Bus (TTC)'],['Going Ahead'],['Driving Properly'],['Normal'],['Pedestrian involved in a collision with transit vehicle anywhere along roadway'],['Coming From Behind Parked Vehicle'],['Normal'],[],[],[],D42,False,"['65 to 69', '50 to 54']",3.0
913,2017-06-16 08:00:00,21,2017,LAKE SHORE BLVD E,CARLAW AVE,,Major Arterial,Toronto and East York,43.654887,-79.337398,634069.0496,4834885.1017,At Intersection,Traffic Signal,Clear,"Dark, artificial",Dry,70,South Riverdale,70,South Riverdale (70),Non-Fatal Injury,0,0,1,1,0,0,0,1,0,0,0,0,0,Turning Movement,"['Driver', 'Motorcycle Driver', 'Motorcycle Passenger']",East,"['Automobile, Station Wagon', 'Motorcycle']","['Turning Left', 'Going Ahead']","['Improper Turn', 'Driving Properly']",['Normal'],[],[],[],[],[],[],D55,False,"['35 to 39', '25 to 29']",3.0
914,2017-06-16 08:00:00,1513,2017,DUFFERIN ST,HUNTER AVE,200 m South ,Major Arterial,Toronto and East York,43.693637,-79.449458,624952.2078,4839013.8497,Non Intersection,No Control,Clear,Daylight,Dry,109,Caledonia-Fairbank,109,Caledonia-Fairbank (109),Non-Fatal Injury,0,0,1,0,0,0,0,1,0,1,0,0,0,Rear End,"['Driver', 'Passenger']",North,"['Pick Up Truck', 'Automobile, Station Wagon']","['Going Ahead', 'Stopped']","['Following too Close', 'Driving Properly']","['Inattentive', 'Normal']",[],[],[],[],[],[],D13,False,"['55 to 59', '40 to 44', '15 to 19']",3.0
915,2017-06-16 08:00:00,1820,2017,YONGE  ST,ADELAIDE ST W,12 m South o,Major Arterial,Toronto and East York,43.650336,-79.378429,630770.2294,4834314.1752,Intersection Related,No Control,Clear,Daylight,Dry,168,Downtown Yonge East,75,Church-Yonge Corridor (75),Non-Fatal Injury,0,0,1,0,1,0,0,0,0,0,0,0,0,Sideswipe,"['Driver', 'Truck Driver']",South,"['Automobile, Station Wagon', 'Truck - Closed (Blazer, etc)']","['Going Ahead', 'Changing Lanes']","['Driving Properly', 'Improper Lane Change']","['Inattentive', 'Normal']",[],[],[],[],[],[],D51,False,"['30 to 34', '35 to 39']",3.0
916,2017-06-16 08:00:00,2101,2017,MARTIN GROVE RD,SILVERSTONE DR,101 m South ,Minor Arterial,Etobicoke York,43.750025,-79.598178,612861.422,4845063.1665,Non Intersection,No Control,Rain,"Dark, artificial",Wet,2,Mount Olive-Silverstone-Jamestown,2,Mount Olive-Silverstone-Jamestown (2),Non-Fatal Injury,1,0,1,0,0,0,0,0,0,0,0,0,0,Pedestrian Collisions,"['Driver', 'Pedestrian']",East,"['Automobile, Station Wagon']",['Going Ahead'],['Driving Properly'],['Normal'],['Pedestrian hit at mid-block'],"['Crossing, no Traffic Control']",['Medical or Physical Disability'],[],[],[],D23,False,"['70 to 74', '10 to 14']",3.0
917,2017-06-19 08:00:00,1543,2017,MARKHAM RD,PROGRESS AVE,,Major Arterial,Scarborough,43.781672,-79.233852,642118.8282,4849138.9624,At Intersection,Traffic Signal,Clear,Daylight,Dry,142,Woburn North,137,Woburn (137),Non-Fatal Injury,0,0,1,1,0,0,0,0,0,0,0,0,0,Turning Movement,"['Motorcycle Driver', 'Driver', 'Other']",North,"['Motorcycle', 'Automobile, Station Wagon']","['Turning Left', 'Going Ahead']","['Improper Turn', 'Driving Properly']","['Inattentive', 'Normal']",[],[],[],[],[],[],D43,False,"['20 to 24', '55 to 59', 'unknown']",3.0
918,2017-06-20 08:00:00,1227,2017,5799 YONGE ST,,2 m East of,Major Arterial,North York,43.784888,-79.416782,627391.7979,4849198.3664,At/Near Private Drive,Stop Sign,Clear,Daylight,Dry,50,Newtonbrook East,50,Newtonbrook East (50),Non-Fatal Injury,1,0,1,0,0,0,0,0,0,1,0,0,0,Pedestrian Collisions,"['Driver', 'Pedestrian']",South,"['Automobile, Station Wagon']",['Turning Right'],['Failed to Yield Right of Way'],['Normal'],['Pedestrian hit at private driveway'],['On Sidewalk or Shoulder'],['Normal'],[],[],[],D32,False,"['65 to 69', '70 to 74']",3.0
919,2017-06-20 08:00:00,1550,2017,SIMCOE ST,QUEEN ST W,7 m North of,Major Arterial,Toronto and East York,43.650595,-79.387454,630041.8492,4834328.758,Laneway,No Control,Clear,Daylight,Dry,164,Wellington Place,77,Waterfront Communities-The Island (77),Non-Fatal Injury,1,0,1,0,0,0,0,0,0,0,0,0,0,Pedestrian Collisions,"['Driver', 'Pedestrian']",Unknown,"['Automobile, Station Wagon']",['Turning Right'],['Driving Properly'],['Normal'],['Other / Undefined'],['Other'],['Other'],[],[],[],D52,False,"['50 to 54', '55 to 59']",3.0
920,2017-06-21 08:00:00,1700,2017,LAWRENCE AVE W,KIMBARK BLVD,12 m West of,Major Arterial,North York,43.721591,-79.41846,627391.0097,4842165.7122,At Intersection,No Control,Clear,Daylight,Dry,39,Bedford Park-Nortown,39,Bedford Park-Nortown (39),Non-Fatal Injury,0,0,1,0,0,0,0,1,0,0,0,0,0,SMV Other,"['Driver', 'Passenger']",East,"['Automobile, Station Wagon']",['Going Ahead'],['Lost control'],['Other'],[],[],[],[],[],[],D53,False,['60 to 64'],3.0
921,2017-06-23 08:00:00,1510,2017,YORKVILLE AVE,YONGE ST,65 m West of,Collector,Toronto and East York,43.671492,-79.389255,629851.5506,4836646.8268,Non Intersection,No Control,Clear,Daylight,Dry,95,Annex,95,Annex (95),Non-Fatal Injury,1,0,1,0,0,0,0,1,0,0,0,0,0,Pedestrian Collisions,"['Driver', 'Passenger', 'Pedestrian']",South,"['Automobile, Station Wagon']",['Reversing'],['Driving Properly'],['Inattentive'],['Vehicle is reversing and hits pedestrian'],"['Crossing, no Traffic Control']",['Inattentive'],[],[],[],D53,False,"['45 to 49', '10 to 14', '85 to 89']",3.0
922,2017-06-26 08:00:00,1045,2017,WELLESLEY ST E,CHURCH ST,,Minor Arterial,Toronto and East York,43.665648,-79.380916,630536.4807,4836010.8596,At Intersection,Traffic Signal,Clear,Daylight,Dry,167,Church-Wellesley,75,Church-Yonge Corridor (75),Non-Fatal Injury,1,0,0,0,1,0,0,0,0,1,0,0,0,Pedestrian Collisions,"['Pedestrian', 'Truck Driver']",East,['Truck-Tractor'],['Turning Right'],['Failed to Yield Right of Way'],['Normal'],['Vehicle turns right while ped crosses with ROW at inter.'],['Crossing with right of way'],['Normal'],[],[],[],D51,False,"['70 to 74', '55 to 59']",3.0
923,2017-06-28 08:00:00,1155,2017,ST CLAIR AVE W,AVENUE RD,29 m West of,Major Arterial,North York,43.686503,-79.401767,628810.7496,4838294.4922,Non Intersection,No Control,Clear,Daylight,Dry,96,Casa Loma,96,Casa Loma (96),Non-Fatal Injury,1,0,0,0,0,1,0,0,0,0,0,0,0,Pedestrian Collisions,"['Driver', 'Pedestrian']",East,['Street Car'],['Going Ahead'],['Driving Properly'],['Normal'],['Pedestrian involved in a collision with transit vehicle anywhere along roadway'],['Running onto Roadway'],['Medical or Physical Disability'],[],[],[],D53,False,"['25 to 29', '75 to 79']",3.0
924,2017-06-28 08:00:00,1648,2017,MIDDELFIELD ROAD,PEBBLEWOOD AVENUE,,Minor Arterial,Scarborough,43.823207,-79.263141,639665.142,4853702.2278,At Intersection,No Control,Clear,Daylight,Dry,130,Milliken,130,Milliken (130),Non-Fatal Injury,1,0,1,0,0,0,0,0,0,0,0,0,0,Pedestrian Collisions,"['Driver', 'Pedestrian']",North,"['Automobile, Station Wagon']",['Going Ahead'],['Driving Properly'],['Normal'],['Vehicle is going straight thru inter.while ped cross without ROW'],['Coming From Behind Parked Vehicle'],['Inattentive'],[],[],[],D42,False,"['65 to 69', '15 to 19']",3.0
925,2017-06-28 08:00:00,1800,2017,DANFORTH AVE,WOODYCREST AVE,33 m West of,Major Arterial,Toronto and East York,43.679412,-79.342189,633628.2758,4837601.2045,At/Near Private Drive,No Control,Clear,Daylight,Dry,69,Blake-Jones,69,Blake-Jones (69),Non-Fatal Injury,0,1,1,0,0,0,0,1,0,0,0,0,0,Cyclist Collisions,"['Driver', 'Cyclist', 'Passenger']",East,"['Automobile, Station Wagon', 'Bicycle']","['Turning Left', 'Going Ahead']",['Improper Turn'],['Inattentive'],[],[],[],['Motorist turned left across cyclists path.'],['Driving Properly'],['Normal'],D55,False,"['35 to 39', '0 to 4']",3.0
926,2017-06-29 08:00:00,248,2017,196 DUPONT ST,,,Major Arterial,Toronto and East York,43.675368,-79.404186,628639.5817,4837054.0444,Non Intersection,No Control,Rain,"Dark, artificial",Wet,95,Annex,95,Annex (95),Non-Fatal Injury,1,0,1,0,0,0,0,0,0,0,0,0,0,Pedestrian Collisions,"['Driver', 'Pedestrian']",East,"['Automobile, Station Wagon']",['Going Ahead'],['Driving Properly'],['Normal'],['Pedestrian hit at mid-block'],"['Crossing, no Traffic Control']",['Had Been Drinking'],[],[],[],D53,False,['30 to 34'],3.0
927,2017-06-29 08:00:00,1808,2017,THE WEST MALL,CAMBRIAN RD,98 m South o,Minor Arterial,Etobicoke York,43.651934,-79.570628,615267.3145,4834206.7339,Non Intersection,No Control,Clear,Daylight,Dry,13,Etobicoke West Mall,13,Etobicoke West Mall (13),Non-Fatal Injury,0,0,1,0,0,1,0,1,0,1,0,0,0,Angle,"['Driver', 'Passenger']",North,"['Passenger Van', 'Municipal Transit Bus (TTC)']",['Going Ahead'],"['Failed to Yield Right of Way', 'Driving Properly']",['Normal'],[],[],[],[],[],[],D22,False,"['15 to 19', '40 to 44', '20 to 24']",3.0
928,2017-06-30 08:00:00,1304,2017,847 JANE ST,,,Collector,Etobicoke York,43.676146,-79.494518,621356.228,4837004.325,Non Intersection,No Control,Clear,Daylight,Dry,111,Rockcliffe-Smythe,111,Rockcliffe-Smythe (111),Fatal,0,1,1,0,0,0,0,0,0,0,0,0,0,Cyclist Collisions,"['Cyclist', 'Driver']",West,"['Bicycle', 'Delivery Van']","['Going Ahead', 'Turning Right']",['Improper Turn'],['Normal'],[],[],[],"['Motorist turns right at non-signal Inter.(stop, yield, no cont.,and dwy) and strikes cyclist.']",['Driving Properly'],['Normal'],D12,True,"['70 to 74', '60 to 64']",4.0
929,2017-07-01 08:00:00,306,2017,JANE ST,LAWRENCE AVE W,8 m North of,Major Arterial,Etobicoke York,43.702807,-79.503795,620554.983,4839951.8585,At Intersection,Traffic Signal,Clear,"Dark, artificial",Dry,30,Brookhaven-Amesbury,30,Brookhaven-Amesbury (30),Non-Fatal Injury,0,0,1,1,0,0,0,1,0,0,0,0,0,Rear End,"['Motorcycle Driver', 'Driver', 'Passenger']",North,"['Motorcycle', 'Automobile, Station Wagon']","['Going Ahead', 'Slowing or Stopping']","['Driving Properly', 'Improper Lane Change']","['Normal', 'Inattentive']",[],[],[],[],[],[],D12,False,"['35 to 39', '65 to 69', '20 to 24']",3.0
930,2017-07-01 08:00:00,2240,2017,THE WEST MALL,HOLIDAY DR,90 m North o,Minor Arterial,Etobicoke York,43.650077,-79.568996,615402.4794,4834002.7586,Non Intersection,No Control,Clear,"Dark, artificial",Dry,13,Etobicoke West Mall,13,Etobicoke West Mall (13),Non-Fatal Injury,1,0,1,0,0,0,0,1,0,0,0,0,0,Pedestrian Collisions,"['Driver', 'Passenger', 'Pedestrian']",West,['Pick Up Truck'],['Going Ahead'],['Driving Properly'],['Normal'],['Pedestrian hit at mid-block'],"['Crossing, no Traffic Control']",['Inattentive'],[],[],[],D22,False,"['40 to 44', '20 to 24', '30 to 34', '10 to 14', '15 to 19']",3.0
931,2017-07-03 08:00:00,1312,2017,ST CLAIR AVE W,AVENUE RD,,Major Arterial,Toronto and East York,43.686568,-79.401454,628835.8372,4838302.1975,At Intersection,Traffic Signal,Clear,Daylight,Dry,97,Yonge-St.Clair,97,Yonge-St.Clair (97),Non-Fatal Injury,0,1,0,0,0,1,0,0,0,0,0,0,0,Cyclist Collisions,"['Cyclist', 'Driver']",East,"['Bicycle', 'Street Car']","['Turning Left', 'Going Ahead']",['Driving Properly'],['Inattentive'],[],[],[],['Cyclist turned left across motorists path.'],['Improper Turn'],['Normal'],D53,False,"['55 to 59', '45 to 49']",3.0
932,2017-07-06 08:00:00,835,2017,DIXON  RD,SKYWAY  AVE,,Major Arterial,Etobicoke York,43.687876,-79.58678,613896.7761,4838176.2507,At Intersection,Traffic Signal,Clear,Daylight,Dry,1,West Humber-Clairville,1,West Humber-Clairville (1),Non-Fatal Injury,0,1,1,0,0,0,0,0,0,1,0,0,0,Cyclist Collisions,"['Driver', 'Cyclist']",North,"['Automobile, Station Wagon', 'Bicycle']","['Turning Right', 'Going Ahead']",['Failed to Yield Right of Way'],['Inattentive'],[],[],[],['Motorist turning right on red at signalized intersection strikes cyclist.'],['Other'],['Normal'],D23,False,['20 to 24'],3.0
933,2017-07-06 08:00:00,1547,2017,DANFORTH AVE,MAIN ST,90 m West of,Major Arterial,Toronto and East York,43.687918,-79.302562,636803.1207,4838610.5238,At/Near Private Drive,No Control,Clear,Daylight,Dry,62,East End-Danforth,62,East End-Danforth (62),Non-Fatal Injury,0,1,1,0,0,0,0,0,0,1,0,0,0,Cyclist Collisions,"['Driver', 'Cyclist']",East,"['Automobile, Station Wagon', 'Bicycle']","['Turning Left', 'Going Ahead']",['Failed to Yield Right of Way'],['Inattentive'],[],[],[],['Motorist turned left across cyclists path.'],['Driving Properly'],['Normal'],D55,False,"['55 to 59', '50 to 54']",3.0
934,2017-07-06 08:00:00,2300,2017,HIGHWAY 27  N,QUEENS PLATE DR,,Major Arterial,Etobicoke York,43.72275,-79.598026,612924.9146,4842034.0987,At Intersection,Traffic Signal,Clear,Dark,Dry,1,West Humber-Clairville,1,West Humber-Clairville (1),Non-Fatal Injury,0,0,1,1,0,0,0,0,0,1,0,0,0,Turning Movement,"['Driver', 'Motorcycle Driver']",North,"['Automobile, Station Wagon', 'Motorcycle']","['Turning Left', 'Going Ahead']","['Failed to Yield Right of Way', 'Driving Properly']",['Normal'],[],[],[],[],[],[],D23,False,"['60 to 64', '30 to 34']",3.0
935,2017-07-08 08:00:00,1900,2017,KIPLING  AVE,CLEMENT RD,,Major Arterial,Etobicoke York,43.681307,-79.552768,616650.6835,4837493.9492,At Intersection,Traffic Signal,Clear,Daylight,Dry,7,Willowridge-Martingrove-Richview,7,Willowridge-Martingrove-Richview (7),Non-Fatal Injury,0,0,1,1,0,0,0,0,1,1,0,0,0,Turning Movement,"['Driver', 'Motorcycle Driver']",North,"['Automobile, Station Wagon', 'Motorcycle']","['Turning Left', 'Going Ahead']","['Improper Turn', 'Speed too Fast For Condition']","['Normal', 'Unknown']",[],[],[],[],[],[],D23,False,"['75 to 79', '20 to 24']",3.0
936,2017-07-08 08:00:00,2007,2017,BAYVIEW AVE,BLOOR W BAYVIEW N RAMP,240 m North ,Major Arterial,Toronto and East York,43.680995,-79.36806,631539.4555,4837735.6611,Non Intersection,No Control,Clear,Daylight,Dry,98,Rosedale-Moore Park,98,Rosedale-Moore Park (98),Fatal,0,0,1,1,0,0,0,0,0,0,0,0,0,Turning Movement,"['Motorcycle Driver', 'Driver']",North,"['Motorcycle', 'Automobile, Station Wagon']","['Going Ahead', 'Making U Turn']","['Driving Properly', 'Improper Turn']",['Normal'],[],[],[],[],[],[],D53,True,"['35 to 39', '45 to 49']",4.0
937,2017-07-10 08:00:00,1200,2017,LYNVALLEY CRES,VICTORIA PARK AVE,,Major Arterial,North York,43.747889,-79.311778,635924.6853,4845256.0108,At Intersection,Traffic Signal,Clear,"Daylight, artificial",Dry,119,Wexford/Maryvale,119,Wexford/Maryvale (119),Non-Fatal Injury,1,0,1,0,0,0,0,0,0,1,0,0,0,Pedestrian Collisions,"['Driver', 'Pedestrian']",East,"['Automobile, Station Wagon']",['Turning Left'],['Failed to Yield Right of Way'],['Inattentive'],['Vehicle turns left while ped crosses with ROW at inter.'],['Crossing with right of way'],['Normal'],[],[],[],D41,False,"['40 to 44', '50 to 54']",3.0