accident_number,date,time,year,street1,street2,offset,road_class,district,latitude,longitude,x,y,accident_location,traffctl,visibility,light,road_surface_condition,hood_158,neighbourhood_new,hood_140,neighbourhood_old,accident_class,pedestrian,cyclist,automobile,motorcycle,truck,trsn_city_veh,emerg_veh,passenger,speeding,aggressive_driving,redlight,alcohol,disability,impact_type,involvement_type,initial_direction,vehicle_type,manoeuver,driver_action,driver_condition,pedestrian_type,pedestrian_action,pedestrian_condition,cyclist_type,cyclist_action,cyclist_condition,division,injury,involvement_age,injury_severity_score
982,2017-08-18 08:00:00,1055,2017,FAYWOOD  BLVD,WILSON  AVE,1 m South of,Major Arterial,North York,43.734683,-79.446399,625113.2785,4843577.2009,At Intersection,Stop Sign,Clear,Daylight,Dry,33,Clanton Park,33,Clanton Park (33),Non-Fatal Injury,0,1,1,0,0,0,0,0,0,1,0,0,0,Cyclist Collisions,"['Driver', 'Cyclist']",South,"['Automobile, Station Wagon', 'Bicycle']","['Turning Right', 'Going Ahead']",['Failed to Yield Right of Way'],['Inattentive'],[],[],[],"['Motorist turns right at non-signal Inter.(stop, yield, no cont.,and dwy) and strikes cyclist.']",['Driving Properly'],['Normal'],D32,False,"['45 to 49', '55 to 59']",3.0
983,2017-08-18 08:00:00,1444,2017,NORTH QUEEN ST,NOVA RD,80 m North o,Minor Arterial,Etobicoke York,43.616969,-79.557323,616407.7508,4830342.0042,At/Near Private Drive,Stop Sign,Clear,Daylight,Dry,159,Etobicoke City Centre,14,Islington-City Centre West (14),Non-Fatal Injury,0,0,1,0,0,0,0,1,0,1,0,0,0,Turning Movement,"['Driver', 'Passenger']",North,"['Automobile, Station Wagon']","['Turning Left', 'Going Ahead']","['Failed to Yield Right of Way', 'Driving Properly']","['Inattentive', 'Normal']",[],[],[],[],[],[],D22,False,"['25 to 29', '40 to 44', '60 to 64', '0 to 4']",3.0
984,2017-08-18 08:00:00,1622,2017,MIDLAND AVE,EGLINTON AVE E,25 m South o,Major Arterial,Scarborough,43.734458,-79.258067,640280.5624,4843853.8348,Intersection Related,No Control,Clear,Daylight,Dry,124,Kennedy Park,124,Kennedy Park (124),Non-Fatal Injury,1,0,1,0,0,0,0,0,0,0,0,0,0,Pedestrian Collisions,"['Driver', 'Pedestrian']",South,"['Automobile, Station Wagon']",['Going Ahead'],['Driving Properly'],['Normal'],['Pedestrian hit at mid-block'],"['Crossing, no Traffic Control']",['Inattentive'],[],[],[],D41,False,"['65 to 69', '25 to 29']",3.0
985,2017-08-18 08:00:00,2305,2017,FINCH  AVE W,DUNCANWOODS  DR,10 m West of,Major Arterial,Etobicoke York,43.748725,-79.55759,616131.7192,4844974.8817,At Intersection,Traffic Signal,Clear,"Dark, artificial",Dry,22,Humbermede,22,Humbermede (22),Non-Fatal Injury,1,0,1,0,0,0,0,1,0,0,0,0,0,Pedestrian Collisions,"['Pedestrian', 'Passenger', 'Driver']",North,"['Automobile, Station Wagon']",['Going Ahead'],['Driving Properly'],['Normal'],['Vehicle is going straight thru inter.while ped cross without ROW'],['Crossing without right of way'],['Inattentive'],[],[],[],D31,False,"['25 to 29', '55 to 59', '35 to 39']",3.0
986,2017-08-19 08:00:00,2309,2017,HINTON RD,KIPLING AVE,120 m East o,Local,Etobicoke York,43.726092,-79.571864,615025.8056,4842441.2534,At/Near Private Drive,No Control,Clear,"Dark, artificial",Dry,4,Rexdale-Kipling,4,Rexdale-Kipling (4),Non-Fatal Injury,0,0,1,1,0,0,0,0,0,1,0,0,0,Turning Movement,"['Motorcycle Driver', 'Driver']",East,"['Motorcycle', 'Automobile, Station Wagon']","['Going Ahead', 'Turning Left']","['Driving Properly', 'Failed to Yield Right of Way']",['Normal'],[],[],[],[],[],[],D23,False,"['30 to 34', '35 to 39']",3.0
987,2017-08-21 08:00:00,118,2017,FINCH AVE W,WESTON RD,213 m West o,Major Arterial,Etobicoke York,43.75149,-79.544833,617153.4271,4845299.9381,Non Intersection,No Control,Clear,"Dark, artificial",Dry,22,Humbermede,22,Humbermede (22),Non-Fatal Injury,0,0,1,0,0,0,0,0,1,1,0,0,0,Turning Movement,['Driver'],East,"['Automobile, Station Wagon']","['Going Ahead', 'Turning Left']","['Speed too Fast For Condition', 'Failed to Yield Right of Way']","['Normal', 'Unknown']",[],[],[],[],[],[],D31,False,"['unknown', '15 to 19']",3.0
988,2017-08-21 08:00:00,1414,2017,ST CLAIR AVE E,BIRCHMOUNT RD,71 m West of,Major Arterial,Scarborough,43.713835,-79.272197,639190.3941,4841539.5201,At/Near Private Drive,No Control,Clear,Daylight,Dry,120,Clairlea-Birchmount,120,Clairlea-Birchmount (120),Non-Fatal Injury,0,0,1,0,0,0,0,0,0,1,0,0,0,Angle,['Driver'],East,"['Automobile, Station Wagon']",['Going Ahead'],"['Driving Properly', 'Failed to Yield Right of Way']","['Normal', 'Inattentive']",[],[],[],[],[],[],D41,False,"['35 to 39', '25 to 29']",3.0
989,2017-08-21 08:00:00,1634,2017,SPADINA CRES,RUSSELL ST,30 m South o,Major Arterial,Toronto and East York,43.659789,-79.399905,629018.0521,4835330.4363,At Intersection,No Control,Clear,Daylight,Dry,79,University,79,University (79),Non-Fatal Injury,0,1,1,0,0,0,0,0,1,1,0,0,0,Cyclist Collisions,"['Cyclist', 'Driver']",North,"['Bicycle', 'Delivery Van']",['Going Ahead'],['Other'],['Unknown'],[],[],[],['Cyclist and Driver travelling in same direction. One vehicle sideswipes the other.'],['Driving Properly'],['Unknown'],D52,False,"['35 to 39', '25 to 29']",3.0
990,2017-08-23 08:00:00,1010,2017,MAIN ST,GERRARD  ST E,,Minor Arterial,Toronto and East York,43.683879,-79.300121,637009.0479,4838165.9664,At Intersection,Traffic Signal,Clear,Daylight,Dry,62,East End-Danforth,62,East End-Danforth (62),Non-Fatal Injury,0,1,1,0,0,0,0,0,0,0,0,0,0,Cyclist Collisions,"['Driver', 'Cyclist']",East,"['Automobile, Station Wagon', 'Bicycle']",['Going Ahead'],['Driving Properly'],['Normal'],[],[],[],"['Cyclist without ROW rides into path of motorist at inter, lnwy, dwy-Cyclist not turn.']",['Driving Properly'],['Normal'],D55,False,"['45 to 49', '25 to 29']",3.0
991,2017-08-23 08:00:00,1525,2017,STEELES AVE E,NINTH LINE,84 m West of,Minor Arterial,Scarborough,43.842215,-79.22684,642538.966,4855875.3175,Non Intersection,No Control,Clear,Daylight,Dry,144,Morningside Heights,131,Rouge (131),Non-Fatal Injury,0,0,1,0,0,0,0,0,0,1,0,0,0,Rear End,['Driver'],East,"['Automobile, Station Wagon']","['Going Ahead', 'Slowing or Stopping']","['Following too Close', 'Driving Properly']","['Inattentive', 'Normal']",[],[],[],[],[],[],D42,False,"['35 to 39', '40 to 44']",3.0
992,2017-08-23 08:00:00,2218,2017,KING ST W,STRACHAN AVE,,Major Arterial,Toronto and East York,43.64197,-79.411929,628086.4019,4833332.7769,At Intersection,Traffic Signal,Clear,"Dark, artificial",Dry,162,West Queen West,82,Niagara (82),Non-Fatal Injury,1,0,1,0,0,0,0,0,0,1,0,0,0,Pedestrian Collisions,"['Driver', 'Pedestrian']",West,"['Automobile, Station Wagon']",['Turning Left'],['Failed to Yield Right of Way'],['Inattentive'],['Vehicle turns left while ped crosses with ROW at inter.'],['Crossing with right of way'],['Had Been Drinking'],[],[],[],D14,False,"['45 to 49', '30 to 34']",3.0
993,2017-08-24 08:00:00,2325,2017,VICTORIA PARK AVE,CLINTWOOD GT,,Major Arterial,North York,43.748763,-79.312076,635898.714,4845352.5927,At Intersection,No Control,Clear,"Dark, artificial",Dry,119,Wexford/Maryvale,119,Wexford/Maryvale (119),Fatal,1,0,1,0,0,0,0,0,0,0,0,0,0,Pedestrian Collisions,"['Driver', 'Pedestrian']",North,"['Automobile, Station Wagon']",['Going Ahead'],['Driving Properly'],['Normal'],['Vehicle is going straight thru inter.while ped cross without ROW'],"['Crossing, no Traffic Control']",['Unknown'],[],[],[],D41,True,"['40 to 44', '55 to 59']",4.0
994,2017-08-25 08:00:00,1130,2017,DUNDAS ST W,GLADSTONE AVE,60 m East of,Minor Arterial,Toronto and East York,43.649501,-79.428958,626697.0752,4834143.0524,Non Intersection,No Control,Clear,Dark,Dry,84,Little Portugal,84,Little Portugal (84),Fatal,1,0,1,0,0,0,0,0,0,0,0,0,0,Pedestrian Collisions,"['Pedestrian', 'Driver']",East,"['Automobile, Station Wagon']",['Going Ahead'],['Driving Properly'],['Normal'],['Pedestrian hit at mid-block'],['Running onto Roadway'],['Had Been Drinking'],[],[],[],D14,True,"['30 to 34', '65 to 69']",4.0
995,2017-08-25 08:00:00,1204,2017,EGLINTON AVE E,TORRANCE RD,12 m East of,Major Arterial,Scarborough,43.739459,-79.235217,642108.8993,4844448.2132,At Intersection,Traffic Signal,Clear,Daylight,Dry,138,Eglinton East,138,Eglinton East (138),Non-Fatal Injury,0,0,1,0,0,0,0,0,0,0,0,0,1,SMV Other,['Driver'],East,"['Automobile, Station Wagon']",['Going Ahead'],['Lost control'],['Medical or Physical Disability'],[],[],[],[],[],[],D43,False,['55 to 59'],3.0
996,2017-08-26 08:00:00,1055,2017,3738 ST CLAIR AVE E,,,Minor Arterial,Scarborough,43.720442,-79.243045,641523.3283,4842322.6937,Non Intersection,No Control,Clear,Daylight,Dry,123,Cliffcrest,123,Cliffcrest (123),Fatal,0,0,1,0,0,0,0,0,1,1,0,0,0,SMV Other,['Driver'],East,"['Automobile, Station Wagon']",['Going Ahead'],['Lost control'],"['Ability Impaired, Drugs']",[],[],[],[],[],[],D41,True,['30 to 34'],4.0
997,2017-08-27 08:00:00,1105,2017,LESWYN  RD,CALEDONIA  RD,8 m East of,Minor Arterial,North York,43.715659,-79.467586,623446.1198,4841432.541,Intersection Related,Stop Sign,Clear,Daylight,Dry,31,Yorkdale-Glen Park,31,Yorkdale-Glen Park (31),Non-Fatal Injury,1,0,1,0,0,0,0,0,0,0,0,0,0,Pedestrian Collisions,"['Pedestrian', 'Driver']",Unknown,"['Automobile, Station Wagon']",['Going Ahead'],['Other'],['Unknown'],['Unknown'],['Other'],['Normal'],[],[],[],D32,False,"['25 to 29', 'unknown']",3.0
998,2017-08-27 08:00:00,2054,2017,6065 STEELES AVE E,,,Major Arterial,Scarborough,43.83705,-79.249019,640768.1903,4855263.6646,Non Intersection,No Control,Clear,Dark,Dry,144,Morningside Heights,131,Rouge (131),Fatal,1,0,1,0,0,0,0,0,0,1,0,0,0,Pedestrian Collisions,"['Driver', 'Pedestrian']",North,"['Automobile, Station Wagon']",['Going Ahead'],['Driving Properly'],['Normal'],['Pedestrian hit at mid-block'],['Running onto Roadway'],['Inattentive'],[],[],[],D42,True,"['45 to 49', '75 to 79']",4.0
999,2017-08-28 08:00:00,849,2017,5450 DUNDAS ST W,,5 m South of,Major Arterial,Etobicoke York,43.632731,-79.543445,617496.8477,4832112.1156,At/Near Private Drive,No Control,Clear,Daylight,Dry,159,Etobicoke City Centre,14,Islington-City Centre West (14),Non-Fatal Injury,1,0,1,0,0,0,0,0,0,0,0,0,0,Pedestrian Collisions,"['Driver', 'Pedestrian']",South,"['Automobile, Station Wagon']",['Turning Left'],['Driving Properly'],['Inattentive'],['Pedestrian hit at mid-block'],"['Crossing, no Traffic Control']",['Other'],[],[],[],D22,False,"['30 to 34', '25 to 29']",3.0
1000,2017-08-28 08:00:00,935,2017,SHEPPARD  AVE W,CANYON AVE,6 m West of,Major Arterial,North York,43.755618,-79.436946,625830.676,4845916.6573,At Intersection,No Control,Clear,Daylight,Dry,38,Lansing-Westgate,38,Lansing-Westgate (38),Non-Fatal Injury,0,0,1,0,0,0,0,1,0,1,0,0,0,Rear End,"['Passenger', 'Driver']",East,"['Automobile, Station Wagon', 'Pick Up Truck']",['Going Ahead'],"['Driving Properly', 'Following too Close']",['Normal'],[],[],[],[],[],[],D32,False,"['35 to 39', '10 to 14', '70 to 74', '45 to 49']",3.0
1001,2017-08-28 08:00:00,1135,2017,215 LONSDALE  RD,,51 m West of,Minor Arterial,Toronto and East York,43.690566,-79.403644,628650.7833,4838742.8304,Non Intersection,No Control,Clear,Daylight,Dry,96,Casa Loma,96,Casa Loma (96),Non-Fatal Injury,0,0,1,1,0,0,0,0,0,1,0,0,0,Sideswipe,"['Motorcycle Driver', 'Driver']",East,"['Motorcycle', 'Automobile, Station Wagon']",['Going Ahead'],"['Driving Properly', 'Improper Passing']",['Normal'],[],[],[],[],[],[],D53,False,"['75 to 79', '55 to 59']",3.0
1002,2017-08-28 08:00:00,1845,2017,OSSINGTON  AVE,HARBORD ST,30 m North o,Minor Arterial,Toronto and East York,43.658473,-79.424274,627055.8994,4835146.6721,Intersection Related,No Control,Clear,Daylight,Dry,80,Palmerston-Little Italy,80,Palmerston-Little Italy (80),Non-Fatal Injury,0,0,1,1,0,0,0,0,0,0,0,0,0,Turning Movement,"['Motorcycle Driver', 'Driver']",North,"['Motorcycle', 'Automobile, Station Wagon']","['Going Ahead', 'Making U Turn']","['Driving Properly', 'Improper Turn']","['Normal', 'Inattentive']",[],[],[],[],[],[],D14,False,"['30 to 34', '25 to 29']",3.0
1003,2017-08-28 08:00:00,2010,2017,RENFORTH DR,SILVER DART DR,3 m South of,Major Arterial,Etobicoke York,43.676356,-79.593196,613401.3838,4836888.0114,At Intersection,Traffic Signal,Clear,"Dark, artificial",Dry,1,West Humber-Clairville,1,West Humber-Clairville (1),Non-Fatal Injury,0,0,1,0,0,0,0,0,0,1,0,0,0,SMV Other,['Driver'],East,"['Automobile, Station Wagon']",['Going Ahead'],['Lost control'],['Unknown'],[],[],[],[],[],[],D23,False,['25 to 29'],3.0
1004,2017-08-30 08:00:00,846,2017,FINCH AVE W,HUMBER COLLEGE BLVD,23 m West of,Major Arterial,Etobicoke York,43.734027,-79.609866,611950.2215,4843270.5033,Intersection Related,No Control,Clear,Daylight,Dry,1,West Humber-Clairville,1,West Humber-Clairville (1),Non-Fatal Injury,0,0,1,0,0,1,0,1,0,0,0,0,0,Rear End,"['Passenger', 'Driver']",West,"['Municipal Transit Bus (TTC)', 'Pick Up Truck']","['Stopped', 'Going Ahead']","['Driving Properly', 'Lost control']","['Normal', 'Inattentive']",[],[],[],[],[],[],D23,False,"['60 to 64', '55 to 59', '25 to 29']",3.0
1005,2017-08-30 08:00:00,1703,2017,WELLESLEY ST W,QUEENS PARK CRES E,3 m East of,Major Arterial,Toronto and East York,43.663512,-79.390605,629759.912,4835758.4285,At Intersection,Traffic Signal,Clear,Daylight,Dry,169,Bay-Cloverhill,76,Bay Street Corridor (76),Non-Fatal Injury,0,1,0,0,1,0,0,0,0,0,0,0,0,Cyclist Collisions,"['Cyclist', 'Truck Driver']",West,"['Bicycle', 'Truck - Dump']","['Going Ahead', 'Turning Right']",['Improper Turn'],['Inattentive'],[],[],[],['Motorist turning right on green or amber at signalized intersection strikes cyclist.'],['Driving Properly'],['Normal'],D52,False,"['40 to 44', '55 to 59']",3.0
1006,2017-08-31 08:00:00,2141,2017,YONGE ST,YONGE BLVD,,Major Arterial,North York,43.73429,-79.404529,628485.9895,4843597.6276,At Intersection,Traffic Controller,Clear,"Daylight, artificial",Dry,41,Bridle Path-Sunnybrook-York Mills,41,Bridle Path-Sunnybrook-York Mills (41),Non-Fatal Injury,0,1,1,0,0,0,0,0,0,0,0,0,0,Cyclist Collisions,"['Driver', 'Cyclist']",East,"['Pick Up Truck', 'Bicycle']","['Turning Right', 'Going Ahead']",['Improper Turn'],['Normal'],[],[],[],['Motorist turning right on red at signalized intersection strikes cyclist.'],['Improper Passing'],['Normal'],D32,False,['20 to 24'],3.0
1007,2017-09-05 08:00:00,30,2017,715 MILNER AVE,,30 m East of,Minor Arterial,Scarborough,43.796034,-79.210155,643991.2137,4850775.0492,At/Near Private Drive,No Control,Clear,"Dark, artificial",Dry,146,Malvern East,132,Malvern (132),Non-Fatal Injury,0,0,1,0,0,0,0,1,0,0,0,0,0,SMV Other,"['Passenger', 'Driver']",East,"['Automobile, Station Wagon']",['Going Ahead'],['Lost control'],['Unknown'],[],[],[],[],[],[],D42,False,"['30 to 34', '15 to 19']",3.0
1008,2017-09-05 08:00:00,1735,2017,MILLWOOD RD,YONGE  ST,297 m East o,Local,Toronto and East York,43.6999,-79.393703,629431.8565,4839794.9717,Non Intersection,No Control,Clear,Daylight,Dry,174,South Eglinton-Davisville,104,Mount Pleasant West (104),Non-Fatal Injury,1,0,1,0,0,0,0,1,0,0,0,0,0,Pedestrian Collisions,"['Driver', 'Passenger', 'Pedestrian']",East,"['Automobile, Station Wagon']",['Going Ahead'],['Driving Properly'],['Normal'],['Pedestrian hit at mid-block'],"['Crossing, no Traffic Control']",['Inattentive'],[],[],[],D53,False,"['35 to 39', '40 to 44', '0 to 4', '5 to 9']",3.0
1009,2017-09-05 08:00:00,1832,2017,CODSELL AVE,MAXWELL ST,,Local,North York,43.756312,-79.446689,625044.8821,4845978.9807,At Intersection,Stop Sign,Clear,Daylight,Dry,34,Bathurst Manor,34,Bathurst Manor (34),Fatal,1,0,1,0,0,0,0,0,0,1,0,0,0,Pedestrian Collisions,"['Pedestrian', 'Driver']",South,"['Automobile, Station Wagon']",['Going Ahead'],['Failed to Yield Right of Way'],['Unknown'],['Vehicle is going straight thru inter.while ped cross with ROW'],['Crossing with right of way'],['Unknown'],[],[],[],D32,True,['70 to 74'],4.0
1010,2017-09-06 08:00:00,2040,2017,GERRARD ST E,HANNAFORD ST,,Minor Arterial,Toronto and East York,43.685328,-79.293407,637546.8862,4838338.0121,At Intersection,No Control,Clear,"Dark, artificial",Dry,62,East End-Danforth,62,East End-Danforth (62),Non-Fatal Injury,0,1,1,0,0,0,0,0,0,0,0,0,0,Cyclist Collisions,"['Driver', 'Cyclist']",East,"['Automobile, Station Wagon', 'Bicycle']","['Turning Left', 'Going Ahead']",['Improper Turn'],['Normal'],[],[],[],['Motorist turned left across cyclists path.'],['Driving Properly'],['Normal'],D55,False,"['55 to 59', '30 to 34']",3.0
1011,2017-09-06 08:00:00,2217,2017,JARVIS ST,DUNDAS ST E,45 m South o,Major Arterial,Toronto and East York,43.656638,-79.374393,631082.001,4835020.4635,Non Intersection,No Control,Clear,"Dark, artificial",Dry,73,Moss Park,73,Moss Park (73),Non-Fatal Injury,1,0,1,0,0,0,0,0,0,0,0,0,0,Pedestrian Collisions,"['Driver', 'Pedestrian']",South,"['Automobile, Station Wagon']",['Going Ahead'],['Driving Properly'],['Normal'],['Pedestrian hit at mid-block'],"['Crossing, no Traffic Control']",['Had Been Drinking'],[],[],[],D51,False,"['50 to 54', '25 to 29']",3.0
1012,2017-09-07 08:00:00,1538,2017,EGLINTON AVE E,BIMBROK RD,,Major Arterial,Scarborough,43.735778,-79.252017,640764.6911,4844010.7019,At Intersection,No Control,Clear,Daylight,Dry,124,Kennedy Park,124,Kennedy Park (124),Non-Fatal Injury,0,0,1,0,1,0,0,1,0,1,0,0,0,Turning Movement,"['Passenger', 'Truck Driver', 'Driver']",East,"['Truck - Closed (Blazer, etc)', 'Automobile, Station Wagon']","['Going Ahead', 'Turning Left']","['Driving Properly', 'Failed to Yield Right of Way']",['Normal'],[],[],[],[],[],[],D41,False,"['25 to 29', '60 to 64', '30 to 34']",3.0
1013,2017-09-08 08:00:00,1505,2017,BALLIOL ST,BAYVIEW AVE,,Major Arterial,North York,43.701991,-79.373752,631034.925,4840058.5463,At Intersection,Stop Sign,Clear,Daylight,Dry,56,Leaside-Bennington,56,Leaside-Bennington (56),Non-Fatal Injury,0,1,1,0,0,0,0,0,0,1,0,0,0,Cyclist Collisions,"['Driver', 'Cyclist']",East,"['Passenger Van', 'Bicycle']","['Turning Right', 'Going Ahead']",['Failed to Yield Right of Way'],['Inattentive'],[],[],[],"['Motorist turns right at non-signal Inter.(stop, yield, no cont.,and dwy) and strikes cyclist.']",['Driving Properly'],['Normal'],D53,False,"['35 to 39', '50 to 54']",3.0
1014,2017-09-09 08:00:00,1221,2017,MC CAUL ST,QUEEN ST W,,Major Arterial,Toronto and East York,43.650122,-79.389713,629860.6923,4834272.6876,At Intersection,Traffic Controller,Clear,Daylight,Dry,164,Wellington Place,77,Waterfront Communities-The Island (77),Non-Fatal Injury,0,0,1,1,0,0,0,0,0,0,0,0,0,Turning Movement,"['Motorcycle Driver', 'Driver']",South,"['Motorcycle', 'Automobile, Station Wagon']","['Going Ahead', 'Turning Left']","['Lost control', 'Driving Properly']",['Normal'],[],[],[],[],[],[],D52,False,"['45 to 49', '15 to 19']",3.0
1015,2017-09-12 08:00:00,844,2017,COSBURN AVE,LESMOUNT AVE,,Minor Arterial,Toronto and East York,43.691332,-79.340617,633728.4986,4838927.6196,At Intersection,No Control,Clear,Daylight,Dry,59,Danforth East York,59,Danforth East York (59),Non-Fatal Injury,0,1,0,0,1,0,0,0,0,0,0,0,0,Cyclist Collisions,"['Truck Driver', 'Cyclist']",West,"['Truck - Closed (Blazer, etc)', 'Bicycle']","['Turning Right', 'Going Ahead']",['Improper Turn'],['Normal'],[],[],[],"['Motorist turns right at non-signal Inter.(stop, yield, no cont.,and dwy) and strikes cyclist.']",['Driving Properly'],['Normal'],D55,False,"['45 to 49', '35 to 39']",3.0
1016,2017-09-12 08:00:00,1426,2017,BIRCHMOUNT RD,WINTERMUTE BLVD,88 m North o,Major Arterial,Scarborough,43.817134,-79.314929,635514.4367,4852941.5862,Non Intersection,No Control,Clear,Daylight,Dry,116,Steeles,116,Steeles (116),Non-Fatal Injury,0,0,1,0,0,0,0,0,0,0,0,0,0,Approaching,['Driver'],North,"['Automobile, Station Wagon']",['Going Ahead'],"['Driving Properly', 'Lost control']","['Normal', 'Unknown']",[],[],[],[],[],[],D42,False,"['35 to 39', '60 to 64']",3.0
1017,2017-09-13 08:00:00,105,2017,BLOOR ST W,BRUNSWICK AVE,,Major Arterial,Toronto and East York,43.665908,-79.407436,628397.7651,4835998.3493,At Intersection,Traffic Signal,Clear,"Dark, artificial",Dry,79,University,79,University (79),Non-Fatal Injury,0,1,0,1,0,0,0,0,0,0,0,0,0,Cyclist Collisions,"['Cyclist', 'Motorcycle Driver']",East,"['Bicycle', 'Motorcycle']","['Making U Turn', 'Going Ahead']",['Driving Properly'],['Normal'],[],[],[],['Cyclist makes u-turn in-front of driver.'],['Improper Turn'],['Had Been Drinking'],D14,False,['20 to 24'],3.0
1018,2017-09-14 08:00:00,1601,2017,DON MILLS RD,GATEWAY BLVD,,Major Arterial,North York,43.714392,-79.336337,634022.029,4841495.6709,At Intersection,Traffic Signal,Clear,Daylight,Dry,44,Flemingdon Park,44,Flemingdon Park (44),Non-Fatal Injury,0,0,1,1,0,0,0,0,0,0,0,0,0,Turning Movement,"['Driver', 'Motorcycle Driver']",East,"['Automobile, Station Wagon', 'Motorcycle']","['Going Ahead', 'Turning Right']","['Driving Properly', 'Improper Turn']","['Normal', 'Inattentive']",[],[],[],[],[],[],D55,False,"['30 to 34', '15 to 19']",3.0
1019,2017-09-15 08:00:00,652,2017,STEELES AVE W,HIGHWAY 27  N,200 m East o,Major Arterial,Etobicoke York,43.755641,-79.61288,611667.3042,4845666.979,Non Intersection,No Control,Clear,Daylight,Dry,1,West Humber-Clairville,1,West Humber-Clairville (1),Fatal,0,0,1,0,1,0,0,1,1,1,0,0,0,Turning Movement,"['Truck Driver', 'Passenger', 'Driver']",East,"['Truck - Dump', 'Automobile, Station Wagon']","['Turning Left', 'Going Ahead']","['Failed to Yield Right of Way', 'Driving Properly', 'Exceeding Speed Limit']","['Normal', 'Had Been Drinking']",[],[],[],[],[],[],D23,True,"['30 to 34', '55 to 59', '50 to 54', '20 to 24']",4.0
1020,2017-09-17 08:00:00,2358,2017,LAKE SHORE BLVD W,REMEMBRANCE DR,,Major Arterial,Toronto and East York,43.630351,-79.419742,627480.8023,4832030.3108,At Intersection,Traffic Signal,Clear,"Dark, artificial",Dry,163,Fort York-Liberty Village,82,Niagara (82),Non-Fatal Injury,0,1,1,0,0,0,0,0,0,0,0,0,0,Cyclist Collisions,"['Cyclist', 'Driver']",North,"['Bicycle', 'Passenger Van']","['Going Ahead', 'Turning Right']",['Improper Turn'],['Normal'],[],[],[],['Motorist turning right on red at signalized intersection strikes cyclist.'],['Driving Properly'],['Normal'],D14,False,"['25 to 29', '45 to 49']",3.0
1021,2017-09-18 08:00:00,2019,2017,LAKE SHORE BLVD W,BRITISH COLUMBIA RD,1 m West of,Major Arterial,Toronto and East York,43.631358,-79.429141,626720.4527,4832127.7604,At Intersection,Traffic Signal,Clear,"Dark, artificial",Dry,85,South Parkdale,85,South Parkdale (85),Non-Fatal Injury,0,1,1,0,0,0,0,0,0,0,0,0,0,Cyclist Collisions,"['Cyclist', 'Driver']",South,"['Bicycle', 'Automobile, Station Wagon']",['Going Ahead'],['Driving Properly'],['Normal'],[],[],[],"['Cyclist without ROW rides into path of motorist at inter, lnwy, dwy-Cyclist not turn.']",['Disobeyed Traffic Control'],['Normal'],D14,False,"['15 to 19', '60 to 64']",3.0
1022,2017-09-20 08:00:00,1953,2017,BROADVIEW AVE,NEALON AVE,,Minor Arterial,Toronto and East York,43.682852,-79.357181,632412.2608,4837959.2183,At Intersection,No Control,Clear,Dark,Dry,57,Broadview North,57,Broadview North (57),Fatal,1,0,1,0,0,0,0,0,0,0,0,0,0,Pedestrian Collisions,"['Pedestrian', 'Driver']",North,"['Automobile, Station Wagon']",['Going Ahead'],['Driving Properly'],['Unknown'],['Vehicle is going straight thru inter.while ped cross without ROW'],"['Crossing, no Traffic Control']",['Inattentive'],[],[],[],D55,True,"['85 to 89', '50 to 54']",4.0
1023,2017-09-22 08:00:00,1632,2017,SCARLETT  RD,EAST DR,,Minor Arterial,Etobicoke York,43.676768,-79.505992,620430.062,4837056.6833,At Intersection,Traffic Signal,Clear,Daylight,Dry,111,Rockcliffe-Smythe,111,Rockcliffe-Smythe (111),Non-Fatal Injury,0,0,1,0,0,0,0,0,0,1,1,0,0,Turning Movement,['Driver'],North,"['Automobile, Station Wagon']","['Turning Left', 'Going Ahead']","['Driving Properly', 'Disobeyed Traffic Control']","['Normal', 'Inattentive']",[],[],[],[],[],[],D12,False,['60 to 64'],3.0
1024,2017-09-23 08:00:00,50,2017,ROCKCLIFFE BLVD,WOOLNER AVE,150 m North ,Collector,Etobicoke York,43.674117,-79.488162,621872.6938,4836788.2963,Non Intersection,No Control,Clear,"Dark, artificial",Dry,111,Rockcliffe-Smythe,111,Rockcliffe-Smythe (111),Non-Fatal Injury,0,0,1,0,0,0,0,1,1,1,0,0,0,SMV Other,"['Passenger', 'Driver']",South,['Passenger Van'],['Going Ahead'],['Lost control'],['Unknown'],[],[],[],[],[],[],D12,False,"['15 to 19', '20 to 24']",3.0
1025,2017-09-24 08:00:00,0,2017,YONGE ST,CENTRE AVE,80 m South o,Major Arterial,North York,43.790942,-79.418277,627258.6553,4849868.4574,Non Intersection,No Control,Clear,"Dark, artificial",Dry,50,Newtonbrook East,50,Newtonbrook East (50),Non-Fatal Injury,1,0,1,0,0,0,0,0,0,1,0,0,0,Pedestrian Collisions,"['Driver', 'Pedestrian']",Unknown,"['Automobile, Station Wagon']",['Going Ahead'],['Lost control'],['Inattentive'],['Pedestrian hit on sidewalk or shoulder'],['On Sidewalk or Shoulder'],['Normal'],[],[],[],D32,False,"['25 to 29', '30 to 34']",3.0
1026,2017-09-24 08:00:00,1255,2017,DUFFERIN ST,HOPEWELL AVE,1 m South of,Major Arterial,North York,43.698622,-79.451267,624796.0849,4839564.7781,At Intersection,Stop Sign,Clear,Daylight,Dry,108,Briar Hill-Belgravia,108,Briar Hill-Belgravia (108),Non-Fatal Injury,0,1,1,0,0,0,0,0,0,0,0,0,0,Cyclist Collisions,"['Driver', 'Cyclist']",South,"['Automobile, Station Wagon', 'Bicycle']","['Turning Right', 'Going Ahead']",['Driving Properly'],['Normal'],[],[],[],"['Cyclist without ROW rides into path of motorist at inter, lnwy, dwy-Cyclist not turn.']",['Failed to Yield Right of Way'],['Normal'],D13,False,"['60 to 64', '30 to 34']",3.0