accident_number,date,time,year,street1,street2,offset,road_class,district,latitude,longitude,x,y,accident_location,traffctl,visibility,light,road_surface_condition,hood_158,neighbourhood_new,hood_140,neighbourhood_old,accident_class,pedestrian,cyclist,automobile,motorcycle,truck,trsn_city_veh,emerg_veh,passenger,speeding,aggressive_driving,redlight,alcohol,disability,impact_type,involvement_type,initial_direction,vehicle_type,manoeuver,driver_action,driver_condition,pedestrian_type,pedestrian_action,pedestrian_condition,cyclist_type,cyclist_action,cyclist_condition,division,injury,involvement_age,injury_severity_score
1027,2017-09-25 08:00:00,1652,2017,EGLINTON  AVE W,CHILTERN HILL RD,10 m West of,Major Arterial,North York,43.700457,-79.427722,626689.4814,4839804.2888,Intersection Related,Stop Sign,Clear,Daylight,Dry,106,Humewood-Cedarvale,106,Humewood-Cedarvale (106),Non-Fatal Injury,1,0,1,0,0,0,0,0,0,0,0,0,0,Pedestrian Collisions,"['Pedestrian', 'Driver']",North,"['Automobile, Station Wagon']",['Turning Left'],['Driving Properly'],['Normal'],['Vehicle turns left while ped crosses without ROW at inter.'],['Crossing without right of way'],['Normal'],[],[],[],D13,False,"['50 to 54', '25 to 29']",3.0
1028,2017-09-25 08:00:00,2330,2017,4673 JANE ST,,6 m North of,Major Arterial,Etobicoke York,43.770049,-79.520641,619064.2867,4847395.6884,Non Intersection,No Control,Clear,"Dark, artificial",Dry,24,Black Creek,24,Black Creek (24),Non-Fatal Injury,1,0,1,0,0,0,0,0,1,1,0,0,0,Pedestrian Collisions,"['Driver', 'Pedestrian']",East,"['Automobile, Station Wagon']",['Going Ahead'],['Driving Properly'],['Normal'],['Pedestrian hit at mid-block'],"['Crossing, no Traffic Control']",['Had Been Drinking'],[],[],[],D31,False,"['55 to 59', '25 to 29']",3.0
1029,2017-09-26 08:00:00,1505,2017,BURNHAMTHORPE RD,SATURN RD,,Major Arterial,Etobicoke York,43.642485,-79.575847,614864.449,4833150.0677,At Intersection,Traffic Signal,Clear,Daylight,Dry,13,Etobicoke West Mall,13,Etobicoke West Mall (13),Non-Fatal Injury,0,0,1,1,0,0,0,0,0,1,1,0,0,Turning Movement,"['Driver', 'Motorcycle Driver']",East,"['Automobile, Station Wagon', 'Motorcycle']","['Turning Left', 'Going Ahead']","['Driving Properly', 'Disobeyed Traffic Control']",['Normal'],[],[],[],[],[],[],D22,False,"['60 to 64', '25 to 29']",3.0
1030,2017-09-27 08:00:00,2125,2017,WARDEN AVE,CONTINENTAL PL,,Major Arterial,Scarborough,43.763491,-79.301257,636736.2358,4847006.1683,At Intersection,No Control,Clear,Dark,Dry,119,Wexford/Maryvale,119,Wexford/Maryvale (119),Fatal,1,0,1,0,0,0,0,0,1,1,0,0,0,Pedestrian Collisions,"['Driver', 'Pedestrian']",East,"['Automobile, Station Wagon']","['Unknown', 'Going Ahead']","['Other', 'Driving Properly']",['Unknown'],['Vehicle is going straight thru inter.while ped cross without ROW'],"['Crossing, no Traffic Control']",['Unknown'],[],[],[],D41,True,"['unknown', '30 to 34', '5 to 9', '35 to 39']",4.0
1031,2017-09-28 08:00:00,1630,2017,BIRCHMOUNT RD,ZENITH DR,,Minor Arterial,Scarborough,43.711009,-79.269771,639392.3849,4841229.7287,Intersection Related,No Control,Clear,Daylight,Dry,120,Clairlea-Birchmount,120,Clairlea-Birchmount (120),Fatal,1,0,1,0,0,0,0,1,0,1,0,1,0,Pedestrian Collisions,"['Driver', 'Passenger', 'Pedestrian']",South,"['Delivery Van', 'Automobile, Station Wagon']","['Going Ahead', 'Turning Left']","['Lost control', 'Driving Properly']","['Ability Impaired, Alcohol Over .08', 'Normal']",['Pedestrian hit on sidewalk or shoulder'],['On Sidewalk or Shoulder'],['Normal'],[],[],[],D41,True,"['45 to 49', '40 to 44', '55 to 59', '50 to 54']",4.0
1032,2017-09-28 08:00:00,2135,2017,4322 MCCOWAN RD,,30 m South o,Major Arterial,Scarborough,43.829547,-79.274997,638697.0764,4854386.44,Non Intersection,No Control,Clear,"Dark, artificial",Dry,130,Milliken,130,Milliken (130),Fatal,1,0,1,0,0,0,0,0,0,0,0,0,0,Pedestrian Collisions,"['Pedestrian', 'Driver']",South,"['Automobile, Station Wagon']",['Going Ahead'],['Driving Properly'],['Normal'],['Pedestrian hit at mid-block'],"['Crossing, no Traffic Control']",['Normal'],[],[],[],D42,True,"['70 to 74', '30 to 34']",4.0
1033,2017-09-29 08:00:00,2325,2017,YONGE ST,ORCHARD VIEW BLVD,21 m North o,Major Arterial,North York,43.708125,-79.398631,629017.12,4840700.7919,Non Intersection,Traffic Signal,Rain,Dark,Wet,173,North Toronto,104,Mount Pleasant West (104),Non-Fatal Injury,1,0,1,0,0,0,0,0,0,0,0,0,0,Pedestrian Collisions,"['Driver', 'Pedestrian']",North,"['Automobile, Station Wagon']",['Going Ahead'],['Driving Properly'],['Normal'],['Pedestrian hit at mid-block'],"['Crossing, no Traffic Control']","['Ability Impaired, Alcohol']",[],[],[],D53,False,['25 to 29'],3.0
1034,2017-09-30 08:00:00,1311,2017,ROGERS  RD,MCROBERTS AVE,99 m East of,Minor Arterial,Etobicoke York,43.683287,-79.455447,624490.9826,4837855.3339,Non Intersection,No Control,Clear,Daylight,Dry,109,Caledonia-Fairbank,109,Caledonia-Fairbank (109),Non-Fatal Injury,0,0,1,0,0,0,0,1,0,0,0,0,1,Rear End,"['Passenger', 'Driver']",West,"['Automobile, Station Wagon']","['Stopped', 'Going Ahead']","['Driving Properly', 'Lost control']","['Normal', 'Medical or Physical Disability']",[],[],[],[],[],[],D13,False,"['0 to 4', '30 to 34', '35 to 39', '40 to 44', '90 to 94']",3.0
1035,2017-10-01 08:00:00,1615,2017,DAVENPORT RD,DOVERCOURT ROAD,,Minor Arterial,Toronto and East York,43.674288,-79.434612,626189.1624,4836887.359,At Intersection,No Control,Clear,Daylight,Dry,94,Wychwood,94,Wychwood (94),Non-Fatal Injury,0,1,1,0,0,0,0,0,0,0,0,0,0,Cyclist Collisions,"['Driver', 'Cyclist']",East,"['Automobile, Station Wagon', 'Bicycle']","['Turning Left', 'Going Ahead']",['Improper Turn'],['Normal'],[],[],[],['Motorist turned left across cyclists path.'],['Driving Properly'],['Normal'],D13,False,"['40 to 44', '45 to 49']",3.0
1036,2017-10-01 08:00:00,1815,2017,BLOOR ST W,SPADINA AVE,,Major Arterial,Toronto and East York,43.666583,-79.403827,628687.2952,4836078.909,At Intersection,Traffic Signal,Clear,Daylight,Dry,79,University,79,University (79),Non-Fatal Injury,0,1,0,0,1,0,0,1,0,0,0,0,0,Cyclist Collisions,"['Cyclist', 'Truck Driver', 'Passenger']",East,"['Bicycle', 'Truck - Open']","['Overtaking', 'Turning Right']",['Driving Properly'],['Normal'],[],[],[],['Motorist turning right on green or amber at signalized intersection strikes cyclist.'],['Failed to Yield Right of Way'],['Inattentive'],D14,False,"['20 to 24', '25 to 29']",3.0
1037,2017-10-02 08:00:00,645,2017,WHITMORE AVE,DUFFERIN ST,,Major Arterial,North York,43.697844,-79.451099,624811.2365,4839478.6234,At Intersection,Traffic Signal,Clear,Daylight,Dry,108,Briar Hill-Belgravia,108,Briar Hill-Belgravia (108),Non-Fatal Injury,1,0,1,0,0,0,0,0,1,1,0,0,0,Pedestrian Collisions,"['Driver', 'Pedestrian']",East,"['Automobile, Station Wagon']",['Going Ahead'],['Driving Properly'],['Normal'],['Vehicle is going straight thru inter.while ped cross without ROW'],['Crossing marked crosswalk without ROW'],['Inattentive'],[],[],[],D13,False,['35 to 39'],3.0
1038,2017-10-02 08:00:00,1327,2017,SEWELLS RD,STEELES AVE E,,Minor Arterial,Scarborough,43.846129,-79.209255,643943.1725,4856340.497,At Intersection,Stop Sign,Clear,Daylight,Dry,144,Morningside Heights,131,Rouge (131),Non-Fatal Injury,0,0,1,0,0,0,0,0,0,1,0,0,0,Turning Movement,['Driver'],East,"['Automobile, Station Wagon']","['Going Ahead', 'Turning Left']","['Driving Properly', 'Failed to Yield Right of Way']","['Normal', 'Inattentive']",[],[],[],[],[],[],D42,False,"['35 to 39', '25 to 29']",3.0
1039,2017-10-02 08:00:00,1915,2017,QUEEN ST E,BROADVIEW AVE,25 m East of,Major Arterial,Toronto and East York,43.658805,-79.349811,633059.4236,4835300.2661,Intersection Related,No Control,Clear,"Dark, artificial",Dry,70,South Riverdale,70,South Riverdale (70),Non-Fatal Injury,0,0,1,0,0,0,0,0,0,0,0,0,0,SMV Unattended Vehicle,['Driver'],East,"['Automobile, Station Wagon']",['Going Ahead'],['Lost control'],"['Ability Impaired, Drugs']",[],[],[],[],[],[],D55,False,['25 to 29'],3.0
1040,2017-10-02 08:00:00,1925,2017,STEELES AVE E,LAURELEAF RD S,,Major Arterial,North York,43.805499,-79.385745,629844.529,4851535.7729,At Intersection,Traffic Signal,Clear,"Dark, artificial",Dry,49,Bayview Woods-Steeles,49,Bayview Woods-Steeles (49),Non-Fatal Injury,1,0,1,0,0,0,0,1,0,0,0,0,0,Pedestrian Collisions,"['Driver', 'Passenger', 'Pedestrian']",North,"['Automobile, Station Wagon']",['Going Ahead'],['Driving Properly'],['Normal'],['Vehicle is going straight thru inter.while ped cross without ROW'],['Crossing without right of way'],['Inattentive'],[],[],[],D33,False,"['Over 95', '55 to 59']",3.0
1041,2017-10-03 08:00:00,1623,2017,SENTINEL RD,ASSINIBOINE RD,15 m South o,Minor Arterial,Etobicoke York,43.768195,-79.501659,620595.7657,4847217.2427,At Intersection,No Control,Clear,Daylight,Dry,27,York University Heights,27,York University Heights (27),Fatal,1,0,1,0,0,0,0,0,0,0,0,0,0,Pedestrian Collisions,"['Pedestrian', 'Driver']",East,"['Automobile, Station Wagon']",['Going Ahead'],['Driving Properly'],['Unknown'],['Pedestrian hit at mid-block'],"['Crossing, no Traffic Control']",['Unknown'],[],[],[],D31,True,['20 to 24'],4.0
1042,2017-10-04 08:00:00,830,2017,KENNEDY RD,FOXRIDGE DR,,Major Arterial,Scarborough,43.724085,-79.264446,639790.976,4842690.9786,At Intersection,No Control,Clear,Daylight,Dry,124,Kennedy Park,124,Kennedy Park (124),Non-Fatal Injury,0,1,1,0,0,0,0,0,0,1,0,0,0,Cyclist Collisions,"['Driver', 'Cyclist']",North,"['Automobile, Station Wagon', 'Bicycle']","['Turning Left', 'Going Ahead']",['Failed to Yield Right of Way'],['Inattentive'],[],[],[],['Motorist turned left across cyclists path.'],['Driving Properly'],['Normal'],D41,False,"['80 to 84', '30 to 34']",3.0
1043,2017-10-04 08:00:00,1147,2017,BLOOR ST W,SPADINA RD,,Major Arterial,Toronto and East York,43.666583,-79.403827,628687.2952,4836078.909,At Intersection,Traffic Signal,Clear,Daylight,Dry,79,University,79,University (79),Non-Fatal Injury,0,1,1,0,0,0,0,0,0,0,0,0,0,Cyclist Collisions,"['Cyclist', 'Driver']",West,"['Bicycle', 'Automobile, Station Wagon']","['Overtaking', 'Going Ahead']",['Driving Properly'],['Normal'],[],[],[],['Cyclist and Driver travelling in same direction. One vehicle sideswipes the other.'],"['Improper Passing', 'Driving Properly']","['Other', 'Normal']",D14,False,"['25 to 29', '35 to 39', '50 to 54']",3.0
1044,2017-10-04 08:00:00,2308,2017,900 YORK MILLS RD,,,Major Arterial,North York,43.755549,-79.34798,632992.9365,4846048.0013,Non Intersection,No Control,Clear,Dark,Dry,42,Banbury-Don Mills,42,Banbury-Don Mills (42),Fatal,1,0,1,0,0,0,0,0,0,0,0,1,0,Pedestrian Collisions,"['Driver', 'Pedestrian']",East,"['Automobile, Station Wagon']",['Going Ahead'],['Lost control'],"['Ability Impaired, Alcohol Over .08']",['Pedestrian hit on sidewalk or shoulder'],['On Sidewalk or Shoulder'],['Unknown'],[],[],[],D33,True,"['unknown', '60 to 64']",4.0
1045,2017-10-05 08:00:00,331,2017,YONGE ST,LAWRENCE AVE W,100 m North ,Major Arterial,North York,43.725344,-79.40224,628689.4862,4842607.5968,Non Intersection,No Control,Clear,Dark,Dry,105,Lawrence Park North,105,Lawrence Park North (105),Fatal,1,0,1,0,0,0,0,0,0,0,0,0,0,Pedestrian Collisions,"['Pedestrian', 'Driver']",West,"['Automobile, Station Wagon']",['Changing Lanes'],['Improper Lane Change'],['Normal'],['Pedestrian hit at mid-block'],"['Crossing, no Traffic Control']",['Normal'],[],[],[],D32,True,"['20 to 24', 'unknown', '25 to 29']",4.0
1046,2017-10-05 08:00:00,1310,2017,WARDEN AVE,CIVIC  RD,37 m South o,Major Arterial,Scarborough,43.726473,-79.287074,637962.8901,4842918.2789,Non Intersection,No Control,Clear,Daylight,Dry,120,Clairlea-Birchmount,120,Clairlea-Birchmount (120),Non-Fatal Injury,1,0,1,0,0,0,0,0,0,0,0,0,0,Pedestrian Collisions,"['Pedestrian', 'Driver']",South,"['Automobile, Station Wagon']",['Turning Right'],['Lost control'],['Unknown'],['Pedestrian hit on sidewalk or shoulder'],['On Sidewalk or Shoulder'],['Normal'],[],[],[],D41,False,"['60 to 64', '65 to 69']",3.0
1047,2017-10-05 08:00:00,1330,2017,QUEEN ST W,PORTLAND ST,3 m East of,Major Arterial,Toronto and East York,43.647635,-79.40137,628925.9312,4833978.298,At Intersection,Traffic Signal,Clear,Daylight,Dry,164,Wellington Place,77,Waterfront Communities-The Island (77),Non-Fatal Injury,0,0,1,1,0,0,0,0,0,0,0,0,0,Turning Movement,"['Motorcycle Driver', 'Driver']",West,"['Motorcycle', 'Automobile, Station Wagon']","['Going Ahead', 'Making U Turn']","['Driving Properly', 'Improper Turn']",['Normal'],[],[],[],[],[],[],D14,False,['30 to 34'],3.0
1048,2017-10-06 08:00:00,1825,2017,SHEPPARD  AVE E,PROVOST DR,,Major Arterial,North York,43.770285,-79.371227,631089.2699,4847647.5916,At Intersection,Traffic Signal,Clear,Daylight,Dry,52,Bayview Village,52,Bayview Village (52),Non-Fatal Injury,1,0,1,0,0,0,0,1,0,1,1,0,0,Pedestrian Collisions,"['Pedestrian', 'Passenger', 'Driver']",East,"['Automobile, Station Wagon']","['Stopped', 'Going Ahead', 'Turning Left']","['Driving Properly', 'Disobeyed Traffic Control', 'Failed to Yield Right of Way']",['Normal'],['Pedestrian hit on sidewalk or shoulder'],['On Sidewalk or Shoulder'],['Normal'],[],[],[],D33,False,"['60 to 64', '70 to 74', '75 to 79', '30 to 34', '20 to 24']",3.0
1049,2017-10-07 08:00:00,2025,2017,UNIVERSITY AVE,EDWARD ST,,Major Arterial,Toronto and East York,43.655394,-79.388561,629942.2252,4834860.0159,At Intersection,No Control,Clear,"Daylight, artificial",Dry,170,Yonge-Bay Corridor,76,Bay Street Corridor (76),Non-Fatal Injury,0,0,1,1,0,0,0,1,0,1,0,0,0,Turning Movement,"['Motorcycle Passenger', 'Passenger', 'Motorcycle Driver', 'Driver']",North,"['Motorcycle', 'Automobile, Station Wagon']","['Going Ahead', 'Turning Left']","['Driving Properly', 'Failed to Yield Right of Way']",['Normal'],[],[],[],[],[],[],D52,False,"['15 to 19', '30 to 34', '25 to 29']",3.0
1050,2017-10-08 08:00:00,1230,2017,F G GARDINER XY  E,GARDINER E LOWER JARVIS RAMP,3 m North of,Major Arterial,Toronto and East York,43.641997,-79.379878,630671.4549,4833385.7381,Non Intersection,No Control,Clear,Daylight,Dry,166,St Lawrence-East Bayfront-The Islands,77,Waterfront Communities-The Island (77),Non-Fatal Injury,0,0,1,1,0,0,0,0,0,0,0,0,0,Rear End,"['Motorcycle Driver', 'Driver']",East,"['Motorcycle', 'Automobile, Station Wagon']","['Going Ahead', 'Changing Lanes']","['Driving Properly', 'Improper Lane Change']",['Normal'],[],[],[],[],[],[],D52,False,"['25 to 29', '40 to 44']",3.0
1051,2017-10-09 08:00:00,1545,2017,TRANSIT RD,WILSON AVE,84 m North o,Minor Arterial,North York,43.735114,-79.452129,624650.9367,4843616.4335,Non Intersection,No Control,Clear,Daylight,Dry,33,Clanton Park,33,Clanton Park (33),Non-Fatal Injury,0,0,0,1,0,0,0,0,0,0,0,0,0,SMV Other,['Motorcycle Driver'],North,['Motorcycle'],['Going Ahead'],['Lost control'],['Inattentive'],[],[],[],[],[],[],D32,False,['35 to 39'],3.0
1052,2017-10-09 08:00:00,1628,2017,YONGE ST,FRICHOT AVE,95 m South o,Major Arterial,Toronto and East York,43.673964,-79.388301,629923.1245,4836922.8696,Non Intersection,No Control,Clear,Daylight,Dry,98,Rosedale-Moore Park,98,Rosedale-Moore Park (98),Non-Fatal Injury,0,0,1,0,0,0,0,0,0,0,0,0,0,Sideswipe,['Driver'],North,"['Automobile, Station Wagon']","['Going Ahead', 'Changing Lanes']","['Driving Properly', 'Improper Lane Change']","['Normal', 'Inattentive']",[],[],[],[],[],[],D53,False,"['30 to 34', '60 to 64']",3.0
1053,2017-10-10 08:00:00,2100,2017,3358 MCCOWAN RD,,,Major Arterial,Scarborough,43.825011,-79.275089,638700.1853,4853882.4879,At/Near Private Drive,Traffic Signal,Clear,"Dark, artificial",Dry,130,Milliken,130,Milliken (130),Non-Fatal Injury,1,0,1,0,0,0,0,0,0,0,0,0,0,Pedestrian Collisions,"['Driver', 'Pedestrian']",East,"['Automobile, Station Wagon']",['Going Ahead'],['Driving Properly'],['Normal'],['Vehicle is going straight thru inter.while ped cross without ROW'],['Crossing without right of way'],['Normal'],[],[],[],D42,False,"['20 to 24', '65 to 69']",3.0
1054,2017-10-11 08:00:00,1140,2017,KIPLING AVE,THE WESTWAY,153 m North ,Major Arterial,Etobicoke York,43.686839,-79.555232,616441.3743,4838104.8889,Non Intersection,No Control,Clear,Daylight,Dry,6,Kingsview Village-The Westway,6,Kingsview Village-The Westway (6),Non-Fatal Injury,0,0,1,0,0,0,0,1,0,0,0,0,0,Sideswipe,"['Passenger', 'Driver']",North,"['Passenger Van', 'Delivery Van', 'Automobile, Station Wagon']","['Going Ahead', 'Changing Lanes']","['Driving Properly', 'Improper Lane Change']","['Normal', 'Inattentive']",[],[],[],[],[],[],D23,False,"['20 to 24', '55 to 59', '45 to 49', '15 to 19']",3.0
1055,2017-10-11 08:00:00,1847,2017,GERRARD  ST E,SHERBOURNE ST,22 m West of,Minor Arterial,Toronto and East York,43.661154,-79.372196,631249.3195,4835525.4985,At Intersection,Traffic Signal,Clear,"Dark, artificial",Dry,73,Moss Park,73,Moss Park (73),Non-Fatal Injury,0,0,0,0,0,1,0,0,0,0,0,0,0,SMV Other,['Driver'],East,"['Bus (Other) (Go Bus, Gray Coa']",['Going Ahead'],['Lost control'],['Unknown'],[],[],[],[],[],[],D51,False,['60 to 64'],3.0
1056,2017-10-11 08:00:00,1928,2017,OLD PARK  RD,WEMBLEY  RD,4 m West of,Collector,North York,43.700614,-79.431331,626398.3463,4839816.2174,At Intersection,Stop Sign,Rain,"Dark, artificial",Wet,102,Forest Hill North,102,Forest Hill North (102),Non-Fatal Injury,1,0,1,0,0,0,0,0,0,1,0,0,0,Pedestrian Collisions,"['Pedestrian', 'Driver']",North,"['Automobile, Station Wagon']",['Turning Left'],['Failed to Yield Right of Way'],['Normal'],['Vehicle turns left while ped crosses with ROW at inter.'],['Crossing with right of way'],['Normal'],[],[],[],D13,False,"['80 to 84', '55 to 59']",3.0
1057,2017-10-16 08:00:00,1800,2017,LAWRENCE AVE E,GREENCEDAR CRCT,,Major Arterial,Scarborough,43.758113,-79.233043,642239.7666,4846523.7562,At Intersection,Traffic Signal,Clear,"Dark, artificial",Dry,141,Golfdale-Cedarbrae-Woburn,137,Woburn (137),Non-Fatal Injury,0,0,1,0,0,0,0,1,0,1,1,0,0,Turning Movement,"['Passenger', 'Driver']",East,"['Automobile, Station Wagon']","['Turning Left', 'Going Ahead']","['Driving Properly', 'Disobeyed Traffic Control']","['Normal', 'Inattentive']",[],[],[],[],[],[],D43,False,"['45 to 49', '15 to 19', '50 to 54']",3.0
1058,2017-10-17 08:00:00,1143,2017,COXWELL AVE,MORTIMER AVE,,Minor Arterial,Toronto and East York,43.690516,-79.326534,634865.2792,4838859.8,At Intersection,Traffic Signal,Clear,Daylight,Dry,59,Danforth East York,59,Danforth East York (59),Non-Fatal Injury,1,0,1,0,0,0,0,0,0,1,0,0,0,Pedestrian Collisions,"['Driver', 'Pedestrian']",North,"['Automobile, Station Wagon']",['Turning Left'],['Failed to Yield Right of Way'],['Normal'],['Vehicle turns left while ped crosses with ROW at inter.'],['Crossing with right of way'],['Normal'],[],[],[],D55,False,"['65 to 69', '85 to 89']",3.0
1059,2017-10-18 08:00:00,906,2017,COWAN AVE,KING  ST W,,Major Arterial,Toronto and East York,43.63795,-79.431827,626489.9413,4832855.7891,At Intersection,Stop Sign,Clear,Daylight,Dry,85,South Parkdale,85,South Parkdale (85),Fatal,0,1,1,0,0,1,0,0,0,1,0,0,0,Cyclist Collisions,"['Cyclist', 'Driver']",East,"['Bicycle', 'Pick Up Truck', 'Street Car']",['Going Ahead'],"['Failed to Yield Right of Way', 'Driving Properly']",['Normal'],[],[],[],"['Motorist without ROW drives into path of cyclist at inter, lnwy, dwy-Driver not turn.']",['Driving Properly'],['Normal'],D14,True,"['35 to 39', '25 to 29', '50 to 54']",4.0
1060,2017-10-20 08:00:00,2318,2017,KIPLING  AVE,NORTH QUEEN ST,,Major Arterial,Etobicoke York,43.625136,-79.528507,618716.8216,4831289.8484,At Intersection,Traffic Signal,Clear,"Dusk, artificial",Dry,159,Etobicoke City Centre,14,Islington-City Centre West (14),Non-Fatal Injury,1,0,1,0,0,0,0,0,0,1,0,0,0,Pedestrian Collisions,"['Pedestrian', 'Driver']",East,"['Automobile, Station Wagon']",['Turning Left'],['Failed to Yield Right of Way'],['Inattentive'],['Vehicle turns left while ped crosses with ROW at inter.'],['Crossing with right of way'],['Normal'],[],[],[],D22,False,"['45 to 49', '60 to 64']",3.0
1061,2017-10-21 08:00:00,648,2017,EGLINTON AV W,ISLINGTON AV,200 m West o,Major Arterial,Etobicoke York,43.679232,-79.541286,617580.2228,4837279.7056,Non Intersection,No Control,Clear,"Dark, artificial",Dry,10,Princess-Rosethorn,10,Princess-Rosethorn (10),Non-Fatal Injury,0,0,1,0,0,0,0,1,0,0,0,0,0,SMV Other,"['Passenger', 'Driver']",West,"['Automobile, Station Wagon']",['Pulling Onto Shoulder or towardCurb'],['Lost control'],['Inattentive'],[],[],[],[],[],[],D22,False,"['20 to 24', '15 to 19']",3.0
1062,2017-10-21 08:00:00,1310,2017,LAKE SHORE BLVD W,THIRTY SEVENTH ST,,Major Arterial,Etobicoke York,43.593325,-79.538135,618002.237,4827743.1343,At Intersection,Traffic Signal,Clear,Daylight,Dry,19,Long Branch,19,Long Branch (19),Non-Fatal Injury,0,0,1,1,0,0,0,1,0,1,0,0,0,Turning Movement,"['Passenger', 'Motorcycle Driver', 'Driver']",East,"['Motorcycle', 'Automobile, Station Wagon']","['Going Ahead', 'Turning Left']","['Driving Properly', 'Failed to Yield Right of Way']","['Normal', 'Inattentive']",[],[],[],[],[],[],D22,False,"['70 to 74', '25 to 29']",3.0
1063,2017-10-21 08:00:00,2200,2017,45 CUMMER  AVE,,,Minor Arterial,North York,43.787329,-79.415561,627484.856,4849471.357,Non Intersection,No Control,Clear,"Dark, artificial",Dry,50,Newtonbrook East,50,Newtonbrook East (50),Non-Fatal Injury,0,1,1,0,0,0,0,0,0,0,0,0,0,Cyclist Collisions,"['Cyclist', 'Driver']",East,"['Bicycle', 'Automobile, Station Wagon']",['Going Ahead'],['Lost control'],['Unknown'],[],[],[],['Cyclist and Driver travelling in same direction. One vehicle rear-ended the other.'],['Driving Properly'],['Unknown'],D32,False,"['30 to 34', 'unknown']",3.0
1064,2017-10-22 08:00:00,14,2017,MARKHAM  RD,PANDORA CRCL,100 m North ,Major Arterial,Scarborough,43.77117,-79.229785,642471.0369,4847979.54,At Intersection,Traffic Signal,Clear,"Dusk, artificial",Dry,142,Woburn North,137,Woburn (137),Non-Fatal Injury,1,0,1,0,0,0,0,0,0,0,0,0,0,Pedestrian Collisions,"['Pedestrian', 'Driver']",South,"['Automobile, Station Wagon']",['Going Ahead'],['Driving Properly'],['Normal'],['Vehicle is going straight thru inter.while ped cross without ROW'],['Crossing without right of way'],['Had Been Drinking'],[],[],[],D43,False,['35 to 39'],3.0
1065,2017-10-22 08:00:00,1350,2017,AVENUE  RD,WOBURN AVE,30 m South o,Major Arterial,North York,43.725348,-79.41685,627512.7233,4842585.457,Intersection Related,No Control,Clear,Daylight,Dry,39,Bedford Park-Nortown,39,Bedford Park-Nortown (39),Non-Fatal Injury,0,0,1,1,0,0,0,0,0,0,0,0,0,Sideswipe,"['Motorcycle Driver', 'Driver']",South,"['Motorcycle', 'Automobile, Station Wagon']","['Going Ahead', 'Changing Lanes']","['Driving Properly', 'Improper Lane Change']","['Unknown', 'Normal']",[],[],[],[],[],[],D32,False,"['55 to 59', '45 to 49']",3.0
1066,2017-10-22 08:00:00,2007,2017,KING  ST W,NIAGARA ST,33 m West of,Major Arterial,Toronto and East York,43.642733,-79.408191,628386.2694,4833423.2934,Non Intersection,No Control,Clear,"Dark, artificial",Dry,162,West Queen West,82,Niagara (82),Non-Fatal Injury,1,0,0,0,0,1,0,0,0,0,0,0,0,Pedestrian Collisions,"['Pedestrian', 'Driver']",North,['Street Car'],['Going Ahead'],['Driving Properly'],['Normal'],['Pedestrian involved in a collision with transit vehicle anywhere along roadway'],"['Crossing, no Traffic Control']",['Had Been Drinking'],[],[],[],D14,False,"['25 to 29', '55 to 59']",3.0
1067,2017-10-23 08:00:00,427,2017,AVENUE  RD,WILLOWBANK BLVD,7 m South of,Major Arterial,North York,43.706015,-79.409702,628129.6523,4840449.2759,Intersection Related,No Control,Clear,"Dark, artificial",Dry,100,Yonge-Eglinton,100,Yonge-Eglinton (100),Non-Fatal Injury,0,0,1,0,0,0,0,0,0,1,0,0,0,SMV Other,['Driver'],South,"['Automobile, Station Wagon']",['Going Ahead'],['Lost control'],['Fatigue'],[],[],[],[],[],[],D53,False,['25 to 29'],3.0
1068,2017-10-23 08:00:00,833,2017,ELLESMERE RD,PHARMACY AVE,,Major Arterial,Scarborough,43.758959,-79.310153,636030.4368,4846488.1698,At Intersection,Traffic Signal,Clear,Daylight,Dry,119,Wexford/Maryvale,119,Wexford/Maryvale (119),Non-Fatal Injury,1,0,1,0,0,0,0,0,1,1,0,0,0,Pedestrian Collisions,"['Pedestrian', 'Driver']",West,"['Automobile, Station Wagon']","['Turning Left', 'Going Ahead']","['Driving Properly', 'Exceeding Speed Limit', 'Failed to Yield Right of Way']",['Normal'],['Pedestrian hit on sidewalk or shoulder'],['On Sidewalk or Shoulder'],['Normal'],[],[],[],D41,False,"['60 to 64', '70 to 74', '25 to 29', '20 to 24']",3.0
1069,2017-10-26 08:00:00,1904,2017,HENDON  AVE,ELDORA  AVE,,Collector,North York,43.780654,-79.419986,627142.9646,4848723.1899,At Intersection,No Control,Clear,"Dark, artificial",Dry,36,Newtonbrook West,36,Newtonbrook West (36),Non-Fatal Injury,1,0,1,0,0,0,0,0,0,1,0,0,0,Pedestrian Collisions,"['Driver', 'Pedestrian']",East,"['Automobile, Station Wagon']",['Going Ahead'],['Driving Properly'],['Normal'],['Vehicle is going straight thru inter.while ped cross without ROW'],['Crossing without right of way'],['Normal'],[],[],[],D32,False,['65 to 69'],3.0