accident_number,date,time,year,street1,street2,offset,road_class,district,latitude,longitude,x,y,accident_location,traffctl,visibility,light,road_surface_condition,hood_158,neighbourhood_new,hood_140,neighbourhood_old,accident_class,pedestrian,cyclist,automobile,motorcycle,truck,trsn_city_veh,emerg_veh,passenger,speeding,aggressive_driving,redlight,alcohol,disability,impact_type,involvement_type,initial_direction,vehicle_type,manoeuver,driver_action,driver_condition,pedestrian_type,pedestrian_action,pedestrian_condition,cyclist_type,cyclist_action,cyclist_condition,division,injury,involvement_age,injury_severity_score
1070,2017-10-27 08:00:00,2031,2017,FINCH  AVE W,KIPLING  AVE,,Major Arterial,Etobicoke York,43.743193,-79.582073,614171.0397,4844326.4426,At Intersection,Traffic Signal,Clear,Dark,Dry,3,Thistletown-Beaumond Heights,3,Thistletown-Beaumond Heights (3),Non-Fatal Injury,0,1,1,0,0,0,0,0,0,0,0,0,0,Cyclist Collisions,"['Cyclist', 'Driver']",South,"['Bicycle', 'Automobile, Station Wagon']",['Going Ahead'],['Driving Properly'],['Normal'],[],[],[],['Cyclist and Driver travelling in same direction. One vehicle rear-ended the other.'],['Other'],['Normal'],D23,False,"['30 to 34', '45 to 49']",3.0
1071,2017-10-30 08:00:00,1423,2017,KENNEDY RD,ELLESMERE RD,378 m South ,Major Arterial,Scarborough,43.762652,-79.279971,638451.5557,4846948.3522,At/Near Private Drive,No Control,Clear,Daylight,Dry,126,Dorset Park,126,Dorset Park (126),Non-Fatal Injury,1,0,1,0,0,0,0,0,0,1,0,0,0,Pedestrian Collisions,"['Driver', 'Pedestrian']",East,"['Automobile, Station Wagon']",['Turning Left'],['Failed to Yield Right of Way'],['Normal'],['Pedestrian hit at mid-block'],"['Crossing, no Traffic Control']",['Normal'],[],[],[],D41,False,['55 to 59'],3.0
1072,2017-10-31 08:00:00,2223,2017,STEELES AVE W,KEELE ST,,Major Arterial,Etobicoke York,43.781508,-79.494464,621147.9828,4848706.3556,At Intersection,Traffic Signal,Other,Dark,Other,27,York University Heights,27,York University Heights (27),Fatal,0,0,1,0,0,0,0,1,0,1,0,0,0,Turning Movement,"['Passenger', 'Driver']",East,"['Automobile, Station Wagon']","['Turning Left', 'Going Ahead']","['Failed to Yield Right of Way', 'Driving Properly']",['Unknown'],[],[],[],[],[],[],D31,True,"['45 to 49', '55 to 59', '15 to 19']",4.0
1073,2017-11-01 08:00:00,1903,2017,KEELE ST,WILSON AVE,60 m South o,Major Arterial,North York,43.725939,-79.481868,622274.6867,4842553.1089,Non Intersection,Traffic Controller,Clear,"Daylight, artificial",Wet,155,Downsview,26,Downsview-Roding-CFB (26),Non-Fatal Injury,1,0,1,0,0,0,0,0,0,0,0,0,0,Pedestrian Collisions,"['Pedestrian', 'Driver']",North,['Pick Up Truck'],['Going Ahead'],['Driving Properly'],['Normal'],['Pedestrian hit at mid-block'],['Running onto Roadway'],['Normal'],[],[],[],D31,False,"['45 to 49', '30 to 34']",3.0
1074,2017-11-02 08:00:00,840,2017,161 THE WEST MALL,,,Minor Arterial,Etobicoke York,43.621218,-79.560214,616166.2955,4830809.8584,Non Intersection,No Control,,Daylight,,159,Etobicoke City Centre,14,Islington-City Centre West (14),Fatal,0,0,1,0,0,0,0,0,1,1,0,0,0,Approaching,['Driver'],North,"['Automobile, Station Wagon']",['Going Ahead'],"['Driving Properly', 'Lost control']",['Normal'],[],[],[],[],[],[],D22,True,['35 to 39'],4.0
1075,2017-11-02 08:00:00,1047,2017,DUFFERIN ST,ALMA AVE,10 m North o,Minor Arterial,Toronto and East York,43.644625,-79.429508,626662.9679,4833600.67,At Intersection,No Control,Clear,Daylight,Wet,84,Little Portugal,84,Little Portugal (84),Non-Fatal Injury,1,0,0,0,1,0,0,0,0,0,0,0,0,Pedestrian Collisions,"['Pedestrian', 'Truck Driver']",East,['Truck - Car Carrier'],['Going Ahead'],['Driving Properly'],['Normal'],['Vehicle is going straight thru inter.while ped cross without ROW'],['Crossing without right of way'],['Inattentive'],[],[],[],D14,False,"['60 to 64', '55 to 59']",3.0
1076,2017-11-02 08:00:00,1100,2017,SCARLETT RD,DUNDAS ST W,,Major Arterial,Toronto and East York,43.665454,-79.499164,621003.1966,4835810.0506,At Intersection,Yield Sign,Clear,Daylight,Wet,114,Lambton Baby Point,114,Lambton Baby Point (114),Non-Fatal Injury,0,0,1,0,0,0,0,0,0,0,0,0,0,Rear End,['Driver'],South,"['Automobile, Station Wagon']","['Going Ahead', 'Stopped']","['Other', 'Driving Properly']",['Normal'],[],[],[],[],[],[],D11,False,"['50 to 54', '30 to 34']",3.0
1077,2017-11-02 08:00:00,2215,2017,1172 QUEEN ST W,,75 m East of,Major Arterial,Toronto and East York,43.642802,-79.425449,626994.1778,4833404.4051,Non Intersection,No Control,Rain,Dark,Wet,84,Little Portugal,84,Little Portugal (84),Non-Fatal Injury,1,0,0,0,0,1,0,0,0,0,0,0,0,Pedestrian Collisions,"['Pedestrian', 'Driver']",South,['Street Car'],['Going Ahead'],['Driving Properly'],['Normal'],['Pedestrian hit at mid-block'],"['Crossing, no Traffic Control']",['Had Been Drinking'],[],[],[],D14,False,"['30 to 34', '50 to 54']",3.0
1078,2017-11-03 08:00:00,649,2017,DUFFERIN ST,STEELES  AVE W,1 m West of,Major Arterial,North York,43.787211,-79.470042,623101.49,4849375.7889,At Intersection,Traffic Signal,Rain,"Dark, artificial",Wet,34,Bathurst Manor,34,Bathurst Manor (34),Non-Fatal Injury,1,0,1,0,0,0,0,0,0,1,0,0,0,Pedestrian Collisions,"['Pedestrian', 'Driver']",South,['Pick Up Truck'],['Turning Right'],['Failed to Yield Right of Way'],['Normal'],['Vehicle turns right while ped crosses with ROW at inter.'],['Crossing with right of way'],['Normal'],[],[],[],D32,False,"['60 to 64', '35 to 39']",3.0
1079,2017-11-03 08:00:00,725,2017,FINCH AVENUE W,ALBION ROAD,,Major Arterial,Etobicoke York,43.741091,-79.589198,613601.3085,4844083.1914,Non Intersection,No Control,Clear,"Dawn, artificial",Wet,2,Mount Olive-Silverstone-Jamestown,2,Mount Olive-Silverstone-Jamestown (2),Non-Fatal Injury,1,0,1,0,0,0,0,0,0,0,0,0,0,Pedestrian Collisions,"['Pedestrian', 'Driver']",North,['Pick Up Truck'],['Going Ahead'],['Other'],['Unknown'],['Pedestrian hit at mid-block'],"['Crossing, no Traffic Control']",['Had Been Drinking'],[],[],[],D23,False,"['50 to 54', '45 to 49']",3.0
1080,2017-11-03 08:00:00,1202,2017,PROGRESS AVE,MIDLAND AVE,,Major Arterial,Scarborough,43.772895,-79.272945,638993.383,4848097.7669,At Intersection,Traffic Signal,Clear,Daylight,Dry,156,Bendale-Glen Andrew,127,Bendale (127),Non-Fatal Injury,1,0,1,0,0,0,0,0,0,0,0,0,0,Pedestrian Collisions,"['Pedestrian', 'Driver']",East,"['Automobile, Station Wagon']",['Going Ahead'],['Driving Properly'],['Normal'],['Vehicle is going straight thru inter.while ped cross without ROW'],['Running onto Roadway'],['Medical or Physical Disability'],[],[],[],D41,False,"['30 to 34', '55 to 59']",3.0
1081,2017-11-08 10:00:00,1604,2017,OAK  ST,WESTON  RD,,Major Arterial,Etobicoke York,43.707713,-79.53358,618145.4345,4840453.8584,At Intersection,Traffic Signal,Clear,Daylight,Dry,113,Weston,113,Weston (113),Non-Fatal Injury,1,0,1,0,0,0,0,0,0,1,0,0,0,Pedestrian Collisions,"['Pedestrian', 'Driver']",Unknown,"['Automobile, Station Wagon']",['Turning Right'],['Failed to Yield Right of Way'],['Inattentive'],['Vehicle turns right while ped crosses with ROW at inter.'],['Crossing with right of way'],['Normal'],[],[],[],D12,False,"['15 to 19', '25 to 29']",3.0
1082,2017-11-08 10:00:00,1838,2017,TRETHEWEY DR,IRVING RD,20 m North o,Minor Arterial,Etobicoke York,43.692324,-79.477252,622715.0545,4838826.5159,Non Intersection,No Control,Clear,"Dark, artificial",Dry,112,Beechborough-Greenbrook,112,Beechborough-Greenbrook (112),Non-Fatal Injury,0,1,1,0,0,0,0,0,0,1,0,0,0,Cyclist Collisions,"['Cyclist', 'Driver']",West,"['Bicycle', 'Automobile, Station Wagon']",['Going Ahead'],['Improper Passing'],['Inattentive'],[],[],[],['Cyclist and Driver travelling in same direction. One vehicle rear-ended the other.'],['Driving Properly'],['Normal'],D12,False,"['55 to 59', '60 to 64']",3.0
1083,2017-11-08 10:00:00,2009,2017,KEELE ST,STEELES AVE W,,Major Arterial,Etobicoke York,43.781508,-79.494464,621147.9828,4848706.3556,At Intersection,Traffic Signal,Clear,"Dark, artificial",Dry,27,York University Heights,27,York University Heights (27),Non-Fatal Injury,0,0,1,0,0,0,0,0,0,1,0,0,0,Turning Movement,['Driver'],North,"['Automobile, Station Wagon']","['Turning Left', 'Going Ahead']","['Failed to Yield Right of Way', 'Driving Properly']",['Inattentive'],[],[],[],[],[],[],D31,False,"['55 to 59', '20 to 24']",3.0
1084,2017-11-10 10:00:00,900,2017,YONGE ST,CHURCH AVE,,Major Arterial,North York,43.773707,-79.413989,627640.3249,4847960.8466,At Intersection,Traffic Signal,Clear,Daylight,Wet,151,Yonge-Doris,51,Willowdale East (51),Non-Fatal Injury,1,0,1,0,0,0,0,1,0,0,0,0,0,Pedestrian Collisions,"['Driver', 'Pedestrian', 'Passenger']",North,"['Automobile, Station Wagon']","['Turning Left', 'Going Ahead', 'Stopped']","['Improper Turn', 'Driving Properly']","['Inattentive', 'Normal']",['Pedestrian hit on sidewalk or shoulder'],['On Sidewalk or Shoulder'],['Normal'],[],[],[],D32,False,"['25 to 29', '35 to 39', '45 to 49', '65 to 69']",3.0
1085,2017-11-10 10:00:00,1850,2017,O CONNOR DR,PAPE AVE,,Major Arterial,Toronto and East York,43.693171,-79.350253,632947.8681,4839116.3711,At Intersection,Traffic Signal,Clear,"Dark, artificial",Dry,58,Old East York,58,Old East York (58),Non-Fatal Injury,1,0,1,0,0,0,0,0,0,1,0,0,0,Pedestrian Collisions,"['Pedestrian', 'Driver']",West,"['Automobile, Station Wagon']",['Turning Left'],['Failed to Yield Right of Way'],['Unknown'],['Vehicle turns left while ped crosses with ROW at inter.'],['Crossing with right of way'],['Normal'],[],[],[],D55,False,"['50 to 54', 'unknown']",3.0
1086,2017-11-10 10:00:00,2233,2017,WARDEN AVE,WAYNE AVE,147 M North,Major Arterial,Scarborough,43.738906,-79.292102,637529.4559,4844290.789,Non Intersection,No Control,Clear,"Dark, artificial",Dry,119,Wexford/Maryvale,119,Wexford/Maryvale (119),Fatal,1,0,1,0,0,0,0,0,0,0,0,0,0,Pedestrian Collisions,"['Pedestrian', 'Driver']",South,['Passenger Van'],['Going Ahead'],['Driving Properly'],['Normal'],['Pedestrian hit at mid-block'],"['Crossing, no Traffic Control']",['Normal'],[],[],[],D41,True,"['55 to 59', '20 to 24']",4.0
1087,2017-11-12 10:00:00,138,2017,BROCK AVE,SEAFORTH  AVE,21 m North o,Collector,Toronto and East York,43.64363,-79.433177,626369.1398,4833484.5695,At Intersection,No Control,Clear,"Dark, artificial",Dry,86,Roncesvalles,86,Roncesvalles (86),Non-Fatal Injury,1,0,1,0,0,0,0,0,0,0,0,0,0,Pedestrian Collisions,"['Pedestrian', 'Driver']",South,"['Automobile, Station Wagon']",['Going Ahead'],['Other'],['Had Been Drinking'],['Pedestrian hit at mid-block'],['Walking on Roadway with Traffic'],['Had Been Drinking'],[],[],[],D11,False,"['65 to 69', '25 to 29']",3.0
1088,2017-11-14 10:00:00,1054,2017,STEELES AVE E,SHADLOCK ST,20 m East of,Major Arterial,Scarborough,43.834231,-79.261112,639802.5596,4854930.0539,At Intersection,Traffic Signal,Clear,Daylight,Dry,130,Milliken,130,Milliken (130),Non-Fatal Injury,0,0,1,0,0,1,0,0,0,1,0,0,0,Rear End,['Driver'],West,"['Automobile, Station Wagon', 'Bus (Other) (Go Bus, Gray Coa']","['Going Ahead', 'Stopped']","['Following too Close', 'Driving Properly']",['Normal'],[],[],[],[],[],[],D42,False,"['40 to 44', '50 to 54']",3.0
1089,2017-11-15 10:00:00,2100,2017,MURRAY ROSS PKWY,SENTINEL RD,,Minor Arterial,Etobicoke York,43.764743,-79.501285,620632.8064,4846834.3913,At Intersection,Traffic Signal,Clear,"Dark, artificial",Dry,27,York University Heights,27,York University Heights (27),Non-Fatal Injury,1,0,1,0,0,0,0,0,0,1,0,0,0,Pedestrian Collisions,"['Pedestrian', 'Driver']",North,"['Automobile, Station Wagon']",['Turning Left'],['Failed to Yield Right of Way'],['Unknown'],['Vehicle turns left while ped crosses with ROW at inter.'],['Crossing with right of way'],['Normal'],[],[],[],D31,False,"['15 to 19', 'unknown']",3.0
1090,2017-11-16 10:00:00,1120,2017,FINCH AVE E,RAVEL RD,,Major Arterial,North York,43.79027,-79.365299,631522.5519,4849876.6375,At Intersection,No Control,Clear,Daylight,Dry,47,Don Valley Village,47,Don Valley Village (47),Non-Fatal Injury,1,0,1,0,0,0,0,0,0,0,0,0,0,Pedestrian Collisions,"['Pedestrian', 'Driver']",North,"['Automobile, Station Wagon']",['Going Ahead'],['Driving Properly'],['Normal'],['Vehicle is going straight thru inter.while ped cross without ROW'],"['Crossing, no Traffic Control']",['Normal'],[],[],[],D33,False,"['80 to 84', '70 to 74']",3.0
1091,2017-11-19 10:00:00,145,2017,MARKHAM RD,HIGHWAY 401 C E,,Major Arterial,Scarborough,43.78385,-79.234683,642046.7997,4849379.4375,At Intersection,Traffic Signal,Rain,"Dark, artificial",Wet,142,Woburn North,137,Woburn (137),Non-Fatal Injury,0,0,1,0,0,0,0,0,0,1,1,0,0,Turning Movement,"['Driver', 'Other']",East,"['Automobile, Station Wagon']","['Going Ahead', 'Turning Left']","['Disobeyed Traffic Control', 'Driving Properly']",['Normal'],[],[],[],[],[],[],D43,False,"['30 to 34', '35 to 39', '5 to 9', '0 to 4']",3.0
1092,2017-11-20 10:00:00,1809,2017,MORNINGSIDE AVE,CASEBRIDGE CRT,10 m North o,Major Arterial,Scarborough,43.808863,-79.202686,644561.1464,4852212.9411,At Intersection,Traffic Signal,Clear,"Dark, artificial",Dry,144,Morningside Heights,131,Rouge (131),Non-Fatal Injury,0,0,1,0,0,0,0,1,0,1,0,0,0,Turning Movement,"['Passenger', 'Driver']",North,"['Automobile, Station Wagon']","['Going Ahead', 'Turning Left']","['Driving Properly', 'Failed to Yield Right of Way']",['Normal'],[],[],[],[],[],[],D42,False,"['60 to 64', '25 to 29']",3.0
1093,2017-11-21 10:00:00,2319,2017,LAKE SHORE BLVD W,LOWER SIMCOE ST,,Expressway,Toronto and East York,43.640258,-79.383151,630411.2296,4833187.4517,At Intersection,Traffic Signal,Clear,"Dark, artificial",Dry,165,Harbourfront-CityPlace,77,Waterfront Communities-The Island (77),Non-Fatal Injury,1,0,1,0,0,0,0,0,0,1,0,0,0,Pedestrian Collisions,"['Driver', 'Pedestrian']",North,"['Automobile, Station Wagon']",['Turning Left'],['Failed to Yield Right of Way'],['Normal'],['Vehicle turns left while ped crosses with ROW at inter.'],['Crossing with right of way'],['Normal'],[],[],[],D52,False,"['55 to 59', '60 to 64', '25 to 29']",3.0
1094,2017-11-23 10:00:00,1630,2017,MILNER  AVE,EXECUTIVE CRT,18 m East of,Minor Arterial,Scarborough,43.786635,-79.242137,641440.4354,4849675.9918,Intersection Related,No Control,Clear,Dusk,Dry,128,Agincourt South-Malvern West,128,Agincourt South-Malvern West (128),Non-Fatal Injury,1,0,1,0,0,0,0,0,0,0,0,0,0,Pedestrian Collisions,"['Pedestrian', 'Driver']",East,"['Automobile, Station Wagon']",['Going Ahead'],['Driving Properly'],['Normal'],['Pedestrian hit at mid-block'],"['Crossing, no Traffic Control']",['Inattentive'],[],[],[],D42,False,"['50 to 54', '55 to 59']",3.0
1095,2017-11-23 10:00:00,1856,2017,KINGSTON RD,BALSAM AVE,,Major Arterial,Toronto and East York,43.680293,-79.289165,637900.3203,4837785.8498,At Intersection,No Control,Clear,Dark,Dry,63,The Beaches,63,The Beaches (63),Non-Fatal Injury,0,1,1,0,0,0,0,0,0,0,0,0,0,Cyclist Collisions,"['Cyclist', 'Driver']",East,"['Bicycle', 'Automobile, Station Wagon']","['Going Ahead', 'Turning Left']",['Improper Turn'],['Inattentive'],[],[],[],['Motorist turned left across cyclists path.'],['Driving Properly'],['Normal'],D55,False,"['55 to 59', '15 to 19']",3.0
1096,2017-11-24 10:00:00,840,2017,VEROBEACH BLVD,INDRIO RD,,Local,Etobicoke York,43.73778,-79.542117,617398.8856,4843781.0896,At Intersection,Stop Sign,Clear,Daylight,Dry,22,Humbermede,22,Humbermede (22),Non-Fatal Injury,1,0,1,0,0,0,0,0,0,1,0,0,0,Pedestrian Collisions,"['Driver', 'Pedestrian']",North,['Pick Up Truck'],['Turning Left'],['Failed to Yield Right of Way'],['Inattentive'],['Vehicle turns left while ped crosses with ROW at inter.'],['Crossing with right of way'],['Normal'],[],[],[],D31,False,"['40 to 44', '80 to 84', '75 to 79']",3.0
1097,2017-11-24 10:00:00,1148,2017,SHEPPARD AVE E,VICTORIA PARK AVE,,Major Arterial,Scarborough,43.775355,-79.322238,635020.7035,4848289.4184,Non Intersection,No Control,Clear,Daylight,Dry,118,Tam O'Shanter-Sullivan,118,Tam O'Shanter-Sullivan (118),Fatal,1,0,1,0,1,0,0,0,0,0,0,0,0,Pedestrian Collisions,"['Truck Driver', 'Pedestrian']",South,"['Truck-Tractor', 'Passenger Van']",['Going Ahead'],['Driving Properly'],['Unknown'],['Pedestrian hit at mid-block'],"['Crossing, no Traffic Control']",['Unknown'],[],[],[],D42,True,"['25 to 29', '70 to 74']",4.0
1098,2017-11-25 10:00:00,2351,2017,DUNDAS ST W,THE EAST MALL,,Major Arterial,Etobicoke York,43.629279,-79.553577,616686.1964,4831714.4378,Non Intersection,No Control,Clear,"Dark, artificial",Dry,159,Etobicoke City Centre,14,Islington-City Centre West (14),Non-Fatal Injury,0,1,1,0,0,0,0,0,0,0,0,0,0,Cyclist Collisions,"['Cyclist', 'Driver']",North,"['Bicycle', 'Automobile, Station Wagon']","['Changing Lanes', 'Going Ahead']",['Driving Properly'],['Normal'],[],[],[],"['Cyclist without ROW rides into path of motorist at inter, lnwy, dwy-Cyclist not turn.']",['Improper Lane Change'],['Normal'],D22,False,"['35 to 39', '55 to 59']",3.0
1099,2017-11-26 10:00:00,327,2017,MARKHAM  RD,MCNICOLL AVE,,Major Arterial,Scarborough,43.823924,-79.247775,640899.087,4853807.9218,At Intersection,Traffic Signal,Clear,"Dark, artificial",Dry,144,Morningside Heights,131,Rouge (131),Non-Fatal Injury,0,0,1,0,0,0,0,1,0,1,0,0,0,Turning Movement,"['Passenger', 'Driver']",North,"['Automobile, Station Wagon']","['Going Ahead', 'Turning Left']","['Driving Properly', 'Improper Turn']","['Normal', 'Unknown']",[],[],[],[],[],[],D42,False,"['55 to 59', '85 to 89', '60 to 64', 'unknown']",3.0
1100,2017-11-28 10:00:00,558,2017,FINCH  AVE W,NORFINCH  DR,,Major Arterial,Etobicoke York,43.755858,-79.524242,618802.5482,4845814.3964,At Intersection,Traffic Signal,Clear,"Dark, artificial",Dry,25,Glenfield-Jane Heights,25,Glenfield-Jane Heights (25),Non-Fatal Injury,0,0,1,0,0,0,0,1,0,1,0,0,0,Turning Movement,"['Driver', 'Passenger', 'Other']",East,"['Automobile, Station Wagon']","['Going Ahead', 'Turning Left']","['Driving Properly', 'Failed to Yield Right of Way']","['Normal', 'Inattentive']",[],[],[],[],[],[],D31,False,"['20 to 24', '35 to 39', '50 to 54']",3.0
1101,2017-11-28 10:00:00,1212,2017,EDITH DR,ORCHARD VIEW BLVD,,Collector,North York,43.707171,-79.40327,628645.408,4840587.6273,At Intersection,Stop Sign,Clear,Daylight,Dry,100,Yonge-Eglinton,100,Yonge-Eglinton (100),Fatal,1,0,1,0,0,0,0,0,0,1,0,0,0,Pedestrian Collisions,"['Driver', 'Pedestrian']",East,['Pick Up Truck'],['Turning Left'],['Disobeyed Traffic Control'],['Inattentive'],['Vehicle turns left while ped crosses with ROW at inter.'],['Crossing with right of way'],['Unknown'],[],[],[],D53,True,"['50 to 54', '80 to 84']",4.0
1102,2017-11-28 10:00:00,1431,2017,KIPLING AVE,BIRMINGHAM ST,,Major Arterial,Etobicoke York,43.600611,-79.517978,619614.8942,4828581.1598,At Intersection,Traffic Signal,Clear,Daylight,Dry,18,New Toronto,18,New Toronto (18),Non-Fatal Injury,1,0,1,0,0,0,0,0,0,1,0,0,0,Pedestrian Collisions,"['Driver', 'Pedestrian']",East,"['Automobile, Station Wagon']",['Turning Left'],['Failed to Yield Right of Way'],['Normal'],['Vehicle turns left while ped crosses with ROW at inter.'],['Crossing with right of way'],['Normal'],[],[],[],D22,False,"['50 to 54', '30 to 34']",3.0
1103,2017-11-30 10:00:00,1709,2017,WARDEN  AVE,BAMBURGH  CRCL,,Major Arterial,Scarborough,43.811564,-79.323375,634847.7342,4852309.1472,At Intersection,Traffic Signal,Rain,Dusk,Wet,116,Steeles,116,Steeles (116),Non-Fatal Injury,0,1,1,0,0,0,0,0,0,0,0,0,0,Cyclist Collisions,"['Cyclist', 'Driver']",North,"['Bicycle', 'Automobile, Station Wagon']","['Going Ahead', 'Turning Left']",['Improper Turn'],['Inattentive'],[],[],[],['Motorist turned left across cyclists path.'],['Disobeyed Traffic Control'],['Inattentive'],D42,False,['60 to 64'],3.0
1104,2017-11-30 10:00:00,1825,2017,LAWRENCE  AVE W,GLENMOUNT AVE,,Major Arterial,North York,43.718421,-79.432933,626231.8743,4841791.4938,At Intersection,Traffic Signal,Clear,"Dark, artificial",Dry,32,Englemount-Lawrence,32,Englemount-Lawrence (32),Non-Fatal Injury,1,0,1,0,0,0,0,0,0,1,0,0,0,Pedestrian Collisions,"['Pedestrian', 'Driver']",North,"['Automobile, Station Wagon']",['Turning Left'],['Failed to Yield Right of Way'],['Inattentive'],['Vehicle turns left while ped crosses with ROW at inter.'],['Crossing with right of way'],['Normal'],[],[],[],D13,False,"['65 to 69', '70 to 74']",3.0
1105,2017-12-01 10:00:00,2330,2017,BIRCHMOUNT RD,MERRYFIELD DR,,Major Arterial,Scarborough,43.751868,-79.286601,637942.6552,4845739.561,At Intersection,No Control,Clear,Dark,Dry,126,Dorset Park,126,Dorset Park (126),Fatal,1,0,1,0,0,0,0,0,0,0,0,0,0,Pedestrian Collisions,"['Driver', 'Pedestrian']",East,['Passenger Van'],['Going Ahead'],['Driving Properly'],['Normal'],['Vehicle is going straight thru inter.while ped cross without ROW'],"['Crossing, no Traffic Control']",['Normal'],[],[],[],D41,True,"['55 to 59', '65 to 69']",4.0
1106,2017-12-03 10:00:00,1253,2017,PRICE ST,YONGE ST,75 m East,Local,Toronto and East York,43.679961,-79.389858,629784.68,4837586.4802,Non Intersection,No Control,Clear,Daylight,Dry,98,Rosedale-Moore Park,98,Rosedale-Moore Park (98),Fatal,1,0,1,0,0,0,0,0,0,0,0,0,0,Pedestrian Collisions,"['Pedestrian', 'Driver']",North,"['Automobile, Station Wagon']",['Reversing'],['Other'],['Normal'],['Vehicle is reversing and hits pedestrian'],['Other'],['Normal'],[],[],[],D53,True,"['75 to 79', '45 to 49']",4.0
1107,2017-12-05 10:00:00,557,2017,DUFFERIN ST,COLLEGE ST,,Major Arterial,Toronto and East York,43.652495,-79.432521,626403.4525,4834470.1415,At Intersection,Traffic Signal,Rain,"Dark, artificial",Wet,84,Little Portugal,84,Little Portugal (84),Non-Fatal Injury,0,0,1,0,0,0,0,1,0,1,0,0,0,Angle,"['Passenger', 'Driver']",East,"['Automobile, Station Wagon']",['Going Ahead'],"['Driving Properly', 'Failed to Yield Right of Way']",['Normal'],[],[],[],[],[],[],D14,False,"['55 to 59', '35 to 39', '20 to 24']",3.0
1108,2017-12-05 10:00:00,1232,2017,SHEPPARD AVE E,LESLIE ST,31 m East of,Major Arterial,North York,43.771571,-79.364093,631660.6225,4847801.7407,At Intersection,Traffic Signal,Clear,Daylight,Dry,52,Bayview Village,52,Bayview Village (52),Non-Fatal Injury,1,0,1,0,0,0,0,1,1,1,0,0,0,Pedestrian Collisions,"['Pedestrian', 'Passenger', 'Driver']",West,"['Delivery Van', 'Passenger Van', 'Automobile, Station Wagon']","['Stopped', 'Going Ahead']","['Driving Properly', 'Speed too Fast For Condition']","['Normal', 'Inattentive']",['Pedestrian hit on sidewalk or shoulder'],['On Sidewalk or Shoulder'],['Normal'],[],[],[],D33,False,"['55 to 59', '50 to 54', '15 to 19', '35 to 39']",3.0
1109,2017-12-05 10:00:00,1646,2017,BIRCHMOUNT RD,SHEPPARD AVE E,200 m North ,Major Arterial,Scarborough,43.782557,-79.298908,636881.8084,4849127.6249,At/Near Private Drive,Traffic Signal,Clear,"Dark, artificial",Dry,118,Tam O'Shanter-Sullivan,118,Tam O'Shanter-Sullivan (118),Non-Fatal Injury,0,0,1,1,0,0,0,0,0,0,0,0,0,Turning Movement,"['Driver', 'Motorcycle Driver']",North,"['Automobile, Station Wagon', 'Motorcycle']","['Turning Left', 'Going Ahead']","['Improper Turn', 'Driving Properly']",['Normal'],[],[],[],[],[],[],D42,False,"['35 to 39', '50 to 54']",3.0
1110,2017-12-07 10:00:00,700,2017,WESTON RD,TORYORK  DR,,Major Arterial,Etobicoke York,43.753264,-79.542667,617324.3436,4845500.0323,At Intersection,Traffic Signal,Clear,Dawn,Dry,21,Humber Summit,21,Humber Summit (21),Non-Fatal Injury,1,0,0,0,0,0,0,0,0,1,0,0,0,Pedestrian Collisions,"['Driver', 'Pedestrian']",East,[],['Going Ahead'],['Failed to Yield Right of Way'],['Unknown'],['Vehicle is going straight thru inter.while ped cross with ROW'],['Crossing with right of way'],['Normal'],[],[],[],D31,False,"['unknown', '15 to 19']",3.0
1111,2017-12-07 10:00:00,705,2017,PARLIAMENT ST,HOWARD ST,37 m South o,Minor Arterial,Toronto and East York,43.670878,-79.370654,631352.4409,4836607.9197,Non Intersection,No Control,Clear,"Dark, artificial",Dry,71,Cabbagetown-South St.James Town,71,Cabbagetown-South St.James Town (71),Non-Fatal Injury,1,0,1,0,0,0,0,0,0,0,0,0,0,Pedestrian Collisions,"['Pedestrian', 'Driver']",North,"['Automobile, Station Wagon']",['Going Ahead'],['Driving Properly'],['Normal'],['Pedestrian hit at mid-block'],"['Crossing, no Traffic Control']",['Inattentive'],[],[],[],D51,False,"['40 to 44', '50 to 54']",3.0
1112,2017-12-11 10:00:00,854,2017,4975 DUNDAS ST W,,92 m East of,Major Arterial,Etobicoke York,43.647547,-79.529735,618573.6629,4833777.1145,At/Near Private Drive,No Control,Clear,Daylight,Dry,159,Etobicoke City Centre,14,Islington-City Centre West (14),Non-Fatal Injury,1,0,1,0,0,0,0,0,0,0,0,0,0,Pedestrian Collisions,"['Pedestrian', 'Driver']",North,"['Automobile, Station Wagon']",['Turning Left'],['Driving Properly'],['Normal'],['Pedestrian hit at private driveway'],"['Crossing, no Traffic Control']",['Normal'],[],[],[],D22,False,"['70 to 74', '35 to 39']",3.0
1113,2017-12-14 10:00:00,2307,2017,ST CLAIR  AVE W,MONDOVI  GT,41 m West of,Major Arterial,Etobicoke York,43.670657,-79.475673,622886.5307,4836422.4423,Non Intersection,No Control,Clear,"Dark, artificial",Wet,90,Junction Area,90,Junction Area (90),Non-Fatal Injury,1,0,1,0,0,0,0,0,0,0,0,0,0,Pedestrian Collisions,"['Pedestrian', 'Driver']",South,"['Automobile, Station Wagon']",['Going Ahead'],['Driving Properly'],['Unknown'],['Pedestrian hit at mid-block'],"['Crossing, no Traffic Control']",['Inattentive'],[],[],[],D11,False,"['15 to 19', 'unknown']",3.0