accident_number,date,time,year,street1,street2,offset,road_class,district,latitude,longitude,x,y,accident_location,traffctl,visibility,light,road_surface_condition,hood_158,neighbourhood_new,hood_140,neighbourhood_old,accident_class,pedestrian,cyclist,automobile,motorcycle,truck,trsn_city_veh,emerg_veh,passenger,speeding,aggressive_driving,redlight,alcohol,disability,impact_type,involvement_type,initial_direction,vehicle_type,manoeuver,driver_action,driver_condition,pedestrian_type,pedestrian_action,pedestrian_condition,cyclist_type,cyclist_action,cyclist_condition,division,injury,involvement_age,injury_severity_score
1114,2017-12-15 10:00:00,757,2017,BAMBURGH CRCL,FUNDY BAY  BLVD,50 m East of,Collector,Scarborough,43.812712,-79.321346,635008.3375,4852439.9601,Non Intersection,No Control,Clear,Daylight,Wet,116,Steeles,116,Steeles (116),Non-Fatal Injury,0,1,1,0,0,0,0,0,0,0,0,0,0,Cyclist Collisions,"['Driver', 'Cyclist']",North,"['Automobile, Station Wagon', 'Bicycle']",['Going Ahead'],['Other'],['Normal'],[],[],[],['Cyclist and Driver travelling in same direction. One vehicle sideswipes the other.'],['Driving Properly'],['Unknown'],D42,False,"['85 to 89', '65 to 69']",3.0
1115,2017-12-15 10:00:00,1237,2017,CHURCH ST,WELLINGTON ST E,,Minor Arterial,Toronto and East York,43.648543,-79.373821,631145.7439,4834122.3109,At Intersection,Traffic Signal,Other,Daylight,Other,166,St Lawrence-East Bayfront-The Islands,77,Waterfront Communities-The Island (77),Fatal,1,0,0,0,1,0,0,0,0,1,0,0,0,Pedestrian Collisions,"['Truck Driver', 'Pedestrian']",South,['Truck (other)'],['Turning Right'],['Failed to Yield Right of Way'],['Unknown'],['Vehicle turns right while ped crosses with ROW at inter.'],['Crossing with right of way'],['Unknown'],[],[],[],D51,True,"['55 to 59', '20 to 24']",4.0
1116,2017-12-15 10:00:00,1605,2017,COSBURN  AVE,LOGAN AVE,8 m East of,Minor Arterial,Toronto and East York,43.688479,-79.353275,632714.6807,4838590.4182,At Intersection,Pedestrian Crossover,Snow,"Dusk, artificial",Loose Snow,57,Broadview North,57,Broadview North (57),Non-Fatal Injury,1,0,1,0,0,0,0,0,0,0,0,0,0,Pedestrian Collisions,"['Pedestrian', 'Driver']",South,"['Automobile, Station Wagon']",['Slowing or Stopping'],['Lost control'],['Normal'],['Pedestrian hit a PXO/ped. Mid-block signal'],"['Crossing, Pedestrian Crossover']",['Normal'],[],[],[],D55,False,"['35 to 39', '45 to 49']",3.0
1117,2017-12-15 10:00:00,2005,2017,ADELAIDE ST W,YORK ST,,Major Arterial,Toronto and East York,43.649115,-79.384067,630318.1934,4834169.6979,At Intersection,Traffic Signal,Clear,"Dark, artificial",Wet,170,Yonge-Bay Corridor,76,Bay Street Corridor (76),Non-Fatal Injury,1,0,1,0,0,0,0,0,0,0,0,0,0,Pedestrian Collisions,"['Pedestrian', 'Driver']",East,"['Automobile, Station Wagon']",['Turning Left'],['Driving Properly'],['Normal'],['Vehicle turns left while ped crosses with ROW at inter.'],['Crossing with right of way'],['Normal'],[],[],[],D52,False,"['55 to 59', '40 to 44']",3.0
1118,2017-12-17 10:00:00,41,2017,KINGSTON RD,GUILDWOOD PKWY,,Major Arterial,Scarborough,43.749583,-79.20592,644443.7131,4845623.3106,At Intersection,Traffic Signal,Other,Dark,Other,140,Guildwood,140,Guildwood (140),Fatal,0,0,1,0,0,0,0,0,1,1,0,0,0,SMV Other,['Driver'],East,"['Automobile, Station Wagon']",['Going Ahead'],['Exceeding Speed Limit'],['Unknown'],[],[],[],[],[],[],D43,True,['50 to 54'],4.0
1119,2017-12-18 10:00:00,1735,2017,EGLINTON AVE W,WESTON RD,,Major Arterial,Etobicoke York,43.685427,-79.495136,621287.7087,4838034.2002,Non Intersection,No Control,Clear,Daylight,Wet,115,Mount Dennis,115,Mount Dennis (115),Fatal,1,0,1,0,0,0,0,0,0,0,0,0,0,Pedestrian Collisions,"['Pedestrian', 'Driver']",South,"['Automobile, Station Wagon']",['Going Ahead'],['Driving Properly'],['Normal'],['Pedestrian hit at mid-block'],"['Crossing, no Traffic Control']",['Inattentive'],[],[],[],D12,True,"['85 to 89', '65 to 69']",4.0
1120,2017-12-18 10:00:00,2151,2017,FINCH AVE W,SIGNET  DR,,Major Arterial,Etobicoke York,43.753218,-79.53622,617843.4611,4845504.0751,At Intersection,Traffic Signal,Clear,"Dark, artificial",Dry,22,Humbermede,22,Humbermede (22),Non-Fatal Injury,1,0,1,0,0,0,0,0,0,1,1,0,0,Pedestrian Collisions,"['Pedestrian', 'Driver']",South,"['Automobile, Station Wagon']",['Going Ahead'],['Disobeyed Traffic Control'],['Inattentive'],['Vehicle is going straight thru inter.while ped cross with ROW'],['Crossing with right of way'],['Normal'],[],[],[],D31,False,"['35 to 39', '70 to 74']",3.0
1121,2017-12-19 10:00:00,603,2017,COXWELL AVE,QUEEN ST E,,Minor Arterial,Toronto and East York,43.666285,-79.316562,635723.5587,4836184.8804,At Intersection,Traffic Signal,Clear,Dark,Wet,65,Greenwood-Coxwell,65,Greenwood-Coxwell (65),Non-Fatal Injury,1,0,0,0,1,0,0,0,0,1,0,0,0,Pedestrian Collisions,"['Pedestrian', 'Truck Driver']",South,"['Truck - Closed (Blazer, etc)']",['Turning Left'],['Failed to Yield Right of Way'],['Inattentive'],['Vehicle turns left while ped crosses with ROW at inter.'],['Crossing with right of way'],['Normal'],[],[],[],D55,False,"['70 to 74', '30 to 34']",3.0
1122,2017-12-19 10:00:00,1651,2017,MARTIN GROVE RD,BETHRIDGE RD,,Major Arterial,Etobicoke York,43.707476,-79.578197,614551.1909,4840364.9185,At Intersection,Traffic Signal,Clear,"Dark, artificial",Dry,1,West Humber-Clairville,1,West Humber-Clairville (1),Non-Fatal Injury,0,0,1,0,0,0,0,1,0,1,1,0,0,Angle,"['Passenger', 'Driver']",East,"['Automobile, Station Wagon']",['Going Ahead'],"['Driving Properly', 'Disobeyed Traffic Control']","['Normal', 'Inattentive']",[],[],[],[],[],[],D23,False,"['0 to 4', '30 to 34', '40 to 44']",3.0
1123,2017-12-20 10:00:00,1139,2017,COLLEGE ST,OSSINGTON AVE,,Major Arterial,Toronto and East York,43.654326,-79.422664,627194.4755,4834688.56,At Intersection,Traffic Signal,Other,Daylight,Other,81,Trinity-Bellwoods,81,Trinity-Bellwoods (81),Fatal,0,1,0,0,1,0,0,0,0,0,0,0,0,Cyclist Collisions,"['Cyclist', 'Truck Driver']",West,"['Bicycle', 'Truck (other)']","['Other', 'Going Ahead']",['Driving Properly'],['Unknown'],[],[],[],['Insufficient information (to determine cyclist crash type).'],['Driving Properly'],['Other'],D14,True,"['45 to 49', '50 to 54']",4.0
1124,2017-12-20 10:00:00,1845,2017,PASSMORE AVE,MAYBROOK DR,,Collector,Scarborough,43.827811,-79.262767,639684.4771,4854214.2098,Non Intersection,No Control,Other,Daylight,Other,130,Milliken,130,Milliken (130),Fatal,1,0,1,0,0,0,0,0,0,0,0,0,0,Pedestrian Collisions,"['Pedestrian', 'Driver']",East,"['Automobile, Station Wagon']",['Going Ahead'],['Driving Properly'],['Unknown'],['Pedestrian hit at mid-block'],"['Crossing, no Traffic Control']",['Unknown'],[],[],[],D42,True,"['55 to 59', '50 to 54']",4.0
1125,2017-12-21 10:00:00,1528,2017,KINGSTON RD,WARDEN AVE,,Major Arterial,Scarborough,43.687686,-79.270885,639356.6612,4838637.5035,At Intersection,Traffic Signal,Clear,Daylight,Dry,122,Birchcliffe-Cliffside,122,Birchcliffe-Cliffside (122),Fatal,1,0,1,0,0,0,0,0,1,1,1,1,0,Pedestrian Collisions,"['Pedestrian', 'Driver']",South,['Passenger Van'],['Going Ahead'],['Disobeyed Traffic Control'],"['Ability Impaired, Alcohol']",['Vehicle is going straight thru inter.while ped cross with ROW'],['Crossing with right of way'],['Unknown'],[],[],[],D41,True,"['40 to 44', '25 to 29']",4.0
1126,2017-12-28 10:00:00,1138,2017,DUNDAS ST W,CORDOVA AVE,,Major Arterial,Etobicoke York,43.648699,-79.528705,618654.4626,4833906.5309,At Intersection,Traffic Signal,Clear,Daylight,Wet,159,Etobicoke City Centre,14,Islington-City Centre West (14),Non-Fatal Injury,1,0,1,0,0,0,0,0,0,1,0,0,0,Pedestrian Collisions,"['Pedestrian', 'Driver']",Unknown,"['Automobile, Station Wagon']",['Turning Left'],['Failed to Yield Right of Way'],['Normal'],['Vehicle turns left while ped crosses with ROW at inter.'],['Crossing with right of way'],['Normal'],[],[],[],D22,False,"['unknown', '70 to 74']",3.0
1127,2017-12-28 10:00:00,1418,2017,KING  ST W,COWAN AVE,4 m East of,Major Arterial,Toronto and East York,43.63795,-79.431827,626489.9413,4832855.7891,At Intersection,No Control,Clear,Daylight,Dry,85,South Parkdale,85,South Parkdale (85),Non-Fatal Injury,1,0,0,0,0,1,0,0,0,0,0,0,0,Pedestrian Collisions,"['Pedestrian', 'Driver']",North,['Street Car'],['Going Ahead'],['Driving Properly'],['Normal'],['Pedestrian involved in a collision with transit vehicle anywhere along roadway'],['Running onto Roadway'],['Had Been Drinking'],[],[],[],D14,False,"['25 to 29', '40 to 44']",3.0
1128,2017-12-29 10:00:00,1515,2017,ST CLAIR AVE E,KENNEDY  RD,2 m East of,Major Arterial,Scarborough,43.716452,-79.261302,640061.9996,4841848.5303,At Intersection,Traffic Signal,Snow,Daylight,Loose Snow,120,Clairlea-Birchmount,120,Clairlea-Birchmount (120),Non-Fatal Injury,0,0,1,0,0,1,0,1,0,1,0,0,0,Other,"['Passenger', 'Driver', 'Driver - Not Hit']",East,"['Intercity Bus', 'Automobile, Station Wagon']",['Going Ahead'],['Driving Properly'],['Normal'],[],[],[],[],[],[],D41,False,"['65 to 69', '45 to 49', 'unknown']",3.0
1129,2017-12-30 10:00:00,1745,2017,3825 SHEPPARD AVE E,,140 m East o,Major Arterial,Scarborough,43.782408,-79.291751,637458.0586,4849122.9354,Non Intersection,No Control,Clear,"Daylight, artificial",Wet,118,Tam O'Shanter-Sullivan,118,Tam O'Shanter-Sullivan (118),Non-Fatal Injury,1,0,1,0,0,0,0,1,0,0,0,0,0,Pedestrian Collisions,"['Passenger', 'Pedestrian', 'Driver']",East,"['Automobile, Station Wagon']",['Going Ahead'],['Driving Properly'],['Normal'],['Pedestrian hit at mid-block'],"['Crossing, no Traffic Control']",['Normal'],[],[],[],D42,False,"['65 to 69', 'unknown', '70 to 74']",3.0
1130,2018-01-01 10:00:00,125,2018,BAYVIEW AVE,POTTERY RD,403 m N of,Major Arterial,North York,43.692008,-79.361987,632004.8039,4838968.4567,Non Intersection,No Control,Clear,"Dark, artificial",Dry,56,Leaside-Bennington,56,Leaside-Bennington (56),Fatal,0,0,1,0,0,0,0,0,1,1,0,0,0,SMV Other,['Driver'],South,"['Automobile, Station Wagon']",['Going Ahead'],['Speed too Fast For Condition'],['Unknown'],[],[],[],[],[],[],D53,True,['35 to 39'],4.0
1131,2018-01-01 10:00:00,137,2018,NEILSON RD,401 C W NEILSON RAMP RD,,Minor Arterial,Scarborough,43.795016,-79.216319,643497.7571,4850651.2776,At Intersection,Traffic Signal,Clear,"Dark, artificial",Dry,146,Malvern East,132,Malvern (132),Non-Fatal Injury,0,0,1,0,0,0,0,1,1,1,1,0,0,Angle,"['Passenger', 'Driver']",North,"['Automobile, Station Wagon']",['Going Ahead'],"['Driving Properly', 'Disobeyed Traffic Control']","['Normal', 'Had Been Drinking']",[],[],[],[],[],[],D42,False,"['20 to 24', '75 to 79', '30 to 34']",3.0
1132,2018-01-02 10:00:00,1718,2018,BRIMLEY RD,HEATHER RD,,Major Arterial,Scarborough,43.790507,-79.269923,639195.7159,4850058.9346,Intersection Related,No Control,Clear,"Dusk, artificial",Dry,129,Agincourt North,129,Agincourt North (129),Fatal,1,0,1,0,0,0,0,0,0,0,0,0,0,Pedestrian Collisions,"['Pedestrian', 'Driver']",South,"['Automobile, Station Wagon']",['Going Ahead'],['Driving Properly'],['Normal'],['Pedestrian hit at mid-block'],"['Crossing, no Traffic Control']",['Inattentive'],[],[],[],D42,True,"['70 to 74', '60 to 64']",4.0
1133,2018-01-02 10:00:00,1900,2018,FINCH AVE E,TRUDY RD,70 m East of,Major Arterial,North York,43.790946,-79.362178,631772.1738,4849956.6819,Non Intersection,No Control,Clear,"Dark, artificial",Dry,47,Don Valley Village,47,Don Valley Village (47),Non-Fatal Injury,0,0,1,0,0,0,0,1,0,0,0,0,0,Approaching,"['Driver', 'Passenger']",East,"['Passenger Van', 'Automobile, Station Wagon']",['Going Ahead'],"['Lost control', 'Driving Properly']","['Inattentive', 'Normal']",[],[],[],[],[],[],D33,False,"['30 to 34', '50 to 54', '45 to 49', '15 to 19']",3.0
1134,2018-01-05 10:00:00,1145,2018,SHEPPARD ST,ADELAIDE ST W,,Major Arterial,Toronto and East York,43.649542,-79.382091,630476.6266,4834220.2268,At Intersection,Traffic Signal,Other,Daylight,Other,170,Yonge-Bay Corridor,76,Bay Street Corridor (76),Fatal,1,0,1,0,0,0,0,0,0,1,0,0,0,Pedestrian Collisions,"['Driver', 'Pedestrian']",North,['Delivery Van'],['Turning Left'],['Failed to Yield Right of Way'],['Unknown'],['Vehicle turns left while ped crosses with ROW at inter.'],['Crossing with right of way'],['Unknown'],[],[],[],D52,True,"['50 to 54', '85 to 89']",4.0
1135,2018-01-05 10:00:00,1412,2018,AVENUE RD,DUNBLAINE AVE,,Major Arterial,North York,43.73585,-79.420062,627231.7753,4843746.9187,At Intersection,Traffic Controller,Clear,Daylight,Dry,39,Bedford Park-Nortown,39,Bedford Park-Nortown (39),Non-Fatal Injury,1,0,1,0,0,0,0,0,0,1,0,0,0,Pedestrian Collisions,"['Driver', 'Pedestrian']",East,"['Automobile, Station Wagon']",['Turning Left'],['Failed to Yield Right of Way'],['Unknown'],['Vehicle turns left while ped crosses with ROW at inter.'],['Crossing with right of way'],['Normal'],[],[],[],D32,False,"['25 to 29', '30 to 34']",3.0
1136,2018-01-05 10:00:00,1455,2018,SUNRISE AVE,BERMONDSEY RD,408 m East o,Collector,North York,43.718005,-79.308299,636272.5602,4841942.6654,At/Near Private Drive,No Control,Clear,Daylight,Dry,43,Victoria Village,43,Victoria Village (43),Non-Fatal Injury,0,0,1,0,0,0,0,0,0,1,0,0,0,Turning Movement,['Driver'],East,"['Automobile, Station Wagon']","['Going Ahead', 'Turning Left']","['Driving Properly', 'Failed to Yield Right of Way']",['Normal'],[],[],[],[],[],[],D55,False,"['20 to 24', '50 to 54']",3.0
1137,2018-01-07 10:00:00,1816,2018,EGLINTON AVE W,ROYAL YORK RD,,Major Arterial,Etobicoke York,43.68162,-79.52972,618507.8108,4837561.3855,Non Intersection,Traffic Signal,Other,Daylight,Other,9,Edenbridge-Humber Valley,9,Edenbridge-Humber Valley (9),Fatal,0,0,1,0,0,0,0,0,0,1,0,1,0,Approaching,['Driver'],East,"['Automobile, Station Wagon']",['Going Ahead'],"['Failed to Yield Right of Way', 'Driving Properly']","['Ability Impaired, Alcohol Over .08', 'Unknown']",[],[],[],[],[],[],D22,True,"['25 to 29', '85 to 89']",4.0
1138,2018-01-07 10:00:00,2151,2018,STEELES AVE E,EASTVALE  DR,E of,Major Arterial,Scarborough,43.837935,-79.245151,641077.0715,4855368.5501,Intersection Related,No Control,Other,Dark,Other,144,Morningside Heights,131,Rouge (131),Fatal,1,0,1,0,0,0,0,0,0,0,0,0,0,Pedestrian Collisions,"['Driver', 'Pedestrian']",North,"['Automobile, Station Wagon']",['Going Ahead'],['Driving Properly'],['Unknown'],['Pedestrian hit at mid-block'],"['Crossing, no Traffic Control']",['Unknown'],[],[],[],D42,True,"['60 to 64', '20 to 24']",4.0
1139,2018-01-09 10:00:00,1817,2018,EGLINTON AVE E,ROSEMOUNT DR,W of,Major Arterial,Scarborough,43.730475,-79.275096,638918.3838,4843382.7721,Non Intersection,No Control,Clear,Dark,Wet,125,Ionview,125,Ionview (125),Fatal,1,0,1,0,0,0,0,0,0,0,0,0,0,Pedestrian Collisions,"['Driver', 'Pedestrian']",North,['Delivery Van'],['Going Ahead'],['Driving Properly'],['Normal'],['Pedestrian hit at mid-block'],"['Crossing, no Traffic Control']",['Normal'],[],[],[],D41,True,"['45 to 49', '70 to 74']",4.0
1140,2018-01-11 10:00:00,923,2018,YONGE ST,RANLEIGH AVE,,Major Arterial,North York,43.727763,-79.402904,628630.8268,4842875.2307,At Intersection,Traffic Signal,Clear,Daylight,Wet,105,Lawrence Park North,105,Lawrence Park North (105),Non-Fatal Injury,1,0,1,0,0,0,0,0,0,0,0,0,0,Pedestrian Collisions,"['Pedestrian', 'Driver']",East,['Pick Up Truck'],['Turning Left'],['Improper Turn'],['Fatigue'],['Vehicle turns left while ped crosses with ROW at inter.'],['Crossing with right of way'],['Inattentive'],[],[],[],D32,False,"['70 to 74', '50 to 54']",3.0
1141,2018-01-11 10:00:00,1727,2018,YONGE ST,EGLINTON AVE E,,Major Arterial,Toronto and East York,43.70666,-79.398326,629044.8368,4840538.5578,At Intersection,Traffic Signal,Rain,"Dark, artificial",Wet,174,South Eglinton-Davisville,104,Mount Pleasant West (104),Non-Fatal Injury,1,0,0,0,0,1,0,0,0,0,0,0,0,Pedestrian Collisions,"['Pedestrian', 'Driver']",North,['Municipal Transit Bus (TTC)'],['Going Ahead'],['Driving Properly'],['Normal'],['Pedestrian involved in a collision with transit vehicle anywhere along roadway'],['Crossing without right of way'],['Inattentive'],[],[],[],D53,False,"['60 to 64', '45 to 49']",3.0
1142,2018-01-11 10:00:00,1740,2018,BRIDLETOWNE CRCL,FINCH AVE E,,Major Arterial,Scarborough,43.795779,-79.31927,635213.503,4850562.6687,At Intersection,Traffic Signal,Clear,"Dark, artificial",Dry,147,L'Amoreaux West,117,L'Amoreaux (117),Non-Fatal Injury,1,0,1,0,0,0,0,0,0,1,0,0,0,Pedestrian Collisions,"['Pedestrian', 'Driver']",North,"['Automobile, Station Wagon']",['Turning Right'],['Failed to Yield Right of Way'],['Unknown'],['Vehicle turns right while ped crosses with ROW at inter.'],['Crossing with right of way'],['Normal'],[],[],[],D42,False,"['70 to 74', 'unknown']",3.0
1143,2018-01-12 10:00:00,1901,2018,MCCOWAN RD,ELLESMERE RD,,Major Arterial,Scarborough,43.772071,-79.25146,640724.4484,4848042.5416,At Intersection,Traffic Signal,Freezing Rain,"Dark, artificial",Ice,142,Woburn North,137,Woburn (137),Non-Fatal Injury,0,0,1,0,0,0,0,1,0,0,0,0,0,SMV Other,"['Passenger', 'Driver']",North,['Passenger Van'],['Going Ahead'],['Lost control'],['Inattentive'],[],[],[],[],[],[],D43,False,"['50 to 54', '15 to 19', '40 to 44']",3.0
1144,2018-01-14 10:00:00,1059,2018,THE QUEENSWAY,ALDGATE AVE,100 m West o,Major Arterial,Etobicoke York,43.629561,-79.487575,622010.2017,4831840.6417,Non Intersection,No Control,Clear,Daylight,Dry,16,Stonegate-Queensway,16,Stonegate-Queensway (16),Non-Fatal Injury,0,0,1,0,0,0,0,1,0,1,0,0,0,Approaching,"['Driver', 'Passenger']",East,"['Automobile, Station Wagon']",['Going Ahead'],"['Failed to Yield Right of Way', 'Driving Properly']",['Normal'],[],[],[],[],[],[],D22,False,"['25 to 29', 'unknown', '35 to 39', '5 to 9']",3.0
1145,2018-01-15 10:00:00,1520,2018,23 IANHALL RD,,,Local,North York,43.727904,-79.488223,621758.8514,4842761.9932,Non Intersection,No Control,Snow,Daylight,Loose Snow,155,Downsview,26,Downsview-Roding-CFB (26),Fatal,1,0,1,0,0,0,0,0,0,0,0,0,0,Pedestrian Collisions,['Pedestrian'],Unknown,"['Automobile, Station Wagon']",['Going Ahead'],[],[],['Pedestrian hit at mid-block'],['Person Getting on/off Vehicle'],['Normal'],[],[],[],D31,True,"['unknown', '40 to 44', '5 to 9']",4.0
1146,2018-01-15 10:00:00,1623,2018,YONGE ST,MELINDA ST,17 m North o,Major Arterial,Toronto and East York,43.648451,-79.377605,630840.7738,4834106.1201,Intersection Related,No Control,Snow,Daylight,Loose Snow,168,Downtown Yonge East,75,Church-Yonge Corridor (75),Non-Fatal Injury,1,0,1,0,0,0,0,0,0,1,0,0,0,Pedestrian Collisions,"['Pedestrian', 'Driver']",East,['Delivery Van'],['Going Ahead'],['Failed to Yield Right of Way'],['Inattentive'],['Pedestrian hit at mid-block'],"['Crossing, no Traffic Control']",['Normal'],[],[],[],D51,False,['45 to 49'],3.0
1147,2018-01-19 10:00:00,1800,2018,FINCH AVE E,DUDLEY AVE,,Major Arterial,North York,43.780986,-79.409679,627971.663,4848775.9444,At Intersection,Stop Sign,Clear,"Dark, artificial",Dry,152,East Willowdale,51,Willowdale East (51),Non-Fatal Injury,0,0,1,0,0,0,0,1,0,1,0,0,0,Angle,"['Driver', 'Passenger']",North,"['Automobile, Station Wagon']","['Going Ahead', 'Stopped']","['Failed to Yield Right of Way', 'Driving Properly']",['Normal'],[],[],[],[],[],[],D32,False,"['85 to 89', '25 to 29', '40 to 44', '45 to 49', '90 to 94', '75 to 79']",3.0
1148,2018-01-20 10:00:00,2105,2018,MORNINGSIDE AVE,CINEMART DR,35 m South o,Major Arterial,Scarborough,43.797301,-79.197437,645011.3113,4850937.9768,Non Intersection,No Control,Clear,"Dark, artificial",Dry,146,Malvern East,132,Malvern (132),Non-Fatal Injury,1,0,1,0,0,0,0,0,0,0,0,0,0,Pedestrian Collisions,"['Pedestrian', 'Driver']",South,"['Automobile, Station Wagon']",['Going Ahead'],['Driving Properly'],['Unknown'],['Pedestrian hit at mid-block'],"['Crossing, no Traffic Control']",['Inattentive'],[],[],[],D42,False,"['45 to 49', 'unknown']",3.0
1149,2018-01-22 10:00:00,1130,2018,THURMAN  RD,STEELES  AVE W,,Major Arterial,North York,43.79074,-79.452991,624466.1115,4849793.2368,At Intersection,Traffic Signal,Rain,Daylight,Wet,35,Westminster-Branson,35,Westminster-Branson (35),Non-Fatal Injury,0,1,1,0,0,0,0,0,0,1,0,0,0,Cyclist Collisions,"['Cyclist', 'Driver']",North,"['Bicycle', 'Automobile, Station Wagon']","['Going Ahead', 'Turning Left']",['Failed to Yield Right of Way'],['Inattentive'],[],[],[],['Motorist turned left across cyclists path.'],['Driving Properly'],['Normal'],D32,False,"['65 to 69', '80 to 84']",3.0
1150,2018-01-22 10:00:00,1525,2018,HANNA RD,SUTHERLAND DR,,Local,North York,43.701487,-79.365566,631695.6223,4840015.5409,At Intersection,Stop Sign,Rain,Daylight,Wet,56,Leaside-Bennington,56,Leaside-Bennington (56),Non-Fatal Injury,0,1,1,0,0,0,0,0,0,0,0,0,0,Cyclist Collisions,"['Driver', 'Cyclist']",East,"['Automobile, Station Wagon', 'Bicycle']",['Going Ahead'],['Other'],['Normal'],[],[],[],['Insufficient information (to determine cyclist crash type).'],['Driving Properly'],['Other'],D53,False,"['40 to 44', '15 to 19']",3.0
1151,2018-01-22 10:00:00,2316,2018,483 DUNDAS ST W,,,Major Arterial,Toronto and East York,43.652999,-79.397411,629233.7141,4834580.1985,Non Intersection,No Control,Rain,"Dark, artificial",Wet,78,Kensington-Chinatown,78,Kensington-Chinatown (78),Non-Fatal Injury,1,0,1,0,0,0,0,0,0,0,0,0,0,Pedestrian Collisions,"['Pedestrian', 'Driver']",North,"['Automobile, Station Wagon']",['Going Ahead'],['Driving Properly'],['Normal'],['Pedestrian hit at mid-block'],"['Crossing, no Traffic Control']",['Had Been Drinking'],[],[],[],D52,False,"['30 to 34', '40 to 44']",3.0
1152,2018-01-24 10:00:00,725,2018,QUEEN ST W,NIAGARA ST,6 m West of,Major Arterial,Toronto and East York,43.645922,-79.409908,628240.9988,4833774.8185,At Intersection,Traffic Signal,Clear,Daylight,Dry,162,West Queen West,82,Niagara (82),Non-Fatal Injury,1,0,1,0,0,0,0,0,0,0,0,0,0,Pedestrian Collisions,"['Pedestrian', 'Driver']",East,"['Automobile, Station Wagon']",['Going Ahead'],['Driving Properly'],['Normal'],['Vehicle is going straight thru inter.while ped cross without ROW'],['Crossing without right of way'],['Inattentive'],[],[],[],D14,False,"['25 to 29', '45 to 49']",3.0
1153,2018-01-24 10:00:00,1150,2018,WARDEN AVE,BAMBURGH CRCL,195 m South,Major Arterial,Scarborough,43.81428,-79.324542,634747.765,4852608.9016,Non Intersection,Traffic Signal,Clear,Daylight,Dry,116,Steeles,116,Steeles (116),Fatal,1,0,1,0,0,0,0,0,0,1,1,0,0,Pedestrian Collisions,"['Pedestrian', 'Driver']",South,"['Automobile, Station Wagon']",['Going Ahead'],['Disobeyed Traffic Control'],['Normal'],['Vehicle is going straight thru inter.while ped cross with ROW'],['Crossing with right of way'],['Normal'],[],[],[],D42,True,"['60 to 64', '55 to 59']",4.0
1154,2018-01-26 10:00:00,1430,2018,QUEENS QUAY W,YORK ST,60 m West of,Minor Arterial,Toronto and East York,43.639701,-79.381091,630578.5928,4833128.8285,Non Intersection,No Control,Clear,Daylight,Dry,165,Harbourfront-CityPlace,77,Waterfront Communities-The Island (77),Non-Fatal Injury,1,0,0,0,0,1,0,0,0,0,0,0,0,Pedestrian Collisions,"['Pedestrian', 'Driver']",East,['Street Car'],['Going Ahead'],['Driving Properly'],['Normal'],['Pedestrian involved in a collision with transit vehicle anywhere along roadway'],"['Crossing, no Traffic Control']",['Inattentive'],[],[],[],D52,False,"['20 to 24', '40 to 44']",3.0
1155,2018-01-26 10:00:00,2055,2018,TAPSCOTT RD,MCLEVIN AVE,65 m East of,Minor Arterial,Scarborough,43.804679,-79.22578,642713.5975,4851708.1492,Non Intersection,No Control,Clear,"Dark, artificial",Dry,145,Malvern West,132,Malvern (132),Non-Fatal Injury,0,0,1,0,0,0,0,1,1,1,0,1,0,Approaching,"['Driver', 'Passenger']",East,"['Automobile, Station Wagon']",['Going Ahead'],"['Lost control', 'Driving Properly']","['Ability Impaired, Alcohol', 'Normal']",[],[],[],[],[],[],D42,False,"['35 to 39', '55 to 59']",3.0
1156,2018-01-27 10:00:00,116,2018,EGLINTON AVE E,VICTORIA PARK AVE,,Major Arterial,North York,43.72465,-79.302608,636715.88,4842690.0628,At Intersection,Traffic Signal,Clear,"Dark, artificial",Dry,120,Clairlea-Birchmount,120,Clairlea-Birchmount (120),Non-Fatal Injury,0,0,1,0,1,0,0,0,0,1,0,0,0,Turning Movement,"['Truck Driver', 'Driver']",East,"['Truck - Dump', 'Automobile, Station Wagon']","['Turning Left', 'Going Ahead']","['Failed to Yield Right of Way', 'Driving Properly']",['Normal'],[],[],[],[],[],[],D41,False,"['45 to 49', '50 to 54']",3.0
1157,2018-01-28 10:00:00,140,2018,BATHURST ST,RIDGE HILL DR,,Major Arterial,Toronto and East York,43.703265,-79.425868,626832.9513,4840118.991,At Intersection,Traffic Signal,Clear,"Dark, artificial",Dry,102,Forest Hill North,102,Forest Hill North (102),Non-Fatal Injury,1,0,1,0,0,0,0,0,0,0,0,0,0,Pedestrian Collisions,"['Pedestrian', 'Driver']",East,"['Automobile, Station Wagon']",['Going Ahead'],['Driving Properly'],['Normal'],['Vehicle is going straight thru inter.while ped cross without ROW'],['Crossing without right of way'],"['Ability Impaired, Alcohol']",[],[],[],D53,False,"['50 to 54', '40 to 44']",3.0