accident_number,date,time,year,street1,street2,offset,road_class,district,latitude,longitude,x,y,accident_location,traffctl,visibility,light,road_surface_condition,hood_158,neighbourhood_new,hood_140,neighbourhood_old,accident_class,pedestrian,cyclist,automobile,motorcycle,truck,trsn_city_veh,emerg_veh,passenger,speeding,aggressive_driving,redlight,alcohol,disability,impact_type,involvement_type,initial_direction,vehicle_type,manoeuver,driver_action,driver_condition,pedestrian_type,pedestrian_action,pedestrian_condition,cyclist_type,cyclist_action,cyclist_condition,division,injury,involvement_age,injury_severity_score
1158,2018-02-02 10:00:00,943,2018,FINCH AVE W,ARDWICK BLVD,,Major Arterial,Etobicoke York,43.747714,-79.562267,615757.1095,4844856.0495,At Intersection,Traffic Signal,Clear,Daylight,Dry,22,Humbermede,22,Humbermede (22),Fatal,1,0,1,0,0,0,0,0,0,1,0,0,0,Pedestrian Collisions,"['Pedestrian', 'Driver']",North,['Delivery Van'],['Turning Left'],['Failed to Yield Right of Way'],['Normal'],['Vehicle turns left while ped crosses with ROW at inter.'],['Crossing with right of way'],['Normal'],[],[],[],D31,True,"['70 to 74', '50 to 54']",4.0
1159,2018-02-03 10:00:00,403,2018,PARLIAMENT ST,CARLTON ST,20 m North o,Minor Arterial,Toronto and East York,43.664225,-79.367954,631584.6448,4835873.2935,At Intersection,Traffic Signal,Clear,"Dark, artificial",Dry,71,Cabbagetown-South St.James Town,71,Cabbagetown-South St.James Town (71),Non-Fatal Injury,1,0,1,0,0,0,0,0,0,0,0,0,0,Pedestrian Collisions,"['Pedestrian', 'Driver']",East,['Delivery Van'],['Going Ahead'],['Other'],['Unknown'],['Vehicle is going straight thru inter.while ped cross with ROW'],['Crossing with right of way'],['Had Been Drinking'],[],[],[],D51,False,"['60 to 64', 'unknown']",3.0
1160,2018-02-03 10:00:00,1525,2018,8 HERTFORD AVE,,30 m North o,Local,Etobicoke York,43.6887,-79.477329,622716.2397,4838423.9074,Non Intersection,No Control,Clear,"Daylight, artificial",Dry,110,Keelesdale-Eglinton West,110,Keelesdale-Eglinton West (110),Non-Fatal Injury,0,1,0,0,0,0,0,0,0,0,0,0,0,Cyclist Collisions,"['Other', 'Cyclist']",West,['Bicycle'],"['Parked', 'Going Ahead']",[],[],[],[],[],['Cyclist strikes a parked vehicle.'],['Lost control'],['Normal'],D12,False,"['unknown', '15 to 19']",3.0
1161,2018-02-06 10:00:00,913,2018,CARL HALL RD,CHESSWOOD DR,300 m South ,Local,North York,43.7485,-79.468807,623280.3592,4845078.1883,Non Intersection,No Control,Clear,Daylight,Wet,155,Downsview,26,Downsview-Roding-CFB (26),Non-Fatal Injury,0,0,1,0,0,0,0,0,1,1,0,0,0,Approaching,['Driver'],North,"['Automobile, Station Wagon']",['Going Ahead'],"['Driving Properly', 'Lost control']","['Normal', 'Inattentive']",[],[],[],[],[],[],D32,False,['35 to 39'],3.0
1162,2018-02-08 10:00:00,313,2018,SPADINA AVE,QUEEN ST W,,Major Arterial,Toronto and East York,43.648692,-79.396343,629329.0832,4834103.5136,At Intersection,Traffic Signal,Clear,"Dark, artificial",Slush,164,Wellington Place,77,Waterfront Communities-The Island (77),Non-Fatal Injury,1,0,1,0,0,0,0,1,0,1,1,0,0,Pedestrian Collisions,"['Pedestrian', 'Passenger', 'Driver']",East,"['Automobile, Station Wagon']",['Going Ahead'],['Disobeyed Traffic Control'],['Unknown'],['Vehicle is going straight thru inter.while ped cross with ROW'],['Crossing with right of way'],['Normal'],[],[],[],D52,False,"['15 to 19', '20 to 24', '35 to 39', '25 to 29', '40 to 44']",3.0
1163,2018-02-08 10:00:00,943,2018,HALLAM ST,OSSINGTON AVE,,Minor Arterial,Toronto and East York,43.66788,-79.428111,626726.7122,4836185.5754,At Intersection,Traffic Signal,Clear,Daylight,Wet,172,Dovercourt Village,93,Dovercourt-Wallace Emerson-Junction (93),Non-Fatal Injury,1,0,1,0,0,0,0,0,0,1,0,0,0,Pedestrian Collisions,"['Pedestrian', 'Driver']",East,"['Automobile, Station Wagon']",['Turning Left'],['Failed to Yield Right of Way'],['Inattentive'],['Vehicle turns left while ped crosses with ROW at inter.'],['Crossing with right of way'],['Normal'],[],[],[],D14,False,"['25 to 29', '60 to 64']",3.0
1164,2018-02-09 10:00:00,1125,2018,LOWER JARVIS ST,FRONT ST E,74 m South o,Major Arterial,Toronto and East York,43.648657,-79.37112,631363.3241,4834139.2441,Non Intersection,No Control,Snow,Daylight,Loose Snow,166,St Lawrence-East Bayfront-The Islands,77,Waterfront Communities-The Island (77),Non-Fatal Injury,1,0,1,0,0,0,0,0,0,0,0,0,0,Pedestrian Collisions,"['Pedestrian', 'Driver']",East,"['Automobile, Station Wagon']",['Reversing'],['Other'],['Inattentive'],['Vehicle is reversing and hits pedestrian'],['Other'],['Inattentive'],[],[],[],D51,False,"['75 to 79', '25 to 29']",3.0
1165,2018-02-10 10:00:00,34,2018,BATHURST ST,DUNDAS ST W,25 m South o,Major Arterial,Toronto and East York,43.652239,-79.405978,628544.4806,4834482.4839,Intersection Related,No Control,Drifting Snow,"Dark, artificial",Wet,78,Kensington-Chinatown,78,Kensington-Chinatown (78),Non-Fatal Injury,1,0,1,0,0,0,0,0,1,1,0,1,0,Pedestrian Collisions,"['Pedestrian', 'Driver']",South,"['Automobile, Station Wagon']",['Going Ahead'],['Speed too Fast For Condition'],"['Ability Impaired, Alcohol Over .08']",['Pedestrian hit at mid-block'],"['Crossing, no Traffic Control']",['Inattentive'],[],[],[],D14,False,"['40 to 44', '30 to 34']",3.0
1166,2018-02-11 10:00:00,1225,2018,JANE ST,JOHN ST,,Major Arterial,Etobicoke York,43.706576,-79.504787,620467.5035,4840369.0159,At Intersection,Traffic Signal,Rain,Daylight,Wet,28,Rustic,28,Rustic (28),Non-Fatal Injury,0,0,0,0,0,1,0,1,0,0,0,0,0,Other,"['Driver', 'Passenger']",North,['Municipal Transit Bus (TTC)'],['Slowing or Stopping'],['Other'],['Normal'],[],[],[],[],[],[],D12,False,['55 to 59'],3.0
1167,2018-02-11 10:00:00,1330,2018,YONGE ST,MCGLASHAN RD,16 m North o,Major Arterial,North York,43.741786,-79.406207,628334.8409,4844427.5674,At Intersection,No Control,Freezing Rain,Daylight,Slush,41,Bridle Path-Sunnybrook-York Mills,41,Bridle Path-Sunnybrook-York Mills (41),Non-Fatal Injury,0,0,1,0,0,0,0,1,0,0,0,0,1,SMV Other,"['Driver', 'Passenger']",North,"['Automobile, Station Wagon']",['Going Ahead'],['Lost control'],['Medical or Physical Disability'],[],[],[],[],[],[],D32,False,"['40 to 44', '10 to 14', '5 to 9', '0 to 4']",3.0
1168,2018-02-13 10:00:00,247,2018,DUFFERIN ST,BANK ST,16 m South o,Minor Arterial,Toronto and East York,43.647639,-79.430675,626562.5166,4833933.6332,Intersection Related,No Control,Clear,"Dark, artificial",Dry,84,Little Portugal,84,Little Portugal (84),Non-Fatal Injury,0,0,1,0,0,0,0,0,1,1,0,0,0,SMV Unattended Vehicle,"['Driver', 'Other']",North,"['Automobile, Station Wagon']","['Making U Turn', 'Going Ahead', 'Parked']","['Driving Properly', 'Exceeding Speed Limit']","['Normal', 'Unknown']",[],[],[],[],[],[],D14,False,"['50 to 54', '20 to 24', 'unknown']",3.0
1169,2018-02-14 10:00:00,1545,2018,KIPLING AVE,MOUNT OLIVE DR,,Major Arterial,Etobicoke York,43.746745,-79.583759,614028.5387,4844718.6211,At Intersection,Traffic Signal,Clear,Daylight,Dry,2,Mount Olive-Silverstone-Jamestown,2,Mount Olive-Silverstone-Jamestown (2),Non-Fatal Injury,1,0,1,0,0,0,0,0,0,1,0,0,0,Pedestrian Collisions,"['Pedestrian', 'Driver']",West,['Pick Up Truck'],['Turning Left'],['Failed to Yield Right of Way'],['Inattentive'],['Vehicle turns left while ped crosses with ROW at inter.'],['Crossing with right of way'],['Normal'],[],[],[],D23,False,"['85 to 89', '75 to 79']",3.0
1170,2018-02-16 10:00:00,1800,2018,DON MILLS RD,BARBER GREENE RD,,Major Arterial,North York,43.727584,-79.340823,633631.3077,4842953.5898,At Intersection,Traffic Signal,Clear,"Dark, artificial",Dry,42,Banbury-Don Mills,42,Banbury-Don Mills (42),Non-Fatal Injury,0,0,1,0,0,0,0,1,0,1,1,0,0,Turning Movement,"['Passenger', 'Driver']",North,"['Automobile, Station Wagon']","['Going Ahead', 'Turning Left']","['Disobeyed Traffic Control', 'Improper Turn']",['Inattentive'],[],[],[],[],[],[],D33,False,"['35 to 39', '50 to 54']",3.0
1171,2018-02-16 10:00:00,2130,2018,LAKE SHORE BLVD W,ROYAL YORK RD,150 m West o,Major Arterial,Etobicoke York,43.603579,-79.493121,621615.1557,4828946.8873,Non Intersection,No Control,Clear,"Dark, artificial",Dry,160,Mimico-Queensway,17,Mimico (includes Humber Bay Shores) (17),Non-Fatal Injury,0,0,1,0,0,0,0,1,0,0,0,1,0,SMV Other,"['Driver', 'Passenger']",East,"['Automobile, Station Wagon']",['Going Ahead'],['Lost control'],"['Ability Impaired, Alcohol Over .08']",[],[],[],[],[],[],D22,False,['50 to 54'],3.0
1172,2018-02-17 10:00:00,2319,2018,3230 BAYVIEW AVE,,,Major Arterial,North York,43.788287,-79.392772,629316.4225,4849613.1074,Non Intersection,No Control,,Dark,,49,Bayview Woods-Steeles,49,Bayview Woods-Steeles (49),Fatal,0,0,1,0,0,0,0,0,1,1,0,0,0,SMV Other,['Driver'],West,"['Automobile, Station Wagon']",['Going Ahead'],['Exceeding Speed Limit'],['Unknown'],[],[],[],[],[],[],D33,True,['45 to 49'],4.0
1173,2018-02-18 10:00:00,1442,2018,401 C E WESTON RD RAMP,WESTON RD,,Major Arterial,Etobicoke York,43.711795,-79.535419,617989.2606,4840904.6016,At Intersection,Traffic Signal,Clear,Daylight,Dry,23,Pelmo Park-Humberlea,23,Pelmo Park-Humberlea (23),Non-Fatal Injury,0,0,1,0,0,0,0,1,0,1,1,0,0,Turning Movement,"['Driver', 'Passenger']",North,"['Automobile, Station Wagon']","['Turning Right', 'Going Ahead', 'Changing Lanes', 'Slowing or Stopping']","['Disobeyed Traffic Control', 'Driving Properly']","['Inattentive', 'Normal']",[],[],[],[],[],[],D12,False,"['35 to 39', '20 to 24', '85 to 89', '80 to 84']",3.0
1174,2018-02-18 10:00:00,1827,2018,YONGE ST,ROSELAWN AVE,11 m South o,Major Arterial,North York,43.710841,-79.399249,628961.5042,4841001.4805,Intersection Related,No Control,Clear,"Dusk, artificial",Dry,173,North Toronto,104,Mount Pleasant West (104),Non-Fatal Injury,1,0,1,0,0,0,0,0,0,0,0,0,0,Pedestrian Collisions,"['Driver', 'Pedestrian']",North,"['Automobile, Station Wagon']",['Going Ahead'],['Driving Properly'],['Normal'],['Pedestrian hit at mid-block'],"['Crossing, no Traffic Control']",['Inattentive'],[],[],[],D53,False,"['40 to 44', '45 to 49']",3.0
1175,2018-02-19 10:00:00,602,2018,704 BRIMORTON DR,,99 m West of,Collector,Scarborough,43.774909,-79.227756,642625.4484,4848398.3081,Non Intersection,No Control,Clear,"Dark, artificial",Dry,141,Golfdale-Cedarbrae-Woburn,137,Woburn (137),Non-Fatal Injury,0,0,1,0,0,0,0,0,0,1,0,1,0,SMV Other,['Driver'],East,"['Automobile, Station Wagon']",['Going Ahead'],['Lost control'],"['Ability Impaired, Alcohol Over .08']",[],[],[],[],[],[],D43,False,['25 to 29'],3.0
1176,2018-02-19 10:00:00,617,2018,537 FINCH AVE W,,11 m East of,Major Arterial,North York,43.772914,-79.447597,624937.2201,4847821.5115,Non Intersection,No Control,Clear,"Dark, artificial",Dry,35,Westminster-Branson,35,Westminster-Branson (35),Non-Fatal Injury,0,0,1,0,0,0,0,0,0,1,0,0,0,Approaching,['Driver'],West,"['Automobile, Station Wagon', 'Passenger Van']","['Slowing or Stopping', 'Stopped', 'Going Ahead']","['Driving Properly', 'Lost control']","['Normal', 'Had Been Drinking']",[],[],[],[],[],[],D32,False,"['60 to 64', '45 to 49', '25 to 29']",3.0
1177,2018-02-20 10:00:00,1640,2018,QUEEN ST E,ONTARIO ST,,Major Arterial,North York,43.654944,-79.367168,631668.3027,4834843.7618,At Intersection,Pedestrian Crossover,Clear,"Dusk, artificial",Wet,73,Moss Park,73,Moss Park (73),Non-Fatal Injury,1,0,1,0,0,0,0,0,0,1,0,0,0,Pedestrian Collisions,"['Driver', 'Pedestrian']",East,['Pick Up Truck'],['Going Ahead'],['Failed to Yield Right of Way'],['Inattentive'],['Pedestrian hit a PXO/ped. Mid-block signal'],"['Crossing, Pedestrian Crossover']",['Normal'],[],[],[],D51,False,"['65 to 69', '25 to 29']",3.0
1178,2018-02-20 10:00:00,1645,2018,BATHURST ST,ELLERSLIE AVE,,Major Arterial,North York,43.765391,-79.440891,625492.6548,4846996.1093,At Intersection,Traffic Signal,Rain,Daylight,Wet,37,Willowdale West,37,Willowdale West (37),Fatal,1,0,0,0,1,0,0,0,0,1,0,0,0,Pedestrian Collisions,"['Pedestrian', 'Truck Driver']",East,"['Truck - Closed (Blazer, etc)']",['Turning Left'],['Failed to Yield Right of Way'],['Normal'],['Vehicle turns left while ped crosses with ROW at inter.'],['Crossing with right of way'],['Normal'],[],[],[],D32,True,"['65 to 69', '20 to 24']",4.0
1179,2018-02-21 10:00:00,1838,2018,37 WILLIAM KITCHEN RD,,,Collector,Scarborough,43.773322,-79.282741,638204.0085,4848128.7934,Non Intersection,No Control,Clear,"Dark, artificial",Dry,126,Dorset Park,126,Dorset Park (126),Fatal,1,0,0,0,1,0,0,0,0,0,0,0,0,Pedestrian Collisions,"['Pedestrian', 'Truck Driver']",East,['Truck-Tractor'],['Going Ahead'],['Driving Properly'],['Normal'],['Pedestrian hit at mid-block'],"['Crossing, no Traffic Control']",['Inattentive'],[],[],[],D41,True,"['40 to 44', '30 to 34']",4.0
1180,2018-02-22 10:00:00,1430,2018,AVENUE RD,BRIAR HILL AVE,,Major Arterial,North York,43.711116,-79.411449,627978.0393,4841013.1151,At Intersection,Stop Sign,Clear,Daylight,Dry,100,Yonge-Eglinton,100,Yonge-Eglinton (100),Non-Fatal Injury,0,0,1,0,0,0,0,1,0,1,0,0,0,Angle,"['Driver', 'Passenger']",South,"['Automobile, Station Wagon']",['Going Ahead'],"['Failed to Yield Right of Way', 'Driving Properly']",['Normal'],[],[],[],[],[],[],D53,False,"['60 to 64', '75 to 79', '80 to 84']",3.0
1181,2018-02-23 10:00:00,118,2018,931 PROGRESS AVE,,5 m West of,Minor Arterial,Scarborough,43.783801,-79.231838,642275.8425,4849378.8812,Intersection Related,Traffic Signal,Clear,"Dark, artificial",Dry,142,Woburn North,137,Woburn (137),Non-Fatal Injury,0,0,1,0,0,0,0,1,0,0,0,1,0,SMV Other,"['Passenger', 'Driver']",North,"['Automobile, Station Wagon']",['Going Ahead'],['Other'],"['Ability Impaired, Alcohol Over .08']",[],[],[],[],[],[],D43,False,"['20 to 24', '25 to 29']",3.0
1182,2018-02-23 10:00:00,612,2018,EGLINTON AVE W,SCARLETT RD,,Major Arterial,Etobicoke York,43.68389,-79.511417,619978.56,4837839.8142,Intersection Related,Traffic Signal,Clear,Dark,Dry,9,Edenbridge-Humber Valley,9,Edenbridge-Humber Valley (9),Non-Fatal Injury,1,0,1,0,0,0,0,0,0,0,0,0,0,Pedestrian Collisions,"['Driver', 'Pedestrian']",North,"['Automobile, Station Wagon']",['Turning Left'],['Driving Properly'],['Normal'],['Vehicle turns left while ped crosses with ROW at inter.'],['Crossing with right of way'],['Inattentive'],[],[],[],D22,False,['50 to 54'],3.0
1183,2018-02-24 10:00:00,849,2018,ROYAL YORK RD,STRATH HUMBER CRT,15 m South o,Minor Arterial,Etobicoke York,43.661315,-79.517551,619528.9669,4835323.7076,At Intersection,No Control,Clear,Daylight,Dry,9,Edenbridge-Humber Valley,9,Edenbridge-Humber Valley (9),Non-Fatal Injury,1,0,1,0,0,0,0,0,0,1,0,0,0,Pedestrian Collisions,"['Pedestrian', 'Driver']",North,"['Automobile, Station Wagon']",['Going Ahead'],['Improper Passing'],['Unknown'],['Pedestrian hit at mid-block'],"['Crossing, no Traffic Control']",['Normal'],[],[],[],D22,False,"['65 to 69', '20 to 24']",3.0
1184,2018-02-24 10:00:00,1950,2018,ROYAL YORK RD,BLOOR ST W,,Major Arterial,Etobicoke York,43.647292,-79.511325,620058.9097,4833775.2613,At Intersection,Traffic Signal,Clear,Dark,Dry,16,Stonegate-Queensway,16,Stonegate-Queensway (16),Non-Fatal Injury,1,0,1,0,0,0,0,0,0,1,0,0,0,Pedestrian Collisions,"['Pedestrian', 'Driver']",North,"['Automobile, Station Wagon']",['Turning Right'],['Failed to Yield Right of Way'],['Normal'],['Vehicle turns right while ped crosses with ROW at inter.'],['Crossing with right of way'],['Normal'],[],[],[],D22,False,"['80 to 84', '70 to 74']",3.0
1185,2018-02-26 10:00:00,842,2018,COLLIER ST,CHURCH ST,,Local,,43.672366,-79.386119,630102.4759,4836748.8101,At Intersection,Stop Sign,Clear,Daylight,Dry,98,Rosedale-Moore Park,98,Rosedale-Moore Park (98),Non-Fatal Injury,0,0,1,0,0,0,0,0,0,0,0,0,0,SMV Unattended Vehicle,['Driver'],East,"['Automobile, Station Wagon']","['Parked', 'Going Ahead']",['Lost control'],['Normal'],[],[],[],[],[],[],D53,False,"['60 to 64', '55 to 59']",3.0
1186,2018-02-27 10:00:00,1530,2018,CANONGATE TRL,OCKWELL MANOR  DR,,Collector,Scarborough,43.818522,-79.306857,636160.4435,4853109.0001,At Intersection,No Control,Clear,Daylight,Dry,116,Steeles,116,Steeles (116),Fatal,1,0,1,0,0,0,0,0,0,0,0,0,0,Pedestrian Collisions,"['Pedestrian', 'Driver']",North,['Passenger Van'],['Going Ahead'],['Driving Properly'],['Normal'],['Vehicle is going straight thru inter.while ped cross without ROW'],['Crossing without right of way'],['Normal'],[],[],[],D42,True,"['10 to 14', '75 to 79']",4.0
1187,2018-02-27 10:00:00,2128,2018,ALBION RD,CARRIER DR,50 m East of,Major Arterial,Etobicoke York,43.745268,-79.613452,611640.5394,4844514.1372,Non Intersection,No Control,Clear,"Dark, artificial",Dry,1,West Humber-Clairville,1,West Humber-Clairville (1),Non-Fatal Injury,0,0,1,0,0,0,0,0,0,1,0,1,0,Rear End,['Driver'],West,"['Automobile, Station Wagon']","['Going Ahead', 'Stopped']","['Driving Properly', 'Following too Close']","['Normal', 'Ability Impaired, Alcohol']",[],[],[],[],[],[],D23,False,"['55 to 59', '30 to 34']",3.0
1188,2018-02-28 10:00:00,2117,2018,FINCH AVE W,HUMBERLINE DR,,Major Arterial,Etobicoke York,43.734969,-79.617831,611307.0353,4843364.3955,At Intersection,Traffic Signal,Clear,"Dusk, artificial",Dry,1,West Humber-Clairville,1,West Humber-Clairville (1),Non-Fatal Injury,1,0,1,0,0,0,0,1,0,0,0,0,0,Pedestrian Collisions,"['Passenger', 'Pedestrian', 'Driver']",East,"['Automobile, Station Wagon']",['Going Ahead'],['Driving Properly'],['Normal'],['Vehicle is going straight thru inter.while ped cross without ROW'],['Crossing without right of way'],['Inattentive'],[],[],[],D23,False,"['0 to 4', '20 to 24', '60 to 64']",3.0
1189,2018-03-02 10:00:00,649,2018,DON VALLEY PARKWAY  S,LAWRENCE AVE E,200 m South ,Expressway,North York,43.737506,-79.332217,634302.2678,4844069.4882,Non Intersection,No Control,Clear,Daylight,Wet,42,Banbury-Don Mills,42,Banbury-Don Mills (42),Non-Fatal Injury,0,0,1,0,0,0,0,1,0,1,0,0,0,Rear End,"['Passenger', 'Driver']",South,"['Automobile, Station Wagon', 'School Bus']","['Stopped', 'Going Ahead']","['Driving Properly', 'Following too Close']",['Normal'],[],[],[],[],[],[],D33,False,"['50 to 54', '30 to 34', '40 to 44']",3.0
1190,2018-03-02 10:00:00,1435,2018,2083 LAWRENCE AVE W,,,Major Arterial,Etobicoke York,43.699755,-79.517535,619453.9503,4839593.0047,Non Intersection,No Control,Clear,Daylight,Dry,113,Weston,113,Weston (113),Non-Fatal Injury,1,0,1,0,0,0,0,0,0,0,0,0,0,Pedestrian Collisions,"['Pedestrian', 'Driver']",North,"['Automobile, Station Wagon']",['Going Ahead'],['Driving Properly'],['Normal'],['Pedestrian hit at mid-block'],"['Crossing, no Traffic Control']",['Inattentive'],[],[],[],D12,False,"['20 to 24', '50 to 54']",3.0
1191,2018-03-02 10:00:00,1914,2018,GREENCEDAR CRCT,DAPHNE RD,,Collector,Scarborough,43.756827,-79.22932,642542.5249,4846387.3272,At Intersection,No Control,Other,Dark,Other,141,Golfdale-Cedarbrae-Woburn,137,Woburn (137),Fatal,1,0,1,0,0,0,0,0,0,0,0,0,0,Pedestrian Collisions,"['Pedestrian', 'Driver']",North,"['Automobile, Station Wagon']",['Going Ahead'],['Driving Properly'],['Unknown'],['Vehicle is going straight thru inter.while ped cross without ROW'],"['Crossing, no Traffic Control']",['Unknown'],[],[],[],D43,True,['65 to 69'],4.0
1192,2018-03-03 10:00:00,1111,2018,WELLINGTON ST W,YORK ST,52 m East of,Minor Arterial,Toronto and East York,43.646697,-79.382236,630471.0925,4833904.0244,Non Intersection,No Control,Clear,Daylight,Dry,170,Yonge-Bay Corridor,76,Bay Street Corridor (76),Non-Fatal Injury,0,0,1,0,1,0,0,1,0,0,0,0,0,Turning Movement,"['Driver', 'Truck Driver', 'Passenger']",West,"['Automobile, Station Wagon', 'Truck - Closed (Blazer, etc)']","['Making U Turn', 'Going Ahead']","['Improper Turn', 'Driving Properly']","['Inattentive', 'Normal']",[],[],[],[],[],[],D52,False,"['15 to 19', '35 to 39', '20 to 24']",3.0
1193,2018-03-03 10:00:00,1515,2018,BATHURST ST,STEELES AVE W,10 m South o,Major Arterial,North York,43.792338,-79.445712,625048.4226,4849981.6907,Intersection Related,Traffic Signal,Clear,Daylight,Dry,36,Newtonbrook West,36,Newtonbrook West (36),Non-Fatal Injury,0,0,1,0,0,0,0,1,0,1,0,0,0,Angle,"['Driver', 'Passenger']",North,"['Passenger Van', 'Automobile, Station Wagon']",['Going Ahead'],"['Failed to Yield Right of Way', 'Driving Properly']",['Normal'],[],[],[],[],[],[],D32,False,"['45 to 49', '80 to 84', '75 to 79']",3.0
1194,2018-03-05 10:00:00,820,2018,DUFFERIN ST,CASTLEFIELD AVE,28 m North o,Major Arterial,North York,43.700686,-79.451724,624754.9791,4839793.3261,Intersection Related,Traffic Signal,Clear,Daylight,Dry,108,Briar Hill-Belgravia,108,Briar Hill-Belgravia (108),Non-Fatal Injury,1,0,1,0,0,0,0,1,0,0,0,0,0,Pedestrian Collisions,"['Pedestrian', 'Passenger', 'Driver']",East,"['Automobile, Station Wagon']",['Slowing or Stopping'],['Driving Properly'],['Normal'],['Pedestrian hit at mid-block'],"['Crossing, no Traffic Control']",['Normal'],[],[],[],D13,False,"['75 to 79', '50 to 54', '20 to 24']",3.0
1195,2018-03-05 10:00:00,1505,2018,BATHURST ST,DEWBOURNE AVE,45 m  of,Major Arterial,Toronto and East York,43.698359,-79.424472,626955.787,4839576.248,Non Intersection,No Control,Clear,Daylight,Dry,101,Forest Hill South,101,Forest Hill South (101),Non-Fatal Injury,0,0,1,0,0,0,0,1,0,1,0,0,0,Rear End,"['Driver', 'Passenger']",North,"['Automobile, Station Wagon']",['Going Ahead'],"['Following too Close', 'Driving Properly']",['Normal'],[],[],[],[],[],[],D13,False,"['70 to 74', '25 to 29', '45 to 49', '20 to 24', '50 to 54', '10 to 14', '15 to 19']",3.0
1196,2018-03-05 10:00:00,1525,2018,EGLINTON AVE W,KIPLING AVE,192 m West o,Major Arterial,Etobicoke York,43.676662,-79.553142,616629.5368,4836977.5347,Non Intersection,No Control,Clear,Daylight,Dry,10,Princess-Rosethorn,7,Willowridge-Martingrove-Richview (7),Non-Fatal Injury,0,0,1,0,0,0,0,0,1,1,0,0,0,Approaching,['Driver'],East,"['Automobile, Station Wagon', 'Passenger Van']",['Going Ahead'],"['Lost control', 'Driving Properly']","['Inattentive', 'Normal']",[],[],[],[],[],[],D22,False,"['20 to 24', '55 to 59', '60 to 64', '25 to 29']",3.0
1197,2018-03-08 10:00:00,2240,2018,STEELES AVE E,FOUNDERS RD,185 m East o,Major Arterial,Etobicoke York,43.779681,-79.502116,620535.9057,4848492.2705,Non Intersection,No Control,Clear,"Dark, artificial",Dry,27,York University Heights,27,York University Heights (27),Non-Fatal Injury,1,0,1,0,0,0,0,0,0,1,0,0,0,Pedestrian Collisions,"['Pedestrian', 'Driver']",South,"['Automobile, Station Wagon']",['Going Ahead'],['Driving Properly'],['Normal'],['Pedestrian hit at mid-block'],['Running onto Roadway'],"['Ability Impaired, Alcohol']",[],[],[],D31,False,['20 to 24'],3.0
1198,2018-03-09 10:00:00,1745,2018,WESTON RD,DENISON RD W,3 m East of,Minor Arterial,Etobicoke York,43.696166,-79.508159,620216.6269,4839207.9481,At Intersection,Traffic Signal,Clear,Daylight,Dry,113,Weston,113,Weston (113),Non-Fatal Injury,0,0,1,1,0,0,0,0,0,0,0,0,0,Turning Movement,"['Driver', 'Motorcycle Driver']",North,"['Automobile, Station Wagon', 'Motorcycle']","['Turning Left', 'Going Ahead']","['Improper Turn', 'Driving Properly']",['Normal'],[],[],[],[],[],[],D12,False,"['20 to 24', '35 to 39']",3.0
1199,2018-03-10 10:00:00,1555,2018,COXWELL AVE,EASTWOOD RD,107 m North ,Minor Arterial,Scarborough,43.673754,-79.319652,635457.6277,4837009.3638,Non Intersection,No Control,Clear,Daylight,Dry,64,Woodbine Corridor,64,Woodbine Corridor (64),Non-Fatal Injury,1,0,0,0,0,1,0,0,0,0,0,0,0,Pedestrian Collisions,"['Pedestrian', 'Driver']",East,['Municipal Transit Bus (TTC)'],['Going Ahead'],['Driving Properly'],['Normal'],['Pedestrian involved in a collision with transit vehicle anywhere along roadway'],"['Crossing, no Traffic Control']",['Inattentive'],[],[],[],D55,False,"['40 to 44', '50 to 54']",3.0
1200,2018-03-13 08:00:00,1130,2018,DUNDAS ST W,HURON ST,20 m West of,Major Arterial,North York,43.653273,-79.396121,629337.1534,4834612.6396,Intersection Related,No Control,Clear,Daylight,Dry,78,Kensington-Chinatown,78,Kensington-Chinatown (78),Non-Fatal Injury,1,0,1,0,0,0,0,0,0,0,0,0,0,Pedestrian Collisions,"['Pedestrian', 'Driver']",East,"['Automobile, Station Wagon']",['Going Ahead'],['Driving Properly'],['Normal'],['Vehicle hits the pedestrian walking or running out from between parked vehicles at mid-block'],['Coming From Behind Parked Vehicle'],['Inattentive'],[],[],[],D52,False,"['70 to 74', '30 to 34']",3.0
1201,2018-03-15 08:00:00,226,2018,COLLEGE ST,HURON ST,,Major Arterial,Toronto and East York,43.658187,-79.398158,629162.3518,4835155.2311,At Intersection,Traffic Signal,Clear,"Dark, artificial",Dry,78,Kensington-Chinatown,78,Kensington-Chinatown (78),Fatal,1,0,1,0,0,0,0,0,1,1,0,1,0,Pedestrian Collisions,"['Driver', 'Pedestrian']",North,"['Automobile, Station Wagon']",['Going Ahead'],['Failed to Yield Right of Way'],"['Ability Impaired, Alcohol Over .08']",['Vehicle is going straight thru inter.while ped cross with ROW'],['Crossing with right of way'],['Normal'],[],[],[],D52,True,"['15 to 19', '20 to 24']",4.0
1202,2018-03-15 08:00:00,2150,2018,DOVERCOURT RD,DUPONT ST,,Major Arterial,Etobicoke York,43.669631,-79.432719,626351.5346,4836373.0184,At Intersection,Traffic Signal,Clear,"Dark, artificial",Dry,172,Dovercourt Village,93,Dovercourt-Wallace Emerson-Junction (93),Non-Fatal Injury,1,0,1,0,0,0,0,0,0,0,0,0,0,Pedestrian Collisions,"['Pedestrian', 'Driver']",South,"['Automobile, Station Wagon']",['Going Ahead'],['Driving Properly'],['Normal'],['Vehicle is going straight thru inter.while ped cross without ROW'],['Crossing without right of way'],['Medical or Physical Disability'],[],[],[],D14,False,"['20 to 24', '50 to 54']",3.0