accident_number,date,time,year,street1,street2,offset,road_class,district,latitude,longitude,x,y,accident_location,traffctl,visibility,light,road_surface_condition,hood_158,neighbourhood_new,hood_140,neighbourhood_old,accident_class,pedestrian,cyclist,automobile,motorcycle,truck,trsn_city_veh,emerg_veh,passenger,speeding,aggressive_driving,redlight,alcohol,disability,impact_type,involvement_type,initial_direction,vehicle_type,manoeuver,driver_action,driver_condition,pedestrian_type,pedestrian_action,pedestrian_condition,cyclist_type,cyclist_action,cyclist_condition,division,injury,involvement_age,injury_severity_score
1203,2018-03-16 08:00:00,907,2018,RUNNYMEDE RD,DEFOREST RD,,Collector,Etobicoke York,43.648688,-79.475353,622957.1629,4833982.9724,At Intersection,Stop Sign,Clear,"Daylight, artificial",Dry,87,High Park-Swansea,87,High Park-Swansea (87),Non-Fatal Injury,1,0,1,0,0,0,0,0,0,1,0,0,0,Pedestrian Collisions,"['Pedestrian', 'Driver']",North,"['Automobile, Station Wagon']",['Turning Left'],['Failed to Yield Right of Way'],['Normal'],['Vehicle turns left while ped crosses with ROW at inter.'],['Crossing with right of way'],['Normal'],[],[],[],D11,False,"['70 to 74', '55 to 59']",3.0
1204,2018-03-19 08:00:00,1032,2018,GEORGE ST,DUNDAS ST E,,Major Arterial,Toronto and East York,43.657229,-79.373416,631159.4962,4835087.6458,At Intersection,Stop Sign,Clear,Daylight,Dry,73,Moss Park,73,Moss Park (73),Non-Fatal Injury,1,0,1,0,0,0,0,0,0,1,0,0,0,Pedestrian Collisions,"['Driver', 'Pedestrian']",North,['Pick Up Truck'],['Turning Left'],['Failed to Yield Right of Way'],['Normal'],['Vehicle turns left while ped crosses with ROW at inter.'],['Crossing with right of way'],['Normal'],[],[],[],D51,False,"['70 to 74', '0 to 4']",3.0
1205,2018-03-19 08:00:00,1741,2018,RENFORTH DR,EGLINTON AVE W,10 m South o,Minor Arterial,Etobicoke York,43.66603,-79.587627,613869.8247,4835748.8035,Intersection Related,No Control,Clear,Daylight,Dry,11,Eringate-Centennial-West Deane,11,Eringate-Centennial-West Deane (11),Non-Fatal Injury,0,0,1,0,0,0,0,1,0,1,0,0,0,Rear End,"['Driver', 'Passenger']",South,"['Passenger Van', 'Automobile, Station Wagon']","['Going Ahead', 'Stopped']","['Following too Close', 'Driving Properly']",['Normal'],[],[],[],[],[],[],D22,False,"['50 to 54', '65 to 69', '55 to 59', '40 to 44']",3.0
1206,2018-03-21 08:00:00,232,2018,KEELE ST,WANDLE AVE,45 m North o,Major Arterial,North York,43.731776,-79.483257,622150.9462,4843199.3426,Non Intersection,No Control,Clear,"Dark, artificial",Dry,155,Downsview,26,Downsview-Roding-CFB (26),Non-Fatal Injury,0,0,1,0,0,0,0,0,1,1,0,1,0,Sideswipe,['Driver'],North,"['Automobile, Station Wagon']",['Going Ahead'],"['Lost control', 'Driving Properly']","['Ability Impaired, Alcohol', 'Normal']",[],[],[],[],[],[],D31,False,['35 to 39'],3.0
1207,2018-03-21 08:00:00,331,2018,F G GARDINER XY  W,ROYAL YORK RD,,,Etobicoke York,43.623107,-79.499957,621024.2641,4831105.7221,Non Intersection,No Control,Clear,"Dark, artificial",Dry,160,Mimico-Queensway,17,Mimico (includes Humber Bay Shores) (17),Fatal,0,0,1,0,0,0,0,1,1,1,0,0,0,Rear End,"['Passenger', 'Driver']",West,"['Automobile, Station Wagon']","['Going Ahead', 'Pulling Away from Shoulder or Curb']","['Exceeding Speed Limit', 'Improper Lane Change']","['Normal', 'Inattentive']",[],[],[],[],[],[],D22,True,"['25 to 29', '30 to 34', '20 to 24']",4.0
1208,2018-03-21 08:00:00,1720,2018,LAWRENCE AVE W,BENTON RD,10 m East of,Major Arterial,Etobicoke York,43.710231,-79.471866,623112.4482,4840823.3201,At Intersection,Traffic Signal,Clear,Daylight,Dry,30,Brookhaven-Amesbury,30,Brookhaven-Amesbury (30),Non-Fatal Injury,0,0,1,0,0,0,0,0,0,1,1,0,0,Angle,['Driver'],East,"['Automobile, Station Wagon', 'Passenger Van']",['Going Ahead'],"['Disobeyed Traffic Control', 'Driving Properly']",['Normal'],[],[],[],[],[],[],D12,False,"['40 to 44', '55 to 59']",3.0
1209,2018-03-21 08:00:00,2305,2018,QUEENS QUAY W,YORK ST,60 m West of,Minor Arterial,Toronto and East York,43.639712,-79.381068,630580.4241,4833130.0863,Non Intersection,No Control,Clear,"Dark, artificial",Dry,165,Harbourfront-CityPlace,77,Waterfront Communities-The Island (77),Non-Fatal Injury,1,0,1,0,0,0,0,0,0,0,0,0,0,Pedestrian Collisions,"['Pedestrian', 'Driver']",East,"['Automobile, Station Wagon']",['Going Ahead'],['Driving Properly'],['Normal'],['Pedestrian hit at mid-block'],['Running onto Roadway'],['Inattentive'],[],[],[],D52,False,"['45 to 49', '65 to 69']",3.0
1210,2018-03-24 08:00:00,1914,2018,JANE ST,SHOREHAM DR,70 m South o,Major Arterial,North York,43.767714,-79.520107,619111.9,4847137.1198,Non Intersection,No Control,Clear,Daylight,Dry,24,Black Creek,24,Black Creek (24),Non-Fatal Injury,0,0,1,0,0,0,0,0,1,1,0,0,0,Approaching,['Driver'],North,"['Automobile, Station Wagon']",['Going Ahead'],"['Driving Properly', 'Exceeding Speed Limit']","['Normal', 'Unknown']",[],[],[],[],[],[],D31,False,"['35 to 39', '20 to 24']",3.0
1211,2018-03-26 08:00:00,1604,2018,BRIDLETOWNE CRCL,BEVERLY GLEN BLVD,,Minor Arterial,Scarborough,43.799418,-79.320056,635142.0651,4850965.5537,At Intersection,Traffic Signal,Clear,Daylight,Dry,147,L'Amoreaux West,117,L'Amoreaux (117),Non-Fatal Injury,1,0,1,0,0,0,0,0,0,1,0,0,0,Pedestrian Collisions,"['Pedestrian', 'Driver']",East,"['Automobile, Station Wagon']",['Turning Left'],['Failed to Yield Right of Way'],['Inattentive'],['Vehicle turns left while ped crosses with ROW at inter.'],['Crossing with right of way'],['Normal'],[],[],[],D42,False,"['80 to 84', '40 to 44']",3.0
1212,2018-03-28 08:00:00,1749,2018,MOUNT PLEASANT RD,CARSTOWE RD,,Major Arterial,Toronto and East York,43.68439,-79.383662,630274.5239,4838088.0956,Non Intersection,No Control,Clear,Daylight,Dry,98,Rosedale-Moore Park,98,Rosedale-Moore Park (98),Fatal,0,0,1,1,0,0,0,0,1,1,0,0,0,Turning Movement,"['Driver', 'Motorcycle Driver']",North,"['Automobile, Station Wagon', 'Motorcycle']","['Making U Turn', 'Going Ahead']","['Improper Turn', 'Improper Passing']",['Normal'],[],[],[],[],[],[],D53,True,"['15 to 19', '35 to 39']",4.0
1213,2018-03-29 08:00:00,1221,2018,WILSON AVE,JULIAN RD,,Major Arterial,North York,43.724532,-79.491092,621534.5985,4842383.2733,Intersection Related,Traffic Signal,Rain,Daylight,Wet,154,Oakdale-Beverley Heights,26,Downsview-Roding-CFB (26),Fatal,1,0,1,0,0,0,0,1,0,0,0,0,0,Pedestrian Collisions,"['Passenger', 'Pedestrian', 'Driver']",North,['Passenger Van'],['Going Ahead'],['Driving Properly'],['Normal'],['Vehicle is going straight thru inter.while ped cross without ROW'],"['Crossing, no Traffic Control']",['Inattentive'],[],[],[],D31,True,"['90 to 94', '75 to 79', '50 to 54']",4.0
1214,2018-03-29 08:00:00,2226,2018,DON MILLS RD,SHEPPARD AVE E,,Major Arterial,North York,43.775035,-79.347003,633028.3881,4848213.7883,At Intersection,Traffic Controller,Rain,"Daylight, artificial",Wet,53,Henry Farm,53,Henry Farm (53),Non-Fatal Injury,1,0,1,0,0,0,0,0,0,1,0,0,0,Pedestrian Collisions,"['Pedestrian', 'Driver']",East,"['Automobile, Station Wagon']",['Turning Right'],['Failed to Yield Right of Way'],['Normal'],['Vehicle turns right while ped crosses with ROW at inter.'],['Crossing with right of way'],['Normal'],[],[],[],D33,False,"['35 to 39', '45 to 49']",3.0
1215,2018-04-02 08:00:00,1310,2018,STEELES AVE E,DUMONT ST,13 m West of,Major Arterial,North York,43.798602,-79.417049,627341.1846,4850721.1088,Intersection Related,No Control,Clear,Daylight,Dry,50,Newtonbrook East,50,Newtonbrook East (50),Non-Fatal Injury,1,0,1,0,0,0,0,0,0,0,0,0,0,Pedestrian Collisions,"['Pedestrian', 'Driver']",North,"['Automobile, Station Wagon']",['Going Ahead'],['Driving Properly'],['Normal'],['Pedestrian hit at mid-block'],"['Crossing, no Traffic Control']",['Inattentive'],[],[],[],D32,False,['50 to 54'],3.0
1216,2018-04-03 08:00:00,2220,2018,FLEET ST,BATHURST ST,80 m West of,Major Arterial,Toronto and East York,43.63613,-79.400409,629028.0607,4832702.0126,Non Intersection,No Control,Rain,"Dark, artificial",Wet,163,Fort York-Liberty Village,82,Niagara (82),Non-Fatal Injury,1,0,0,0,0,1,0,0,0,0,0,0,0,Pedestrian Collisions,"['Pedestrian', 'Driver']",East,['Street Car'],['Going Ahead'],['Driving Properly'],['Normal'],['Pedestrian involved in a collision with transit vehicle anywhere along roadway'],"['Crossing, no Traffic Control']",['Had Been Drinking'],[],[],[],D14,False,"['40 to 44', '20 to 24']",3.0
1217,2018-04-04 08:00:00,1630,2018,BATHURST ST,CEDARCROFT BLVD,80 m South o,Major Arterial,North York,43.782679,-79.445216,625108.4774,4848909.6592,Non Intersection,No Control,Clear,Daylight,Dry,36,Newtonbrook West,36,Newtonbrook West (36),Non-Fatal Injury,0,0,0,1,0,0,0,0,0,0,0,0,0,SMV Other,['Motorcycle Driver'],South,['Motorcycle'],['Going Ahead'],['Lost control'],['Normal'],[],[],[],[],[],[],D32,False,['30 to 34'],3.0
1218,2018-04-08 08:00:00,2030,2018,FINCH AVE W,ARROW RD,10 m West of,Major Arterial,Etobicoke York,43.753218,-79.53622,617843.4611,4845504.0751,At Intersection,Traffic Signal,Clear,"Dark, artificial",Dry,22,Humbermede,22,Humbermede (22),Non-Fatal Injury,0,0,1,0,0,0,0,1,0,1,0,0,0,Rear End,"['Passenger', 'Driver']",East,"['Automobile, Station Wagon']","['Stopped', 'Going Ahead']","['Driving Properly', 'Following too Close']","['Normal', 'Inattentive']",[],[],[],[],[],[],D31,False,"['10 to 14', '45 to 49', '40 to 44', '60 to 64', '30 to 34']",3.0
1219,2018-04-10 08:00:00,2256,2018,DUNDAS ST W,GOOCH AVE,1 m West of,Major Arterial,Etobicoke York,43.665534,-79.498569,621051.0074,4835819.8036,At Intersection,No Control,Clear,"Dark, artificial",Dry,89,Runnymede-Bloor West Village,89,Runnymede-Bloor West Village (89),Non-Fatal Injury,1,0,1,0,0,0,0,0,0,0,0,0,0,Pedestrian Collisions,"['Driver', 'Pedestrian']",East,"['Automobile, Station Wagon']",['Going Ahead'],['Driving Properly'],['Normal'],['Vehicle is going straight thru inter.while ped cross without ROW'],['Crossing without right of way'],"['Ability Impaired, Alcohol Over .80']",[],[],[],D11,False,['60 to 64'],3.0
1220,2018-04-12 08:00:00,1425,2018,625 FINCH AVE W,,,Major Arterial,North York,43.77151,-79.454334,624397.9334,4847655.4327,At Intersection,Traffic Signal,Clear,Daylight,Wet,35,Westminster-Branson,35,Westminster-Branson (35),Non-Fatal Injury,1,0,1,0,0,0,0,0,0,1,1,0,0,Pedestrian Collisions,"['Pedestrian', 'Driver']",North,"['Automobile, Station Wagon']","['Turning Left', 'Going Ahead']","['Driving Properly', 'Disobeyed Traffic Control']","['Normal', 'Inattentive']",['Vehicle is going straight thru inter.while ped cross with ROW'],['Crossing with right of way'],['Normal'],[],[],[],D32,False,"['10 to 14', '35 to 39', '80 to 84']",3.0
1221,2018-04-12 08:00:00,2000,2018,WILSON AVE,LEXFIELD AVE,,Major Arterial,North York,43.723284,-79.49673,621082.9978,4842236.4126,At Intersection,Traffic Signal,Clear,Dark,Dry,154,Oakdale-Beverley Heights,26,Downsview-Roding-CFB (26),Non-Fatal Injury,0,0,1,0,0,0,0,1,0,1,1,0,0,Turning Movement,"['Passenger', 'Driver']",East,"['Automobile, Station Wagon']","['Turning Left', 'Going Ahead']","['Driving Properly', 'Disobeyed Traffic Control']","['Normal', 'Inattentive']",[],[],[],[],[],[],D31,False,['20 to 24'],3.0
1222,2018-04-13 08:00:00,1512,2018,JANE ST,BEVERLY HILLS DR,,Major Arterial,Etobicoke York,43.719008,-79.508113,620174.6793,4841744.9349,At Intersection,Traffic Signal,,Daylight,,154,Oakdale-Beverley Heights,26,Downsview-Roding-CFB (26),Fatal,1,0,1,0,0,0,0,0,1,1,0,0,0,Pedestrian Collisions,"['Driver', 'Pedestrian']",North,['Passenger Van'],['Turning Left'],['Failed to Yield Right of Way'],['Unknown'],['Vehicle turns left while ped crosses with ROW at inter.'],['Crossing with right of way'],['Normal'],[],[],[],D31,True,"['55 to 59', '40 to 44']",4.0
1223,2018-04-13 08:00:00,1918,2018,THE WESTWAY,KIPLING AVE,11 m South o,Major Arterial,Etobicoke York,43.685553,-79.55466,616489.9643,4837962.8647,At Intersection,Traffic Signal,Rain,"Dark, artificial",Wet,7,Willowridge-Martingrove-Richview,7,Willowridge-Martingrove-Richview (7),Non-Fatal Injury,0,1,1,0,0,0,0,0,0,0,0,0,0,Cyclist Collisions,"['Driver', 'Cyclist']",East,"['Automobile, Station Wagon', 'Bicycle']","['Going Ahead', 'Turning Left']",['Driving Properly'],['Normal'],[],[],[],['Cyclist turned left across motorists path.'],['Disobeyed Traffic Control'],['Normal'],D23,False,"['50 to 54', '20 to 24']",3.0
1224,2018-04-21 08:00:00,1,2018,HIGHWAY 2A  E,LAWSON RD,400 m East o,Expressway,Scarborough,43.785132,-79.164089,647724.0823,4849645.3881,Non Intersection,No Control,Clear,Dark,Dry,133,Centennial Scarborough,133,Centennial Scarborough (133),Non-Fatal Injury,0,0,1,0,0,0,0,1,1,1,0,0,0,Rear End,"['Passenger', 'Driver']",East,"['Automobile, Station Wagon']",['Going Ahead'],"['Driving Properly', 'Exceeding Speed Limit']","['Normal', 'Had Been Drinking']",[],[],[],[],[],[],D43,False,"['50 to 54', '60 to 64', '70 to 74', '20 to 24']",3.0
1225,2018-04-21 08:00:00,2341,2018,SEWELLS RD,HUPFIELD TRL,,Minor Arterial,Scarborough,43.814105,-79.213535,643675.9604,4852776.2532,Non Intersection,No Control,Clear,"Dark, artificial",Dry,146,Malvern East,132,Malvern (132),Fatal,0,0,1,0,0,0,0,0,1,1,0,0,0,SMV Other,['Driver'],East,"['Automobile, Station Wagon']",['Going Ahead'],['Lost control'],['Unknown'],[],[],[],[],[],[],D42,True,['25 to 29'],4.0
1226,2018-04-22 08:00:00,1706,2018,1854 KEELE ST,,,Major Arterial,North York,43.689555,-79.474803,622918.0723,4838522.6078,Non Intersection,No Control,Clear,"Dark, artificial",Dry,110,Keelesdale-Eglinton West,110,Keelesdale-Eglinton West (110),Non-Fatal Injury,1,0,0,1,0,0,0,0,1,1,0,0,0,Pedestrian Collisions,"['Pedestrian', 'Motorcycle Driver']",South,['Motorcycle'],['Going Ahead'],['Exceeding Speed Limit'],['Other'],['Pedestrian hit at mid-block'],"['Crossing, no Traffic Control']",['Other'],[],[],[],D12,False,"['60 to 64', 'unknown']",3.0
1227,2018-04-23 08:00:00,20,2018,FINCH AVE W,SIGNET DR,,Major Arterial,Etobicoke York,43.753218,-79.53622,617843.4611,4845504.0751,At Intersection,Traffic Signal,Clear,"Dark, artificial",Dry,22,Humbermede,22,Humbermede (22),Fatal,0,0,1,0,0,0,0,0,1,1,1,0,0,Angle,['Driver'],South,"['Automobile, Station Wagon']",['Going Ahead'],"['Driving Properly', 'Disobeyed Traffic Control']",['Normal'],[],[],[],[],[],[],D31,True,"['15 to 19', '55 to 59', '40 to 44']",4.0
1228,2018-04-23 08:00:00,801,2018,HORNER AVE,BETA ST,25 m West of,Minor Arterial,Etobicoke York,43.603137,-79.538493,617954.1658,4828832.3639,At Intersection,No Control,Clear,Daylight,Dry,20,Alderwood,20,Alderwood (20),Non-Fatal Injury,1,0,1,0,0,0,0,0,0,0,0,0,0,Pedestrian Collisions,"['Driver', 'Pedestrian']",East,"['Automobile, Station Wagon']",['Slowing or Stopping'],['Driving Properly'],['Normal'],['Pedestrian hit at mid-block'],"['Crossing, no Traffic Control']",['Inattentive'],[],[],[],D22,False,"['25 to 29', '20 to 24']",3.0
1229,2018-04-23 08:00:00,1220,2018,BAY ST,GROSVENOR ST,,Major Arterial,Toronto and East York,43.662398,-79.38634,630106.1941,4835641.3834,At Intersection,Traffic Signal,Clear,Daylight,Dry,169,Bay-Cloverhill,76,Bay Street Corridor (76),Non-Fatal Injury,1,0,1,0,0,0,0,0,0,1,0,0,0,Pedestrian Collisions,"['Driver', 'Pedestrian']",East,"['Automobile, Station Wagon']",['Turning Left'],['Failed to Yield Right of Way'],['Normal'],['Vehicle turns left while ped crosses with ROW at inter.'],['Crossing with right of way'],['Normal'],[],[],[],D52,False,"['35 to 39', '85 to 89']",3.0
1230,2018-04-23 08:00:00,2358,2018,BLOOR ST W,STERLING RD,2 m North of,Major Arterial,Toronto and East York,43.657233,-79.447734,625166.8018,4834973.2971,At Intersection,Traffic Signal,Rain,"Dark, artificial",Wet,83,Dufferin Grove,83,Dufferin Grove (83),Non-Fatal Injury,1,0,1,0,0,0,0,0,0,1,0,0,0,Pedestrian Collisions,"['Pedestrian', 'Driver']",East,"['Automobile, Station Wagon']",['Turning Left'],['Failed to Yield Right of Way'],['Normal'],['Vehicle turns left while ped crosses with ROW at inter.'],['Crossing with right of way'],['Medical or Physical Disability'],[],[],[],D11,False,"['60 to 64', '70 to 74']",3.0
1231,2018-04-24 08:00:00,1401,2018,VICTORIA PARK AVE,JONESVILLE CRES,,Major Arterial,North York,43.726615,-79.303432,636645.0424,4842906.9457,At Intersection,Traffic Signal,Clear,Daylight,Dry,119,Wexford/Maryvale,119,Wexford/Maryvale (119),Non-Fatal Injury,0,0,1,0,0,0,0,0,0,1,0,0,0,Turning Movement,['Driver'],North,"['Automobile, Station Wagon']","['Going Ahead', 'Turning Left']","['Driving Properly', 'Failed to Yield Right of Way']",['Normal'],[],[],[],[],[],[],D41,False,"['45 to 49', '40 to 44']",3.0
1232,2018-04-25 08:00:00,1100,2018,BATHURST ST,VERWOOD AVE,,Major Arterial,North York,43.751422,-79.43748,625796.4783,4845449.8181,At Intersection,Stop Sign,Rain,Daylight,Wet,38,Lansing-Westgate,38,Lansing-Westgate (38),Non-Fatal Injury,1,0,1,0,0,0,0,0,0,1,0,0,0,Pedestrian Collisions,"['Pedestrian', 'Driver']",East,['Delivery Van'],['Turning Right'],['Failed to Yield Right of Way'],['Unknown'],['Vehicle turns right while ped crosses with ROW at inter.'],['Crossing with right of way'],['Normal'],[],[],[],D32,False,"['75 to 79', 'unknown']",3.0
1233,2018-04-26 08:00:00,105,2018,SCARLETT RD,LAWRENCE AVE W,,Major Arterial,Etobicoke York,43.698107,-79.52325,618996.7038,4839401.7539,At Intersection,Traffic Signal,Rain,"Dark, artificial",Wet,8,Humber Heights-Westmount,8,Humber Heights-Westmount (8),Non-Fatal Injury,0,0,1,0,0,1,0,1,1,1,0,0,0,Turning Movement,"['Driver', 'Passenger']",North,"['Automobile, Station Wagon', 'Municipal Transit Bus (TTC)']","['Going Ahead', 'Turning Left']","['Exceeding Speed Limit', 'Driving Properly']","['Inattentive', 'Normal']",[],[],[],[],[],[],D23,False,"['20 to 24', '50 to 54', 'unknown', '60 to 64']",3.0
1234,2018-04-26 08:00:00,1942,2018,ISLINGTON AVE,ALBION RD,,Major Arterial,Etobicoke York,43.737166,-79.565257,615536.6595,4843680.3692,At Intersection,Traffic Signal,Clear,"Dusk, artificial",Dry,3,Thistletown-Beaumond Heights,3,Thistletown-Beaumond Heights (3),Non-Fatal Injury,0,0,1,0,0,0,0,1,0,1,0,0,0,Turning Movement,"['Driver', 'Passenger']",North,"['Automobile, Station Wagon']","['Turning Left', 'Going Ahead']","['Failed to Yield Right of Way', 'Driving Properly']","['Inattentive', 'Normal']",[],[],[],[],[],[],D23,False,"['25 to 29', '20 to 24', '0 to 4', '5 to 9']",3.0
1235,2018-04-27 08:00:00,2300,2018,STEELES AVE W,ROSSDEAN DR,,Major Arterial,Etobicoke York,43.771422,-79.540614,617454.0867,4847519.6561,At Intersection,Traffic Signal,Rain,"Dark, artificial",Wet,21,Humber Summit,21,Humber Summit (21),Non-Fatal Injury,1,0,1,0,0,0,0,1,0,0,0,0,0,Pedestrian Collisions,"['Passenger', 'Pedestrian', 'Driver']",South,"['Automobile, Station Wagon']",['Going Ahead'],['Driving Properly'],['Normal'],['Vehicle turns left while ped crosses without ROW at inter.'],['Crossing without right of way'],['Normal'],[],[],[],D31,False,"['10 to 14', '60 to 64', '35 to 39']",3.0
1236,2018-05-01 08:00:00,1905,2018,DANFORTH AVE,BIRCHMOUNT RD,180 m East o,Minor Arterial,Scarborough,43.697734,-79.261806,640064.9908,4839768.7743,Non Intersection,No Control,Clear,Daylight,Dry,122,Birchcliffe-Cliffside,122,Birchcliffe-Cliffside (122),Non-Fatal Injury,0,0,0,1,0,0,0,0,1,1,0,0,0,Rear End,['Motorcycle Driver'],East,['Motorcycle'],['Going Ahead'],"['Driving Properly', 'Exceeding Speed Limit']","['Normal', 'Inattentive']",[],[],[],[],[],[],D41,False,"['50 to 54', '25 to 29']",3.0
1237,2018-05-02 08:00:00,1616,2018,KINGSTON RD,RYLANDER BLVD,,Major Arterial,Scarborough,43.796981,-79.149135,648897.9212,4850988.2089,At Intersection,Traffic Signal,Clear,Daylight,Dry,133,Centennial Scarborough,133,Centennial Scarborough (133),Non-Fatal Injury,0,0,1,1,0,0,0,0,0,1,0,0,0,Turning Movement,"['Motorcycle Driver', 'Driver']",North,"['Motorcycle', 'Automobile, Station Wagon']","['Going Ahead', 'Turning Left']","['Driving Properly', 'Failed to Yield Right of Way']","['Normal', 'Inattentive']",[],[],[],[],[],[],D42,False,"['15 to 19', '55 to 59']",3.0
1238,2018-05-04 08:00:00,2354,2018,DIXON RD,27 S DIXON W RAMP,,Major Arterial,Etobicoke York,43.688479,-79.583987,614120.7326,4838247.0615,Overpass or Bridge,No Control,,Dark,,1,West Humber-Clairville,1,West Humber-Clairville (1),Fatal,1,0,1,0,0,0,0,0,0,0,0,0,0,Pedestrian Collisions,"['Pedestrian', 'Driver']",North,"['Automobile, Station Wagon']",['Going Ahead'],['Driving Properly'],['Unknown'],['Pedestrian hit at mid-block'],"['Crossing, no Traffic Control']",['Unknown'],[],[],[],D23,True,"['60 to 64', '25 to 29']",4.0
1239,2018-05-05 08:00:00,407,2018,LAWRENCE AVE E,KENNEDY RD,,Major Arterial,Scarborough,43.749427,-79.274898,638890.4997,4845488.0079,At Intersection,Traffic Signal,Clear,"Dark, artificial",Dry,126,Dorset Park,126,Dorset Park (126),Non-Fatal Injury,0,0,1,0,0,0,0,1,0,1,0,0,0,Angle,"['Driver', 'Passenger']",North,"['Automobile, Station Wagon']",['Going Ahead'],"['Failed to Yield Right of Way', 'Driving Properly']",['Normal'],[],[],[],[],[],[],D41,False,"['20 to 24', '25 to 29']",3.0
1240,2018-05-05 08:00:00,1803,2018,KEELE ST,COLVILLE RD,77 m South o,Major Arterial,Etobicoke York,43.707888,-79.477847,622635.3695,4840554.232,Non Intersection,Stop Sign,Clear,Daylight,Dry,30,Brookhaven-Amesbury,30,Brookhaven-Amesbury (30),Non-Fatal Injury,1,0,1,0,0,0,0,0,0,0,0,0,0,Pedestrian Collisions,"['Pedestrian', 'Driver']",East,"['Automobile, Station Wagon']",['Going Ahead'],['Driving Properly'],['Normal'],['Pedestrian hit at mid-block'],"['Crossing, no Traffic Control']",['Normal'],[],[],[],D12,False,"['80 to 84', '40 to 44']",3.0
1241,2018-05-05 08:00:00,2215,2018,MARKHAM RD,ELLESMERE RD,7 m West of,Major Arterial,Scarborough,43.776362,-79.231723,642302.7443,4848552.8602,At Intersection,Traffic Signal,Clear,"Dark, artificial",Dry,141,Golfdale-Cedarbrae-Woburn,137,Woburn (137),Non-Fatal Injury,0,0,1,0,0,0,0,1,0,1,0,0,0,Turning Movement,"['Passenger', 'Driver']",North,"['Automobile, Station Wagon']","['Going Ahead', 'Turning Left']","['Driving Properly', 'Failed to Yield Right of Way']","['Normal', 'Unknown']",[],[],[],[],[],[],D43,False,"['5 to 9', '0 to 4', '30 to 34', '55 to 59', '60 to 64', '40 to 44', '80 to 84']",3.0
1242,2018-05-07 08:00:00,1746,2018,DANFORTH AVE,WOODINGTON AVE,1 m West of,Major Arterial,Toronto and East York,43.683871,-79.32085,635338.304,4838131.0405,At Intersection,Traffic Signal,Clear,Daylight,Dry,64,Woodbine Corridor,64,Woodbine Corridor (64),Non-Fatal Injury,1,0,1,0,0,0,0,0,0,1,0,0,0,Pedestrian Collisions,"['Driver', 'Wheelchair']",North,"['Automobile, Station Wagon']",['Turning Right'],['Failed to Yield Right of Way'],['Normal'],['Vehicle turns right while ped crosses with ROW at inter.'],['Crossing with right of way'],['Inattentive'],[],[],[],D55,False,"['50 to 54', '75 to 79']",3.0
1243,2018-05-07 08:00:00,2050,2018,JARVIS ST,RICHMOND ST E,30 m North o,Major Arterial,Toronto and East York,43.652632,-79.372791,631219.9057,4834578.0763,Intersection Related,No Control,Clear,"Dark, artificial",Dry,73,Moss Park,73,Moss Park (73),Non-Fatal Injury,1,0,1,0,0,0,0,0,0,0,0,0,0,Pedestrian Collisions,"['Pedestrian', 'Driver']",South,"['Automobile, Station Wagon']",['Going Ahead'],['Other'],['Unknown'],['Pedestrian hit at mid-block'],['Walking on Roadway with Traffic'],['Inattentive'],[],[],[],D51,False,"['60 to 64', 'unknown']",3.0
1244,2018-05-08 08:00:00,2140,2018,YONGE ST,ANNDALE DR,,Major Arterial,North York,43.759902,-79.41051,627949.7436,4846432.9615,At Intersection,Traffic Signal,Clear,"Dark, artificial",Dry,153,Avondale,51,Willowdale East (51),Non-Fatal Injury,0,0,1,0,0,0,0,0,0,0,0,0,0,Sideswipe,['Driver'],North,"['Automobile, Station Wagon']","['Going Ahead', 'Changing Lanes']","['Driving Properly', 'Improper Lane Change']","['Normal', 'Inattentive']",[],[],[],[],[],[],D32,False,"['55 to 59', '25 to 29']",3.0
1245,2018-05-10 08:00:00,955,2018,111 BOND ST,,75 m North o,Local,Toronto and East York,43.656859,-79.378581,630743.8153,4835038.4008,Non Intersection,No Control,Clear,Daylight,Dry,168,Downtown Yonge East,75,Church-Yonge Corridor (75),Non-Fatal Injury,1,0,1,0,0,0,0,0,0,0,0,0,0,Pedestrian Collisions,"['Driver', 'Pedestrian']",East,"['Automobile, Station Wagon']",['Reversing'],['Other'],['Inattentive'],['Vehicle is reversing and hits pedestrian'],['Other'],['Normal'],[],[],[],D51,False,['55 to 59'],3.0
1246,2018-05-10 08:00:00,1845,2018,EASTERN AVE,COXWELL AVE,,Minor Arterial,Toronto and East York,43.665419,-79.31618,635756.3092,4836089.3243,At Intersection,Traffic Signal,Clear,Daylight,Dry,63,The Beaches,63,The Beaches (63),Non-Fatal Injury,0,0,1,1,0,0,0,0,0,1,0,0,0,Turning Movement,"['Driver', 'Motorcycle Driver']",East,"['Automobile, Station Wagon', 'Motorcycle']","['Turning Left', 'Going Ahead']","['Failed to Yield Right of Way', 'Driving Properly']","['Inattentive', 'Normal']",[],[],[],[],[],[],D55,False,"['25 to 29', '40 to 44']",3.0
1247,2018-05-11 08:00:00,209,2018,2955 KIPLING AVE,,23 m North o,Local,Etobicoke York,43.760138,-79.590122,613490.901,4846197.3692,At/Near Private Drive,No Control,Clear,Dark,Dry,2,Mount Olive-Silverstone-Jamestown,2,Mount Olive-Silverstone-Jamestown (2),Non-Fatal Injury,0,0,1,0,0,0,0,1,1,1,0,0,0,SMV Other,"['Passenger', 'Driver']",North,"['Automobile, Station Wagon']",['Going Ahead'],['Exceeding Speed Limit'],['Unknown'],[],[],[],[],[],[],D23,False,"['25 to 29', '35 to 39']",3.0