accident_number,date,time,year,street1,street2,offset,road_class,district,latitude,longitude,x,y,accident_location,traffctl,visibility,light,road_surface_condition,hood_158,neighbourhood_new,hood_140,neighbourhood_old,accident_class,pedestrian,cyclist,automobile,motorcycle,truck,trsn_city_veh,emerg_veh,passenger,speeding,aggressive_driving,redlight,alcohol,disability,impact_type,involvement_type,initial_direction,vehicle_type,manoeuver,driver_action,driver_condition,pedestrian_type,pedestrian_action,pedestrian_condition,cyclist_type,cyclist_action,cyclist_condition,division,injury,involvement_age,injury_severity_score
1248,2018-05-15 08:00:00,935,2018,YONGE ST,LAWRENCE AVE E,,Major Arterial,North York,43.725032,-79.402156,628696.92,4842573.0751,At Intersection,Traffic Signal,,Daylight,,103,Lawrence Park South,103,Lawrence Park South (103),Fatal,1,0,1,0,0,0,0,0,0,1,0,0,0,Pedestrian Collisions,"['Driver', 'Pedestrian']",North,"['Automobile, Station Wagon']",['Turning Right'],['Failed to Yield Right of Way'],[],['Vehicle turns right while ped crosses with ROW at inter.'],['Crossing with right of way'],[],[],[],[],D53,True,"['85 to 89', '70 to 74']",4.0
1249,2018-05-15 08:00:00,1558,2018,LAKE SHORE BV W,COLBORNE LODGE DR,,Major Arterial,Toronto and East York,43.637709,-79.458881,624308.2227,4832788.1511,At Intersection,Traffic Signal,Clear,Daylight,Dry,85,South Parkdale,85,South Parkdale (85),Fatal,0,1,1,0,0,0,0,0,0,1,1,0,0,Cyclist Collisions,"['Driver', 'Cyclist']",East,"['Automobile, Station Wagon', 'Bicycle']",['Going Ahead'],['Disobeyed Traffic Control'],['Inattentive'],[],[],[],"['Motorist without ROW drives into path of cyclist at inter, lnwy, dwy-Driver not turn.']",['Driving Properly'],['Normal'],D11,True,"['25 to 29', '35 to 39']",4.0
1250,2018-05-15 08:00:00,2237,2018,LAKE SHORE BLVD W,THIRTEENTH ST,,Major Arterial,Etobicoke York,43.599005,-79.512874,620030.0381,4828410.1571,Intersection Related,No Control,,Dark,,18,New Toronto,18,New Toronto (18),Fatal,0,0,1,0,0,0,0,1,1,1,0,1,0,Sideswipe,"['Driver', 'Passenger', 'Other']",East,"['Automobile, Station Wagon', 'School Bus']","['Changing Lanes', 'Parked']",['Improper Lane Change'],"['Ability Impaired, Alcohol Over .08']",[],[],[],[],[],[],D22,True,"['20 to 24', '25 to 29', 'unknown']",4.0
1251,2018-05-16 08:00:00,55,2018,QUEEN ST E,JARVIS ST,,Major Arterial,Toronto and East York,43.653655,-79.373218,631183.2442,4834691.0188,At Intersection,Traffic Signal,Clear,"Dark, artificial",Dry,73,Moss Park,73,Moss Park (73),Non-Fatal Injury,0,1,0,0,0,1,0,0,0,0,0,0,0,Cyclist Collisions,"['Driver', 'Cyclist']",East,"['Intercity Bus', 'Bicycle']","['Turning Right', 'Going Ahead']",['Driving Properly'],['Normal'],[],[],[],"['Cyclist without ROW rides into path of motorist at inter, lnwy, dwy-Cyclist not turn.']",['Disobeyed Traffic Control'],['Unknown'],D51,False,"['55 to 59', '30 to 34']",3.0
1252,2018-05-16 08:00:00,800,2018,JONES AVE,DUNDAS ST E,,Minor Arterial,Toronto and East York,43.666098,-79.334277,634295.7258,4836135.2813,At Intersection,Traffic Signal,Clear,Daylight,Dry,70,South Riverdale,70,South Riverdale (70),Fatal,0,1,0,0,1,0,0,0,0,1,0,0,0,Cyclist Collisions,"['Truck Driver', 'Cyclist']",West,"['Truck - Closed (Blazer, etc)', 'Bicycle']","['Turning Right', 'Going Ahead']",['Failed to Yield Right of Way'],['Normal'],[],[],[],['Motorist turning right on green or amber at signalized intersection strikes cyclist.'],['Driving Properly'],['Normal'],D55,True,"['25 to 29', '50 to 54']",4.0
1253,2018-05-19 08:00:00,1550,2018,STANLEY  AVE,VICTOR AVE,18 m West of,Local,Etobicoke York,43.615843,-79.49023,621823.7195,4830313.19,At/Near Private Drive,No Control,Clear,Daylight,Dry,160,Mimico-Queensway,17,Mimico (includes Humber Bay Shores) (17),Non-Fatal Injury,1,0,1,0,0,0,0,1,0,0,0,0,0,Pedestrian Collisions,"['Driver', 'Passenger', 'Pedestrian']",East,"['Automobile, Station Wagon']",['Going Ahead'],['Driving Properly'],['Normal'],['Vehicle hits the pedestrian walking or running out from between parked vehicles at mid-block'],['Coming From Behind Parked Vehicle'],['Normal'],[],[],[],D22,False,"['25 to 29', '20 to 24', '5 to 9']",3.0
1254,2018-05-20 08:00:00,1434,2018,TAPSCOTT RD,FINCH AVE E,297 m South ,Minor Arterial,Scarborough,43.811671,-79.235965,641877.7769,4852467.209,Non Intersection,No Control,Clear,Daylight,Dry,145,Malvern West,132,Malvern (132),Non-Fatal Injury,0,0,1,0,0,0,0,0,1,1,0,0,0,SMV Other,['Driver'],North,"['Automobile, Station Wagon']",['Going Ahead'],['Lost control'],['Unknown'],[],[],[],[],[],[],D42,False,['40 to 44'],3.0
1255,2018-05-20 08:00:00,2117,2018,WINTERMUTE BLVD,SANDYHOOK SQ,,Collector,Scarborough,43.818057,-79.322177,634929.4632,4853032.2534,At Intersection,No Control,Clear,"Dusk, artificial",Dry,116,Steeles,116,Steeles (116),Non-Fatal Injury,1,0,1,0,0,0,0,0,0,1,0,0,0,Pedestrian Collisions,"['Pedestrian', 'Driver']",South,"['Automobile, Station Wagon']",['Turning Left'],['Failed to Yield Right of Way'],['Inattentive'],['Vehicle turns left while ped crosses with ROW at inter.'],['Crossing with right of way'],['Normal'],[],[],[],D42,False,"['80 to 84', '75 to 79', '50 to 54']",3.0
1256,2018-05-20 08:00:00,2307,2018,WILSON AVE,401 C W WILSON AV RAMP,,Major Arterial,Etobicoke York,43.736342,-79.438586,625739.0018,4843773.284,Non Intersection,No Control,Clear,"Dark, artificial",Dry,33,Clanton Park,33,Clanton Park (33),Fatal,0,0,1,0,0,0,0,1,1,1,0,0,0,Approaching,"['Driver', 'Passenger']",East,"['Automobile, Station Wagon']","['Changing Lanes', 'Going Ahead']","['Improper Lane Change', 'Driving Properly']","['Inattentive', 'Normal']",[],[],[],[],[],[],D32,True,"['40 to 44', '35 to 39', '10 to 14']",4.0
1257,2018-05-21 08:00:00,2020,2018,STEELES AVE W,HIGHWAY 27  N,50 m West of,Major Arterial,North York,43.755068,-79.61552,611455.8387,4845599.7834,Non Intersection,No Control,Clear,"Dark, artificial",Dry,1,West Humber-Clairville,1,West Humber-Clairville (1),Non-Fatal Injury,0,0,1,0,0,0,0,1,1,1,0,0,0,Rear End,"['Passenger', 'Driver']",East,"['Automobile, Station Wagon']","['Stopped', 'Going Ahead']","['Driving Properly', 'Speed too Fast For Condition']","['Normal', 'Inattentive']",[],[],[],[],[],[],D23,False,"['20 to 24', '40 to 44', '15 to 19', '45 to 49', '25 to 29', '30 to 34']",3.0
1258,2018-05-22 08:00:00,1325,2018,4800 LESLIE ST,,60 m West of,Major Arterial,North York,43.779692,-79.365611,631520.645,4848701.2902,Non Intersection,No Control,Clear,"Daylight, artificial",Dry,47,Don Valley Village,47,Don Valley Village (47),Non-Fatal Injury,1,0,1,0,0,0,0,1,0,0,0,0,0,Pedestrian Collisions,"['Pedestrian', 'Passenger', 'Driver']",East,"['Automobile, Station Wagon']",['Going Ahead'],['Driving Properly'],['Normal'],['Pedestrian hit at mid-block'],"['Crossing, no Traffic Control']",['Normal'],[],[],[],D33,False,"['50 to 54', '65 to 69', '70 to 74']",3.0
1259,2018-05-22 08:00:00,1552,2018,DUNDAS ST W,CHELSEA AVE,73 m North o,Minor Arterial,Toronto and East York,43.658751,-79.453182,624724.3558,4835133.6871,Non Intersection,No Control,Clear,Daylight,Dry,88,High Park North,88,High Park North (88),Non-Fatal Injury,0,1,1,0,0,0,0,1,0,0,0,0,0,Cyclist Collisions,"['Passenger', 'Driver', 'Cyclist']",North,"['Automobile, Station Wagon', 'Bicycle']","['Going Ahead', 'Turning Left']",['Driving Properly'],['Normal'],[],[],[],['Cyclist turned left across motorists path.'],['Improper Turn'],['Unknown'],D11,False,"['65 to 69', '60 to 64', '50 to 54']",3.0
1260,2018-05-23 08:00:00,2325,2018,KINGSTON RD,DANFORTH AVE,8 m South of,Major Arterial,Scarborough,43.702361,-79.254146,640671.4253,4840295.6383,Non Intersection,No Control,Clear,"Dark, artificial",Dry,122,Birchcliffe-Cliffside,122,Birchcliffe-Cliffside (122),Non-Fatal Injury,0,0,0,1,0,0,0,0,0,0,0,0,0,SMV Other,['Motorcycle Driver'],West,['Motorcycle'],['Changing Lanes'],['Lost control'],['Inattentive'],[],[],[],[],[],[],D41,False,['25 to 29'],3.0
1261,2018-05-27 08:00:00,1010,2018,BENSON AVE,CHRISTIE ST,10 m West of,Minor Arterial,Toronto and East York,43.680037,-79.425021,626950.1961,4837540.4984,Intersection Related,No Control,Clear,Daylight,Dry,94,Wychwood,94,Wychwood (94),Non-Fatal Injury,1,0,1,0,0,0,0,0,0,0,0,0,0,Pedestrian Collisions,"['Driver', 'Pedestrian']",East,"['Automobile, Station Wagon']",['Going Ahead'],['Driving Properly'],['Unknown'],['Pedestrian hit on sidewalk or shoulder'],['On Sidewalk or Shoulder'],['Normal'],[],[],[],D13,False,"['55 to 59', '85 to 89']",3.0
1262,2018-05-27 08:00:00,1700,2018,YONGE ST,ISABELLA ST,,Major Arterial,Toronto and East York,43.667491,-79.385654,630150.4987,4836208.1052,At Intersection,No Control,Clear,Daylight,Dry,167,Church-Wellesley,75,Church-Yonge Corridor (75),Non-Fatal Injury,0,0,1,1,0,0,0,0,0,1,0,0,0,Turning Movement,"['Driver', 'Motorcycle Driver']",North,"['Automobile, Station Wagon', 'Motorcycle']","['Turning Left', 'Going Ahead']","['Failed to Yield Right of Way', 'Driving Properly']",['Normal'],[],[],[],[],[],[],D51,False,"['50 to 54', '30 to 34']",3.0
1263,2018-05-27 08:00:00,1907,2018,STAINES RD,HEPATICA ST,,Local,Scarborough,43.834822,-79.229938,642307.4999,4855048.8645,At Intersection,Stop Sign,Clear,Daylight,Dry,144,Morningside Heights,131,Rouge (131),Non-Fatal Injury,1,0,1,0,0,0,0,0,0,1,0,0,0,Pedestrian Collisions,"['Driver', 'Pedestrian']",North,"['Automobile, Station Wagon']",['Going Ahead'],['Failed to Yield Right of Way'],['Inattentive'],['Vehicle is going straight thru inter.while ped cross with ROW'],['Crossing with right of way'],['Normal'],[],[],[],D42,False,"['20 to 24', '65 to 69']",3.0
1264,2018-05-29 08:00:00,934,2018,STEELES AVE E,KENNEDY RD,,Major Arterial,Scarborough,43.823569,-79.307048,636133.6117,4853669.2377,Intersection Related,No Control,Clear,Daylight,Dry,116,Steeles,116,Steeles (116),Fatal,0,0,0,0,0,1,0,1,0,0,0,0,0,Other,"['Passenger', 'Driver']",West,['Municipal Transit Bus (TTC)'],['Slowing or Stopping'],['Driving Properly'],['Normal'],[],[],[],[],[],[],D42,True,"['80 to 84', '45 to 49']",4.0
1265,2018-05-29 08:00:00,1700,2018,QUEENS QUAY E,DOCKSIDE  DR,,Minor Arterial,Toronto and East York,43.645056,-79.365421,631830.8103,4833748.343,At Intersection,Traffic Signal,Clear,Daylight,Dry,166,St Lawrence-East Bayfront-The Islands,77,Waterfront Communities-The Island (77),Non-Fatal Injury,0,1,1,0,0,0,0,0,0,1,0,0,0,Cyclist Collisions,"['Driver', 'Cyclist']",East,"['Automobile, Station Wagon', 'Bicycle']","['Turning Right', 'Going Ahead']",['Failed to Yield Right of Way'],['Normal'],[],[],[],['Motorist turning right on green or amber at signalized intersection strikes cyclist.'],['Driving Properly'],['Normal'],D51,False,"['35 to 39', '25 to 29']",3.0
1266,2018-05-30 08:00:00,329,2018,MARTIN GROVE RD,VULCAN ST,,Major Arterial,Etobicoke York,43.705172,-79.577121,614642.274,4840110.5152,At Intersection,Traffic Signal,,Dark,,1,West Humber-Clairville,1,West Humber-Clairville (1),Fatal,0,0,0,1,1,0,0,0,1,1,0,0,0,Turning Movement,"['Truck Driver', 'Motorcycle Driver']",North,"['Truck - Closed (Blazer, etc)', 'Motorcycle']","['Turning Left', 'Going Ahead']","['Driving Properly', 'Exceeding Speed Limit']","['Normal', 'Unknown']",[],[],[],[],[],[],D23,True,"['50 to 54', '20 to 24']",4.0
1267,2018-05-30 08:00:00,2103,2018,WOODBINE AVE,MERRILL AVE E,,Major Arterial,Toronto and East York,43.683352,-79.311801,636068.8287,4838088.2055,At Intersection,No Control,Clear,"Dark, artificial",Dry,62,East End-Danforth,62,East End-Danforth (62),Non-Fatal Injury,0,1,1,0,0,0,0,0,0,0,0,0,0,Cyclist Collisions,"['Cyclist', 'Driver']",North,"['Bicycle', 'Automobile, Station Wagon']","['Going Ahead', 'Turning Left']",['Driving Properly'],['Normal'],[],[],[],"['Cyclist without ROW rides into path of motorist at inter, lnwy, dwy-Cyclist not turn.']",['Speed too Fast For Condition'],['Normal'],D55,False,"['20 to 24', '30 to 34']",3.0
1268,2018-05-31 08:00:00,755,2018,BLOOR ST W,SOUTH KINGSWAY,,Major Arterial,Etobicoke York,43.648242,-79.485713,622122.5634,4833918.1411,At Intersection,Traffic Signal,Clear,Daylight,Dry,87,High Park-Swansea,87,High Park-Swansea (87),Non-Fatal Injury,1,0,0,0,1,0,0,0,0,0,0,0,0,Pedestrian Collisions,"['Truck Driver', 'Pedestrian']",East,['Truck - Dump'],['Turning Right'],['Improper Turn'],['Normal'],['Vehicle turns right while ped crosses with ROW at inter.'],['Crossing with right of way'],['Normal'],[],[],[],D11,False,"['20 to 24', '35 to 39']",3.0
1269,2018-05-31 08:00:00,2054,2018,LAWRENCE AVE E,MORNINGSIDE AVE,,Minor Arterial,Scarborough,43.768336,-79.186191,645986.5231,4847740.718,Intersection Related,No Control,Clear,Daylight,Wet,136,West Hill,136,West Hill (136),Non-Fatal Injury,1,0,1,0,0,0,0,1,0,0,0,0,0,Pedestrian Collisions,"['Driver', 'Pedestrian', 'Passenger']",East,"['Automobile, Station Wagon']",['Going Ahead'],['Driving Properly'],['Normal'],['Pedestrian hit at mid-block'],"['Crossing, no Traffic Control']",['Had Been Drinking'],[],[],[],D43,False,"['35 to 39', '40 to 44', '0 to 4']",3.0
1270,2018-06-02 08:00:00,1845,2018,BADEN ST,LAKEVIEW AVE,8 m East of,Local,North York,43.649581,-79.422855,627189.0892,4834161.2731,Intersection Related,Stop Sign,Clear,Daylight,Dry,81,Trinity-Bellwoods,81,Trinity-Bellwoods (81),Non-Fatal Injury,1,0,1,0,0,0,0,0,0,1,0,0,0,Pedestrian Collisions,"['Driver', 'Pedestrian']",South,"['Automobile, Station Wagon']",['Going Ahead'],['Failed to Yield Right of Way'],['Inattentive'],['Vehicle is going straight thru inter.while ped cross with ROW'],['Playing or Working on Highway'],['Normal'],[],[],[],D14,False,"['55 to 59', '0 to 4']",3.0
1271,2018-06-02 08:00:00,1903,2018,LAKE SHORE BLVD W,BRITISH COLUMBIA RD,,Major Arterial,North York,43.630515,-79.427158,626882.1959,4832037.1636,Non Intersection,No Control,Clear,Daylight,Dry,163,Fort York-Liberty Village,82,Niagara (82),Fatal,0,0,1,1,0,0,0,0,0,0,0,0,0,Approaching,"['Motorcycle Driver', 'Driver']",East,"['Motorcycle', 'Automobile, Station Wagon']",['Going Ahead'],"['Driving Properly', 'Lost control']","['Normal', 'Inattentive']",[],[],[],[],[],[],D14,True,"['50 to 54', '30 to 34', '55 to 59']",4.0
1272,2018-06-03 08:00:00,1235,2018,SHEPPARD AVE E,GATEFORTH DR,49 m West of,Major Arterial,Scarborough,43.79534,-79.231105,642307.435,4850661.7318,Non Intersection,No Control,Clear,Daylight,Dry,146,Malvern East,132,Malvern (132),Non-Fatal Injury,0,0,1,1,0,0,0,1,0,1,0,0,0,Rear End,"['Motorcycle Driver', 'Driver', 'Passenger']",West,"['Motorcycle', 'Automobile, Station Wagon']",['Going Ahead'],"['Other', 'Driving Properly']","['Inattentive', 'Normal']",[],[],[],[],[],[],D42,False,"['20 to 24', '50 to 54', '55 to 59']",3.0
1273,2018-06-03 08:00:00,1730,2018,YONGE ST,FRANKLIN AVE,10 m East of,Major Arterial,North York,43.756415,-79.409595,628030.8363,4846047.0919,Intersection Related,No Control,Clear,Daylight,Dry,153,Avondale,51,Willowdale East (51),Non-Fatal Injury,0,0,1,0,0,0,0,0,0,0,0,0,1,SMV Other,['Driver'],North,"['Automobile, Station Wagon']",['Going Ahead'],['Other'],['Medical or Physical Disability'],[],[],[],[],[],[],D32,False,['85 to 89'],3.0
1274,2018-06-03 08:00:00,2238,2018,DANFORTH AVE,GLEDHILL AVE,,Major Arterial,Toronto and East York,43.686572,-79.308528,636325.3413,4838451.2067,At Intersection,Traffic Signal,Clear,Dark,Dry,62,East End-Danforth,62,East End-Danforth (62),Non-Fatal Injury,1,0,1,0,0,0,0,1,0,0,0,0,0,Pedestrian Collisions,"['Driver', 'Passenger', 'Pedestrian']",East,"['Automobile, Station Wagon']",['Turning Right'],['Improper Turn'],['Inattentive'],['Vehicle turns right while ped crosses with ROW at inter.'],['Crossing with right of way'],['Had Been Drinking'],[],[],[],D55,False,"['30 to 34', '20 to 24', '65 to 69']",3.0
1275,2018-06-06 08:00:00,2257,2018,KINGSTON RD,RIDGEMOOR AVE,44 m West of,Major Arterial,Scarborough,43.705832,-79.251529,640874.1606,4840685.587,Non Intersection,Traffic Controller,Clear,"Daylight, artificial",Dry,122,Birchcliffe-Cliffside,122,Birchcliffe-Cliffside (122),Non-Fatal Injury,0,0,1,1,0,0,0,0,0,0,0,0,0,Rear End,"['Driver', 'Motorcycle Driver']",East,"['Automobile, Station Wagon', 'Motorcycle']","['Changing Lanes', 'Going Ahead']","['Improper Lane Change', 'Driving Properly']",['Normal'],[],[],[],[],[],[],D41,False,"['45 to 49', '30 to 34']",3.0
1276,2018-06-07 08:00:00,2128,2018,BLACKTHORN AVE,ST CLAIR AVE W,33 m North o,Local,Etobicoke York,43.674731,-79.458789,624239.2723,4836900.0641,Non Intersection,No Control,Clear,"Dark, artificial",Dry,91,Weston-Pelham Park,91,Weston-Pellam Park (91),Non-Fatal Injury,0,1,1,0,0,0,0,0,0,0,0,0,0,Cyclist Collisions,"['Driver', 'Cyclist']",North,"['Pick Up Truck', 'Bicycle']","['Turning Left', 'Going Ahead']",['Other'],['Normal'],[],[],[],['Motorist turned left across cyclists path.'],['Other'],['Unknown'],D12,False,"['50 to 54', '55 to 59']",3.0
1277,2018-06-11 08:00:00,1500,2018,DUFFERIN ST,BRIAR HILL AVE,,Major Arterial,North York,43.702281,-79.452075,624723.389,4839969.9449,Intersection Related,Traffic Signal,Clear,Daylight,Dry,108,Briar Hill-Belgravia,108,Briar Hill-Belgravia (108),Fatal,1,0,1,0,0,0,0,0,1,1,1,0,0,Pedestrian Collisions,"['Driver', 'Pedestrian']",North,['Pick Up Truck'],['Unknown'],['Disobeyed Traffic Control'],['Unknown'],['Unknown'],['Crossing with right of way'],[],[],[],[],D13,True,"['25 to 29', '50 to 54']",4.0
1278,2018-06-11 08:00:00,1537,2018,MCROBERTS AVE,INNES AVE,,Local,Etobicoke York,43.681243,-79.455852,624462.5659,4837627.7122,At Intersection,Stop Sign,Clear,Daylight,Dry,92,Corso Italia-Davenport,92,Corso Italia-Davenport (92),Non-Fatal Injury,1,0,1,0,0,0,0,0,0,0,0,0,0,Pedestrian Collisions,"['Driver', 'Pedestrian']",East,"['Automobile, Station Wagon']",['Turning Left'],['Improper Turn'],['Normal'],['Vehicle turns left while ped crosses with ROW at inter.'],['Crossing with right of way'],['Normal'],[],[],[],D13,False,"['80 to 84', '85 to 89']",3.0
1279,2018-06-11 08:00:00,1700,2018,ROYAL YORK  RD,DARTMOUTH  CRES,,Minor Arterial,Etobicoke York,43.605387,-79.493869,621551.1454,4829146.5924,Non Intersection,No Control,Clear,Daylight,Dry,160,Mimico-Queensway,17,Mimico (includes Humber Bay Shores) (17),Non-Fatal Injury,0,1,0,1,0,0,0,0,0,1,0,0,0,Cyclist Collisions,"['Motorcycle Driver', 'Cyclist']",South,"['Motorcycle', 'Bicycle']",['Going Ahead'],['Failed to Yield Right of Way'],['Unknown'],[],[],[],['Cyclist and Driver travelling in same direction. One vehicle rear-ended the other.'],['Driving Properly'],['Normal'],D22,False,"['unknown', '25 to 29']",3.0
1280,2018-06-12 08:00:00,1204,2018,ST GEORGE ST,BLOOR ST W,,Major Arterial,Toronto and East York,43.667445,-79.399799,629010.1988,4836180.9018,At Intersection,Traffic Signal,Clear,Daylight,Dry,79,University,79,University (79),Fatal,0,1,0,0,1,0,0,0,0,0,0,0,0,Cyclist Collisions,"['Truck Driver', 'Cyclist']",North,"['Truck - Open', 'Bicycle']","['Turning Right', 'Going Ahead']",['Other'],['Normal'],[],[],[],['Motorist turning right on green or amber at signalized intersection strikes cyclist.'],['Other'],['Unknown'],D52,True,"['65 to 69', '55 to 59']",4.0
1281,2018-06-12 08:00:00,1945,2018,LAWRENCE AVE E,GALLOWAY RD,87 m East of,Major Arterial,Scarborough,43.766261,-79.19559,645235.0462,4847493.7279,Non Intersection,No Control,Clear,Daylight,Dry,136,West Hill,136,West Hill (136),Non-Fatal Injury,1,0,1,0,0,0,0,0,0,0,0,0,0,Pedestrian Collisions,"['Driver', 'Pedestrian']",East,"['Automobile, Station Wagon']",['Going Ahead'],['Driving Properly'],"['Ability Impaired, Drugs']",['Pedestrian hit at mid-block'],"['Crossing, no Traffic Control']",['Normal'],[],[],[],D43,False,"['70 to 74', '30 to 34']",3.0
1282,2018-06-13 08:00:00,1241,2018,CRESCENT RD,MOUNT PLEASANT RD,2 m East of,Major Arterial,Toronto and East York,43.678218,-79.38055,630538.7341,4837407.5038,Overpass or Bridge,No Control,Clear,Daylight,Dry,98,Rosedale-Moore Park,98,Rosedale-Moore Park (98),Non-Fatal Injury,0,0,0,0,0,1,0,1,0,0,0,0,0,Other,"['Driver', 'Passenger']",East,['Municipal Transit Bus (TTC)'],['Going Ahead'],['Driving Properly'],['Normal'],[],[],[],[],[],[],D53,False,"['45 to 49', '85 to 89']",3.0
1283,2018-06-14 08:00:00,154,2018,430 ROYAL YORK RD,,25 m South o,Minor Arterial,Etobicoke York,43.620658,-79.500232,621006.9897,4830833.3297,Intersection Related,No Control,Clear,"Dark, artificial",Dry,160,Mimico-Queensway,17,Mimico (includes Humber Bay Shores) (17),Non-Fatal Injury,1,0,0,0,0,1,0,0,0,0,0,0,0,Pedestrian Collisions,"['Driver', 'Pedestrian']",South,['Municipal Transit Bus (TTC)'],['Going Ahead'],['Driving Properly'],['Normal'],['Pedestrian involved in a collision with transit vehicle anywhere along roadway'],['Other'],['Had Been Drinking'],[],[],[],D22,False,"['55 to 59', '20 to 24']",3.0
1284,2018-06-14 08:00:00,558,2018,ST CLAIR AVE E,DANFORTH RD,,Major Arterial,Scarborough,43.716773,-79.259883,640175.561,4841886.581,At Intersection,Traffic Signal,Clear,Daylight,Dry,120,Clairlea-Birchmount,120,Clairlea-Birchmount (120),Fatal,0,0,1,1,0,0,0,0,0,1,0,0,0,Turning Movement,"['Motorcycle Driver', 'Driver']",East,"['Motorcycle', 'Automobile, Station Wagon']","['Going Ahead', 'Turning Left']","['Driving Properly', 'Failed to Yield Right of Way']",['Unknown'],[],[],[],[],[],[],D41,True,"['55 to 59', 'unknown']",4.0
1285,2018-06-14 08:00:00,905,2018,CAMERON AVE,YONGE ST,,Major Arterial,North York,43.757266,-79.409839,628009.3789,4846141.2311,At Intersection,Stop Sign,Clear,Daylight,Dry,153,Avondale,51,Willowdale East (51),Non-Fatal Injury,1,0,1,0,0,0,0,0,0,1,0,0,0,Pedestrian Collisions,"['Driver', 'Pedestrian']",East,"['Automobile, Station Wagon']",['Turning Right'],['Failed to Yield Right of Way'],['Normal'],['Vehicle turns right while ped crosses with ROW at inter.'],['Crossing with right of way'],['Normal'],[],[],[],D32,False,"['50 to 54', '45 to 49']",3.0
1286,2018-06-14 08:00:00,1645,2018,EGLINTON AVE W,JANE ST,,Major Arterial,Etobicoke York,43.684405,-79.498782,620995.9037,4837915.3676,At Intersection,Traffic Signal,Clear,Daylight,Dry,115,Mount Dennis,115,Mount Dennis (115),Non-Fatal Injury,0,0,1,1,0,0,0,0,0,1,1,0,0,Turning Movement,"['Motorcycle Driver', 'Driver']",North,"['Motorcycle', 'Automobile, Station Wagon']","['Going Ahead', 'Turning Left']","['Disobeyed Traffic Control', 'Driving Properly']",['Normal'],[],[],[],[],[],[],D12,False,"['25 to 29', '50 to 54']",3.0
1287,2018-06-15 08:00:00,1928,2018,5951 STEELES AVE E,,3 m West of,Major Arterial,Scarborough,43.835181,-79.25706,640126.1108,4855042.4249,At Intersection,Traffic Signal,Clear,Daylight,Dry,130,Milliken,130,Milliken (130),Non-Fatal Injury,1,0,1,0,0,0,0,0,0,1,0,0,0,Pedestrian Collisions,"['Driver', 'Pedestrian']",North,"['Automobile, Station Wagon']",['Turning Left'],['Failed to Yield Right of Way'],['Inattentive'],['Vehicle turns left while ped crosses with ROW at inter.'],['Crossing with right of way'],['Normal'],[],[],[],D42,False,"['20 to 24', '40 to 44']",3.0
1288,2018-06-16 08:00:00,1550,2018,LEA AVE,LAIRD DR,30 m West of,Major Arterial,North York,43.706046,-79.361781,631990.5988,4840527.9017,Intersection Related,No Control,Clear,Daylight,Dry,55,Thorncliffe Park,55,Thorncliffe Park (55),Non-Fatal Injury,0,1,1,0,0,0,0,0,0,0,0,0,0,Cyclist Collisions,"['Cyclist', 'Driver']",North,"['Bicycle', 'Automobile, Station Wagon']",['Going Ahead'],['Driving Properly'],['Normal'],[],[],[],"['Cyclist without ROW rides into path of motorist at inter, lnwy, dwy-Cyclist not turn.']",['Failed to Yield Right of Way'],['Inattentive'],D53,False,['20 to 24'],3.0
1289,2018-06-17 08:00:00,1810,2018,285 OAKWOOD AVE,,50 m North o,Minor Arterial,Etobicoke York,43.684481,-79.437656,625922.4526,4838014.8029,Non Intersection,No Control,Clear,Daylight,Dry,107,Oakwood Village,107,Oakwood Village (107),Non-Fatal Injury,0,0,1,1,0,0,0,1,0,0,0,0,0,Turning Movement,"['Driver', 'Motorcycle Driver', 'Passenger']",North,"['Automobile, Station Wagon', 'Motorcycle']","['Making U Turn', 'Going Ahead']","['Improper Turn', 'Driving Properly']","['Inattentive', 'Normal']",[],[],[],[],[],[],D13,False,"['45 to 49', '35 to 39', '10 to 14', '25 to 29']",3.0
1290,2018-06-18 08:00:00,844,2018,KIPLING  AVE,BLOOR ST W,50 m North o,Major Arterial,Etobicoke York,43.642253,-79.535548,618115.2278,4833180.8602,Non Intersection,No Control,Clear,Daylight,Dry,158,Islington,14,Islington-City Centre West (14),Non-Fatal Injury,0,0,1,0,0,0,0,0,0,0,0,0,1,Approaching,['Driver'],North,['Pick Up Truck'],"['Stopped', 'Going Ahead']","['Lost control', 'Driving Properly']","['Medical or Physical Disability', 'Normal']",[],[],[],[],[],[],D22,False,"['65 to 69', '30 to 34']",3.0
1291,2018-06-18 08:00:00,1720,2018,26 HOMEWOOD AVE,,8 m North of,Local,North York,43.790763,-79.419864,627131.3505,4849846.1379,At/Near Private Drive,No Control,Clear,Daylight,Dry,36,Newtonbrook West,36,Newtonbrook West (36),Non-Fatal Injury,0,0,1,0,0,0,0,0,0,0,0,0,0,SMV Other,['Driver'],North,"['Automobile, Station Wagon']",['Going Ahead'],['Lost control'],['Unknown'],[],[],[],[],[],[],D32,False,['25 to 29'],3.0