accident_number,date,time,year,street1,street2,offset,road_class,district,latitude,longitude,x,y,accident_location,traffctl,visibility,light,road_surface_condition,hood_158,neighbourhood_new,hood_140,neighbourhood_old,accident_class,pedestrian,cyclist,automobile,motorcycle,truck,trsn_city_veh,emerg_veh,passenger,speeding,aggressive_driving,redlight,alcohol,disability,impact_type,involvement_type,initial_direction,vehicle_type,manoeuver,driver_action,driver_condition,pedestrian_type,pedestrian_action,pedestrian_condition,cyclist_type,cyclist_action,cyclist_condition,division,injury,involvement_age,injury_severity_score
1337,2018-07-30 08:00:00,1238,2018,100 MCLEVIN AVE,,4 m East of,Minor Arterial,Scarborough,43.800753,-79.236369,641871.1296,4851253.8947,At/Near Private Drive,No Control,Clear,Daylight,Dry,145,Malvern West,132,Malvern (132),Non-Fatal Injury,0,0,1,1,0,0,0,0,0,1,0,0,0,Turning Movement,"['Driver', 'Motorcycle Driver']",East,"['Automobile, Station Wagon', 'Motorcycle']","['Turning Left', 'Going Ahead']","['Failed to Yield Right of Way', 'Driving Properly']","['Inattentive', 'Normal']",[],[],[],[],[],[],D42,False,"['40 to 44', '35 to 39']",3.0
1338,2018-07-30 08:00:00,1427,2018,WARDEN AVE,FAIRFAX CRES,,Major Arterial,Scarborough,43.716109,-79.282733,638336.3798,4841774.4414,At Intersection,Traffic Signal,Clear,Daylight,Dry,120,Clairlea-Birchmount,120,Clairlea-Birchmount (120),Fatal,1,0,1,0,0,0,0,0,0,0,0,0,0,Pedestrian Collisions,"['Driver', 'Pedestrian']",East,['Delivery Van'],['Turning Left'],['Improper Turn'],['Inattentive'],['Vehicle turns left while ped crosses with ROW at inter.'],['Crossing with right of way'],['Normal'],[],[],[],D41,True,"['35 to 39', '65 to 69']",4.0
1339,2018-07-30 08:00:00,1755,2018,STEELES AVE W,YONGE ST,260 m West o,Major Arterial,North York,43.797373,-79.422603,626896.9884,4850576.0783,Non Intersection,No Control,Clear,Daylight,Dry,36,Newtonbrook West,36,Newtonbrook West (36),Non-Fatal Injury,1,0,1,0,0,0,0,1,0,0,0,0,0,Pedestrian Collisions,"['Driver', 'Pedestrian', 'Passenger']",East,"['Automobile, Station Wagon']",['Going Ahead'],['Driving Properly'],['Normal'],['Pedestrian hit at mid-block'],"['Crossing, no Traffic Control']",['Inattentive'],[],[],[],D32,False,"['40 to 44', '45 to 49']",3.0
1340,2018-07-31 08:00:00,150,2018,WESTON RD,WRIGHT AVE,50 m South o,Minor Arterial,Etobicoke York,43.697928,-79.510379,620034.2161,4839400.426,At/Near Private Drive,No Control,Clear,"Dark, artificial",Dry,113,Weston,113,Weston (113),Non-Fatal Injury,0,0,0,1,0,0,0,0,1,1,0,0,0,SMV Unattended Vehicle,"['Motorcycle Driver', 'Other']",North,['Motorcycle'],"['Going Ahead', 'Parked']",['Exceeding Speed Limit'],['Inattentive'],[],[],[],[],[],[],D12,False,"['25 to 29', 'unknown']",3.0
1341,2018-08-01 08:00:00,2100,2018,JANE ST,GRANDRAVINE DR,,Major Arterial,Etobicoke York,43.747023,-79.515086,619557.2269,4844846.314,Intersection Related,Traffic Signal,Clear,"Dark, artificial",Dry,25,Glenfield-Jane Heights,25,Glenfield-Jane Heights (25),Non-Fatal Injury,1,0,1,0,0,0,0,0,0,0,0,0,0,Pedestrian Collisions,"['Driver', 'Pedestrian']",South,"['Automobile, Station Wagon']",['Going Ahead'],['Driving Properly'],['Normal'],['Vehicle is going straight thru inter.while ped cross without ROW'],['Crossing without right of way'],['Normal'],[],[],[],D31,False,"['15 to 19', '65 to 69']",3.0
1342,2018-08-02 08:00:00,1300,2018,BLOOR ST W,OSSINGTON AVE,50 m East of,Major Arterial,Toronto and East York,43.661994,-79.425082,626983.3242,4835536.4886,Non Intersection,No Control,Clear,Daylight,Dry,80,Palmerston-Little Italy,80,Palmerston-Little Italy (80),Non-Fatal Injury,0,1,1,0,0,0,0,0,0,1,0,0,0,Cyclist Collisions,"['Driver', 'Cyclist']",West,"['Pick Up Truck', 'Bicycle']","['Pulling Onto Shoulder or towardCurb', 'Going Ahead']",['Failed to Yield Right of Way'],['Normal'],[],[],[],['Cyclist and Driver travelling in same direction. One vehicle sideswipes the other.'],['Driving Properly'],['Normal'],D14,False,"['unknown', '45 to 49']",3.0
1343,2018-08-03 08:00:00,1653,2018,MORECAMBE GT,VICTORIA PARK AVE,,Major Arterial,Scarborough,43.79798,-79.333591,634056.4553,4850783.8273,At Intersection,Traffic Signal,Clear,Daylight,Dry,147,L'Amoreaux West,117,L'Amoreaux (117),Non-Fatal Injury,1,0,1,0,0,0,0,0,0,1,0,0,0,Pedestrian Collisions,"['Driver', 'Pedestrian']",West,"['Automobile, Station Wagon']",['Turning Left'],['Failed to Yield Right of Way'],['Normal'],['Vehicle turns left while ped crosses with ROW at inter.'],['Crossing with right of way'],['Had Been Drinking'],[],[],[],D42,False,"['50 to 54', '45 to 49']",3.0
1344,2018-08-03 08:00:00,2127,2018,SHEPPARD AVE E,SHAUGHNESSY BLVD,10 m North o,Major Arterial,North York,43.773657,-79.353282,632526.1113,4848050.6706,At Intersection,Traffic Signal,Clear,"Dark, artificial",Dry,53,Henry Farm,53,Henry Farm (53),Non-Fatal Injury,1,0,1,0,0,0,0,0,0,1,0,0,0,Pedestrian Collisions,"['Driver', 'Pedestrian']",North,"['Automobile, Station Wagon']",['Turning Right'],['Failed to Yield Right of Way'],['Normal'],['Vehicle turns right while ped crosses with ROW at inter.'],['Crossing with right of way'],['Normal'],[],[],[],D33,False,"['45 to 49', '35 to 39']",3.0
1345,2018-08-04 08:00:00,1425,2018,FINCHDENE SQ,FINCH AVE E,16 m North o,Minor Arterial,Scarborough,43.815356,-79.231464,642231.0386,4852884.217,At Intersection,Traffic Signal,Clear,Daylight,Dry,145,Malvern West,132,Malvern (132),Non-Fatal Injury,0,0,0,1,0,0,0,0,0,0,0,0,0,SMV Other,['Motorcycle Driver'],West,['Motorcycle'],['Turning Right'],['Lost control'],['Inattentive'],[],[],[],[],[],[],D42,False,['20 to 24'],3.0
1346,2018-08-04 08:00:00,2137,2018,123 CALEDONIA  RD,,50 m North o,Minor Arterial,Etobicoke York,43.678824,-79.456218,624438.0656,4837358.5006,At/Near Private Drive,No Control,Clear,"Dark, artificial",Dry,92,Corso Italia-Davenport,92,Corso Italia-Davenport (92),Non-Fatal Injury,1,0,1,0,0,0,0,1,0,0,0,0,0,Pedestrian Collisions,"['Driver', 'Pedestrian', 'Passenger']",East,['Delivery Van'],['Going Ahead'],['Driving Properly'],['Normal'],['Pedestrian hit at mid-block'],"['Crossing, no Traffic Control']",['Inattentive'],[],[],[],D13,False,"['55 to 59', '20 to 24']",3.0
1347,2018-08-06 08:00:00,914,2018,CLAREMORE AVE,CRAIGLEE DR,,Local,Scarborough,43.706175,-79.254787,640610.8586,4840718.1505,At Intersection,Stop Sign,Clear,Daylight,Dry,122,Birchcliffe-Cliffside,122,Birchcliffe-Cliffside (122),Fatal,1,0,1,0,0,0,0,0,0,0,0,0,0,Pedestrian Collisions,"['Driver', 'Wheelchair']",East,"['Automobile, Station Wagon']",['Going Ahead'],['Driving Properly'],['Normal'],['Vehicle is going straight thru inter.while ped cross without ROW'],['Crossing marked crosswalk without ROW'],['Medical or Physical Disability'],[],[],[],D41,True,"['65 to 69', '80 to 84']",4.0
1348,2018-08-06 08:00:00,1207,2018,QUEEN ST W,DUNN AVE,,Major Arterial,Toronto and East York,43.640952,-79.434474,626270.1418,4833185.1692,At Intersection,Traffic Signal,Clear,Daylight,Dry,85,South Parkdale,85,South Parkdale (85),Non-Fatal Injury,1,0,0,0,1,0,0,1,0,0,0,0,0,Pedestrian Collisions,"['Truck Driver', 'Passenger', 'Pedestrian']",South,"['Truck - Closed (Blazer, etc)']",['Going Ahead'],['Driving Properly'],['Normal'],['Vehicle is going straight thru inter.while ped cross without ROW'],['Crossing without right of way'],['Normal'],[],[],[],D14,False,"['50 to 54', '55 to 59', '65 to 69']",3.0
1349,2018-08-07 08:00:00,900,2018,DOVERCOURT RD,BLOOR ST W,,Major Arterial,Toronto and East York,43.661078,-79.429393,626637.6571,4835428.1656,At Intersection,Traffic Signal,Clear,Daylight,Dry,80,Palmerston-Little Italy,80,Palmerston-Little Italy (80),Non-Fatal Injury,0,0,1,1,0,0,0,0,0,0,0,0,0,Turning Movement,"['Driver', 'Motorcycle Driver']",North,"['Automobile, Station Wagon', 'Motorcycle']","['Turning Left', 'Going Ahead']","['Improper Turn', 'Driving Properly']",['Normal'],[],[],[],[],[],[],D14,False,"['50 to 54', '45 to 49']",3.0
1350,2018-08-08 08:00:00,244,2018,QUEEN ST W,BELLWOODS AVE,10 m West of,Major Arterial,Toronto and East York,43.645774,-79.410747,628173.6474,4833757.085,Intersection Related,No Control,Rain,"Dark, artificial",Wet,162,West Queen West,82,Niagara (82),Non-Fatal Injury,1,0,0,0,0,0,1,1,0,0,0,0,0,Pedestrian Collisions,"['Driver', 'Passenger', 'Pedestrian']",South,['Fire Vehicle'],['Going Ahead'],['Driving Properly'],['Normal'],['Vehicle hits the pedestrian walking or running out from between parked vehicles at mid-block'],['Coming From Behind Parked Vehicle'],['Other'],[],[],[],D14,False,"['45 to 49', '50 to 54', '30 to 34']",3.0
1351,2018-08-09 08:00:00,50,2018,HIGHWAY 2A  W,HIGHLAND CREEK OVERPASS,600 m East,Expressway,Scarborough,43.784983,-79.164645,647679.7108,4849627.8471,Non Intersection,No Control,Clear,Dark,Dry,133,Centennial Scarborough,133,Centennial Scarborough (133),Fatal,1,0,1,0,0,0,0,0,0,0,0,0,0,Pedestrian Collisions,"['Driver', 'Pedestrian']",West,"['Automobile, Station Wagon']",['Going Ahead'],['Driving Properly'],['Normal'],['Pedestrian hit at mid-block'],['Walking on Roadway Against Traffic'],['Medical or Physical Disability'],[],[],[],D43,True,"['55 to 59', '20 to 24', '25 to 29']",4.0
1352,2018-08-09 08:00:00,1415,2018,REXDALE BLVD,BERGAMOT AVE,,Major Arterial,Etobicoke York,43.713248,-79.559642,616034.9941,4841031.7845,At Intersection,Traffic Signal,Clear,Daylight,Dry,1,West Humber-Clairville,1,West Humber-Clairville (1),Non-Fatal Injury,0,0,1,0,0,0,0,0,0,1,0,0,0,Turning Movement,['Driver'],East,"['Automobile, Station Wagon']","['Turning Left', 'Going Ahead']","['Failed to Yield Right of Way', 'Driving Properly']","['Inattentive', 'Normal']",[],[],[],[],[],[],D23,False,"['30 to 34', '70 to 74']",3.0
1353,2018-08-10 08:00:00,1038,2018,KINGSTON RD,SOUTHWOOD DR,,Major Arterial,Toronto and East York,43.678813,-79.297984,637192.8375,4837606.8494,At Intersection,Traffic Signal,Clear,Daylight,Dry,63,The Beaches,63,The Beaches (63),Non-Fatal Injury,1,0,1,0,0,0,0,0,0,1,0,0,0,Pedestrian Collisions,"['Driver', 'Pedestrian']",West,"['Automobile, Station Wagon']",['Turning Left'],['Failed to Yield Right of Way'],['Inattentive'],['Vehicle turns left while ped crosses with ROW at inter.'],['Crossing with right of way'],['Normal'],[],[],[],D55,False,['20 to 24'],3.0
1354,2018-08-10 08:00:00,2055,2018,BELLAMY RD N,BRIMORTON DR,,Minor Arterial,Scarborough,43.767378,-79.239131,641727.7966,4847542.3397,At Intersection,Traffic Signal,Clear,Daylight,Dry,142,Woburn North,137,Woburn (137),Fatal,0,0,1,1,0,0,0,0,0,1,1,0,0,Angle,"['Motorcycle Driver', 'Driver']",North,"['Motorcycle', 'Automobile, Station Wagon']",['Going Ahead'],"['Driving Properly', 'Disobeyed Traffic Control']",['Unknown'],[],[],[],[],[],[],D43,True,"['70 to 74', '30 to 34']",4.0
1355,2018-08-11 08:00:00,1420,2018,EGLINTON AVE W,SCARLETT RD,,Major Arterial,Etobicoke York,43.68389,-79.511417,619978.56,4837839.8142,At Intersection,Traffic Signal,Clear,Daylight,Dry,9,Edenbridge-Humber Valley,9,Edenbridge-Humber Valley (9),Non-Fatal Injury,1,0,1,0,0,0,0,1,0,1,0,0,0,Pedestrian Collisions,"['Driver', 'Passenger', 'Pedestrian']",North,"['Automobile, Station Wagon']","['Stopped', 'Turning Left', 'Going Ahead']","['Driving Properly', 'Failed to Yield Right of Way']",['Normal'],['Pedestrian hit on sidewalk or shoulder'],['On Sidewalk or Shoulder'],['Normal'],[],[],[],D22,False,"['45 to 49', '25 to 29', '0 to 4', '30 to 34']",3.0
1356,2018-08-12 08:00:00,26,2018,DUFFERIN ST,GIBSON ST,60 m South o,Major Arterial,Toronto and East York,43.689715,-79.447826,625091.879,4838580.7184,Non Intersection,No Control,Clear,"Dark, artificial",Dry,109,Caledonia-Fairbank,109,Caledonia-Fairbank (109),Non-Fatal Injury,0,0,1,1,0,0,0,1,1,1,0,0,0,Approaching,"['Motorcycle Driver', 'Driver', 'Motorcycle Passenger']",North,"['Motorcycle', 'Automobile, Station Wagon']","['Overtaking', 'Going Ahead']","['Improper Passing', 'Driving Properly']","['Unknown', 'Normal']",[],[],[],[],[],[],D13,False,"['30 to 34', '25 to 29']",3.0
1357,2018-08-12 08:00:00,1430,2018,CHUDLEIGH RD,HARVIE AVE,,Local,Etobicoke York,43.688647,-79.454875,624525.9951,4838451.4934,At Intersection,Stop Sign,Clear,Daylight,Dry,109,Caledonia-Fairbank,109,Caledonia-Fairbank (109),Non-Fatal Injury,0,1,1,0,0,0,0,0,0,0,0,0,0,Cyclist Collisions,"['Cyclist', 'Driver']",North,"['Bicycle', 'Automobile, Station Wagon']","['Going Ahead', 'Turning Left']",['Driving Properly'],['Normal'],[],[],[],['Motorist turned left across cyclists path.'],['Disobeyed Traffic Control'],['Normal'],D13,False,"['30 to 34', '25 to 29']",3.0
1358,2018-08-13 08:00:00,1039,2018,PETHERHILL  AVE,WILSON AVE,85 m South o,Local,North York,43.723311,-79.490886,621553.6602,4842247.966,Non Intersection,No Control,Clear,Daylight,Dry,154,Oakdale-Beverley Heights,26,Downsview-Roding-CFB (26),Non-Fatal Injury,0,0,1,0,0,0,0,1,0,1,0,0,0,SMV Unattended Vehicle,"['Driver', 'Passenger', 'Other']",South,"['Automobile, Station Wagon']","['Going Ahead', 'Parked']",['Lost control'],['Inattentive'],[],[],[],[],[],[],D31,False,"['50 to 54', 'unknown']",3.0
1359,2018-08-13 08:00:00,2301,2018,NINTH ST,TENTH ST,,Local,Etobicoke York,43.601058,-79.507938,620424.3441,4828645.3115,Intersection Related,No Control,Clear,Dark,Dry,18,New Toronto,18,New Toronto (18),Non-Fatal Injury,1,0,1,0,0,0,0,0,0,0,0,0,0,Pedestrian Collisions,"['Pedestrian', 'Driver']",South,"['Automobile, Station Wagon']",['Going Ahead'],['Other'],['Unknown'],['Other / Undefined'],['Other'],['Normal'],[],[],[],D22,False,"['45 to 49', '40 to 44']",3.0
1360,2018-08-14 08:00:00,1443,2018,KNOB HILL DR,OAK ST,120 m North ,Collector,Etobicoke York,43.709212,-79.532375,618239.5715,4840622.061,Non Intersection,No Control,Clear,Daylight,Dry,23,Pelmo Park-Humberlea,23,Pelmo Park-Humberlea (23),Non-Fatal Injury,0,0,1,0,0,0,0,0,1,1,0,0,0,Turning Movement,['Driver'],East,"['Automobile, Station Wagon']","['Turning Left', 'Going Ahead']","['Failed to Yield Right of Way', 'Exceeding Speed Limit']",['Inattentive'],[],[],[],[],[],[],D12,False,"['30 to 34', '40 to 44']",3.0
1361,2018-08-15 08:00:00,1914,2018,DUFFERIN ST,DUFFERIN PARK AVE,100 m South ,Major Arterial,Toronto and East York,43.656199,-79.433948,626280.6125,4834879.3463,Non Intersection,No Control,Clear,Daylight,Dry,83,Dufferin Grove,83,Dufferin Grove (83),Non-Fatal Injury,0,0,1,0,0,0,0,0,0,0,0,0,1,SMV Other,['Driver'],North,"['Automobile, Station Wagon']",['Going Ahead'],['Lost control'],['Medical or Physical Disability'],[],[],[],[],[],[],D14,False,['70 to 74'],3.0
1362,2018-08-16 08:00:00,1555,2018,LESLIE ST,EGLINTON AVE E,,Major Arterial,North York,43.718589,-79.350383,632881.2163,4841939.1923,Intersection Related,Stop Sign,Clear,Daylight,Dry,42,Banbury-Don Mills,42,Banbury-Don Mills (42),Fatal,0,0,1,0,1,0,0,0,0,0,0,0,0,Turning Movement,"['Driver', 'Truck Driver']",East,"['Passenger Van', 'Truck - Closed (Blazer, etc)']","['Turning Left', 'Going Ahead']","['Improper Turn', 'Driving Properly']","['Inattentive', 'Normal']",[],[],[],[],[],[],D33,True,"['85 to 89', '25 to 29', 'unknown']",4.0
1363,2018-08-17 08:00:00,1410,2018,QUEEN ST W,SIMCOE ST,12 m East of,Major Arterial,Toronto and East York,43.650599,-79.387477,630039.9857,4834329.1662,Intersection Related,No Control,Clear,Daylight,Wet,164,Wellington Place,77,Waterfront Communities-The Island (77),Non-Fatal Injury,0,0,0,1,0,0,0,0,0,0,0,0,0,SMV Other,['Motorcycle Driver'],West,['Motorcycle'],['Going Ahead'],['Other'],['Normal'],[],[],[],[],[],[],D52,False,['50 to 54'],3.0
1364,2018-08-18 08:00:00,223,2018,315 UNWIN AVE,,365 m East o,Local,Toronto and East York,43.642554,-79.340259,633865.7367,4833510.7405,Non Intersection,No Control,Clear,"Dark, artificial",Wet,70,South Riverdale,70,South Riverdale (70),Non-Fatal Injury,1,0,1,0,0,0,0,1,0,0,0,0,0,Pedestrian Collisions,"['Driver', 'Passenger', 'Pedestrian']",East,"['Automobile, Station Wagon']",['Going Ahead'],['Driving Properly'],['Normal'],['Pedestrian hit at mid-block'],['Walking on Roadway Against Traffic'],['Medical or Physical Disability'],[],[],[],D51,False,"['25 to 29', '20 to 24']",3.0
1365,2018-08-19 08:00:00,459,2018,DANFORTH AVE,ROSEHEATH AVE,,Major Arterial,Toronto and East York,43.684451,-79.318187,635551.636,4838199.8068,At Intersection,No Control,Clear,"Dark, artificial",Dry,64,Woodbine Corridor,64,Woodbine Corridor (64),Non-Fatal Injury,0,0,1,0,0,0,0,1,0,0,0,0,0,Turning Movement,"['Driver', 'Passenger']",East,"['Automobile, Station Wagon']","['Making U Turn', 'Going Ahead']","['Other', 'Driving Properly']",['Normal'],[],[],[],[],[],[],D55,False,"['30 to 34', '35 to 39', '25 to 29', '20 to 24']",3.0
1366,2018-08-19 08:00:00,1543,2018,DUNDAS ST W,AUGUSTA AVE,,Major Arterial,Toronto and East York,43.652201,-79.401103,628937.6937,4834485.8268,Intersection Related,No Control,Clear,Daylight,Dry,78,Kensington-Chinatown,78,Kensington-Chinatown (78),Non-Fatal Injury,0,1,1,0,0,0,0,1,0,0,0,0,0,Cyclist Collisions,"['Driver', 'Cyclist', 'Passenger', 'Cyclist Passenger']",East,"['Automobile, Station Wagon', 'Bicycle']","['Changing Lanes', 'Going Ahead']",['Improper Lane Change'],['Normal'],[],[],[],['Cyclist and Driver travelling in same direction. One vehicle sideswipes the other.'],['Driving Properly'],['Normal'],D14,False,"['20 to 24', '65 to 69', '60 to 64']",3.0
1367,2018-08-20 08:00:00,1616,2018,THE WESTWAY,WINCOTT DR,,Minor Arterial,Etobicoke York,43.687316,-79.549732,616883.7249,4838165.603,At Intersection,Traffic Signal,Clear,Daylight,Dry,7,Willowridge-Martingrove-Richview,7,Willowridge-Martingrove-Richview (7),Non-Fatal Injury,0,0,1,0,0,1,0,1,1,1,1,0,0,Angle,"['Passenger', 'Driver']",East,"['Automobile, Station Wagon', 'Municipal Transit Bus (TTC)']","['Going Ahead', 'Stopped']","['Disobeyed Traffic Control', 'Driving Properly']","['Unknown', 'Normal']",[],[],[],[],[],[],D23,False,"['45 to 49', '25 to 29', '55 to 59']",3.0
1368,2018-08-20 08:00:00,1918,2018,O CONNOR DR,WOODMOUNT AVE,,Major Arterial,Toronto and East York,43.699412,-79.321353,635262.8198,4839856.2656,Intersection Related,No Control,Clear,Daylight,Dry,58,Old East York,58,Old East York (58),Non-Fatal Injury,1,0,0,0,0,1,0,0,0,0,0,0,0,Pedestrian Collisions,"['Driver', 'Pedestrian']",East,['Municipal Transit Bus (TTC)'],['Going Ahead'],['Driving Properly'],['Normal'],['Pedestrian hit on sidewalk or shoulder'],['Other'],['Normal'],[],[],[],D55,False,"['55 to 59', '85 to 89']",3.0
1369,2018-08-21 08:00:00,630,2018,KEELE STREET,STEELES AVENUE WEST,,Major Arterial,North York,43.781569,-79.494472,621147.2159,4848713.1188,At Intersection,Traffic Signal,Clear,"Dawn, artificial",Dry,27,York University Heights,27,York University Heights (27),Non-Fatal Injury,1,0,1,0,0,0,0,0,0,1,0,0,0,Pedestrian Collisions,"['Driver', 'Pedestrian']",North,"['Automobile, Station Wagon']",['Turning Left'],['Failed to Yield Right of Way'],['Unknown'],[],[],['Normal'],[],[],[],NSA,False,"['unknown', '35 to 39']",3.0
1370,2018-08-21 08:00:00,2300,2018,BLOOR ST W,MADISON AVE,,Major Arterial,Toronto and East York,43.666831,-79.402667,628780.2877,4836108.2528,At Intersection,No Control,Clear,"Dark, artificial",Dry,79,University,79,University (79),Non-Fatal Injury,0,0,1,0,0,0,0,1,0,0,0,0,0,Turning Movement,"['Driver', 'Passenger']",East,"['Automobile, Station Wagon']","['Making U Turn', 'Going Ahead']","['Improper Turn', 'Driving Properly']","['Inattentive', 'Normal']",[],[],[],[],[],[],D52,False,"['30 to 34', '25 to 29']",3.0
1371,2018-08-21 08:00:00,2311,2018,109 DOWNSVIEW  AVE,,,Local,North York,43.72,-79.500263,620805.025,4841866.5224,Non Intersection,No Control,Rain,"Dark, artificial",Wet,154,Oakdale-Beverley Heights,26,Downsview-Roding-CFB (26),Non-Fatal Injury,0,0,1,0,0,0,0,0,1,1,0,0,0,SMV Other,['Driver'],West,"['Automobile, Station Wagon']",['Going Ahead'],['Lost control'],['Inattentive'],[],[],[],[],[],[],D31,False,['15 to 19'],3.0
1372,2018-08-23 08:00:00,909,2018,WARWICK AVE,CHILTERN HILL RD,25 m East of,Local,Toronto and East York,43.695166,-79.425861,626850.5931,4839219.4953,Non Intersection,No Control,Clear,Daylight,Dry,106,Humewood-Cedarvale,106,Humewood-Cedarvale (106),Non-Fatal Injury,0,0,1,1,0,0,0,0,0,1,0,0,0,Rear End,"['Driver', 'Motorcycle Driver']",East,"['Automobile, Station Wagon', 'Motorcycle']","['Pulling Away from Shoulder or Curb', 'Going Ahead']","['Failed to Yield Right of Way', 'Driving Properly']","['Unknown', 'Normal']",[],[],[],[],[],[],D13,False,"['unknown', '40 to 44']",3.0
1373,2018-08-23 08:00:00,1455,2018,FIRGROVE CRES,JANE ST,13 m East of,Major Arterial,North York,43.754775,-79.517047,619383.9232,4845704.4585,At Intersection,Traffic Signal,Clear,Daylight,Dry,25,Glenfield-Jane Heights,25,Glenfield-Jane Heights (25),Non-Fatal Injury,1,0,1,0,0,0,0,0,0,1,0,0,0,Pedestrian Collisions,"['Driver', 'Pedestrian']",East,"['Automobile, Station Wagon']",['Turning Left'],['Failed to Yield Right of Way'],['Unknown'],['Vehicle turns left while ped crosses with ROW at inter.'],['Crossing with right of way'],['Normal'],[],[],[],D31,False,"['70 to 74', '30 to 34']",3.0
1374,2018-08-23 08:00:00,2235,2018,ISLINGTON AVE,EVANS AVE,31 m West of,Major Arterial,Etobicoke York,43.618323,-79.511287,620119.6719,4830557.9478,At Intersection,Traffic Signal,Clear,"Dark, artificial",Dry,160,Mimico-Queensway,17,Mimico (includes Humber Bay Shores) (17),Non-Fatal Injury,0,0,1,0,0,0,0,1,0,0,0,0,0,Turning Movement,"['Driver', 'Passenger']",North,"['Automobile, Station Wagon']","['Making U Turn', 'Turning Left']","['Improper Turn', 'Driving Properly']","['Inattentive', 'Normal']",[],[],[],[],[],[],D22,False,"['55 to 59', '35 to 39', '85 to 89', '50 to 54', '30 to 34']",3.0
1375,2018-08-24 08:00:00,1520,2018,4331 KINGSTON RD,,5 m South of,Major Arterial,Scarborough,43.764628,-79.192264,645506.7154,4847318.1968,Non Intersection,No Control,Clear,Daylight,Dry,136,West Hill,136,West Hill (136),Non-Fatal Injury,1,0,1,0,0,0,0,0,0,0,0,0,0,Pedestrian Collisions,"['Driver', 'Pedestrian']",South,"['Automobile, Station Wagon']",['Going Ahead'],['Driving Properly'],['Normal'],['Pedestrian hit at mid-block'],['Running onto Roadway'],['Other'],[],[],[],D43,False,"['55 to 59', '20 to 24']",3.0
1376,2018-08-25 08:00:00,1100,2018,DIXON RD,MARTIN GROVE RD,,Major Arterial,Etobicoke York,43.691519,-79.570796,615178.0237,4838602.9307,At Intersection,Traffic Signal,Clear,Daylight,Dry,1,West Humber-Clairville,1,West Humber-Clairville (1),Non-Fatal Injury,0,0,1,0,0,0,0,0,0,1,0,0,0,Turning Movement,['Driver'],East,"['Automobile, Station Wagon']","['Turning Left', 'Going Ahead']","['Failed to Yield Right of Way', 'Driving Properly']","['Inattentive', 'Normal']",[],[],[],[],[],[],D23,False,"['35 to 39', '40 to 44']",3.0
1377,2018-08-25 08:00:00,1112,2018,5825 YONGE ST,,,Major Arterial,North York,43.785807,-79.417026,627370.2128,4849300.0601,At/Near Private Drive,No Control,Clear,Daylight,Dry,50,Newtonbrook East,50,Newtonbrook East (50),Non-Fatal Injury,0,0,1,0,0,1,0,1,0,0,0,0,0,Other,"['Driver - Not Hit', 'Driver', 'Passenger']",North,"['Automobile, Station Wagon', 'Municipal Transit Bus (TTC)']",['Going Ahead'],['Driving Properly'],['Normal'],[],[],[],[],[],[],D32,False,"['unknown', '25 to 29', '30 to 34', '0 to 4', '50 to 54', '60 to 64', '65 to 69', '45 to 49', '35 to 39']",3.0
1378,2018-08-25 08:00:00,2300,2018,CHURCH ST,CROSS ST,,Collector,Etobicoke York,43.703757,-79.523952,618928.9647,4840028.2564,At Intersection,No Control,Clear,"Dark, artificial",Dry,113,Weston,113,Weston (113),Non-Fatal Injury,0,1,1,0,0,0,0,0,0,0,0,0,0,Cyclist Collisions,"['Driver', 'Cyclist']",East,"['Passenger Van', 'Bicycle']","['Turning Left', 'Going Ahead']",['Improper Turn'],['Inattentive'],[],[],[],['Motorist turned left across cyclists path.'],['Driving Properly'],['Normal'],D12,False,"['45 to 49', '40 to 44']",3.0
1379,2018-08-28 08:00:00,2341,2018,KEELE ST,GLENLAKE AVE,81 m North o,Major Arterial,Scarborough,43.658988,-79.461795,624029.3706,4835147.0981,Non Intersection,No Control,Clear,"Dark, artificial",Dry,88,High Park North,88,High Park North (88),Non-Fatal Injury,1,0,1,0,0,0,0,0,0,0,0,0,0,Pedestrian Collisions,"['Driver', 'Pedestrian']",South,"['Automobile, Station Wagon']",['Going Ahead'],['Driving Properly'],['Normal'],['Pedestrian hit at mid-block'],['Walking on Roadway with Traffic'],['Medical or Physical Disability'],[],[],[],D11,False,"['30 to 34', '70 to 74']",3.0
1380,2018-08-29 08:00:00,115,2018,PHARMACY AVE,DORINE CRES,37 m North o,Minor Arterial,Scarborough,43.713065,-79.292262,637575.7173,4841420.5004,Non Intersection,No Control,Clear,"Dark, artificial",Dry,120,Clairlea-Birchmount,120,Clairlea-Birchmount (120),Non-Fatal Injury,0,0,1,0,0,0,0,1,1,1,0,0,0,SMV Other,"['Driver', 'Passenger']",South,"['Automobile, Station Wagon']",['Going Ahead'],['Lost control'],['Unknown'],[],[],[],[],[],[],D41,False,['20 to 24'],3.0