accident_number,date,time,year,street1,street2,offset,road_class,district,latitude,longitude,x,y,accident_location,traffctl,visibility,light,road_surface_condition,hood_158,neighbourhood_new,hood_140,neighbourhood_old,accident_class,pedestrian,cyclist,automobile,motorcycle,truck,trsn_city_veh,emerg_veh,passenger,speeding,aggressive_driving,redlight,alcohol,disability,impact_type,involvement_type,initial_direction,vehicle_type,manoeuver,driver_action,driver_condition,pedestrian_type,pedestrian_action,pedestrian_condition,cyclist_type,cyclist_action,cyclist_condition,division,injury,involvement_age,injury_severity_score
1381,2018-08-29 08:00:00,1725,2018,ISLINGTON AVE,AYLESBURY RD,,Major Arterial,Etobicoke York,43.666323,-79.532916,618280.2511,4835857.8907,At Intersection,No Control,Clear,Daylight,Dry,9,Edenbridge-Humber Valley,9,Edenbridge-Humber Valley (9),Non-Fatal Injury,1,0,0,1,0,0,0,0,0,0,0,0,0,Pedestrian Collisions,"['Motorcycle Driver', 'Pedestrian']",South,['Motorcycle'],['Going Ahead'],['Driving Properly'],['Unknown'],['Vehicle is going straight thru inter.while ped cross without ROW'],"['Crossing, no Traffic Control']",['Normal'],[],[],[],D22,False,"['unknown', '80 to 84']",3.0
1382,2018-08-31 08:00:00,852,2018,330 KINGSTON RD,,,Major Arterial,Scarborough,43.674697,-79.306918,636482.0258,4837134.9714,Non Intersection,No Control,Clear,Daylight,Dry,63,The Beaches,63,The Beaches (63),Non-Fatal Injury,0,0,1,0,0,0,0,0,0,0,0,0,1,Rear End,['Driver'],West,"['Delivery Van', 'Automobile, Station Wagon']",['Going Ahead'],"['Other', 'Driving Properly']","['Medical or Physical Disability', 'Normal']",[],[],[],[],[],[],D55,False,"['70 to 74', '45 to 49']",3.0
1383,2018-08-31 08:00:00,911,2018,EGLINTON AVE W,ROYAL YORK RD,,Major Arterial,Etobicoke York,43.682265,-79.526561,618761.1626,4837637.5399,At Intersection,Traffic Signal,Clear,Daylight,Dry,9,Edenbridge-Humber Valley,9,Edenbridge-Humber Valley (9),Non-Fatal Injury,0,0,1,1,0,0,0,0,0,1,0,0,0,Turning Movement,"['Driver', 'Motorcycle Driver']",East,"['Automobile, Station Wagon', 'Motorcycle']","['Turning Left', 'Going Ahead']","['Failed to Yield Right of Way', 'Driving Properly']","['Inattentive', 'Normal']",[],[],[],[],[],[],D22,False,"['85 to 89', '20 to 24']",3.0
1384,2018-09-01 08:00:00,319,2018,KEELE ST,DOVEHOUSE AVE,59 m North o,Major Arterial,Etobicoke York,43.750163,-79.487712,621754.8839,4845234.9277,Non Intersection,No Control,Clear,"Dark, artificial",Dry,27,York University Heights,27,York University Heights (27),Non-Fatal Injury,0,0,1,0,0,0,0,1,0,1,0,1,0,Approaching,"['Driver', 'Passenger']",South,['Pick Up Truck'],['Going Ahead'],['Lost control'],"['Ability Impaired, Alcohol Over .08']",[],[],[],[],[],[],D31,False,"['20 to 24', '25 to 29']",3.0
1385,2018-09-02 08:00:00,1346,2018,DUPONT ST,LANSDOWNE AVE,,Major Arterial,Toronto and East York,43.666651,-79.446422,625253.0097,4836021.2699,At Intersection,Traffic Signal,Clear,Daylight,Dry,171,Junction-Wallace Emerson,93,Dovercourt-Wallace Emerson-Junction (93),Non-Fatal Injury,0,0,1,0,0,0,0,0,1,1,0,0,0,Turning Movement,['Driver'],North,"['Pick Up Truck', 'Automobile, Station Wagon']","['Turning Left', 'Going Ahead']","['Failed to Yield Right of Way', 'Exceeding Speed Limit']",['Normal'],[],[],[],[],[],[],D11,False,"['55 to 59', '30 to 34']",3.0
1386,2018-09-02 08:00:00,1712,2018,MARKHAM RD,STEELES AVE E,8 m South of,Major Arterial,Scarborough,43.836528,-79.251148,640598.2559,4855202.066,Intersection Related,No Control,Clear,"Daylight, artificial",Wet,144,Morningside Heights,131,Rouge (131),Non-Fatal Injury,0,0,1,0,0,0,0,0,0,0,0,0,0,Rear End,['Driver'],South,"['Automobile, Station Wagon']","['Going Ahead', 'Stopped']","['Lost control', 'Driving Properly']","['Inattentive', 'Normal']",[],[],[],[],[],[],D42,False,"['40 to 44', '25 to 29']",3.0
1387,2018-09-03 08:00:00,1522,2018,AVENUE RD,CHAPLIN CRES,,Major Arterial,Scarborough,43.698706,-79.406116,628434.1839,4839643.0579,At Intersection,Traffic Signal,Clear,Daylight,Dry,100,Yonge-Eglinton,100,Yonge-Eglinton (100),Non-Fatal Injury,0,0,1,0,0,0,0,1,0,1,1,0,0,Angle,"['Driver', 'Passenger']",South,"['Automobile, Station Wagon']",['Going Ahead'],"['Disobeyed Traffic Control', 'Driving Properly']",['Normal'],[],[],[],[],[],[],D53,False,"['30 to 34', '60 to 64']",3.0
1388,2018-09-03 08:00:00,1902,2018,SHEPPARD AVE E,WATER TOWER GT,300 m East o,Major Arterial,Scarborough,43.803816,-79.191318,645487.759,4851672.3141,Non Intersection,No Control,Clear,Daylight,Dry,144,Morningside Heights,131,Rouge (131),Non-Fatal Injury,0,0,0,1,0,0,0,0,0,0,0,0,0,SMV Other,['Motorcycle Driver'],West,['Motorcycle'],['Going Ahead'],['Driving Properly'],['Normal'],[],[],[],[],[],[],D42,False,['45 to 49'],3.0
1389,2018-09-05 08:00:00,1405,2018,TWENTY SIXTH ST,LABURNHAM AVE,17 meters so,Local,Etobicoke York,43.599353,-79.525653,618997.9148,4828430.4202,Non Intersection,No Control,Clear,Daylight,Dry,19,Long Branch,19,Long Branch (19),Fatal,1,0,0,0,1,0,0,0,0,0,0,0,0,Pedestrian Collisions,['Pedestrian'],Unknown,"['Truck - Closed (Blazer, etc)']",[],[],[],['Pedestrian hit at mid-block'],['Pushing/Working on Vehicle'],['Unknown'],[],[],[],D22,True,"['unknown', '50 to 54']",4.0
1390,2018-09-05 08:00:00,1500,2018,OLD WESTON RD,JUNCTION RD,,Collector,Etobicoke York,43.66873,-79.461681,624018.5013,4836229.2457,Intersection Related,No Control,Clear,Daylight,Dry,90,Junction Area,90,Junction Area (90),Non-Fatal Injury,1,0,1,0,0,0,0,0,0,1,0,0,0,Pedestrian Collisions,"['Driver', 'Pedestrian']",South,['Pick Up Truck'],['Turning Right'],['Failed to Yield Right of Way'],['Normal'],['Vehicle turns right while ped crosses with ROW at inter.'],['Other'],['Normal'],[],[],[],D11,False,"['40 to 44', '80 to 84']",3.0
1391,2018-09-05 08:00:00,2218,2018,2592 FINCH AVE W,,100 m East o,Major Arterial,Etobicoke York,43.747855,-79.56158,615812.1508,4844872.6698,Non Intersection,No Control,Clear,"Dark, artificial",Dry,22,Humbermede,22,Humbermede (22),Non-Fatal Injury,0,0,1,0,0,0,0,1,0,1,0,0,0,Angle,"['Driver', 'Passenger']",South,"['Passenger Van', 'Pick Up Truck']",['Going Ahead'],"['Failed to Yield Right of Way', 'Driving Properly']",['Normal'],[],[],[],[],[],[],D31,False,"['40 to 44', '25 to 29', '20 to 24']",3.0
1392,2018-09-06 08:00:00,1027,2018,POST RD,BAYVIEW AVE,60 m East of,Collector,North York,43.736422,-79.381061,630371.2992,4843871.0769,At/Near Private Drive,No Control,Clear,Daylight,Dry,41,Bridle Path-Sunnybrook-York Mills,41,Bridle Path-Sunnybrook-York Mills (41),Non-Fatal Injury,0,0,1,1,0,0,0,0,0,0,0,0,0,Rear End,"['Driver', 'Motorcycle Driver']",West,"['Automobile, Station Wagon', 'Motorcycle']",['Going Ahead'],"['Improper Turn', 'Driving Properly']",['Normal'],[],[],[],[],[],[],D33,False,"['65 to 69', '40 to 44']",3.0
1393,2018-09-06 08:00:00,1225,2018,DUPONT ST,DUFFERIN ST,100 m West o,Major Arterial,Toronto and East York,43.668357,-79.440257,625746.4884,4836220.0702,Non Intersection,No Control,Clear,Daylight,Dry,171,Junction-Wallace Emerson,93,Dovercourt-Wallace Emerson-Junction (93),Non-Fatal Injury,0,0,1,1,0,0,0,0,0,1,0,0,0,Turning Movement,"['Driver', 'Motorcycle Driver']",East,"['Automobile, Station Wagon', 'Motorcycle']","['Turning Left', 'Going Ahead']","['Failed to Yield Right of Way', 'Driving Properly']",['Normal'],[],[],[],[],[],[],D11,False,"['20 to 24', '30 to 34']",3.0
1394,2018-09-06 08:00:00,1310,2018,ANTHONY RD,NAJIB ABBOUD LANE,,Local,North York,43.730696,-79.459316,624081.282,4843114.9639,Non Intersection,No Control,Clear,Daylight,Dry,155,Downsview,26,Downsview-Roding-CFB (26),Non-Fatal Injury,0,1,1,0,0,0,0,1,0,0,0,0,0,Cyclist Collisions,"['Cyclist', 'Driver', 'Passenger']",East,"['Bicycle', 'Automobile, Station Wagon']",['Going Ahead'],['Driving Properly'],['Normal'],[],[],[],"['Cyclist without ROW rides into path of motorist at inter, lnwy, dwy-Cyclist not turn.']",['Failed to Yield Right of Way'],['Inattentive'],D32,False,"['30 to 34', '45 to 49']",3.0
1395,2018-09-07 08:00:00,729,2018,DON MILLS RD,SHEPPARD AVE E,,Major Arterial,North York,43.775035,-79.347003,633028.3881,4848213.7883,At Intersection,Traffic Signal,Clear,Daylight,Dry,53,Henry Farm,53,Henry Farm (53),Non-Fatal Injury,1,0,1,0,0,0,0,0,0,0,0,0,0,Pedestrian Collisions,"['Driver', 'Pedestrian']",East,"['Automobile, Station Wagon']",['Going Ahead'],"['Lost control', 'Driving Properly']","['Unknown', 'Normal']",['Pedestrian hit on sidewalk or shoulder'],['On Sidewalk or Shoulder'],['Normal'],[],[],[],D33,False,"['55 to 59', '40 to 44', '35 to 39']",3.0
1396,2018-09-08 08:00:00,2317,2018,QUEEN ST E,GRANT ST,30 m East of,Minor Arterial,Toronto and East York,43.659117,-79.34846,633167.67,4835337.0854,At Intersection,No Control,Clear,"Dark, artificial",Dry,70,South Riverdale,70,South Riverdale (70),Non-Fatal Injury,1,0,0,0,0,1,0,0,0,0,0,0,0,Pedestrian Collisions,"['Driver', 'Pedestrian']",North,['Street Car'],['Going Ahead'],['Driving Properly'],['Normal'],['Pedestrian involved in a collision with transit vehicle anywhere along roadway'],"['Crossing, no Traffic Control']",['Inattentive'],[],[],[],D55,False,"['30 to 34', '40 to 44']",3.0
1397,2018-09-09 08:00:00,105,2018,1035 SHEPPARD AVE W,,20 m West of,Major Arterial,North York,43.750262,-79.462726,623766.3289,4845282.9521,Intersection Related,No Control,Clear,"Dark, artificial",Dry,155,Downsview,26,Downsview-Roding-CFB (26),Non-Fatal Injury,1,0,1,0,0,0,0,0,0,0,0,0,0,Pedestrian Collisions,"['Driver', 'Pedestrian']",East,"['Automobile, Station Wagon']",['Going Ahead'],['Other'],['Unknown'],['Pedestrian hit at mid-block'],"['Crossing, no Traffic Control']",['Other'],[],[],[],D32,False,"['unknown', '80 to 84']",3.0
1398,2018-09-09 08:00:00,1823,2018,MARKHAM RD,MCNICOLL AVE,75 m North o,Major Arterial,Scarborough,43.825041,-79.248309,640853.5196,4853931.0737,Non Intersection,No Control,Clear,Daylight,Dry,130,Milliken,130,Milliken (130),Non-Fatal Injury,1,0,1,0,0,0,0,0,0,0,0,0,0,Pedestrian Collisions,"['Driver', 'Pedestrian']",North,"['Pick Up Truck', 'Automobile, Station Wagon']",['Going Ahead'],['Driving Properly'],['Normal'],['Pedestrian hit at mid-block'],"['Crossing, no Traffic Control']",['Normal'],[],[],[],D42,False,"['40 to 44', '30 to 34', '70 to 74']",3.0
1399,2018-09-10 08:00:00,1455,2018,THE QUEENSWAY,LOMA RD,,Major Arterial,Etobicoke York,43.624903,-79.508815,620306.0072,4831292.3164,At Intersection,Stop Sign,Rain,Daylight,Wet,16,Stonegate-Queensway,16,Stonegate-Queensway (16),Non-Fatal Injury,1,0,1,0,0,0,0,0,0,1,0,0,0,Pedestrian Collisions,"['Driver', 'Pedestrian']",North,"['Automobile, Station Wagon']",['Turning Left'],['Failed to Yield Right of Way'],['Inattentive'],['Vehicle turns left while ped crosses without ROW at inter.'],['Crossing without right of way'],['Inattentive'],[],[],[],D22,False,"['40 to 44', '80 to 84']",3.0
1400,2018-09-10 08:00:00,1957,2018,MIDDLEFIELD RD,MCNICOLL AVE,1 m North of,Minor Arterial,Scarborough,43.820048,-79.262058,639759.601,4853353.198,At Intersection,Traffic Signal,Rain,"Dusk, artificial",Wet,130,Milliken,130,Milliken (130),Non-Fatal Injury,0,1,1,0,0,0,0,0,0,0,0,0,0,Cyclist Collisions,"['Cyclist', 'Driver']",South,"['Bicycle', 'Automobile, Station Wagon']",['Going Ahead'],['Driving Properly'],['Normal'],[],[],[],"['Cyclist without ROW rides into path of motorist at inter, lnwy, dwy-Cyclist not turn.']",['Disobeyed Traffic Control'],['Unknown'],D42,False,"['55 to 59', '25 to 29']",3.0
1401,2018-09-11 08:00:00,1339,2018,RONCESVALLES AVE,MARION ST,7 m North of,Minor Arterial,Toronto and East York,43.64107,-79.446986,625260.7104,4833179.3157,Intersection Related,No Control,Clear,Daylight,Dry,86,Roncesvalles,86,Roncesvalles (86),Non-Fatal Injury,0,0,0,0,0,1,0,1,0,0,0,0,0,Other,"['Driver', 'Passenger']",North,['Street Car'],['Going Ahead'],['Driving Properly'],['Normal'],[],[],[],[],[],[],D11,False,"['45 to 49', '75 to 79']",3.0
1402,2018-09-11 08:00:00,1708,2018,LAKE SHORE BLVD W,SIXTH ST,,Major Arterial,Etobicoke York,43.600909,-79.504077,620736.2663,4828634.3683,Non Intersection,No Control,Clear,Daylight,Dry,18,New Toronto,18,New Toronto (18),Fatal,1,0,1,0,0,0,0,0,0,0,0,0,0,Pedestrian Collisions,"['Pedestrian', 'Driver']",North,"['Other', 'Automobile, Station Wagon']",['Going Ahead'],['Driving Properly'],['Normal'],['Vehicle is going straight thru inter.while ped cross without ROW'],"['Crossing, no Traffic Control']",['Inattentive'],[],[],[],D22,True,"['70 to 74', '25 to 29']",4.0
1403,2018-09-11 08:00:00,2200,2018,DUNDAS ST W,BEVERLEY ST,,Major Arterial,Toronto and East York,43.65375,-79.393817,629521.9249,4834669.2105,At Intersection,Traffic Signal,Clear,"Dark, artificial",Dry,78,Kensington-Chinatown,78,Kensington-Chinatown (78),Non-Fatal Injury,0,0,1,0,0,0,0,1,0,1,0,0,0,Angle,"['Driver', 'Passenger']",South,"['Automobile, Station Wagon']",['Going Ahead'],"['Failed to Yield Right of Way', 'Driving Properly']","['Inattentive', 'Normal']",[],[],[],[],[],[],D52,False,"['50 to 54', '35 to 39', '45 to 49']",3.0
1404,2018-09-12 08:00:00,1115,2018,LAWRENCE AVE E,THE DONWAY  W,,Major Arterial,North York,43.736434,-79.346507,633153.895,4843927.3616,At Intersection,Traffic Signal,Clear,Daylight,Dry,42,Banbury-Don Mills,42,Banbury-Don Mills (42),Non-Fatal Injury,1,0,1,0,0,0,0,0,0,1,1,0,0,Pedestrian Collisions,"['Driver', 'Pedestrian']",North,"['Automobile, Station Wagon']",['Going Ahead'],"['Disobeyed Traffic Control', 'Driving Properly']","['Inattentive', 'Normal']",['Vehicle is going straight thru inter.while ped cross with ROW'],['Crossing with right of way'],['Normal'],[],[],[],D33,False,"['80 to 84', '60 to 64']",3.0
1405,2018-09-12 08:00:00,1205,2018,DUFFERIN ST,ROGERS RD,,Major Arterial,North York,43.685496,-79.446079,625241.4536,4838114.7778,At Intersection,Traffic Signal,Clear,Daylight,Dry,107,Oakwood Village,107,Oakwood Village (107),Non-Fatal Injury,1,0,1,0,1,0,0,0,0,1,1,0,0,Pedestrian Collisions,"['Driver', 'Truck Driver', 'Pedestrian']",East,"['Automobile, Station Wagon', 'Truck - Closed (Blazer, etc)', 'Pick Up Truck']","['Going Ahead', 'Stopped']","['Disobeyed Traffic Control', 'Driving Properly']",['Normal'],['Other / Undefined'],['Other'],['Other'],[],[],[],D13,False,"['60 to 64', '45 to 49', '55 to 59', '70 to 74']",3.0
1406,2018-09-12 08:00:00,2300,2018,MCCOWAN RD,TOWN CENTRE CRT,,Major Arterial,Scarborough,43.774501,-79.2522,640659.1943,4848311.1736,At Intersection,Traffic Signal,Clear,"Dark, artificial",Dry,142,Woburn North,137,Woburn (137),Non-Fatal Injury,1,0,1,0,0,0,0,0,0,0,0,0,0,Pedestrian Collisions,"['Driver', 'Pedestrian']",East,"['Automobile, Station Wagon']",['Going Ahead'],['Driving Properly'],['Normal'],['Vehicle is going straight thru inter.while ped cross without ROW'],['Crossing without right of way'],['Inattentive'],[],[],[],D43,False,"['30 to 34', '50 to 54']",3.0
1407,2018-09-15 08:00:00,50,2018,DUFFERIN ST,LAPPIN AVE,8 m East of,Major Arterial,Toronto and East York,43.666342,-79.43822,625914.926,4835999.3673,Intersection Related,No Control,Clear,"Dark, artificial",Dry,171,Junction-Wallace Emerson,93,Dovercourt-Wallace Emerson-Junction (93),Non-Fatal Injury,0,1,1,0,0,0,0,0,0,0,0,0,0,Cyclist Collisions,"['Driver', 'Cyclist']",North,"['Automobile, Station Wagon', 'Bicycle']","['Making U Turn', 'Going Ahead']",['Improper Turn'],['Normal'],[],[],[],['Motorist makes u-turn in-front of cyclist.'],['Driving Properly'],['Normal'],D11,False,"['45 to 49', '30 to 34']",3.0
1408,2018-09-15 08:00:00,240,2018,PARKSIDE DR,INDIAN VALLEY CRES,34 meters so,Major Arterial,Toronto and East York,43.650427,-79.45827,624331.2686,4834201.563,Non Intersection,No Control,Clear,Dark,Dry,87,High Park-Swansea,87,High Park-Swansea (87),Fatal,0,0,1,1,0,0,0,1,0,0,0,0,0,Approaching,"['Driver', 'Motorcycle Driver', 'Passenger']",North,"['Automobile, Station Wagon', 'Motorcycle']",['Going Ahead'],"['Lost control', 'Driving Properly']","['Had Been Drinking', 'Unknown']",[],[],[],[],[],[],D11,True,"['25 to 29', '45 to 49', 'unknown']",4.0
1409,2018-09-15 08:00:00,940,2018,555 ST CLAIR AVE W,,2 m South of,Major Arterial,Toronto and East York,43.682524,-79.421001,627268.9702,4837822.8745,Non Intersection,No Control,Rain,Daylight,Wet,94,Wychwood,94,Wychwood (94),Non-Fatal Injury,1,0,1,0,0,0,0,0,0,0,0,0,0,Pedestrian Collisions,"['Driver', 'Pedestrian']",East,"['Automobile, Station Wagon']",['Reversing'],['Other'],['Normal'],['Vehicle is reversing and hits pedestrian'],['Other'],['Normal'],[],[],[],D13,False,['75 to 79'],3.0
1410,2018-09-15 08:00:00,1400,2018,ST CLAIR AVE W,NORTHCLIFFE BLVD,,Major Arterial,North York,43.678363,-79.440814,625680.6942,4837330.5262,At Intersection,Traffic Signal,Clear,Daylight,Dry,92,Corso Italia-Davenport,92,Corso Italia-Davenport (92),Non-Fatal Injury,1,0,1,0,0,0,0,0,0,0,0,0,0,Pedestrian Collisions,"['Driver', 'Pedestrian']",North,"['Automobile, Station Wagon']",['Turning Left'],['Other'],['Normal'],['Vehicle turns left while ped crosses with ROW at inter.'],['Other'],['Normal'],[],[],[],D13,False,"['35 to 39', '65 to 69']",3.0
1411,2018-09-15 08:00:00,1625,2018,DIXON RD,KIPLING AVE,200 m East o,Major Arterial,Etobicoke York,43.694594,-79.556766,616302.7508,4838964.033,At/Near Private Drive,No Control,Clear,Daylight,Dry,6,Kingsview Village-The Westway,6,Kingsview Village-The Westway (6),Non-Fatal Injury,0,0,1,1,0,0,0,0,0,1,0,0,0,Turning Movement,"['Driver', 'Motorcycle Driver']",East,"['Automobile, Station Wagon', 'Motorcycle']","['Turning Left', 'Going Ahead']","['Failed to Yield Right of Way', 'Driving Properly']",['Normal'],[],[],[],[],[],[],D23,False,"['50 to 54', '60 to 64']",3.0
1412,2018-09-15 08:00:00,2130,2018,JARVIS ST,QUEEN ST E,100 m North ,Major Arterial,Scarborough,43.65462,-79.373607,631149.7744,4834797.5799,Non Intersection,No Control,Clear,"Dark, artificial",Dry,73,Moss Park,73,Moss Park (73),Non-Fatal Injury,0,0,1,1,0,0,0,0,0,0,0,0,0,Turning Movement,"['Driver', 'Motorcycle Driver']",North,"['Automobile, Station Wagon', 'Motorcycle']","['Making U Turn', 'Going Ahead']","['Improper Turn', 'Driving Properly']",['Normal'],[],[],[],[],[],[],D51,False,"['55 to 59', '45 to 49']",3.0
1413,2018-09-16 08:00:00,408,2018,LAWSON RD,ST MAGNUS DR,60 m West of,Collector,Scarborough,43.787551,-79.15002,648850.1353,4849939.2621,Non Intersection,No Control,Clear,"Dark, artificial",Dry,133,Centennial Scarborough,133,Centennial Scarborough (133),Non-Fatal Injury,0,0,1,0,0,0,0,1,0,0,0,0,0,SMV Other,"['Driver', 'Passenger']",East,"['Automobile, Station Wagon']",['Going Ahead'],['Lost control'],['Unknown'],[],[],[],[],[],[],D43,False,"['unknown', '25 to 29']",3.0
1414,2018-09-16 08:00:00,936,2018,WILLOWDALE AVE,BISHOP AVE,10 m North o,Minor Arterial,North York,43.78337,-79.407832,628115.1983,4849043.5811,At Intersection,Traffic Signal,Clear,Daylight,Dry,50,Newtonbrook East,50,Newtonbrook East (50),Non-Fatal Injury,0,0,1,0,0,0,0,1,0,1,1,0,0,Angle,"['Driver', 'Passenger']",East,"['Automobile, Station Wagon']",['Going Ahead'],"['Disobeyed Traffic Control', 'Driving Properly']",['Normal'],[],[],[],[],[],[],D32,False,"['50 to 54', '55 to 59', '10 to 14']",3.0
1415,2018-09-16 08:00:00,1329,2018,DUNDAS ST W,ST JOHNS PL,52 m West of,Major Arterial,Etobicoke York,43.665461,-79.476634,622819.6539,4835843.9348,Non Intersection,No Control,Clear,Daylight,Dry,90,Junction Area,90,Junction Area (90),Non-Fatal Injury,1,0,0,0,0,0,0,0,0,0,0,0,0,Pedestrian Collisions,"['Driver', 'Pedestrian']",East,[],['Going Ahead'],['Other'],['Unknown'],['Pedestrian hit at mid-block'],"['Crossing, no Traffic Control']",['Inattentive'],[],[],[],D11,False,"['unknown', '5 to 9']",3.0
1416,2018-09-17 08:00:00,1001,2018,STEELES AVE W,KEELE ST,,Major Arterial,North York,43.781508,-79.494464,621147.9828,4848706.3556,At Intersection,Traffic Signal,Clear,Daylight,Dry,27,York University Heights,27,York University Heights (27),Non-Fatal Injury,0,1,0,0,1,0,0,0,0,0,0,0,0,Cyclist Collisions,"['Truck Driver', 'Cyclist']",West,"['Truck-Tractor', 'Bicycle']","['Turning Right', 'Going Ahead']",['Driving Properly'],['Normal'],[],[],[],"['Cyclist without ROW rides into path of motorist at inter, lnwy, dwy-Cyclist not turn.']",['Other'],['Inattentive'],D31,False,"['55 to 59', '15 to 19']",3.0
1417,2018-09-17 08:00:00,1204,2018,BAY ST,WELLINGTON ST W,,Major Arterial,Toronto and East York,43.647261,-79.379688,630675.3655,4833970.6729,At Intersection,Traffic Signal,Clear,Daylight,Dry,170,Yonge-Bay Corridor,76,Bay Street Corridor (76),Non-Fatal Injury,0,1,0,0,0,1,0,0,0,1,0,0,0,Cyclist Collisions,"['Driver', 'Cyclist']",West,"['Bus (Other) (Go Bus, Gray Coa', 'Bicycle']","['Turning Right', 'Going Ahead']",['Failed to Yield Right of Way'],['Normal'],[],[],[],['Motorist turning right on green or amber at signalized intersection strikes cyclist.'],['Driving Properly'],['Normal'],D52,False,"['55 to 59', '30 to 34']",3.0
1418,2018-09-18 08:00:00,1850,2018,KEELE ST,AILEEN AVE,,Major Arterial,Etobicoke York,43.683169,-79.472026,623154.9447,4837817.4761,At Intersection,No Control,Clear,Daylight,Dry,110,Keelesdale-Eglinton West,110,Keelesdale-Eglinton West (110),Fatal,0,0,1,1,0,0,0,0,1,1,0,0,0,Turning Movement,"['Motorcycle Driver', 'Driver']",North,"['Motorcycle', 'Automobile, Station Wagon']","['Going Ahead', 'Turning Left']","['Lost control', 'Failed to Yield Right of Way']","['Normal', 'Inattentive']",[],[],[],[],[],[],D12,True,"['40 to 44', '50 to 54']",4.0
1419,2018-09-19 08:00:00,1242,2018,F G GARDINER XY  E,LOWER JARVIS ST,338 m West o,Expressway,Toronto and East York,43.645251,-79.3717,631323.9708,4833760.0453,Non Intersection,No Control,Clear,Daylight,Dry,166,St Lawrence-East Bayfront-The Islands,77,Waterfront Communities-The Island (77),Non-Fatal Injury,0,0,0,1,0,0,0,0,1,1,0,1,0,SMV Other,['Motorcycle Driver'],East,['Motorcycle'],['Overtaking'],['Improper Passing'],"['Ability Impaired, Alcohol Over .08']",[],[],[],[],[],[],D51,False,['25 to 29'],3.0
1420,2018-09-20 08:00:00,1600,2018,DUFFERIN ST,CASTLEFIELD AVE,,Major Arterial,North York,43.700686,-79.451724,624754.9791,4839793.3261,At Intersection,Traffic Signal,Clear,Daylight,Dry,108,Briar Hill-Belgravia,108,Briar Hill-Belgravia (108),Fatal,1,0,1,0,0,0,0,0,0,0,0,0,0,Pedestrian Collisions,"['Pedestrian', 'Driver']",East,"['Automobile, Station Wagon']",['Going Ahead'],['Driving Properly'],['Normal'],['Vehicle is going straight thru inter.while ped cross without ROW'],['Crossing without right of way'],['Inattentive'],[],[],[],D13,True,"['90 to 94', '55 to 59']",4.0
1421,2018-09-21 08:00:00,1600,2018,NUTHATCH LANE,DOCTOR O LANE,,Laneway,Toronto and East York,43.663325,-79.369693,631446.3997,4835770.5797,Intersection Related,No Control,Clear,Daylight,Dry,73,Moss Park,73,Moss Park (73),Fatal,1,0,1,0,0,0,0,0,0,0,0,0,0,Pedestrian Collisions,"['Driver', 'Pedestrian']",South,"['Automobile, Station Wagon']",['Going Ahead'],['Other'],['Unknown'],['Unknown'],['Other'],"['Ability Impaired, Alcohol']",[],[],[],D51,True,"['35 to 39', '55 to 59']",4.0
1422,2018-09-21 08:00:00,1723,2018,WOODBINE TRACK ACCESS,REXDALE BLVD,150 m South ,Local,Etobicoke York,43.717654,-79.603442,612498.2053,4841460.7522,Non Intersection,No Control,Rain,Daylight,Wet,1,West Humber-Clairville,1,West Humber-Clairville (1),Non-Fatal Injury,0,0,1,0,1,0,0,1,0,0,0,0,0,Turning Movement,"['Driver', 'Truck Driver', 'Passenger']",South,"['Automobile, Station Wagon', 'Truck - Dump']","['Making U Turn', 'Going Ahead']","['Improper Turn', 'Driving Properly']",['Normal'],[],[],[],[],[],[],D23,False,"['40 to 44', '50 to 54', '65 to 69', '30 to 34']",3.0
1423,2018-09-21 08:00:00,2227,2018,2265 MIDLAND AVE,,3 m West of,Major Arterial,Scarborough,43.775595,-79.274074,638896.2688,4848395.7494,Non Intersection,No Control,Clear,Dark,Dry,156,Bendale-Glen Andrew,127,Bendale (127),Non-Fatal Injury,1,0,1,0,0,0,0,0,0,1,0,0,0,Pedestrian Collisions,"['Driver', 'Pedestrian']",South,"['Automobile, Station Wagon']",['Going Ahead'],['Failed to Yield Right of Way'],['Unknown'],['Pedestrian hit at mid-block'],"['Crossing, no Traffic Control']",['Normal'],[],[],[],D41,False,"['unknown', '20 to 24']",3.0
1424,2018-09-22 08:00:00,1635,2018,EGLINTON AVE E,MARKHAM RD,100 m East o,Major Arterial,Scarborough,43.743479,-79.21725,643546.0992,4844925.6723,At/Near Private Drive,Stop Sign,Clear,Daylight,Dry,139,Scarborough Village,139,Scarborough Village (139),Non-Fatal Injury,0,0,1,1,0,0,0,0,0,1,0,0,0,Turning Movement,"['Driver', 'Motorcycle Driver']",East,"['Automobile, Station Wagon', 'Motorcycle']","['Turning Left', 'Going Ahead']","['Failed to Yield Right of Way', 'Driving Properly']","['Inattentive', 'Normal']",[],[],[],[],[],[],D43,False,"['40 to 44', '15 to 19']",3.0
1425,2018-09-22 08:00:00,1655,2018,EGLINTON AVE W,ROYAL YORK RD,400 m East o,Major Arterial,Etobicoke York,43.683287,-79.520641,619236.3018,4837759.5406,Non Intersection,Stop Sign,Clear,Daylight,Dry,9,Edenbridge-Humber Valley,9,Edenbridge-Humber Valley (9),Non-Fatal Injury,0,0,1,1,0,0,0,0,0,1,0,0,0,Turning Movement,"['Motorcycle Driver', 'Driver']",East,"['Motorcycle', 'Automobile, Station Wagon']","['Going Ahead', 'Turning Right']","['Driving Properly', 'Failed to Yield Right of Way']",['Normal'],[],[],[],[],[],[],D22,False,"['35 to 39', '45 to 49']",3.0