accident_number,date,time,year,street1,street2,offset,road_class,district,latitude,longitude,x,y,accident_location,traffctl,visibility,light,road_surface_condition,hood_158,neighbourhood_new,hood_140,neighbourhood_old,accident_class,pedestrian,cyclist,automobile,motorcycle,truck,trsn_city_veh,emerg_veh,passenger,speeding,aggressive_driving,redlight,alcohol,disability,impact_type,involvement_type,initial_direction,vehicle_type,manoeuver,driver_action,driver_condition,pedestrian_type,pedestrian_action,pedestrian_condition,cyclist_type,cyclist_action,cyclist_condition,division,injury,involvement_age,injury_severity_score
1426,2018-09-23 08:00:00,1430,2018,YONGE ST,WELLINGTON ST E,,Major Arterial,North York,43.647772,-79.37733,630864.4264,4834031.1418,At Intersection,Traffic Signal,Clear,Daylight,Dry,168,Downtown Yonge East,75,Church-Yonge Corridor (75),Non-Fatal Injury,0,1,1,0,0,0,0,0,0,1,0,0,0,Cyclist Collisions,"['Driver', 'Cyclist']",North,"['Automobile, Station Wagon', 'Bicycle']","['Going Ahead', 'Slowing or Stopping']",['Failed to Yield Right of Way'],['Unknown'],[],[],[],['Cyclist and Driver travelling in same direction. One vehicle rear-ended the other.'],['Driving Properly'],['Normal'],D51,False,"['unknown', '20 to 24']",3.0
1427,2018-09-23 08:00:00,1735,2018,DANFORTH AVE,GREENWOOD AVE,28 m East of,Major Arterial,Toronto and East York,43.68141,-79.332347,634417.1396,4837839.0143,At/Near Private Drive,No Control,Clear,Daylight,Dry,65,Greenwood-Coxwell,65,Greenwood-Coxwell (65),Non-Fatal Injury,0,1,1,0,0,0,0,0,0,1,0,0,0,Cyclist Collisions,"['Driver', 'Cyclist']",East,"['Automobile, Station Wagon', 'Bicycle']","['Turning Left', 'Going Ahead']",['Failed to Yield Right of Way'],['Inattentive'],[],[],[],['Motorist turned left across cyclists path.'],['Driving Properly'],['Normal'],D55,False,"['45 to 49', '70 to 74']",3.0
1428,2018-09-23 08:00:00,2228,2018,CENTENNIAL PARK BLVD,EGLINTON AVE W,,Major Arterial,Etobicoke York,43.65576,-79.598361,613023.6787,4834593.5125,At Intersection,Traffic Signal,Clear,"Dark, artificial",Dry,11,Eringate-Centennial-West Deane,11,Eringate-Centennial-West Deane (11),Non-Fatal Injury,0,1,1,0,0,0,0,0,0,1,0,0,0,Cyclist Collisions,"['Driver', 'Cyclist']",East,"['Automobile, Station Wagon', 'Bicycle']","['Turning Right', 'Going Ahead']",['Failed to Yield Right of Way'],['Normal'],[],[],[],['Motorist turning right on red at signalized intersection strikes cyclist.'],['Driving Properly'],['Normal'],D22,False,"['55 to 59', '35 to 39']",3.0
1429,2018-09-24 08:00:00,1143,2018,DEWHURST BLVD,DANFORTH AVE,,Major Arterial,Toronto and East York,43.679942,-79.339397,633852.1495,4837664.5705,At Intersection,No Control,Clear,Daylight,Dry,69,Blake-Jones,69,Blake-Jones (69),Non-Fatal Injury,0,0,1,0,0,0,0,0,0,0,0,0,0,Rear End,['Driver'],North,"['Pick Up Truck', 'Automobile, Station Wagon']","['Other', 'Going Ahead']","['Other', 'Driving Properly']","['Unknown', 'Had Been Drinking']",[],[],[],[],[],[],D55,False,"['30 to 34', '45 to 49']",3.0
1430,2018-09-26 08:00:00,645,2018,DUNDAS ST W,CHESTNUT ST,,Major Arterial,Toronto and East York,43.655169,-79.38602,630147.613,4834839.0091,At Intersection,Traffic Signal,Clear,"Dawn, artificial",Dry,170,Yonge-Bay Corridor,76,Bay Street Corridor (76),Non-Fatal Injury,1,0,1,0,0,0,0,0,0,1,0,0,0,Pedestrian Collisions,"['Driver', 'Pedestrian']",East,"['Automobile, Station Wagon']",['Turning Left'],['Failed to Yield Right of Way'],['Normal'],['Vehicle turns left while ped crosses with ROW at inter.'],['Crossing with right of way'],['Normal'],[],[],[],D52,False,['55 to 59'],3.0
1431,2018-09-26 08:00:00,709,2018,ST CLAIR AVE E,JEANETTE ST,,Minor Arterial,Scarborough,43.719565,-79.247051,641202.6999,4842218.4567,At Intersection,Traffic Signal,Clear,Daylight,Dry,123,Cliffcrest,123,Cliffcrest (123),Fatal,1,0,1,0,0,0,0,0,0,1,1,0,0,Pedestrian Collisions,"['Pedestrian', 'Driver']",East,['Passenger Van'],['Going Ahead'],['Disobeyed Traffic Control'],['Unknown'],['Vehicle is going straight thru inter.while ped cross with ROW'],['Crossing with right of way'],['Unknown'],[],[],[],D41,True,"['60 to 64', 'unknown']",4.0
1432,2018-09-26 08:00:00,900,2018,MELITA AVE,CHRISTIE ST,,Minor Arterial,Toronto and East York,43.674388,-79.42258,627158.8849,4836916.8399,At Intersection,No Control,Clear,Daylight,Dry,94,Wychwood,94,Wychwood (94),Non-Fatal Injury,0,1,1,0,0,0,0,0,0,0,0,0,0,Cyclist Collisions,"['Driver', 'Cyclist']",North,"['Automobile, Station Wagon', 'Bicycle']","['Turning Left', 'Going Ahead']",['Driving Properly'],['Normal'],[],[],[],"['Cyclist without ROW rides into path of motorist at inter, lnwy, dwy-Cyclist not turn.']",['Speed too Fast For Condition'],['Normal'],D13,False,"['35 to 39', '20 to 24']",3.0
1433,2018-09-26 08:00:00,1755,2018,BRIMLEY RD,BRIMWOOD BLVD,,Major Arterial,Scarborough,43.810984,-79.279712,638360.8419,4852316.8184,At Intersection,Traffic Signal,Clear,Daylight,Dry,129,Agincourt North,129,Agincourt North (129),Non-Fatal Injury,0,1,1,0,0,0,0,0,0,0,0,0,0,Cyclist Collisions,"['Cyclist', 'Driver']",North,"['Bicycle', 'Automobile, Station Wagon']","['Turning Left', 'Going Ahead']",['Driving Properly'],['Normal'],[],[],[],['Cyclist turned left across motorists path.'],['Failed to Yield Right of Way'],['Inattentive'],D42,False,"['30 to 34', '45 to 49']",3.0
1434,2018-09-26 08:00:00,2053,2018,3850 SHEPPARD AVE E,,90 m East of,Major Arterial,Scarborough,43.782229,-79.292499,637398.2785,4849101.8128,Non Intersection,No Control,Clear,"Dark, artificial",Dry,118,Tam O'Shanter-Sullivan,118,Tam O'Shanter-Sullivan (118),Fatal,1,0,1,0,0,0,0,0,0,1,0,0,0,Pedestrian Collisions,"['Driver', 'Pedestrian']",East,"['Automobile, Station Wagon']",['Going Ahead'],['Failed to Yield Right of Way'],['Unknown'],['Pedestrian hit at mid-block'],"['Crossing, no Traffic Control']",['Inattentive'],[],[],[],D42,True,"['unknown', '75 to 79']",4.0
1435,2018-09-28 08:00:00,806,2018,EGLINTON AVE E,ROSEMOUNT DR,,Major Arterial,Scarborough,43.730773,-79.273853,639017.8028,4843417.9542,At Intersection,Traffic Signal,Clear,Daylight,Dry,125,Ionview,125,Ionview (125),Non-Fatal Injury,1,0,1,0,0,0,0,0,0,0,0,0,0,Pedestrian Collisions,"['Driver', 'Pedestrian']",East,['Delivery Van'],['Going Ahead'],['Driving Properly'],['Unknown'],['Vehicle is going straight thru inter.while ped cross without ROW'],['Crossing without right of way'],['Inattentive'],[],[],[],D41,False,"['unknown', '25 to 29']",3.0
1436,2018-09-28 08:00:00,1018,2018,1277 JANE ST,,4 m North of,Major Arterial,Etobicoke York,43.691409,-79.500911,620810.2466,4838690.1525,Intersection Related,No Control,Clear,Daylight,Dry,115,Mount Dennis,115,Mount Dennis (115),Non-Fatal Injury,1,0,1,0,0,0,0,0,0,0,0,0,0,Pedestrian Collisions,"['Driver', 'Pedestrian']",North,['Pick Up Truck'],['Going Ahead'],['Driving Properly'],['Normal'],['Vehicle is going straight thru inter.while ped cross without ROW'],['Running onto Roadway'],['Inattentive'],[],[],[],D12,False,"['40 to 44', '70 to 74']",3.0
1437,2018-09-28 08:00:00,1723,2018,AVENUE RD,FARNHAM AVE,4 m West of,Major Arterial,Toronto and East York,43.683455,-79.400165,628946.3956,4837958.4596,At Intersection,Stop Sign,Clear,Daylight,Dry,97,Yonge-St.Clair,97,Yonge-St.Clair (97),Non-Fatal Injury,0,0,1,0,0,0,0,1,1,1,0,0,0,Turning Movement,"['Driver', 'Passenger']",North,"['Automobile, Station Wagon']","['Turning Left', 'Going Ahead']","['Failed to Yield Right of Way', 'Speed too Fast For Condition']",['Normal'],[],[],[],[],[],[],D53,False,"['25 to 29', '35 to 39', '50 to 54']",3.0
1438,2018-09-29 08:00:00,820,2018,ESQUIRE RD,VICTORIA PARK AVE,,Major Arterial,Scarborough,43.773429,-79.32217,635030.5109,4848075.6171,At Intersection,No Control,Clear,Daylight,Dry,118,Tam O'Shanter-Sullivan,118,Tam O'Shanter-Sullivan (118),Non-Fatal Injury,1,0,1,0,0,0,0,0,0,1,0,0,0,Pedestrian Collisions,"['Driver', 'Pedestrian']",East,"['Automobile, Station Wagon']",['Unknown'],['Failed to Yield Right of Way'],['Unknown'],['Vehicle is going straight thru inter.while ped cross with ROW'],['Crossing with right of way'],['Normal'],[],[],[],D42,False,"['unknown', '80 to 84']",3.0
1439,2018-09-29 08:00:00,1730,2018,161 BATHURST ST,,,Major Arterial,Etobicoke York,43.646399,-79.403751,628736.5473,4833837.328,At Intersection,Traffic Signal,Clear,Daylight,Dry,162,West Queen West,82,Niagara (82),Non-Fatal Injury,1,0,1,0,0,0,0,0,0,0,0,0,0,Pedestrian Collisions,"['Driver', 'Pedestrian']",North,"['Automobile, Station Wagon']",['Going Ahead'],['Other'],['Normal'],['Other / Undefined'],['Person Getting on/off Vehicle'],['Normal'],[],[],[],D14,False,"['55 to 59', '25 to 29']",3.0
1440,2018-09-30 08:00:00,310,2018,BATHURST ST,FRONT ST W,,Major Arterial,Toronto and East York,43.640677,-79.401378,628940.1711,4833205.5096,At Intersection,Traffic Signal,Clear,"Dark, artificial",Dry,165,Harbourfront-CityPlace,77,Waterfront Communities-The Island (77),Non-Fatal Injury,1,0,1,0,0,0,0,0,0,0,0,0,0,Pedestrian Collisions,"['Driver', 'Pedestrian']",South,"['Automobile, Station Wagon']",['Going Ahead'],['Driving Properly'],['Normal'],['Vehicle is going straight thru inter.while ped cross without ROW'],['Crossing without right of way'],['Had Been Drinking'],[],[],[],D14,False,"['75 to 79', '30 to 34']",3.0
1441,2018-10-01 08:00:00,600,2018,STEELES AVE E,FIREBRACE RD,,Major Arterial,Scarborough,43.817809,-79.332042,634136.6737,4852988.6665,At Intersection,Traffic Signal,Rain,"Dark, artificial",Wet,116,Steeles,116,Steeles (116),Non-Fatal Injury,0,0,0,1,0,0,0,0,0,0,0,0,0,Sideswipe,"['Driver', 'Motorcycle Driver']",East,"['Construction Equipment', 'Motorcycle']","['Changing Lanes', 'Going Ahead']","['Improper Lane Change', 'Driving Properly']","['Unknown', 'Normal']",[],[],[],[],[],[],D42,False,"['unknown', '25 to 29']",3.0
1442,2018-10-01 08:00:00,622,2018,THE QUEENSWAY,WINDERMERE AVE,,Major Arterial,Toronto and East York,43.637206,-79.469287,623469.8865,4832716.7552,Non Intersection,No Control,Rain,"Daylight, artificial",Wet,87,High Park-Swansea,87,High Park-Swansea (87),Fatal,1,0,0,0,0,1,0,0,0,0,0,0,0,Pedestrian Collisions,"['Driver', 'Pedestrian']",East,['Street Car'],['Going Ahead'],['Driving Properly'],['Normal'],['Pedestrian involved in a collision with transit vehicle anywhere along roadway'],['Walking on Roadway with Traffic'],['Inattentive'],[],[],[],D11,True,"['35 to 39', '50 to 54']",4.0
1443,2018-10-04 08:00:00,700,2018,DUNDAS ST E,LOGAN AVE,35 m East of,Minor Arterial,Toronto and East York,43.66408,-79.343036,633594.0167,4835897.0131,Non Intersection,No Control,Rain,Dawn,Wet,70,South Riverdale,70,South Riverdale (70),Non-Fatal Injury,0,1,1,0,0,0,0,0,0,0,0,0,0,Cyclist Collisions,"['Driver', 'Cyclist']",East,"['Automobile, Station Wagon', 'Bicycle']","['Changing Lanes', 'Going Ahead']",['Improper Lane Change'],['Inattentive'],[],[],[],['Cyclist and Driver travelling in same direction. One vehicle sideswipes the other.'],['Driving Properly'],['Normal'],D55,False,"['25 to 29', '20 to 24']",3.0
1444,2018-10-04 08:00:00,1630,2018,5690 STEELES AVE W,,425 m East o,Major Arterial,Etobicoke York,43.767333,-79.560573,615855.6326,4847037.3949,Non Intersection,No Control,Clear,Daylight,Dry,21,Humber Summit,21,Humber Summit (21),Non-Fatal Injury,1,0,0,0,1,0,0,0,0,0,0,0,0,Pedestrian Collisions,"['Truck Driver', 'Pedestrian']",South,['Truck - Open'],['Going Ahead'],['Driving Properly'],['Normal'],['Pedestrian hit at mid-block'],"['Crossing, no Traffic Control']",['Normal'],[],[],[],D31,False,"['55 to 59', '50 to 54']",3.0
1445,2018-10-05 08:00:00,1515,2018,GERRARD ST E,COXWELL AVE,25 m East of,Minor Arterial,Toronto and East York,43.675326,-79.320293,635402.4187,4837182.9094,At Intersection,Traffic Signal,Clear,Daylight,Dry,64,Woodbine Corridor,64,Woodbine Corridor (64),Non-Fatal Injury,0,0,1,0,0,0,0,1,1,1,0,0,0,SMV Other,"['Driver', 'Passenger']",West,['Pick Up Truck'],['Going Ahead'],['Speed too Fast For Condition'],['Had Been Drinking'],[],[],[],[],[],[],D55,False,"['30 to 34', '25 to 29']",3.0
1446,2018-10-05 08:00:00,1852,2018,708 SCARLETT RD,,LEGGETT AVE,Major Arterial,Etobicoke York,43.695372,-79.520099,619256.0352,4839102.522,Non Intersection,No Control,Clear,Daylight,Dry,8,Humber Heights-Westmount,8,Humber Heights-Westmount (8),Fatal,0,0,1,1,0,0,0,0,0,1,0,0,0,Turning Movement,"['Driver', 'Motorcycle Driver']",North,"['Automobile, Station Wagon', 'Motorcycle']","['Going Ahead', 'Turning Left']","['Driving Properly', 'Improper Turn']","['Normal', 'Unknown']",[],[],[],[],[],[],D23,True,"['45 to 49', '55 to 59']",4.0
1447,2018-10-06 08:00:00,125,2018,LAWRENCE AVE E,EAST AVE,,Collector,Scarborough,43.780631,-79.131595,650349.9866,4849203.9845,At Intersection,Traffic Signal,Clear,"Dark, artificial",Dry,143,West Rouge,131,Rouge (131),Non-Fatal Injury,0,0,1,0,0,0,0,1,1,1,0,0,0,SMV Other,"['Driver', 'Passenger']",East,"['Automobile, Station Wagon']",['Unknown'],['Lost control'],['Unknown'],[],[],[],[],[],[],D43,False,['20 to 24'],3.0
1448,2018-10-06 08:00:00,635,2018,VICTORIA PARK AVE,CRESCENT TOWN RD,,Major Arterial,Scarborough,43.696479,-79.290447,637759.9238,4839581.4016,At Intersection,Traffic Signal,Rain,"Dawn, artificial",Wet,121,Oakridge,121,Oakridge (121),Non-Fatal Injury,1,0,1,0,0,0,0,0,0,0,0,0,0,Pedestrian Collisions,"['Driver', 'Pedestrian']",East,"['Automobile, Station Wagon']",['Going Ahead'],['Driving Properly'],['Normal'],['Vehicle is going straight thru inter.while ped cross without ROW'],['Crossing without right of way'],['Normal'],[],[],[],D41,False,"['70 to 74', '25 to 29']",3.0
1449,2018-10-06 08:00:00,1630,2018,ANTIBES DR,DON LAKE GATE,15 m East of,Collector,North York,43.780528,-79.446277,625027.5851,4848669.1548,Intersection Related,No Control,Clear,Daylight,Dry,35,Westminster-Branson,35,Westminster-Branson (35),Non-Fatal Injury,0,0,1,0,0,0,0,0,1,1,0,0,0,SMV Other,['Driver'],North,"['Automobile, Station Wagon']",['Going Ahead'],['Lost control'],"['Ability Impaired, Drugs']",[],[],[],[],[],[],D32,False,['30 to 34'],3.0
1450,2018-10-06 08:00:00,1850,2018,KINGSTON RD,GALLOWAY RD,,Major Arterial,Scarborough,43.761939,-79.194705,645316.745,4847015.2548,At Intersection,Traffic Signal,Clear,Daylight,Dry,136,West Hill,136,West Hill (136),Non-Fatal Injury,0,0,1,1,0,0,0,1,1,1,0,0,0,Turning Movement,"['Motorcycle Driver', 'Driver', 'Motorcycle Passenger', 'Passenger']",East,"['Motorcycle', 'Pick Up Truck']","['Going Ahead', 'Turning Left']","['Speed too Fast For Condition', 'Driving Properly']",['Normal'],[],[],[],[],[],[],D43,False,"['15 to 19', '30 to 34']",3.0
1451,2018-10-07 08:00:00,305,2018,DON VALLEY PARKWAY  N,EASTERN AV E DVP N RAMP,80 m South o,Expressway,Toronto and East York,43.6561,-79.351756,632908.5589,4834996.7225,Non Intersection,No Control,Rain,"Dark, artificial",Wet,70,South Riverdale,70,South Riverdale (70),Non-Fatal Injury,0,0,1,0,0,0,0,1,1,1,0,0,0,Sideswipe,"['Driver', 'Passenger']",North,"['Automobile, Station Wagon']",['Going Ahead'],"['Speed too Fast For Condition', 'Driving Properly']","['Unknown', 'Normal']",[],[],[],[],[],[],D55,False,"['20 to 24', '25 to 29']",3.0
1452,2018-10-08 08:00:00,117,2018,SHEPPARD AVE E,BONNINGTON PL,,Major Arterial,North York,43.762419,-79.406253,628287.0443,4846719.0978,Non Intersection,No Control,Clear,"Dark, artificial",Dry,153,Avondale,51,Willowdale East (51),Fatal,1,0,1,0,0,0,0,0,0,0,0,0,0,Pedestrian Collisions,"['Pedestrian', 'Driver']",East,"['Automobile, Station Wagon']",['Going Ahead'],['Other'],['Unknown'],['Pedestrian hit at mid-block'],['Playing or Working on Highway'],['Unknown'],[],[],[],D32,True,"['30 to 34', 'unknown']",4.0
1453,2018-10-08 08:00:00,2015,2018,685 QUEEN ST E,,Near #685,Major Arterial,Toronto and East York,43.658515,-79.35094,632969.0282,4835266.2478,At Intersection,No Control,Clear,"Dusk, artificial",Dry,70,South Riverdale,70,South Riverdale (70),Fatal,0,1,1,0,0,1,0,0,0,0,0,0,0,Cyclist Collisions,"['Cyclist', 'Driver', 'Other']",East,"['Bicycle', 'Street Car', 'Automobile, Station Wagon']","['Going Ahead', 'Parked']",['Driving Properly'],['Normal'],[],[],[],['Cyclist strikes a parked vehicle.'],['Lost control'],['Unknown'],D55,True,"['60 to 64', '30 to 34', 'unknown']",4.0
1454,2018-10-10 08:00:00,939,2018,OSSINGTON AVE,COLLEGE ST,,Major Arterial,Toronto and East York,43.654326,-79.422664,627194.4755,4834688.56,At Intersection,Traffic Signal,Clear,Daylight,Dry,81,Trinity-Bellwoods,81,Trinity-Bellwoods (81),Non-Fatal Injury,1,0,1,0,0,0,0,0,0,0,0,0,0,Pedestrian Collisions,"['Driver', 'Pedestrian']",East,['Pick Up Truck'],['Going Ahead'],['Driving Properly'],['Normal'],['Vehicle is going straight thru inter.while ped cross without ROW'],['Crossing without right of way'],['Medical or Physical Disability'],[],[],[],D14,False,"['45 to 49', '75 to 79']",3.0
1455,2018-10-11 08:00:00,2009,2018,RUNNYMEDE RD,BLOOR ST W,,Major Arterial,Etobicoke York,43.651065,-79.47626,622879.1688,4834245.6254,At Intersection,Traffic Controller,Clear,"Daylight, artificial",Dry,87,High Park-Swansea,87,High Park-Swansea (87),Non-Fatal Injury,0,0,1,1,0,0,0,0,0,1,0,0,0,Turning Movement,"['Driver', 'Motorcycle Driver']",North,"['Automobile, Station Wagon', 'Motorcycle']","['Turning Left', 'Going Ahead']","['Failed to Yield Right of Way', 'Driving Properly']",['Normal'],[],[],[],[],[],[],D11,False,"['20 to 24', '25 to 29']",3.0
1456,2018-10-12 08:00:00,1335,2018,GERRARD ST E,LAWLOR AVE,,Minor Arterial,Toronto and East York,43.685912,-79.290714,637762.6006,4838407.3437,At Intersection,No Control,Clear,Daylight,Dry,62,East End-Danforth,62,East End-Danforth (62),Non-Fatal Injury,1,0,1,0,0,0,0,1,1,1,0,0,0,Pedestrian Collisions,"['Driver', 'Passenger', 'Pedestrian']",East,"['Automobile, Station Wagon']",['Changing Lanes'],['Exceeding Speed Limit'],['Normal'],['Vehicle is going straight thru inter.while ped cross without ROW'],"['Crossing, no Traffic Control']",['Normal'],[],[],[],D55,False,"['15 to 19', '20 to 24']",3.0
1457,2018-10-12 08:00:00,1630,2018,BLOOR ST W,RUNNYMEDE RD,,Major Arterial,Etobicoke York,43.651065,-79.47626,622879.1688,4834245.6254,At Intersection,Traffic Controller,Clear,Daylight,Dry,87,High Park-Swansea,87,High Park-Swansea (87),Non-Fatal Injury,0,1,1,0,0,0,0,0,0,1,0,0,0,Cyclist Collisions,"['Driver', 'Cyclist']",East,"['Automobile, Station Wagon', 'Bicycle']","['Turning Left', 'Going Ahead']",['Failed to Yield Right of Way'],['Normal'],[],[],[],['Motorist turned left across cyclists path.'],['Driving Properly'],['Normal'],D11,False,"['75 to 79', '30 to 34']",3.0
1458,2018-10-13 08:00:00,907,2018,BIRCHMOUNT RD,KINGSTON RD,,Major Arterial,Scarborough,43.692973,-79.262294,640036.7491,4839239.1731,At Intersection,Traffic Signal,Clear,Daylight,Dry,122,Birchcliffe-Cliffside,122,Birchcliffe-Cliffside (122),Non-Fatal Injury,1,0,1,0,0,0,0,0,0,1,0,0,0,Pedestrian Collisions,"['Driver', 'Pedestrian']",North,"['Automobile, Station Wagon']",['Turning Left'],['Failed to Yield Right of Way'],['Normal'],['Vehicle turns left while ped crosses without ROW at inter.'],['Crossing without right of way'],['Normal'],[],[],[],D41,False,"['45 to 49', '65 to 69']",3.0
1459,2018-10-15 08:00:00,1000,2018,YONGE ST,CARLTON ST,132 m South ,Major Arterial,Toronto and East York,43.660144,-79.382587,630413.6743,4835396.939,Non Intersection,No Control,Clear,Daylight,Wet,168,Downtown Yonge East,75,Church-Yonge Corridor (75),Non-Fatal Injury,1,0,1,0,0,0,0,0,0,0,0,0,0,Pedestrian Collisions,"['Driver', 'Pedestrian']",East,"['Automobile, Station Wagon']",['Reversing'],['Other'],['Inattentive'],['Vehicle is reversing and hits pedestrian'],['Other'],['Normal'],[],[],[],D51,False,"['45 to 49', '75 to 79']",3.0
1460,2018-10-18 08:00:00,840,2018,1491 LAKE SHORE BLVD W,,900 m East o,Major Arterial,Toronto and East York,43.636378,-79.444034,625508.5792,4832662.6687,Non Intersection,No Control,Clear,Daylight,Dry,85,South Parkdale,85,South Parkdale (85),Non-Fatal Injury,0,0,1,0,1,0,0,0,1,1,0,0,0,Approaching,"['Driver', 'Truck Driver']",East,"['Automobile, Station Wagon', 'Truck-Tractor']",['Going Ahead'],"['Lost control', 'Driving Properly']","['Inattentive', 'Normal']",[],[],[],[],[],[],D14,False,"['25 to 29', '60 to 64']",3.0
1461,2018-10-18 08:00:00,1217,2018,OSSINGTON AVE,NORTHUMBERLAND ST,,Minor Arterial,Toronto and East York,43.663294,-79.426227,626888.2649,4835679.1189,Non Intersection,No Control,Clear,Daylight,Dry,172,Dovercourt Village,93,Dovercourt-Wallace Emerson-Junction (93),Fatal,1,0,1,0,0,0,0,0,0,1,0,0,0,Pedestrian Collisions,"['Driver', 'Pedestrian']",East,"['Automobile, Station Wagon', 'Other']",['Going Ahead'],['Driving Properly'],['Normal'],['Pedestrian hit at mid-block'],['Coming From Behind Parked Vehicle'],['Inattentive'],[],[],[],D14,True,"['30 to 34', 'Over 95']",4.0
1462,2018-10-18 08:00:00,2208,2018,GODSTONE RD,FAIRVIEW MALL DR,,Minor Arterial,North York,43.779563,-79.345691,633123.9262,4848718.8017,At Intersection,Traffic Signal,Clear,"Dark, artificial",Dry,47,Don Valley Village,47,Don Valley Village (47),Non-Fatal Injury,1,0,1,0,0,0,0,0,0,0,0,0,0,Pedestrian Collisions,"['Driver', 'Pedestrian']",South,"['Automobile, Station Wagon']",['Turning Right'],['Driving Properly'],['Normal'],['Vehicle turns right while ped crosses without ROW at inter.'],['Crossing without right of way'],['Normal'],[],[],[],D33,False,"['45 to 49', '50 to 54']",3.0
1463,2018-10-19 08:00:00,630,2018,BATHURST ST,BRIAR HILL AVE,11 m North o,Major Arterial,North York,43.707854,-79.427013,626731.0235,4840626.9126,At Intersection,Traffic Signal,Clear,"Dark, artificial",Dry,102,Forest Hill North,102,Forest Hill North (102),Non-Fatal Injury,1,0,1,0,0,0,0,0,0,0,0,0,0,Pedestrian Collisions,"['Driver', 'Pedestrian']",East,['Pick Up Truck'],['Turning Left'],['Driving Properly'],['Inattentive'],['Vehicle turns left while ped crosses without ROW at inter.'],['Crossing without right of way'],['Inattentive'],[],[],[],D53,False,"['25 to 29', '30 to 34']",3.0
1464,2018-10-19 08:00:00,1844,2018,KING ST W,DUNN AVE,,Major Arterial,Toronto and East York,43.637671,-79.433238,626376.7128,4832822.6533,At Intersection,Traffic Signal,Clear,"Dark, artificial",Dry,85,South Parkdale,85,South Parkdale (85),Non-Fatal Injury,1,0,1,0,0,0,0,1,0,0,0,0,0,Pedestrian Collisions,"['Driver', 'Pedestrian', 'Passenger']",Unknown,"['Automobile, Station Wagon']",['Going Ahead'],['Driving Properly'],['Normal'],['Vehicle is going straight thru inter.while ped cross without ROW'],['Other'],['Inattentive'],[],[],[],D14,False,"['65 to 69', '45 to 49', '55 to 59']",3.0
1465,2018-10-19 08:00:00,1904,2018,ELLESMERE RD,MIDLAND AVE,9 m East of,Major Arterial,Scarborough,43.767852,-79.271076,639155.4973,4847540.8027,At Intersection,Traffic Signal,Clear,"Dark, artificial",Dry,156,Bendale-Glen Andrew,127,Bendale (127),Non-Fatal Injury,1,0,1,0,0,0,0,0,0,0,0,0,0,Pedestrian Collisions,"['Driver', 'Pedestrian']",East,"['Automobile, Station Wagon']",['Going Ahead'],['Driving Properly'],['Normal'],['Vehicle is going straight thru inter.while ped cross without ROW'],['Crossing without right of way'],['Inattentive'],[],[],[],D41,False,"['30 to 34', '15 to 19']",3.0
1466,2018-10-21 08:00:00,1213,2018,BREMNER BLVD,LOWER SIMCOE ST,44 m East of,Minor Arterial,Toronto and East York,43.642443,-79.383289,630395.3718,4833429.9074,Non Intersection,No Control,Clear,Daylight,Dry,165,Harbourfront-CityPlace,77,Waterfront Communities-The Island (77),Non-Fatal Injury,0,0,1,1,0,0,0,0,0,1,0,0,0,Turning Movement,"['Motorcycle Driver', 'Driver']",East,"['Motorcycle', 'Automobile, Station Wagon']","['Overtaking', 'Turning Left']","['Improper Passing', 'Driving Properly']",['Normal'],[],[],[],[],[],[],D52,False,"['35 to 39', '45 to 49']",3.0
1467,2018-10-22 08:00:00,755,2018,PHARMACY AVE,CAMILLA CRES,,Minor Arterial,Scarborough,43.713446,-79.292461,637558.8139,4841462.4857,At Intersection,No Control,Clear,Daylight,Dry,120,Clairlea-Birchmount,120,Clairlea-Birchmount (120),Non-Fatal Injury,1,0,1,0,0,0,0,1,0,0,0,0,0,Pedestrian Collisions,"['Passenger', 'Pedestrian', 'Driver']",North,"['Automobile, Station Wagon']",['Going Ahead'],['Driving Properly'],['Normal'],['Vehicle is going straight thru inter.while ped cross without ROW'],['Crossing without right of way'],['Normal'],[],[],[],D41,False,"['25 to 29', '20 to 24', '50 to 54']",3.0
1468,2018-10-22 08:00:00,1840,2018,DUNDAS ST W,WINDERMERE AVE,7 m West of,Major Arterial,North York,43.665557,-79.485881,622073.9239,4835840.9491,Intersection Related,No Control,Clear,"Dark, artificial",Dry,89,Runnymede-Bloor West Village,89,Runnymede-Bloor West Village (89),Non-Fatal Injury,1,0,0,0,1,0,0,0,0,1,0,0,0,Pedestrian Collisions,"['Truck Driver', 'Pedestrian']",South,"['Truck - Closed (Blazer, etc)']",['Turning Right'],['Failed to Yield Right of Way'],['Normal'],['Pedestrian hit on sidewalk or shoulder'],['On Sidewalk or Shoulder'],['Normal'],[],[],[],D11,False,"['60 to 64', '75 to 79']",3.0
1469,2018-10-24 08:00:00,1026,2018,1315 LAWRENCE AVE E,,300 m East o,Major Arterial,North York,43.740798,-79.323734,634977.9916,4844448.8998,Non Intersection,No Control,Clear,Daylight,Dry,43,Victoria Village,43,Victoria Village (43),Non-Fatal Injury,0,0,1,0,0,0,0,0,1,1,0,0,0,SMV Other,['Driver'],East,"['Automobile, Station Wagon']","['Turning Left', 'Going Ahead']","['Improper Turn', 'Driving Properly']","['Inattentive', 'Normal']",[],[],[],[],[],[],D33,False,"['unknown', '45 to 49']",3.0