accident_number,date,time,year,street1,street2,offset,road_class,district,latitude,longitude,x,y,accident_location,traffctl,visibility,light,road_surface_condition,hood_158,neighbourhood_new,hood_140,neighbourhood_old,accident_class,pedestrian,cyclist,automobile,motorcycle,truck,trsn_city_veh,emerg_veh,passenger,speeding,aggressive_driving,redlight,alcohol,disability,impact_type,involvement_type,initial_direction,vehicle_type,manoeuver,driver_action,driver_condition,pedestrian_type,pedestrian_action,pedestrian_condition,cyclist_type,cyclist_action,cyclist_condition,division,injury,involvement_age,injury_severity_score
1470,2018-10-24 08:00:00,1455,2018,MARLEE AVE,DELL PARK AVE,,Minor Arterial,North York,43.71408,-79.445865,625199.1942,4841289.7499,At Intersection,No Control,Clear,Daylight,Dry,31,Yorkdale-Glen Park,31,Yorkdale-Glen Park (31),Non-Fatal Injury,0,1,1,0,0,0,0,0,0,1,0,0,0,Cyclist Collisions,"['Driver', 'Cyclist']",North,"['Automobile, Station Wagon', 'Bicycle']","['Turning Right', 'Going Ahead']",['Failed to Yield Right of Way'],['Normal'],[],[],[],"['Motorist turns right at non-signal Inter.(stop, yield, no cont.,and dwy) and strikes cyclist.']",['Driving Properly'],['Normal'],D13,False,"['25 to 29', '30 to 34']",3.0
1471,2018-10-24 08:00:00,2238,2018,SIMCOE ST,ADELAIDE ST W,,Major Arterial,Toronto and East York,43.648566,-79.386577,630116.9558,4834104.7857,At Intersection,Traffic Signal,Clear,"Dark, artificial",Dry,170,Yonge-Bay Corridor,76,Bay Street Corridor (76),Non-Fatal Injury,1,0,1,0,0,0,0,1,0,0,0,0,0,Pedestrian Collisions,"['Driver', 'Passenger', 'Pedestrian']",East,"['Automobile, Station Wagon']",['Going Ahead'],['Driving Properly'],['Normal'],['Vehicle is going straight thru inter.while ped cross without ROW'],['Crossing without right of way'],['Other'],[],[],[],D52,False,"['35 to 39', '25 to 29']",3.0
1472,2018-10-25 08:00:00,2020,2018,WILFRED AVE,OLIVE AVE,20 m North o,Collector,North York,43.781642,-79.401424,628634.5343,4848861.597,Intersection Related,No Control,Clear,"Dark, artificial",Dry,152,East Willowdale,51,Willowdale East (51),Non-Fatal Injury,1,0,0,0,0,0,0,0,0,0,0,0,0,Pedestrian Collisions,"['Driver', 'Pedestrian']",Unknown,[],['Unknown'],['Other'],['Unknown'],['Unknown'],['Other'],['Inattentive'],[],[],[],D32,False,"['unknown', '65 to 69']",3.0
1473,2018-10-25 08:00:00,2209,2018,BROWNS LINE,VALERMO DR,,Major Arterial,Etobicoke York,43.605952,-79.547092,617254.6898,4829132.8274,At Intersection,Traffic Signal,Clear,"Dark, artificial",Dry,20,Alderwood,20,Alderwood (20),Non-Fatal Injury,0,0,1,1,0,0,0,1,0,1,0,0,0,Turning Movement,"['Driver', 'Motorcycle Driver', 'Motorcycle Passenger']",North,"['Automobile, Station Wagon', 'Motorcycle']","['Turning Left', 'Going Ahead']","['Failed to Yield Right of Way', 'Driving Properly']",['Normal'],[],[],[],[],[],[],D22,False,"['50 to 54', '10 to 14']",3.0
1474,2018-10-26 08:00:00,1157,2018,DANFORTH AVE,BROADVIEW AVE,12 m East of,Major Arterial,Toronto and East York,43.676131,-79.358829,632294.2001,4837210.1293,At Intersection,Traffic Signal,Clear,Daylight,Dry,68,North Riverdale,68,North Riverdale (68),Non-Fatal Injury,0,0,1,0,0,0,0,0,0,0,0,0,0,Sideswipe,['Driver'],West,"['Automobile, Station Wagon']","['Reversing', 'Stopped']",['Other'],"['Unknown', 'Normal']",[],[],[],[],[],[],D55,False,"['unknown', '65 to 69']",3.0
1475,2018-10-29 08:00:00,535,2018,ST CLAIR AVE W,OLD WESTON RD,,Major Arterial,Etobicoke York,43.673464,-79.463008,623901.7768,4836753.0363,At Intersection,Traffic Signal,Clear,"Dark, artificial",Dry,91,Weston-Pelham Park,91,Weston-Pellam Park (91),Non-Fatal Injury,1,0,1,0,0,0,0,0,0,1,0,0,0,Pedestrian Collisions,"['Driver', 'Pedestrian']",North,"['Automobile, Station Wagon']",['Going Ahead'],['Driving Properly'],['Normal'],['Vehicle is going straight thru inter.while ped cross without ROW'],['Crossing without right of way'],['Normal'],[],[],[],D11,False,"['20 to 24', '30 to 34']",3.0
1476,2018-10-30 08:00:00,1037,2018,STEELES AVE E,WARDEN AVE,,Major Arterial,Scarborough,43.81956,-79.324397,634747.5494,4853195.5676,At Intersection,Traffic Signal,Clear,Daylight,Dry,116,Steeles,116,Steeles (116),Non-Fatal Injury,0,1,1,0,0,0,0,0,0,0,0,0,0,Cyclist Collisions,"['Cyclist', 'Driver']",North,"['Bicycle', 'Automobile, Station Wagon']",['Turning Right'],['Driving Properly'],['Normal'],[],[],[],['Cyclist turns right across motorists path'],['Failed to Yield Right of Way'],['Normal'],D42,False,"['80 to 84', '45 to 49']",3.0
1477,2018-10-31 08:00:00,609,2018,CARLAW AVE,LAKE SHORE BLVD E,,Major Arterial,Toronto and East York,43.654887,-79.337398,634069.0496,4834885.1017,At Intersection,Traffic Signal,Rain,"Dark, artificial",Wet,70,South Riverdale,70,South Riverdale (70),Non-Fatal Injury,1,0,1,0,0,0,0,0,0,1,0,0,0,Pedestrian Collisions,"['Driver', 'Pedestrian']",North,"['Automobile, Station Wagon']",['Turning Left'],['Failed to Yield Right of Way'],['Normal'],['Vehicle turns left while ped crosses with ROW at inter.'],['Crossing with right of way'],['Normal'],[],[],[],D55,False,"['30 to 34', '20 to 24']",3.0
1478,2018-10-31 08:00:00,727,2018,DUNDAS ST E,SHERBOURNE ST,17 m West of,Major Arterial,Scarborough,43.658221,-79.37099,631352.9556,4835201.6583,Intersection Related,No Control,Rain,Dark,Wet,73,Moss Park,73,Moss Park (73),Non-Fatal Injury,1,0,1,0,0,0,0,0,0,1,0,0,0,Pedestrian Collisions,"['Driver', 'Pedestrian']",South,"['Automobile, Station Wagon']",['Going Ahead'],['Driving Properly'],['Normal'],['Pedestrian hit at mid-block'],['Running onto Roadway'],['Inattentive'],[],[],[],D51,False,"['40 to 44', '35 to 39']",3.0
1479,2018-10-31 08:00:00,1100,2018,1491 LAKE SHORE BLVD W,,25 m West of,Major Arterial,Toronto and East York,43.636973,-79.4453,625405.2214,4832726.8375,Non Intersection,No Control,Rain,"Daylight, artificial",Wet,85,South Parkdale,85,South Parkdale (85),Non-Fatal Injury,0,0,1,0,0,0,0,1,0,0,0,0,0,Sideswipe,"['Driver', 'Passenger']",East,"['Automobile, Station Wagon']",['Going Ahead'],['Lost control'],['Normal'],[],[],[],[],[],[],D14,False,"['35 to 39', '15 to 19', '40 to 44']",3.0
1480,2018-11-01 08:00:00,1712,2018,AVENUE RD,GLENGARRY AVE,,Major Arterial,North York,43.722941,-79.415889,627595.2365,4842319.6042,Intersection Related,No Control,Rain,Dark,Dry,39,Bedford Park-Nortown,39,Bedford Park-Nortown (39),Fatal,0,0,1,0,0,1,0,1,0,0,0,0,0,Rear End,"['Driver', 'Passenger']",South,"['Taxi', 'Automobile, Station Wagon', 'Municipal Transit Bus (TTC)']","['Going Ahead', 'Stopped']","['Lost control', 'Driving Properly']",['Unknown'],[],[],[],[],[],[],D32,True,"['45 to 49', 'unknown', '55 to 59']",4.0
1481,2018-11-01 08:00:00,1835,2018,DANFORTH AVE,WESTLAKE AVE,,Major Arterial,Toronto and East York,43.687472,-79.304965,636610.4639,4838557.0278,At Intersection,Traffic Signal,Rain,"Dark, artificial",Wet,62,East End-Danforth,62,East End-Danforth (62),Non-Fatal Injury,1,0,1,0,0,0,0,1,0,0,0,0,0,Pedestrian Collisions,"['Driver', 'Passenger', 'Pedestrian']",North,"['Automobile, Station Wagon']",['Turning Left'],['Improper Turn'],['Normal'],['Vehicle turns left while ped crosses with ROW at inter.'],['Crossing with right of way'],['Normal'],[],[],[],D55,False,"['75 to 79', '70 to 74', '30 to 34']",3.0
1482,2018-11-01 08:00:00,2043,2018,KIPLING  AVE,ANNABELLE  DR,,Major Arterial,Etobicoke York,43.750846,-79.58575,613860.4566,4845171.3577,At Intersection,Traffic Signal,Clear,Dark,Dry,2,Mount Olive-Silverstone-Jamestown,2,Mount Olive-Silverstone-Jamestown (2),Fatal,1,0,1,0,0,0,0,0,0,0,0,0,0,Pedestrian Collisions,"['Pedestrian', 'Driver']",South,"['Automobile, Station Wagon']",['Going Ahead'],['Driving Properly'],['Normal'],['Vehicle is going straight thru inter.while ped cross without ROW'],['Crossing without right of way'],['Normal'],[],[],[],D23,True,"['90 to 94', '70 to 74']",4.0
1483,2018-11-01 08:00:00,2215,2018,WILSON AVE,DUBRAY AVE,,Major Arterial,North York,43.728091,-79.477702,622605.8406,4842798.2744,At Intersection,Traffic Signal,Rain,"Daylight, artificial",Wet,155,Downsview,26,Downsview-Roding-CFB (26),Non-Fatal Injury,0,0,1,0,0,0,0,0,0,0,0,0,0,Turning Movement,['Driver'],West,"['Automobile, Station Wagon']","['Going Ahead', 'Making U Turn']","['Driving Properly', 'Improper Turn']","['Normal', 'Inattentive']",[],[],[],[],[],[],D31,False,"['30 to 34', '50 to 54']",3.0
1484,2018-11-01 08:00:00,2222,2018,ALBION RD,HUMBERLINE DR,1 m South of,Major Arterial,Etobicoke York,43.746806,-79.621974,610951.529,4844673.5054,At Intersection,Traffic Signal,Rain,Dark,Wet,1,West Humber-Clairville,1,West Humber-Clairville (1),Non-Fatal Injury,1,0,1,0,0,0,0,0,0,0,0,0,0,Pedestrian Collisions,"['Driver', 'Pedestrian']",West,"['Automobile, Station Wagon']",['Turning Left'],['Driving Properly'],['Unknown'],['Vehicle turns left while ped crosses without ROW at inter.'],['Other'],['Other'],[],[],[],D23,False,"['50 to 54', '30 to 34']",3.0
1485,2018-11-02 08:00:00,1940,2018,MCNICOLL AVE,VICTORIA PARK AVE,100 m East o,Minor Arterial,Scarborough,43.804274,-79.334911,633936.1997,4851480.7389,Non Intersection,No Control,Clear,"Dark, artificial",Wet,116,Steeles,116,Steeles (116),Non-Fatal Injury,0,0,1,0,0,0,0,0,0,0,0,0,0,SMV Other,['Driver'],East,"['Automobile, Station Wagon']",['Going Ahead'],['Lost control'],"['Ability Impaired, Drugs']",[],[],[],[],[],[],D42,False,['30 to 34'],3.0
1486,2018-11-05 10:00:00,912,2018,BIRCHMOUNT RD,ALLANFORD RD,,Major Arterial,Scarborough,43.774165,-79.295017,637214.1043,4848202.0034,At Intersection,Traffic Signal,Rain,Daylight,Wet,118,Tam O'Shanter-Sullivan,118,Tam O'Shanter-Sullivan (118),Non-Fatal Injury,1,0,1,0,0,0,0,0,0,0,0,0,0,Pedestrian Collisions,"['Driver', 'Pedestrian']",East,"['Automobile, Station Wagon']",['Turning Left'],['Improper Turn'],['Normal'],['Vehicle turns left while ped crosses with ROW at inter.'],['Crossing with right of way'],['Normal'],[],[],[],D42,False,"['30 to 34', '75 to 79']",3.0
1487,2018-11-05 10:00:00,1855,2018,DUFFERIN ST,WINGOLD AVE,15 m South o,Major Arterial,North York,43.703753,-79.452434,624691.4108,4840132.8909,Intersection Related,No Control,Clear,"Dark, artificial",Wet,31,Yorkdale-Glen Park,31,Yorkdale-Glen Park (31),Non-Fatal Injury,1,0,1,0,0,0,0,0,0,0,0,0,0,Pedestrian Collisions,"['Driver', 'Pedestrian']",South,"['Automobile, Station Wagon']",['Going Ahead'],['Driving Properly'],['Normal'],['Pedestrian hit at mid-block'],"['Crossing, no Traffic Control']",['Inattentive'],[],[],[],D13,False,"['70 to 74', '65 to 69']",3.0
1488,2018-11-06 10:00:00,2315,2018,STEELES AVE W,ALNESS ST,,Major Arterial,North York,43.784629,-79.481014,622223.9303,4849072.7602,At Intersection,Traffic Signal,Rain,"Dark, artificial",Wet,27,York University Heights,27,York University Heights (27),Non-Fatal Injury,0,1,1,0,0,0,0,0,0,0,0,0,0,Cyclist Collisions,"['Driver', 'Cyclist']",East,"['Automobile, Station Wagon', 'Bicycle']","['Turning Left', 'Going Ahead']",['Improper Turn'],['Inattentive'],[],[],[],['Motorist turned left across cyclists path.'],['Driving Properly'],['Normal'],D32,False,"['20 to 24', '15 to 19']",3.0
1489,2018-11-07 10:00:00,1850,2018,MIDDLEFIELD RD,ARBOR LOW GT,20 m North o,Minor Arterial,Scarborough,43.811759,-79.258502,640064.9455,4852438.5826,Intersection Related,No Control,Clear,"Dark, artificial",Dry,130,Milliken,130,Milliken (130),Non-Fatal Injury,1,0,1,0,0,0,0,0,0,0,0,0,0,Pedestrian Collisions,"['Driver', 'Pedestrian']",East,"['Automobile, Station Wagon']",['Going Ahead'],['Driving Properly'],['Normal'],['Pedestrian hit at mid-block'],"['Crossing, no Traffic Control']",['Inattentive'],[],[],[],D42,False,"['80 to 84', '65 to 69']",3.0
1490,2018-11-08 10:00:00,1400,2018,LA ROSE AVE,ROYAL YORK RD,,Minor Arterial,Etobicoke York,43.684085,-79.52737,618692.3665,4837838.5171,At Intersection,Traffic Signal,Clear,"Daylight, artificial",Dry,8,Humber Heights-Westmount,8,Humber Heights-Westmount (8),Non-Fatal Injury,1,0,1,0,0,0,0,0,0,1,0,0,0,Pedestrian Collisions,"['Driver', 'Pedestrian']",West,['Delivery Van'],['Turning Left'],['Failed to Yield Right of Way'],['Normal'],['Vehicle turns left while ped crosses with ROW at inter.'],['Crossing with right of way'],['Normal'],[],[],[],D23,False,"['30 to 34', '65 to 69']",3.0
1491,2018-11-08 10:00:00,1900,2018,LOWTHER AVE,SPADINA RD,,Minor Arterial,Toronto and East York,43.668891,-79.404735,628609.1601,4836333.8352,At Intersection,Traffic Signal,Clear,Dark,Dry,95,Annex,95,Annex (95),Non-Fatal Injury,0,1,1,0,0,0,0,0,0,0,0,0,0,Cyclist Collisions,"['Cyclist', 'Driver']",West,"['Bicycle', 'Automobile, Station Wagon']",['Turning Left'],['Driving Properly'],['Normal'],[],[],[],['Cyclist turned left across motorists path.'],['Improper Turn'],['Normal'],D53,False,"['20 to 24', '25 to 29']",3.0
1492,2018-11-09 10:00:00,650,2018,ELLESMERE RD,BIRCHMOUNT RD,,Major Arterial,Scarborough,43.763205,-79.291911,637489.183,4846989.8782,Non Intersection,No Control,Clear,"Dawn, artificial",Dry,119,Wexford/Maryvale,119,Wexford/Maryvale (119),Fatal,1,0,1,0,0,1,0,0,0,0,0,0,0,Pedestrian Collisions,"['Driver', 'Pedestrian']",Unknown,"['Municipal Transit Bus (TTC)', 'Automobile, Station Wagon']",['Going Ahead'],['Lost control'],['Unknown'],['Pedestrian hit on sidewalk or shoulder'],['On Sidewalk or Shoulder'],"['Normal', 'Unknown']",[],[],[],D41,True,"['unknown', '30 to 34', '45 to 49', '55 to 59']",4.0
1493,2018-11-11 10:00:00,1420,2018,235 POPLAR RD,,30 m North o,Collector,Scarborough,43.765837,-79.191051,645601.4189,4847454.6074,Intersection Related,No Control,Clear,"Daylight, artificial",Dry,136,West Hill,136,West Hill (136),Non-Fatal Injury,1,0,1,0,0,0,0,0,1,1,0,0,0,Pedestrian Collisions,"['Driver', 'Pedestrian']",North,"['Automobile, Station Wagon']",['Going Ahead'],['Exceeding Speed Limit'],['Unknown'],['Pedestrian hit at mid-block'],"['Crossing, no Traffic Control']",['Normal'],[],[],[],D43,False,"['unknown', '10 to 14']",3.0
1494,2018-11-12 10:00:00,1754,2018,WESTON RD,LAWRENCE AVE W,,Major Arterial,Etobicoke York,43.700087,-79.516155,619564.4888,4839631.8669,At Intersection,Traffic Signal,Clear,Dark,Dry,113,Weston,113,Weston (113),Non-Fatal Injury,1,0,1,0,0,0,0,0,0,1,0,0,0,Pedestrian Collisions,"['Driver', 'Pedestrian']",North,['Pick Up Truck'],['Turning Left'],['Failed to Yield Right of Way'],['Inattentive'],['Vehicle turns left while ped crosses with ROW at inter.'],['Crossing with right of way'],['Normal'],[],[],[],D12,False,"['75 to 79', '55 to 59']",3.0
1495,2018-11-12 10:00:00,1822,2018,ELLESMERE  RD,NEILSON  RD,,Major Arterial,Scarborough,43.783148,-79.202258,644657.6128,4849357.6222,Non Intersection,No Control,Clear,"Dark, artificial",Dry,135,Morningside,135,Morningside (135),Fatal,1,0,1,0,0,0,0,0,0,0,0,0,0,Pedestrian Collisions,"['Driver', 'Pedestrian']",East,"['Automobile, Station Wagon']",['Going Ahead'],['Driving Properly'],['Normal'],['Pedestrian hit at mid-block'],['Other'],['Unknown'],[],[],[],D43,True,"['75 to 79', '50 to 54']",4.0
1496,2018-11-14 10:00:00,827,2018,KEELE ST,FOUR WINDS DR,,Major Arterial,North York,43.765643,-79.491611,621409.6601,4846948.4871,At Intersection,Traffic Signal,Clear,Daylight,Dry,27,York University Heights,27,York University Heights (27),Non-Fatal Injury,1,0,1,0,0,0,0,0,0,1,1,0,0,Pedestrian Collisions,"['Driver', 'Pedestrian']",Unknown,"['Automobile, Station Wagon', 'Pick Up Truck']","['Turning Left', 'Going Ahead']","['Failed to Yield Right of Way', 'Disobeyed Traffic Control']",['Normal'],['Pedestrian hit on sidewalk or shoulder'],['On Sidewalk or Shoulder'],['Normal'],[],[],[],D31,False,"['20 to 24', '30 to 34', '50 to 54', '10 to 14']",3.0
1497,2018-11-14 10:00:00,1107,2018,YORK MILLS RD,SCARSDALE RD,,Major Arterial,North York,43.753421,-79.357456,632234.7673,4845796.4825,At Intersection,Traffic Signal,Clear,Daylight,Dry,42,Banbury-Don Mills,42,Banbury-Don Mills (42),Non-Fatal Injury,1,0,0,0,1,0,0,0,0,1,0,0,0,Pedestrian Collisions,"['Truck Driver', 'Pedestrian']",North,"['Truck - Closed (Blazer, etc)']",['Turning Right'],['Failed to Yield Right of Way'],['Inattentive'],['Vehicle turns right while ped crosses with ROW at inter.'],['Crossing with right of way'],['Medical or Physical Disability'],[],[],[],D33,False,['45 to 49'],3.0
1498,2018-11-16 10:00:00,1011,2018,BRUCEWOOD CRES,COVINGTON RD,4 m South of,Collector,North York,43.720133,-79.433635,626171.7322,4841980.5668,At Intersection,Stop Sign,Snow,Daylight,Slush,32,Englemount-Lawrence,32,Englemount-Lawrence (32),Non-Fatal Injury,1,0,1,0,0,0,0,0,0,0,0,0,0,Pedestrian Collisions,"['Driver', 'Pedestrian']",South,['Pick Up Truck'],['Turning Left'],['Improper Turn'],['Unknown'],['Vehicle turns left while ped crosses with ROW at inter.'],['Crossing with right of way'],['Normal'],[],[],[],D32,False,['25 to 29'],3.0
1499,2018-11-16 10:00:00,2016,2018,STEELES AVE E,BAYVIEW AVE,,Major Arterial,North York,43.803198,-79.39619,629009.3184,4851263.8738,At Intersection,Traffic Signal,Snow,"Dark, artificial",Wet,49,Bayview Woods-Steeles,49,Bayview Woods-Steeles (49),Non-Fatal Injury,1,0,1,0,0,0,0,0,0,1,0,0,0,Pedestrian Collisions,"['Driver', 'Pedestrian']",South,"['Automobile, Station Wagon']",['Turning Left'],['Failed to Yield Right of Way'],['Normal'],['Vehicle turns left while ped crosses with ROW at inter.'],['Crossing with right of way'],['Normal'],[],[],[],D33,False,"['20 to 24', '15 to 19']",3.0
1500,2018-11-18 10:00:00,720,2018,BLOOR ST W,AVENUE RD,,Major Arterial,Toronto and East York,43.668646,-79.394099,629467.1625,4836323.1689,At Intersection,Traffic Signal,Clear,Daylight,Dry,169,Bay-Cloverhill,76,Bay Street Corridor (76),Non-Fatal Injury,0,0,1,0,0,0,0,1,0,1,1,0,0,Angle,"['Driver', 'Passenger']",East,"['Automobile, Station Wagon', 'Delivery Van']",['Going Ahead'],"['Disobeyed Traffic Control', 'Driving Properly']","['Inattentive', 'Normal']",[],[],[],[],[],[],D52,False,"['20 to 24', '25 to 29', '30 to 34']",3.0
1501,2018-11-19 10:00:00,617,2018,MCCOWAN RD,ALTON TOWERS CRCL,,Major Arterial,Scarborough,43.822432,-79.273952,638797.5894,4853597.9546,At Intersection,Traffic Signal,Clear,Dark,Dry,130,Milliken,130,Milliken (130),Non-Fatal Injury,1,0,1,0,0,0,0,1,0,1,0,0,0,Pedestrian Collisions,"['Driver', 'Passenger', 'Pedestrian']",East,"['Automobile, Station Wagon']",['Turning Left'],['Failed to Yield Right of Way'],['Inattentive'],['Vehicle turns left while ped crosses with ROW at inter.'],['Crossing with right of way'],['Normal'],[],[],[],D42,False,"['60 to 64', '20 to 24', '30 to 34']",3.0
1502,2018-11-19 10:00:00,847,2018,WALPOLE AVE,GLENSIDE AVE,9 m West of,Collector,Toronto and East York,43.674464,-79.327205,634847.1617,4837075.9122,At Intersection,Stop Sign,Clear,Daylight,Dry,65,Greenwood-Coxwell,65,Greenwood-Coxwell (65),Non-Fatal Injury,1,0,1,0,0,0,0,0,0,0,0,0,0,Pedestrian Collisions,"['Driver', 'Pedestrian']",North,"['Automobile, Station Wagon']",['Turning Left'],['Driving Properly'],['Normal'],['Vehicle turns left while ped crosses without ROW at inter.'],['Running onto Roadway'],['Inattentive'],[],[],[],D55,False,"['60 to 64', '0 to 4']",3.0
1503,2018-11-19 10:00:00,1353,2018,828 DUNDAS ST W,,26 m East of,Major Arterial,Toronto and East York,43.65148,-79.409694,628246.4289,4834392.4374,Intersection Related,No Control,Clear,Daylight,Dry,81,Trinity-Bellwoods,81,Trinity-Bellwoods (81),Non-Fatal Injury,0,0,1,0,0,0,0,0,0,0,0,0,1,SMV Other,"['Driver', 'Other']",East,"['Automobile, Station Wagon']",['Turning Left'],['Driving Properly'],['Medical or Physical Disability'],[],[],[],[],[],[],D14,False,"['65 to 69', 'unknown']",3.0
1504,2018-11-19 10:00:00,1837,2018,ST CLAIR AVE W,WINONA DR,,Major Arterial,Etobicoke York,43.680205,-79.43246,626350.2218,4837547.7976,At Intersection,Traffic Controller,Clear,"Dark, artificial",Dry,94,Wychwood,94,Wychwood (94),Non-Fatal Injury,1,0,1,0,0,0,0,0,0,0,0,0,0,Pedestrian Collisions,"['Driver', 'Pedestrian']",East,"['Automobile, Station Wagon']",['Going Ahead'],['Driving Properly'],['Normal'],['Vehicle is going straight thru inter.while ped cross without ROW'],['Crossing without right of way'],['Normal'],[],[],[],D13,False,"['65 to 69', '45 to 49']",3.0
1505,2018-11-20 10:00:00,130,2018,MCCOWAN RD,LAWRENCE AVE E,50 m South o,Major Arterial,Scarborough,43.75495,-79.245265,641263.3288,4846151.5373,Non Intersection,No Control,Clear,"Dark, artificial",Dry,157,Bendale South,127,Bendale (127),Non-Fatal Injury,1,0,1,0,0,0,0,0,0,0,0,0,0,Pedestrian Collisions,"['Driver', 'Pedestrian']",South,"['Automobile, Station Wagon']",['Going Ahead'],['Other'],['Unknown'],['Pedestrian hit at mid-block'],"['Crossing, no Traffic Control']",['Inattentive'],[],[],[],D43,False,['20 to 24'],3.0
1506,2018-11-20 10:00:00,1606,2018,DUFFERIN ST,STEEPROCK DR,52 m North o,Major Arterial,North York,43.761832,-79.465358,623530.6148,4846564.0428,Non Intersection,No Control,Clear,"Dusk, artificial",Dry,34,Bathurst Manor,34,Bathurst Manor (34),Non-Fatal Injury,1,0,1,0,0,0,0,0,0,0,0,0,0,Pedestrian Collisions,"['Driver', 'Pedestrian']",East,"['Automobile, Station Wagon']",['Going Ahead'],['Driving Properly'],['Normal'],['Pedestrian hit at mid-block'],"['Crossing, no Traffic Control']",['Inattentive'],[],[],[],D32,False,"['60 to 64', '20 to 24']",3.0
1507,2018-11-20 10:00:00,1804,2018,665 LAWRENCE AVE W,,,Major Arterial,North York,43.715853,-79.444942,625269.8562,4841488.0611,At Intersection,Traffic Signal,Clear,"Dark, artificial",Dry,31,Yorkdale-Glen Park,31,Yorkdale-Glen Park (31),Fatal,1,0,0,0,0,1,0,0,0,0,0,0,0,Pedestrian Collisions,"['Driver', 'Pedestrian']",West,['Municipal Transit Bus (TTC)'],['Turning Left'],['Driving Properly'],['Inattentive'],['Pedestrian involved in a collision with transit vehicle anywhere along roadway'],['Crossing marked crosswalk without ROW'],['Inattentive'],[],[],[],D13,True,"['50 to 54', '55 to 59']",4.0
1508,2018-11-21 10:00:00,1306,2018,EGLINTON  AVE W,WESTON RD,30 m East of,Major Arterial,Etobicoke York,43.686923,-79.48949,621739.7377,4838208.6237,Intersection Related,No Control,Clear,Daylight,Loose Sand or Gravel,115,Mount Dennis,115,Mount Dennis (115),Non-Fatal Injury,0,0,1,0,0,0,0,0,0,0,0,0,0,Sideswipe,['Driver'],West,"['Construction Equipment', 'Automobile, Station Wagon']","['Pulling Away from Shoulder or Curb', 'Going Ahead']","['Other', 'Driving Properly']","['Inattentive', 'Normal']",[],[],[],[],[],[],D12,False,['45 to 49'],3.0
1509,2018-11-21 10:00:00,1952,2018,DANFORTH RD,KENNEDY RD,,Minor Arterial,Scarborough,43.714774,-79.260837,640103.3691,4841662.9498,At Intersection,Traffic Signal,Clear,Dark,Wet,120,Clairlea-Birchmount,120,Clairlea-Birchmount (120),Non-Fatal Injury,1,0,1,0,0,0,0,0,0,0,0,0,0,Pedestrian Collisions,"['Driver', 'Pedestrian']",North,"['Automobile, Station Wagon']",['Turning Left'],['Improper Turn'],['Inattentive'],['Vehicle turns left while ped crosses with ROW at inter.'],['Crossing with right of way'],['Normal'],[],[],[],D41,False,"['unknown', '20 to 24']",3.0
1510,2018-11-22 10:00:00,900,2018,STEELES AVE E,SILVER STAR BLVD,3 m  of,Major Arterial,Scarborough,43.825247,-79.300037,636693.5557,4853867.1692,At Intersection,Traffic Signal,Clear,Daylight,Dry,130,Milliken,130,Milliken (130),Non-Fatal Injury,0,1,1,0,0,0,0,1,0,1,0,0,0,Cyclist Collisions,"['Driver', 'Cyclist', 'Passenger']",North,"['Automobile, Station Wagon', 'Bicycle']","['Turning Left', 'Going Ahead']",['Failed to Yield Right of Way'],['Inattentive'],[],[],[],['Motorist turned left across cyclists path.'],['Driving Properly'],['Normal'],D42,False,"['45 to 49', '65 to 69', '60 to 64']",3.0
1511,2018-11-23 10:00:00,1739,2018,DUNDALK DR,GLAMORGAN AVE,30 m South o,Collector,Scarborough,43.767878,-79.285014,638033.6004,4847520.3611,Non Intersection,No Control,Clear,Daylight,Dry,126,Dorset Park,126,Dorset Park (126),Non-Fatal Injury,1,0,1,0,0,0,0,0,0,0,0,0,0,Pedestrian Collisions,"['Driver', 'Pedestrian']",North,['Pick Up Truck'],['Going Ahead'],['Other'],['Unknown'],['Pedestrian hit at mid-block'],['Other'],['Normal'],[],[],[],D41,False,"['unknown', '45 to 49']",3.0
1512,2018-11-24 10:00:00,1731,2018,WARDEN AVE,HUNTINGWOOD DR,,Major Arterial,Scarborough,43.785407,-79.310916,635909.0914,4849424.3766,At Intersection,Traffic Signal,Rain,"Dark, artificial",Wet,118,Tam O'Shanter-Sullivan,118,Tam O'Shanter-Sullivan (118),Non-Fatal Injury,1,0,1,0,0,0,0,1,0,0,0,0,0,Pedestrian Collisions,"['Driver', 'Passenger', 'Pedestrian']",North,"['Automobile, Station Wagon']",['Turning Left'],['Improper Turn'],['Inattentive'],['Vehicle turns left while ped crosses without ROW at inter.'],['Crossing without right of way'],['Normal'],[],[],[],D42,False,"['50 to 54', '45 to 49', '60 to 64', '55 to 59']",3.0
1513,2018-11-24 10:00:00,1855,2018,KING ST E,SACKVILLE ST,,Major Arterial,Toronto and East York,43.654338,-79.360309,632222.7348,4834787.3643,At Intersection,Pedestrian Crossover,Rain,"Dark, artificial",Wet,73,Moss Park,73,Moss Park (73),Non-Fatal Injury,1,0,1,0,0,0,0,0,0,1,0,0,0,Pedestrian Collisions,"['Driver', 'Pedestrian']",East,"['Automobile, Station Wagon']",['Going Ahead'],['Disobeyed Traffic Control'],['Inattentive'],['Pedestrian hit a PXO/ped. Mid-block signal'],"['Crossing, Pedestrian Crossover']",['Normal'],[],[],[],D51,False,"['55 to 59', '30 to 34']",3.0