accident_number,date,time,year,street1,street2,offset,road_class,district,latitude,longitude,x,y,accident_location,traffctl,visibility,light,road_surface_condition,hood_158,neighbourhood_new,hood_140,neighbourhood_old,accident_class,pedestrian,cyclist,automobile,motorcycle,truck,trsn_city_veh,emerg_veh,passenger,speeding,aggressive_driving,redlight,alcohol,disability,impact_type,involvement_type,initial_direction,vehicle_type,manoeuver,driver_action,driver_condition,pedestrian_type,pedestrian_action,pedestrian_condition,cyclist_type,cyclist_action,cyclist_condition,division,injury,involvement_age,injury_severity_score
1514,2018-11-25 10:00:00,1750,2018,BELLAMY RD N,CEDAR BRAE BLVD,,Minor Arterial,Scarborough,43.741534,-79.232578,642316.4903,4844683.2036,At Intersection,Stop Sign,Clear,"Dark, artificial",Dry,138,Eglinton East,138,Eglinton East (138),Fatal,1,0,1,0,0,0,0,0,0,1,0,0,0,Pedestrian Collisions,"['Pedestrian', 'Driver']",North,"['Automobile, Station Wagon']",['Going Ahead'],['Failed to Yield Right of Way'],['Normal'],['Vehicle is going straight thru inter.while ped cross with ROW'],['Crossing with right of way'],['Normal'],[],[],[],D43,True,"['80 to 84', '25 to 29']",4.0
1515,2018-11-26 10:00:00,1651,2018,EDWARD ST,BAY ST,150 m East o,Collector,Toronto and East York,43.656603,-79.382831,630401.6653,4835003.2806,Non Intersection,No Control,Rain,"Dark, artificial",Wet,170,Yonge-Bay Corridor,76,Bay Street Corridor (76),Non-Fatal Injury,1,0,1,0,0,0,0,1,0,0,0,0,0,Pedestrian Collisions,"['Driver', 'Passenger', 'Pedestrian']",East,"['Automobile, Station Wagon']",['Going Ahead'],['Driving Properly'],['Normal'],['Vehicle hits the pedestrian walking or running out from between parked vehicles at mid-block'],['Coming From Behind Parked Vehicle'],['Normal'],[],[],[],D52,False,"['30 to 34', 'unknown', '60 to 64']",3.0
1516,2018-11-28 10:00:00,1812,2018,DON MILLS RD,DVP S DON MILLS RD N RAMP,15 m South o,Major Arterial,Toronto and East York,43.702132,-79.335933,634081.9091,4840134.6763,Non Intersection,No Control,Clear,Dark,Dry,58,Old East York,58,Old East York (58),Non-Fatal Injury,0,0,1,0,0,0,0,1,0,0,0,0,0,Approaching,"['Driver', 'Passenger']",North,"['Automobile, Station Wagon']",['Going Ahead'],"['Lost control', 'Driving Properly']","['Unknown', 'Normal']",[],[],[],[],[],[],D55,False,"['20 to 24', '40 to 44', '25 to 29']",3.0
1517,2018-11-29 10:00:00,253,2018,MCNICOLL AVE,MARKHAM RD,39 m East of,Minor Arterial,North York,43.824164,-79.246722,640983.1963,4853836.372,Non Intersection,No Control,Clear,"Dark, artificial",Dry,144,Morningside Heights,131,Rouge (131),Non-Fatal Injury,0,0,1,0,0,0,0,0,0,0,0,1,0,SMV Other,['Driver'],North,"['Automobile, Station Wagon']",['Turning Right'],['Improper Turn'],"['Ability Impaired, Alcohol']",[],[],[],[],[],[],D42,False,['20 to 24'],3.0
1518,2018-11-29 10:00:00,1538,2018,3120 STEELES AVE E,,,Major Arterial,North York,43.814654,-79.34518,633087.1185,4852617.0348,At/Near Private Drive,No Control,Clear,Daylight,Dry,48,Hillcrest Village,48,Hillcrest Village (48),Non-Fatal Injury,0,0,1,0,0,0,0,1,0,0,0,0,0,SMV Other,"['Driver', 'Passenger']",East,"['Automobile, Station Wagon']","['Making U Turn', 'Going Ahead']","['Lost control', 'Driving Properly']","['Inattentive', 'Normal']",[],[],[],[],[],[],D33,False,"['75 to 79', '30 to 34', '50 to 54', '85 to 89']",3.0
1519,2018-11-29 10:00:00,1705,2018,KENNEDY RD,PASSMORE AVE,169 m South ,Major Arterial,Scarborough,43.816859,-79.304042,636390.611,4852928.9339,At/Near Private Drive,No Control,Clear,Dusk,Dry,130,Milliken,130,Milliken (130),Non-Fatal Injury,0,1,1,0,0,0,0,1,0,1,0,0,0,Cyclist Collisions,"['Driver', 'Cyclist', 'Passenger']",East,"['Automobile, Station Wagon', 'Bicycle']",['Going Ahead'],['Driving Properly'],['Normal'],[],[],[],"['Cyclist without ROW rides into path of motorist at inter, lnwy, dwy-Cyclist not turn.']",['Other'],['Inattentive'],D42,False,"['60 to 64', '70 to 74', '35 to 39', '0 to 4']",3.0
1520,2018-11-29 10:00:00,2232,2018,HIGH PARK BLVD,RONCESVALLES AVE,,Minor Arterial,Toronto and East York,43.646266,-79.449016,625086.1919,4833753.3365,At Intersection,Traffic Signal,Clear,Dark,Dry,86,Roncesvalles,86,Roncesvalles (86),Non-Fatal Injury,1,0,1,0,0,0,0,0,0,0,0,0,0,Pedestrian Collisions,"['Driver', 'Pedestrian']",North,"['Automobile, Station Wagon']",['Turning Left'],['Improper Turn'],['Inattentive'],['Vehicle turns left while ped crosses with ROW at inter.'],['Crossing with right of way'],['Normal'],[],[],[],D11,False,"['25 to 29', '80 to 84']",3.0
1521,2018-11-30 10:00:00,1440,2018,KEELE ST,ROTHERHAM AVE,,Major Arterial,Etobicoke York,43.685759,-79.473171,623057.361,4838103.4309,At Intersection,Stop Sign,Clear,Daylight,Dry,110,Keelesdale-Eglinton West,110,Keelesdale-Eglinton West (110),Non-Fatal Injury,0,0,1,0,0,0,0,0,0,1,0,0,0,Angle,['Driver'],East,"['Automobile, Station Wagon']",['Going Ahead'],"['Failed to Yield Right of Way', 'Driving Properly']","['Inattentive', 'Normal']",[],[],[],[],[],[],D12,False,"['55 to 59', '30 to 34']",3.0
1522,2018-11-30 10:00:00,1720,2018,EGLINTON AVE W,JANE ST,,Major Arterial,Etobicoke York,43.684405,-79.498782,620995.9037,4837915.3676,At Intersection,Traffic Signal,Clear,Dusk,Dry,115,Mount Dennis,115,Mount Dennis (115),Non-Fatal Injury,0,0,1,0,0,0,0,1,0,1,0,0,0,Turning Movement,"['Driver', 'Passenger']",East,"['Automobile, Station Wagon']","['Turning Left', 'Going Ahead']","['Failed to Yield Right of Way', 'Driving Properly']","['Inattentive', 'Normal']",[],[],[],[],[],[],D12,False,"['35 to 39', '80 to 84', '40 to 44', '0 to 4', '75 to 79']",3.0
1523,2018-11-30 10:00:00,1750,2018,KIPLING AVE,BELFIELD RD,,Major Arterial,Etobicoke York,43.70476,-79.563442,615745.2006,4840083.7633,At Intersection,Traffic Signal,Clear,Dark,Dry,1,West Humber-Clairville,1,West Humber-Clairville (1),Non-Fatal Injury,1,0,1,0,0,0,0,0,0,1,0,0,0,Pedestrian Collisions,"['Driver', 'Pedestrian']",North,"['Automobile, Station Wagon']",['Turning Left'],['Failed to Yield Right of Way'],['Inattentive'],['Vehicle turns left while ped crosses with ROW at inter.'],['Crossing with right of way'],['Normal'],[],[],[],D23,False,"['45 to 49', '65 to 69']",3.0
1524,2018-12-01 10:00:00,1555,2018,BIRCHMOUNT RD,FOXRIDGE DR,,Minor Arterial,Scarborough,43.721755,-79.274471,638988.8866,4842415.3355,At Intersection,Traffic Signal,Clear,Daylight,Dry,124,Kennedy Park,124,Kennedy Park (124),Non-Fatal Injury,0,0,1,0,0,0,0,1,1,1,0,0,0,Turning Movement,"['Driver', 'Passenger']",North,"['Automobile, Station Wagon']","['Going Ahead', 'Turning Left']","['Exceeding Speed Limit', 'Improper Turn']","['Unknown', 'Normal']",[],[],[],[],[],[],D41,False,"['15 to 19', '70 to 74', '55 to 59']",3.0
1525,2018-12-04 10:00:00,1932,2018,MIDLAND AVE,DORCOT AVE,,Major Arterial,Scarborough,43.758383,-79.267612,639456.3076,4846494.9515,Non Intersection,No Control,Clear,Dark,Dry,156,Bendale-Glen Andrew,127,Bendale (127),Fatal,1,0,1,0,0,0,0,0,0,1,0,0,0,Pedestrian Collisions,"['Driver', 'Pedestrian']",East,"['Automobile, Station Wagon']",['Going Ahead'],['Driving Properly'],['Normal'],['Pedestrian hit at mid-block'],"['Crossing, no Traffic Control']",['Normal'],[],[],[],D41,True,"['50 to 54', '55 to 59']",4.0
1526,2018-12-07 10:00:00,27,2018,BAYVIEW AVE,HOLMES AVE,,Major Arterial,North York,43.782843,-79.391666,629417.1588,4849010.1952,At Intersection,No Control,Snow,"Dark, artificial",Wet,52,Bayview Village,52,Bayview Village (52),Non-Fatal Injury,0,0,1,0,0,0,0,0,0,0,0,0,0,Approaching,['Driver'],North,"['Automobile, Station Wagon']",['Going Ahead'],"['Lost control', 'Driving Properly']","['Ability Impaired, Drugs', 'Normal']",[],[],[],[],[],[],D33,False,"['35 to 39', '20 to 24', '25 to 29']",3.0
1527,2018-12-07 10:00:00,300,2018,758 QUEEN ST E,,,Minor Arterial,Toronto and East York,43.659239,-79.347896,633212.8774,4835351.5405,Non Intersection,No Control,Drifting Snow,"Dark, artificial",Loose Snow,70,South Riverdale,70,South Riverdale (70),Non-Fatal Injury,0,1,1,0,0,0,0,0,0,0,0,0,0,Cyclist Collisions,"['Driver', 'Cyclist']",South,"['Automobile, Station Wagon', 'Bicycle']",['Going Ahead'],['Other'],['Unknown'],[],[],[],['Cyclist and Driver travelling in same direction. One vehicle sideswipes the other.'],['Driving Properly'],['Normal'],D55,False,"['unknown', '40 to 44']",3.0
1528,2018-12-07 10:00:00,600,2018,MARTIN GROV RD,REXDALE BLVD,250 m South ,Major Arterial,Etobicoke York,43.711745,-79.580135,614386.9292,4840836.3735,Non Intersection,No Control,Clear,"Dark, artificial",Dry,1,West Humber-Clairville,1,West Humber-Clairville (1),Non-Fatal Injury,1,0,1,0,0,0,0,0,0,0,0,0,0,Pedestrian Collisions,"['Driver', 'Pedestrian']",East,"['Automobile, Station Wagon']",['Going Ahead'],['Driving Properly'],['Normal'],['Pedestrian hit at mid-block'],"['Crossing, no Traffic Control']",['Inattentive'],[],[],[],D23,False,"['65 to 69', '25 to 29']",3.0
1529,2018-12-07 10:00:00,1520,2018,1750 MIDLAND AVE,,,Major Arterial,Scarborough,43.761187,-79.268703,639361.9711,4846804.5422,Non Intersection,No Control,Clear,Daylight,Dry,156,Bendale-Glen Andrew,127,Bendale (127),Non-Fatal Injury,0,0,1,0,0,0,0,1,0,0,0,0,0,Rear End,"['Driver', 'Passenger']",North,"['Automobile, Station Wagon']","['Going Ahead', 'Slowing or Stopping', 'Stopped']","['Other', 'Driving Properly']","['Inattentive', 'Normal']",[],[],[],[],[],[],D41,False,"['45 to 49', '40 to 44', '30 to 34', '10 to 14']",3.0
1530,2018-12-07 10:00:00,1830,2018,FINCH AVE E,WAYSIDE AVE,,Major Arterial,Scarborough,43.80044,-79.299564,636788.2163,4851112.731,Intersection Related,No Control,Clear,Dark,Dry,148,East L'Amoreaux,117,L'Amoreaux (117),Fatal,1,0,1,0,0,0,0,0,0,0,0,0,0,Pedestrian Collisions,"['Driver', 'Pedestrian']",North,['Passenger Van'],['Going Ahead'],['Driving Properly'],['Normal'],['Pedestrian hit at mid-block'],"['Crossing, no Traffic Control']",['Normal'],[],[],[],D42,True,"['60 to 64', '80 to 84']",4.0
1531,2018-12-08 10:00:00,1601,2018,STEELES AVE W,MARTIN GROVE RD,50 m East of,Major Arterial,Etobicoke York,43.757952,-79.60258,612492.1598,4845937.5866,Non Intersection,No Control,Clear,Daylight,Dry,2,Mount Olive-Silverstone-Jamestown,2,Mount Olive-Silverstone-Jamestown (2),Non-Fatal Injury,0,0,0,0,0,1,0,1,0,0,0,0,0,Other,"['Driver', 'Passenger']",West,['Municipal Transit Bus (TTC)'],['Slowing or Stopping'],['Driving Properly'],['Normal'],[],[],[],[],[],[],D23,False,['50 to 54'],3.0
1532,2018-12-09 10:00:00,49,2018,CENTENNIAL PARK RD,RATHBURN RD,25 m North o,Local,Etobicoke York,43.650893,-79.58118,614418.3512,4834076.5151,At Intersection,No Control,Clear,"Dark, artificial",Dry,11,Eringate-Centennial-West Deane,11,Eringate-Centennial-West Deane (11),Non-Fatal Injury,0,0,1,0,0,0,0,0,0,0,0,0,0,SMV Other,['Driver'],South,"['Automobile, Station Wagon']",['Going Ahead'],['Lost control'],['Had Been Drinking'],[],[],[],[],[],[],D22,False,['25 to 29'],3.0
1533,2018-12-09 10:00:00,1650,2018,176 LAWRENCE AVE E,,50 m East of,Major Arterial,North York,43.726988,-79.392947,629434.4451,4842804.6598,Non Intersection,No Control,Clear,Daylight,Dry,103,Lawrence Park South,103,Lawrence Park South (103),Non-Fatal Injury,0,0,1,0,0,0,0,0,0,1,0,0,0,SMV Unattended Vehicle,"['Driver', 'Other']",West,"['Automobile, Station Wagon']","['Going Ahead', 'Parked']",['Lost control'],['Unknown'],[],[],[],[],[],[],D53,False,"['65 to 69', 'unknown']",3.0
1534,2018-12-10 10:00:00,1617,2018,SHEPPARD AVE E,KENNEDY RD,100 m East o,Major Arterial,North York,43.7834,-79.287288,637814.9082,4849240.533,Non Intersection,No Control,Clear,Daylight,Dry,128,Agincourt South-Malvern West,128,Agincourt South-Malvern West (128),Non-Fatal Injury,1,0,1,0,0,0,0,0,0,0,0,0,0,Pedestrian Collisions,"['Driver', 'Pedestrian']",East,"['Automobile, Station Wagon']",['Going Ahead'],['Driving Properly'],['Normal'],['Pedestrian hit at mid-block'],"['Crossing, no Traffic Control']",['Normal'],[],[],[],D42,False,"['50 to 54', '20 to 24']",3.0
1535,2018-12-11 10:00:00,1811,2018,MARLEE AVE,ROMAR CRES,,Minor Arterial,North York,43.706256,-79.442699,625470.5702,4840425.5718,At Intersection,No Control,Clear,"Dark, artificial",Wet,31,Yorkdale-Glen Park,31,Yorkdale-Glen Park (31),Non-Fatal Injury,1,0,1,0,0,0,0,1,0,1,0,0,0,Pedestrian Collisions,"['Driver', 'Passenger', 'Pedestrian']",South,['Pick Up Truck'],['Turning Left'],['Failed to Yield Right of Way'],['Normal'],['Vehicle turns left while ped crosses with ROW at inter.'],['Crossing with right of way'],['Normal'],[],[],[],D13,False,"['30 to 34', '50 to 54']",3.0
1536,2018-12-12 10:00:00,1538,2018,PROGRESS AVE,SHEPPARD AVE E,,Major Arterial,Scarborough,43.794589,-79.234897,642004.1444,4850571.8078,At Intersection,Traffic Signal,Clear,Daylight,Dry,146,Malvern East,132,Malvern (132),Non-Fatal Injury,1,0,0,0,0,1,0,0,0,1,0,0,0,Pedestrian Collisions,"['Driver', 'Pedestrian']",West,['Municipal Transit Bus (TTC)'],['Turning Left'],['Failed to Yield Right of Way'],['Normal'],['Pedestrian involved in a collision with transit vehicle anywhere along roadway'],['Crossing with right of way'],['Normal'],[],[],[],D42,False,['60 to 64'],3.0
1537,2018-12-12 10:00:00,1602,2018,GOSFORD BLVD,SHOREHAM DR,5 m South of,Collector,North York,43.768191,-79.522922,618884.3829,4847186.0526,At Intersection,Stop Sign,Clear,"Dark, artificial",Wet,24,Black Creek,24,Black Creek (24),Non-Fatal Injury,1,0,1,0,0,0,0,0,0,1,0,0,0,Pedestrian Collisions,"['Driver', 'Pedestrian']",East,"['Automobile, Station Wagon']",['Turning Right'],['Failed to Yield Right of Way'],['Inattentive'],['Vehicle turns right while ped crosses with ROW at inter.'],['Crossing with right of way'],['Normal'],[],[],[],D31,False,"['50 to 54', '65 to 69']",3.0
1538,2018-12-12 10:00:00,2205,2018,3030 DON MILLS RD W,,160 m South ,Major Arterial,North York,43.785887,-79.353244,632502.1507,4849409.0626,Non Intersection,No Control,Clear,"Dark, artificial",Other,47,Don Valley Village,47,Don Valley Village (47),Non-Fatal Injury,0,0,1,0,0,0,0,1,1,1,0,0,0,SMV Other,"['Driver', 'Passenger']",South,"['Automobile, Station Wagon']",['Going Ahead'],['Speed too Fast For Condition'],['Inattentive'],[],[],[],[],[],[],D33,False,['20 to 24'],3.0
1539,2018-12-13 10:00:00,1737,2018,BATHURST ST,HARBORD ST,,Major Arterial,Etobicoke York,43.661441,-79.409732,628222.1617,4835498.6787,At Intersection,Traffic Signal,Clear,Dark,Dry,79,University,79,University (79),Non-Fatal Injury,1,0,1,0,0,0,0,1,0,0,0,0,0,Pedestrian Collisions,"['Driver', 'Passenger', 'Pedestrian']",South,"['Automobile, Station Wagon']",['Going Ahead'],['Driving Properly'],['Normal'],['Vehicle is going straight thru inter.while ped cross without ROW'],['Crossing without right of way'],['Inattentive'],[],[],[],D14,False,"['55 to 59', '20 to 24', '10 to 14']",3.0
1540,2018-12-15 10:00:00,2000,2018,REXDALE BLVD,QUEENS PLATE DR,,Major Arterial,Etobicoke York,43.719145,-79.603442,612495.4151,4841626.3484,At Intersection,Traffic Signal,Clear,"Dark, artificial",Dry,1,West Humber-Clairville,1,West Humber-Clairville (1),Non-Fatal Injury,1,0,1,0,0,0,0,0,0,1,0,0,0,Pedestrian Collisions,"['Driver', 'Pedestrian']",East,"['Automobile, Station Wagon']",['Turning Left'],['Failed to Yield Right of Way'],['Unknown'],['Vehicle turns left while ped crosses with ROW at inter.'],['Crossing with right of way'],['Normal'],[],[],[],D23,False,"['unknown', '55 to 59']",3.0
1541,2018-12-18 10:00:00,612,2018,DUFFERIN ST,BRIDGELAND AVE,,Major Arterial,North York,43.726924,-79.457614,624226.1538,4842698.5792,At Intersection,Traffic Signal,Clear,"Dark, artificial",Dry,31,Yorkdale-Glen Park,31,Yorkdale-Glen Park (31),Non-Fatal Injury,0,0,1,0,0,0,0,1,0,1,1,0,0,Angle,"['Driver', 'Passenger']",South,"['Delivery Van', 'Automobile, Station Wagon']",['Going Ahead'],"['Disobeyed Traffic Control', 'Driving Properly']","['Inattentive', 'Normal']",[],[],[],[],[],[],D32,False,"['30 to 34', '50 to 54', '70 to 74']",3.0
1542,2018-12-19 10:00:00,1740,2018,85 EDMONTON DR,,2 m East of,Local,North York,43.785544,-79.3399,633576.6173,4849392.4133,Non Intersection,No Control,Clear,"Dark, artificial",Dry,46,Pleasant View,46,Pleasant View (46),Non-Fatal Injury,1,0,1,0,0,0,0,1,0,0,0,0,0,Pedestrian Collisions,"['Driver', 'Passenger', 'Pedestrian']",East,"['Automobile, Station Wagon']",['Reversing'],['Other'],['Normal'],['Vehicle is reversing and hits pedestrian'],['Other'],['Normal'],[],[],[],D33,False,"['45 to 49', '15 to 19', '65 to 69']",3.0
1543,2018-12-21 10:00:00,710,2018,MCLEVIN AVE,MALVERN ST,,Minor Arterial,Scarborough,43.799807,-79.237598,641774.5021,4851146.7198,Intersection Related,No Control,Rain,"Dark, artificial",Wet,145,Malvern West,132,Malvern (132),Non-Fatal Injury,1,0,1,0,0,0,0,0,0,0,0,0,0,Pedestrian Collisions,"['Driver', 'Pedestrian']",East,"['Automobile, Station Wagon']",['Going Ahead'],['Driving Properly'],['Normal'],['Vehicle is going straight thru inter.while ped cross without ROW'],['Crossing without right of way'],['Normal'],[],[],[],D42,False,"['45 to 49', '20 to 24']",3.0
1544,2018-12-22 10:00:00,623,2018,DAVENPORT  RD,HAZELTON  AVE,42.9 M EAST ,Major Arterial,Toronto and East York,43.67512,-79.394153,629448.8896,4837042.1095,Non Intersection,No Control,Clear,"Dawn, artificial",Dry,95,Annex,95,Annex (95),Fatal,1,0,1,0,0,0,0,0,1,1,0,0,0,Pedestrian Collisions,"['Pedestrian', 'Driver']",Unknown,"['Automobile, Station Wagon']",['Going Ahead'],['Lost control'],['Inattentive'],['Pedestrian hit at mid-block'],['Other'],['Normal'],[],[],[],D53,True,"['50 to 54', '55 to 59']",4.0
1545,2018-12-22 10:00:00,1205,2018,ISLINGTON AVE,JUTLAND RD,25 m South o,Major Arterial,Etobicoke York,43.628871,-79.516948,619641.9743,4831721.2591,At Intersection,Traffic Signal,Clear,Daylight,Dry,16,Stonegate-Queensway,16,Stonegate-Queensway (16),Non-Fatal Injury,0,0,1,0,0,0,0,1,0,1,0,0,0,Rear End,"['Driver', 'Passenger']",North,"['Automobile, Station Wagon']","['Going Ahead', 'Stopped']","['Following too Close', 'Driving Properly']",['Normal'],[],[],[],[],[],[],D22,False,"['40 to 44', '55 to 59', '20 to 24']",3.0
1546,2018-12-22 10:00:00,1514,2018,QUEEN ST W,PETER ST,40 m West of,Major Arterial,Toronto and East York,43.649039,-79.394717,629459.47,4834144.5878,Non Intersection,No Control,Clear,Daylight,Dry,164,Wellington Place,77,Waterfront Communities-The Island (77),Non-Fatal Injury,1,0,1,0,0,0,0,0,0,0,0,0,0,Pedestrian Collisions,"['Driver', 'Pedestrian']",North,"['Automobile, Station Wagon']",['Going Ahead'],['Driving Properly'],['Normal'],['Pedestrian hit at mid-block'],"['Crossing, no Traffic Control']",['Normal'],[],[],[],D52,False,"['35 to 39', '25 to 29']",3.0
1547,2018-12-24 10:00:00,2050,2018,FINCH AVE W,MARTIN GROVE RD,89 m East of,Major Arterial,Etobicoke York,43.736979,-79.59064,613492.9626,4843624.5192,Non Intersection,No Control,Clear,"Dark, artificial",Dry,2,Mount Olive-Silverstone-Jamestown,2,Mount Olive-Silverstone-Jamestown (2),Non-Fatal Injury,0,0,1,0,0,0,0,1,0,1,0,1,0,Approaching,"['Passenger', 'Driver']",East,"['Automobile, Station Wagon']",['Going Ahead'],"['Lost control', 'Driving Properly']","['Ability Impaired, Alcohol Over .08', 'Normal']",[],[],[],[],[],[],D23,False,"['10 to 14', '0 to 4', '35 to 39', '25 to 29', '40 to 44']",3.0
1548,2018-12-25 10:00:00,2130,2018,COSBURN AVE,WOODMOUNT AVE,,Minor Arterial,Toronto and East York,43.695811,-79.319873,635390.1817,4839458.7393,At Intersection,Stop Sign,Clear,"Dark, artificial",Wet,59,Danforth East York,59,Danforth East York (59),Non-Fatal Injury,0,0,1,0,0,0,1,1,1,1,0,0,0,Angle,"['Driver', 'Other', 'Passenger']",North,"['Automobile, Station Wagon', 'Police Vehicle', 'Pick Up Truck']","['Going Ahead', 'Parked']","['Failed to Yield Right of Way', 'Driving Properly']",['Normal'],[],[],[],[],[],[],D55,False,"['50 to 54', '30 to 34', 'unknown', '80 to 84', '75 to 79', '55 to 59', '40 to 44']",3.0
1549,2018-12-26 10:00:00,1853,2018,4968 DUNDAS ST W,,,Major Arterial,Etobicoke York,43.647521,-79.529773,618570.6494,4833774.1726,Non Intersection,No Control,Clear,"Dark, artificial",Dry,159,Etobicoke City Centre,14,Islington-City Centre West (14),Fatal,1,0,1,0,0,0,0,0,0,0,0,0,0,Pedestrian Collisions,"['Driver', 'Pedestrian']",North,"['Automobile, Station Wagon']",['Changing Lanes'],['Other'],['Had Been Drinking'],['Pedestrian hit at mid-block'],"['Crossing, no Traffic Control']",['Normal'],[],[],[],D22,True,"['40 to 44', '75 to 79']",4.0
1550,2018-12-31 10:00:00,650,2018,BRIMLEY RD,PROGRESS AVE,,Major Arterial,Scarborough,43.77521,-79.263149,639776.3803,4848371.3757,At Intersection,Traffic Signal,Clear,"Dark, artificial",Wet,156,Bendale-Glen Andrew,127,Bendale (127),Non-Fatal Injury,0,0,1,0,0,0,0,1,0,1,1,0,0,Angle,"['Driver', 'Passenger']",South,"['Automobile, Station Wagon']",['Going Ahead'],"['Disobeyed Traffic Control', 'Driving Properly']",['Normal'],[],[],[],[],[],[],D43,False,"['60 to 64', '20 to 24', '55 to 59']",3.0
1551,2019-01-01 10:00:00,438,2019,ST CLAIR AVE W,DUFFERIN ST,5 m East of,Major Arterial,Etobicoke York,43.67789,-79.443042,625502.0871,4837274.6195,Intersection Related,Traffic Signal,Clear,"Dark, artificial",Wet,92,Corso Italia-Davenport,92,Corso Italia-Davenport (92),Non-Fatal Injury,1,0,0,0,0,0,0,0,0,0,0,0,0,Pedestrian Collisions,"['Driver', 'Pedestrian']",South,[],['Going Ahead'],['Other'],['Unknown'],['Unknown'],['Other'],['Normal'],[],[],[],D13,False,"['unknown', '30 to 34']",3.0
1552,2019-01-02 10:00:00,1405,2019,LEXINGTON AVE,SILVERSTONE DR,W of,Local,Etobicoke York,43.744177,-79.601718,612587.3757,4844408.8453,Non Intersection,No Control,Clear,Daylight,Dry,1,West Humber-Clairville,1,West Humber-Clairville (1),Fatal,0,0,1,0,0,0,0,1,0,1,0,0,0,SMV Other,"['Passenger', 'Driver']",West,"['Automobile, Station Wagon']",['Going Ahead'],['Lost control'],['Unknown'],[],[],[],[],[],[],D23,True,"['50 to 54', 'unknown']",4.0
1553,2019-01-04 10:00:00,1325,2019,BATHURST ST,BAINBRIDGE AVE,,Major Arterial,North York,43.750693,-79.437297,625812.739,4845369.1298,At Intersection,Traffic Signal,Clear,Daylight,Dry,38,Lansing-Westgate,38,Lansing-Westgate (38),Non-Fatal Injury,1,0,1,0,0,0,0,0,0,1,0,0,0,Pedestrian Collisions,"['Driver', 'Pedestrian']",East,"['Automobile, Station Wagon']",['Turning Left'],['Failed to Yield Right of Way'],['Normal'],['Vehicle turns left while ped crosses with ROW at inter.'],['Crossing with right of way'],['Normal'],[],[],[],D32,False,"['35 to 39', '30 to 34']",3.0
1554,2019-01-04 10:00:00,1920,2019,COLLEGE ST,ELIZABETH ST,,Major Arterial,Toronto and East York,43.660441,-79.387386,630026.0809,4835422.3928,At Intersection,Traffic Signal,Clear,"Dark, artificial",Dry,170,Yonge-Bay Corridor,76,Bay Street Corridor (76),Non-Fatal Injury,1,0,1,0,0,0,0,0,0,1,0,0,0,Pedestrian Collisions,"['Driver', 'Pedestrian']",East,"['Automobile, Station Wagon']",['Turning Left'],['Failed to Yield Right of Way'],['Inattentive'],['Vehicle turns left while ped crosses with ROW at inter.'],['Crossing with right of way'],['Normal'],[],[],[],D52,False,"['45 to 49', '60 to 64']",3.0
1555,2019-01-07 10:00:00,2012,2019,CLOSE  AVE,QUEEN  ST W,119 m south,Local,Toronto and East York,43.639567,-79.435504,626189.964,4833029.7808,Non Intersection,No Control,Rain,"Dark, artificial",Wet,85,South Parkdale,85,South Parkdale (85),Fatal,1,0,1,0,0,0,0,0,1,1,0,0,0,Pedestrian Collisions,"['Driver', 'Wheelchair']",South,"['Automobile, Station Wagon']",['Going Ahead'],['Following too Close'],['Normal'],['Pedestrian hit at mid-block'],['Other'],['Normal'],[],[],[],D14,True,"['65 to 69', '60 to 64']",4.0
1556,2019-01-08 10:00:00,1838,2019,O CONNOR DR,ST CLAIR AVE E,190 metre no,Major Arterial,Toronto and East York,43.70674,-79.311771,636018.3576,4840685.8219,Non Intersection,No Control,Rain,"Dark, artificial",Wet,54,O'Connor-Parkview,54,O'Connor-Parkview (54),Fatal,1,0,1,0,0,0,0,0,0,0,0,0,0,Pedestrian Collisions,"['Pedestrian', 'Driver']",South,['Delivery Van'],['Going Ahead'],['Driving Properly'],['Normal'],['Pedestrian hit at mid-block'],"['Crossing, no Traffic Control']",['Inattentive'],[],[],[],D55,True,"['65 to 69', '55 to 59']",4.0
1557,2019-01-08 10:00:00,2110,2019,HALFWAY AVE,MORNINGSIDE AVE,,Minor Arterial,Scarborough,43.817847,-79.213687,643654.7617,4853191.6,At Intersection,No Control,Rain,"Dark, artificial",Wet,146,Malvern East,132,Malvern (132),Non-Fatal Injury,1,0,1,0,0,0,0,0,0,0,0,0,0,Pedestrian Collisions,"['Driver', 'Pedestrian']",East,"['Automobile, Station Wagon']",['Turning Right'],['Driving Properly'],['Normal'],['Vehicle turns right while ped crosses without ROW at inter.'],['Crossing without right of way'],['Normal'],[],[],[],D42,False,"['70 to 74', '45 to 49']",3.0
1558,2019-01-09 10:00:00,1853,2019,3825 SHEPPARD AVE E,,99 m East of,Major Arterial,Scarborough,43.782298,-79.292247,637418.3985,4849109.8946,Non Intersection,No Control,Clear,"Dark, artificial",Dry,118,Tam O'Shanter-Sullivan,118,Tam O'Shanter-Sullivan (118),Non-Fatal Injury,1,0,1,0,0,0,0,0,1,1,0,0,0,Pedestrian Collisions,"['Driver', 'Pedestrian']",East,"['Automobile, Station Wagon']",['Going Ahead'],['Other'],['Unknown'],['Pedestrian hit at mid-block'],"['Crossing, no Traffic Control']",['Normal'],[],[],[],D42,False,"['unknown', '85 to 89']",3.0