accident_number,date,time,year,street1,street2,offset,road_class,district,latitude,longitude,x,y,accident_location,traffctl,visibility,light,road_surface_condition,hood_158,neighbourhood_new,hood_140,neighbourhood_old,accident_class,pedestrian,cyclist,automobile,motorcycle,truck,trsn_city_veh,emerg_veh,passenger,speeding,aggressive_driving,redlight,alcohol,disability,impact_type,involvement_type,initial_direction,vehicle_type,manoeuver,driver_action,driver_condition,pedestrian_type,pedestrian_action,pedestrian_condition,cyclist_type,cyclist_action,cyclist_condition,division,injury,involvement_age,injury_severity_score
1559,2019-01-11 10:00:00,1836,2019,ELLESMERE RD,MILITARY TRL,,Major Arterial,Scarborough,43.786505,-79.188281,645774.1435,4849754.9913,At Intersection,Traffic Signal,Clear,"Dark, artificial",Dry,134,Highland Creek,134,Highland Creek (134),Non-Fatal Injury,1,0,1,0,0,0,0,0,0,0,0,0,0,Pedestrian Collisions,"['Driver', 'Pedestrian']",East,"['Automobile, Station Wagon']",['Going Ahead'],['Driving Properly'],['Normal'],['Vehicle is going straight thru inter.while ped cross without ROW'],['Crossing without right of way'],['Inattentive'],[],[],[],D43,False,"['50 to 54', '20 to 24']",3.0
1560,2019-01-12 10:00:00,2213,2019,MCCOWAN  RD,BRIMORTON  DR,100 m south,Major Arterial,Scarborough,43.764414,-79.248561,640975.7542,4847197.0439,Non Intersection,No Control,Clear,"Dark, artificial",Dry,156,Bendale-Glen Andrew,127,Bendale (127),Fatal,0,0,1,0,0,0,0,0,1,1,0,0,0,Sideswipe,['Driver'],South,"['Automobile, Station Wagon']","['Changing Lanes', 'Going Ahead']",['Lost control'],['Inattentive'],[],[],[],[],[],[],D43,True,"['40 to 44', '30 to 34']",4.0
1561,2019-01-14 10:00:00,1900,2019,MURISON BLVD,MILNER AVE,2 m East of,Minor Arterial,Scarborough,43.79893,-79.202266,644618.8963,4851110.4533,At Intersection,Traffic Signal,Clear,"Dark, artificial",Dry,146,Malvern East,132,Malvern (132),Non-Fatal Injury,1,0,1,0,0,0,0,1,0,1,0,0,0,Pedestrian Collisions,"['Driver', 'Pedestrian', 'Passenger']",North,"['Automobile, Station Wagon']",['Turning Left'],['Failed to Yield Right of Way'],['Inattentive'],['Vehicle turns left while ped crosses with ROW at inter.'],['Crossing with right of way'],['Normal'],[],[],[],D42,False,"['20 to 24', '25 to 29', '0 to 4']",3.0
1562,2019-01-15 10:00:00,555,2019,155 UNIVERSITY AVE,,,Major Arterial,Toronto and East York,43.648467,-79.38531,630219.35,4834095.7778,Laneway,No Control,Clear,"Dark, artificial",Dry,170,Yonge-Bay Corridor,76,Bay Street Corridor (76),Fatal,1,0,0,0,1,0,0,0,0,0,0,0,0,Pedestrian Collisions,"['Pedestrian', 'Driver']",Unknown,"['Truck - Closed (Blazer, etc)']",['Reversing'],['Other'],['Normal'],['Vehicle is reversing and hits pedestrian'],['Other'],['Normal'],[],[],[],D52,True,"['55 to 59', '25 to 29']",4.0
1563,2019-01-16 10:00:00,1303,2019,ALLEN X S LAWRENCE E RAMP,LAWRENCE AVE W,,Major Arterial,North York,43.715869,-79.444942,625269.8229,4841489.8381,At Intersection,Traffic Signal,Clear,Daylight,Dry,31,Yorkdale-Glen Park,31,Yorkdale-Glen Park (31),Fatal,1,0,0,0,1,0,0,0,0,0,0,0,0,Pedestrian Collisions,"['Pedestrian', 'Driver']",South,['Truck - Dump'],['Turning Right'],['Improper Turn'],['Unknown'],['Vehicle turns right while ped crosses with ROW at inter.'],['Crossing with right of way'],['Normal'],[],[],[],D13,True,"['40 to 44', 'unknown']",4.0
1564,2019-01-16 10:00:00,1332,2019,2350 DUFFERIN ST,,,Major Arterial,Toronto and East York,43.69525,-79.450084,624898.4118,4839192.0523,Non Intersection,No Control,Clear,Daylight,Dry,107,Oakwood Village,107,Oakwood Village (107),Fatal,1,0,0,0,1,0,0,0,0,0,0,0,0,Pedestrian Collisions,"['Pedestrian', 'Driver']",East,['Truck (other)'],['Going Ahead'],['Driving Properly'],['Normal'],['Pedestrian hit at mid-block'],"['Crossing, no Traffic Control']",['Had Been Drinking'],[],[],[],D13,True,"['75 to 79', '25 to 29']",4.0
1565,2019-01-17 10:00:00,1900,2019,DANFORTH RD,PATTERSON AVE,,Minor Arterial,Scarborough,43.694689,-79.27637,638898.429,4839406.0825,At Intersection,No Control,Clear,"Dark, artificial",Dry,121,Oakridge,121,Oakridge (121),Non-Fatal Injury,1,0,1,0,0,0,0,0,0,1,0,0,0,Pedestrian Collisions,"['Driver', 'Pedestrian']",North,"['Automobile, Station Wagon']",['Turning Left'],['Failed to Yield Right of Way'],['Unknown'],['Vehicle turns left while ped crosses with ROW at inter.'],['Crossing with right of way'],['Normal'],[],[],[],D41,False,"['unknown', '65 to 69']",3.0
1566,2019-01-17 10:00:00,2122,2019,LENNOX  ST,BATHURST  ST,,Major Arterial,Toronto and East York,43.663756,-79.410678,628140.9604,4835754.3286,At Intersection,Traffic Signal,Clear,"Dark, artificial",Dry,79,University,79,University (79),Fatal,1,0,0,0,1,0,0,0,0,1,0,0,0,Pedestrian Collisions,"['Pedestrian', 'Driver']",East,"['Truck - Closed (Blazer, etc)']",['Turning Right'],['Failed to Yield Right of Way'],['Unknown'],['Vehicle turns right while ped crosses with ROW at inter.'],['Other'],['Had Been Drinking'],[],[],[],D14,True,"['65 to 69', '55 to 59']",4.0
1567,2019-01-19 10:00:00,530,2019,MILLWOOD RD,LAIRD DR,,Major Arterial,North York,43.702204,-79.359363,632193.8626,4840105.046,Non Intersection,No Control,Clear,"Dark, artificial",Dry,56,Leaside-Bennington,56,Leaside-Bennington (56),Fatal,0,0,1,0,0,0,0,1,1,1,0,0,0,SMV Other,"['Driver', 'Passenger']",South,"['Automobile, Station Wagon']",['Going Ahead'],['Speed too Fast For Condition'],['Unknown'],[],[],[],[],[],[],D53,True,['20 to 24'],4.0
1568,2019-01-19 10:00:00,2115,2019,BATHURST ST,NIAGARA ST,,Major Arterial,Toronto and East York,43.641841,-79.401851,628899.5306,4833334.0521,At Intersection,Traffic Signal,Snow,"Dark, artificial",Packed Snow,164,Wellington Place,77,Waterfront Communities-The Island (77),Non-Fatal Injury,1,0,1,0,0,0,0,0,0,0,0,0,0,Pedestrian Collisions,"['Driver', 'Pedestrian']",South,"['Automobile, Station Wagon']",['Going Ahead'],['Driving Properly'],['Normal'],['Vehicle is going straight thru inter.while ped cross without ROW'],['Crossing without right of way'],['Inattentive'],[],[],[],D14,False,"['25 to 29', '40 to 44']",3.0
1569,2019-01-20 10:00:00,515,2019,FINCH AVE W,ISLINGTON AVE,300 m East o,Major Arterial,Etobicoke York,43.745352,-79.572002,614977.8258,4844580.1584,Non Intersection,No Control,Snow,"Dark, artificial",Loose Snow,3,Thistletown-Beaumond Heights,3,Thistletown-Beaumond Heights (3),Non-Fatal Injury,0,0,1,0,0,0,0,1,0,0,0,0,0,Approaching,"['Driver', 'Passenger']",East,"['Pick Up Truck', 'Automobile, Station Wagon']",['Going Ahead'],"['Lost control', 'Driving Properly']",['Normal'],[],[],[],[],[],[],D23,False,"['35 to 39', '55 to 59', '40 to 44']",3.0
1570,2019-01-21 10:00:00,1125,2019,BAY ST,WELLINGTON ST W,5 m North of,Major Arterial,Toronto and East York,43.647261,-79.379688,630675.3655,4833970.6729,At Intersection,Traffic Signal,Clear,Daylight,Dry,170,Yonge-Bay Corridor,76,Bay Street Corridor (76),Non-Fatal Injury,1,0,1,0,0,0,0,0,0,1,1,0,0,Pedestrian Collisions,"['Driver', 'Pedestrian']",North,"['Automobile, Station Wagon']",['Going Ahead'],['Disobeyed Traffic Control'],['Normal'],['Vehicle is going straight thru inter.while ped cross with ROW'],['Crossing with right of way'],['Normal'],[],[],[],D52,False,"['50 to 54', '65 to 69']",3.0
1571,2019-01-24 10:00:00,639,2019,284 OAKWOOD AVE,,2 m South of,Minor Arterial,Etobicoke York,43.684207,-79.437534,625932.859,4837984.5567,Non Intersection,No Control,Freezing Rain,"Dark, artificial",Ice,107,Oakwood Village,107,Oakwood Village (107),Non-Fatal Injury,1,0,1,0,0,0,0,0,0,0,0,0,0,Pedestrian Collisions,"['Driver', 'Pedestrian']",South,['Pick Up Truck'],['Going Ahead'],['Lost control'],['Normal'],['Pedestrian hit at private driveway'],['Person Getting on/off Vehicle'],['Normal'],[],[],[],D13,False,"['25 to 29', '50 to 54']",3.0
1572,2019-01-26 10:00:00,230,2019,MCCOWAN RD,FINCH AVE E,8 m North of,Major Arterial,Scarborough,43.809508,-79.267261,639365.7059,4852173.7815,Non Intersection,No Control,Clear,"Dark, artificial",Dry,129,Agincourt North,129,Agincourt North (129),Non-Fatal Injury,0,0,1,0,0,0,0,0,0,0,0,1,0,SMV Other,['Driver'],North,"['Automobile, Station Wagon']",['Turning Left'],['Lost control'],"['Ability Impaired, Alcohol']",[],[],[],[],[],[],D42,False,['55 to 59'],3.0
1573,2019-01-29 10:00:00,1527,2019,PHARMACY AVE,HUNTINGWOOD DR,,Minor Arterial,Scarborough,43.781603,-79.320125,635176.6718,4848986.8041,At Intersection,Traffic Signal,Clear,Daylight,Wet,118,Tam O'Shanter-Sullivan,118,Tam O'Shanter-Sullivan (118),Non-Fatal Injury,0,0,1,0,0,0,0,1,0,1,1,0,0,Angle,"['Driver', 'Passenger']",East,"['Automobile, Station Wagon']",['Going Ahead'],"['Disobeyed Traffic Control', 'Driving Properly']","['Inattentive', 'Normal']",[],[],[],[],[],[],D42,False,"['50 to 54', '40 to 44', '25 to 29', '0 to 4']",3.0
1574,2019-01-31 10:00:00,1345,2019,ST CLAIR AVE W,ST CLAIR GDNS,27 m East of,Major Arterial,Etobicoke York,43.677466,-79.444881,625354.7319,4837224.7477,Intersection Related,No Control,Clear,Daylight,Loose Snow,92,Corso Italia-Davenport,92,Corso Italia-Davenport (92),Non-Fatal Injury,1,0,0,0,0,1,0,0,0,0,0,0,0,Pedestrian Collisions,"['Driver', 'Pedestrian']",East,['Street Car'],['Going Ahead'],['Driving Properly'],['Unknown'],['Pedestrian involved in a collision with transit vehicle anywhere along roadway'],"['Crossing, no Traffic Control']",['Normal'],[],[],[],D13,False,"['45 to 49', '65 to 69']",3.0
1575,2019-02-01 10:00:00,258,2019,MEADOWVALE RD,GENERATION BLVD,,Minor Arterial,Scarborough,43.804152,-79.16875,647302.2931,4851749.5602,At Intersection,,Clear,"Dark, artificial",Loose Snow,143,West Rouge,131,Rouge (131),Fatal,0,0,1,0,0,0,0,1,0,0,0,0,0,Angle,"['Passenger', 'Driver']",East,"['Automobile, Station Wagon']",['Going Ahead'],['Other'],['Unknown'],[],[],[],[],[],[],D42,True,"['35 to 39', '30 to 34', '40 to 44']",4.0
1576,2019-02-02 10:00:00,2326,2019,945 MIDLAND AVE,,40 m North o,Major Arterial,Scarborough,43.737002,-79.259242,640180.0002,4844134.3953,Non Intersection,No Control,Snow,"Dark, artificial",Wet,138,Eglinton East,138,Eglinton East (138),Non-Fatal Injury,0,0,1,0,0,0,0,0,0,0,0,1,0,Approaching,['Driver'],North,"['Automobile, Station Wagon']",['Going Ahead'],"['Lost control', 'Driving Properly']","['Ability Impaired, Alcohol', 'Normal']",[],[],[],[],[],[],D41,False,"['40 to 44', '30 to 34']",3.0
1577,2019-02-03 10:00:00,255,2019,KINGSTON RD,HUNT CLUB DR,18 m West of,Major Arterial,Scarborough,43.683486,-79.276981,638875.0449,4838160.8081,Intersection Related,No Control,Rain,"Dark, artificial",Wet,122,Birchcliffe-Cliffside,122,Birchcliffe-Cliffside (122),Non-Fatal Injury,0,0,1,0,0,0,0,1,0,0,0,1,0,Approaching,"['Driver', 'Passenger']",East,"['Pick Up Truck', 'Automobile, Station Wagon']",['Going Ahead'],"['Lost control', 'Driving Properly']","['Ability Impaired, Alcohol Over .08', 'Normal']",[],[],[],[],[],[],D41,False,"['30 to 34', '20 to 24', '25 to 29']",3.0
1578,2019-02-04 10:00:00,854,2019,BLOOR ST W,WINDERMERE AVE,3 m North of,Major Arterial,Etobicoke York,43.650134,-79.480426,622545.0998,4834136.0656,At Intersection,Traffic Signal,Clear,Daylight,Wet,87,High Park-Swansea,87,High Park-Swansea (87),Non-Fatal Injury,1,0,0,0,1,0,0,1,0,1,0,0,0,Pedestrian Collisions,"['Truck Driver', 'Passenger', 'Pedestrian']",East,"['Truck - Closed (Blazer, etc)']",['Turning Left'],['Failed to Yield Right of Way'],['Inattentive'],['Vehicle turns left while ped crosses with ROW at inter.'],['Crossing with right of way'],['Normal'],[],[],[],D11,False,"['35 to 39', '15 to 19', '60 to 64']",3.0
1579,2019-02-04 10:00:00,1904,2019,WARDEN AVE,GLEN SPRINGS DR,,Major Arterial,Scarborough,43.804549,-79.320133,635124.3024,4851535.3075,At Intersection,No Control,Rain,"Dark, artificial",Wet,148,East L'Amoreaux,117,L'Amoreaux (117),Non-Fatal Injury,1,0,1,0,0,0,0,0,0,0,0,0,0,Pedestrian Collisions,"['Driver', 'Pedestrian']",North,"['Automobile, Station Wagon']",['Going Ahead'],['Driving Properly'],"['Normal', 'Unknown']",['Vehicle is going straight thru inter.while ped cross without ROW'],"['Crossing, no Traffic Control']",['Normal'],[],[],[],D42,False,"['85 to 89', '60 to 64', 'unknown', '45 to 49']",3.0
1580,2019-02-06 10:00:00,619,2019,WILSON AVE,BATHURST ST,94 m East of,Major Arterial,North York,43.737403,-79.432575,626220.8363,4843900.2632,Non Intersection,No Control,Clear,"Dark, artificial",Dry,38,Lansing-Westgate,38,Lansing-Westgate (38),Non-Fatal Injury,0,0,1,0,0,0,0,1,0,0,0,0,0,Turning Movement,"['Driver', 'Passenger']",West,"['Automobile, Station Wagon']","['Making U Turn', 'Going Ahead']","['Improper Turn', 'Driving Properly']",['Normal'],[],[],[],[],[],[],D32,False,"['40 to 44', '30 to 34', '5 to 9']",3.0
1581,2019-02-07 10:00:00,1642,2019,PHARMACY AVE,TRESTLESIDE GRV,73 m South o,Minor Arterial,Scarborough,43.750048,-79.307376,636274.2098,4845503.0331,Non Intersection,No Control,Rain,"Dark, artificial",Ice,119,Wexford/Maryvale,119,Wexford/Maryvale (119),Non-Fatal Injury,0,0,1,0,0,0,0,1,1,1,0,0,0,Approaching,"['Driver', 'Passenger']",North,"['Automobile, Station Wagon']",['Going Ahead'],"['Lost control', 'Driving Properly']","['Unknown', 'Normal']",[],[],[],[],[],[],D41,False,"['20 to 24', '40 to 44', '25 to 29']",3.0
1582,2019-02-08 10:00:00,330,2019,COLLEGE ST,BAY ST,,Major Arterial,Toronto and East York,43.660742,-79.385814,630152.1831,4835458.2876,At Intersection,Traffic Signal,Clear,"Dark, artificial",Dry,170,Yonge-Bay Corridor,76,Bay Street Corridor (76),Non-Fatal Injury,0,0,1,0,0,0,1,1,0,1,0,0,1,Approaching,"['Driver', 'Passenger']",East,"['Pick Up Truck', 'Fire Vehicle']","['Going Ahead', 'Slowing or Stopping']","['Lost control', 'Driving Properly']","['Medical or Physical Disability', 'Normal']",[],[],[],[],[],[],D52,False,"['65 to 69', '35 to 39', '60 to 64', '30 to 34']",3.0
1583,2019-02-14 10:00:00,1112,2019,YONGE ST,WILLIAM CARSON CRES,2 m South of,Major Arterial,North York,43.747229,-79.407413,628226.1093,4845030.2253,At Intersection,Traffic Signal,Clear,Daylight,Wet,40,St.Andrew-Windfields,40,St.Andrew-Windfields (40),Non-Fatal Injury,0,0,1,0,0,0,0,0,0,1,1,0,0,Turning Movement,['Driver'],East,"['Automobile, Station Wagon', 'Passenger Van']","['Going Ahead', 'Turning Left']","['Disobeyed Traffic Control', 'Driving Properly']",['Normal'],[],[],[],[],[],[],D32,False,"['50 to 54', '60 to 64']",3.0
1584,2019-02-15 10:00:00,2049,2019,WESTON RD,ROGERS RD,,Major Arterial,Etobicoke York,43.681536,-79.476711,622780.6607,4837629.1632,At Intersection,Yield Sign,Clear,"Dark, artificial",Wet,111,Rockcliffe-Smythe,111,Rockcliffe-Smythe (111),Non-Fatal Injury,1,0,0,0,1,0,0,1,0,1,0,0,0,Pedestrian Collisions,"['Truck Driver', 'Passenger', 'Pedestrian']",North,['Truck-Tractor'],['Turning Right'],['Failed to Yield Right of Way'],['Normal'],['Pedestrian hit on sidewalk or shoulder'],['On Sidewalk or Shoulder'],['Normal'],[],[],[],D12,False,"['60 to 64', '40 to 44', '55 to 59']",3.0
1585,2019-02-16 10:00:00,907,2019,WARDEN  AVE,BAMBURGH  CRCL,89.5 m south,Major Arterial,Scarborough,43.815394,-79.324634,634737.8604,4852732.4796,Non Intersection,No Control,Clear,Daylight,Wet,116,Steeles,116,Steeles (116),Fatal,1,0,1,0,0,0,0,0,0,0,0,0,0,Pedestrian Collisions,"['Pedestrian', 'Driver']",East,"['Automobile, Station Wagon']",['Going Ahead'],['Driving Properly'],['Normal'],['Pedestrian hit at mid-block'],"['Crossing, no Traffic Control']",['Normal'],[],[],[],D42,True,"['85 to 89', '50 to 54']",4.0
1586,2019-02-20 10:00:00,815,2019,GERRARD ST E,MARJORY AVE,39 m West of,Minor Arterial,Toronto and East York,43.668597,-79.338092,633982.5851,4836406.6603,At/Near Private Drive,No Control,Clear,Daylight,Wet,70,South Riverdale,70,South Riverdale (70),Non-Fatal Injury,1,0,0,0,1,0,0,0,0,1,0,0,0,Pedestrian Collisions,"['Truck Driver', 'Pedestrian']",South,['Truck-Tractor'],['Turning Right'],['Failed to Yield Right of Way'],['Normal'],['Pedestrian hit at private driveway'],"['Crossing, no Traffic Control']",['Normal'],[],[],[],D55,False,"['50 to 54', '70 to 74']",3.0
1587,2019-02-25 10:00:00,1452,2019,THE QUEENSWAY,GLENDALE AVE,,Major Arterial,Toronto and East York,43.639266,-79.451267,624919.155,4832972.5067,At Intersection,Traffic Signal,Clear,Daylight,Dry,87,High Park-Swansea,87,High Park-Swansea (87),Non-Fatal Injury,1,0,1,0,0,0,0,1,0,0,0,0,0,Pedestrian Collisions,"['Driver', 'Passenger', 'Pedestrian']",North,"['Automobile, Station Wagon']",['Going Ahead'],['Driving Properly'],['Normal'],['Vehicle is going straight thru inter.while ped cross without ROW'],['Crossing without right of way'],['Normal'],[],[],[],D11,False,"['30 to 34', '25 to 29', '35 to 39']",3.0
1588,2019-02-25 10:00:00,1949,2019,FINCH AVE W,PEARLDALE AVE,,Major Arterial,Etobicoke York,43.747695,-79.562312,615753.5229,4844853.8764,At Intersection,Traffic Signal,Other,Dark,Other,22,Humbermede,22,Humbermede (22),Fatal,1,0,1,0,0,0,0,0,0,0,0,0,0,Pedestrian Collisions,"['Driver', 'Pedestrian']",North,"['Automobile, Station Wagon']",['Going Ahead'],['Driving Properly'],['Normal'],['Vehicle is going straight thru inter.while ped cross without ROW'],['Crossing without right of way'],[],[],[],[],D31,True,"['60 to 64', '80 to 84']",4.0
1589,2019-02-26 10:00:00,835,2019,DON MILLS RD,BOND AVE,10 m South o,Major Arterial,North York,43.746276,-79.345851,633184.8969,4845021.5162,At Intersection,No Control,Clear,Daylight,Dry,42,Banbury-Don Mills,42,Banbury-Don Mills (42),Non-Fatal Injury,0,0,1,0,0,0,0,1,0,0,0,0,0,Turning Movement,"['Driver', 'Passenger']",North,"['Automobile, Station Wagon']","['Turning Left', 'Slowing or Stopping']","['Improper Turn', 'Driving Properly']",['Normal'],[],[],[],[],[],[],D33,False,"['60 to 64', '20 to 24', '25 to 29']",3.0
1590,2019-02-27 10:00:00,602,2019,2930 FINCH AVE E,,,Major Arterial,Scarborough,43.793738,-79.328258,634494.9964,4850321.3383,Non Intersection,No Control,Clear,Daylight,Dry,147,L'Amoreaux West,117,L'Amoreaux (117),Non-Fatal Injury,1,0,1,0,0,0,0,1,0,0,0,0,0,Pedestrian Collisions,"['Driver', 'Passenger', 'Pedestrian']",East,"['Automobile, Station Wagon']",['Going Ahead'],['Driving Properly'],['Normal'],['Pedestrian hit at mid-block'],"['Crossing, no Traffic Control']",['Inattentive'],[],[],[],D42,False,"['65 to 69', '30 to 34']",3.0
1591,2019-03-01 10:00:00,1105,2019,MARTIN GROVE RD,REXDALE BLVD,34 m South o,Major Arterial,Etobicoke York,43.714415,-79.581371,614282.2792,4841131.2089,At/Near Private Drive,No Control,Clear,Daylight,Dry,1,West Humber-Clairville,1,West Humber-Clairville (1),Non-Fatal Injury,0,0,1,0,0,0,0,0,0,1,0,0,0,Angle,['Driver'],East,"['Automobile, Station Wagon']",['Going Ahead'],"['Failed to Yield Right of Way', 'Driving Properly']","['Inattentive', 'Normal']",[],[],[],[],[],[],D23,False,"['80 to 84', '20 to 24']",3.0
1592,2019-03-01 10:00:00,1609,2019,2721 VICTORIA PARK AVE,,,Major Arterial,Scarborough,43.776492,-79.323627,634906.3633,4848413.4356,Non Intersection,No Control,Clear,Daylight,Dry,46,Pleasant View,46,Pleasant View (46),Non-Fatal Injury,1,0,1,0,0,0,0,1,0,0,0,0,0,Pedestrian Collisions,"['Driver', 'Pedestrian', 'Passenger']",North,"['Automobile, Station Wagon']",['Going Ahead'],['Driving Properly'],['Normal'],['Pedestrian hit at mid-block'],"['Crossing, no Traffic Control']",['Inattentive'],[],[],[],D33,False,"['15 to 19', '65 to 69']",3.0
1593,2019-03-04 10:00:00,1755,2019,GARDINER LAKESHORE  E,LOWER JARVIS ST,55 m West of,Expressway Ramp,Toronto and East York,43.645365,-79.370364,631431.4731,4833774.8214,Non Intersection,No Control,Clear,Daylight,Dry,166,St Lawrence-East Bayfront-The Islands,77,Waterfront Communities-The Island (77),Non-Fatal Injury,1,0,1,0,0,0,0,0,0,0,0,0,0,Pedestrian Collisions,"['Pedestrian', 'Driver']",East,"['Automobile, Station Wagon']",['Going Ahead'],['Driving Properly'],['Normal'],['Pedestrian hit at mid-block'],['Other'],['Other'],[],[],[],D51,False,['25 to 29'],3.0
1594,2019-03-05 10:00:00,547,2019,HIGHWAY 27  N,HUMBER COLLEGE BLVD,,Major Arterial,Etobicoke York,43.730399,-79.601398,612638.9713,4842879.0382,At Intersection,Traffic Signal,Clear,"Dark, artificial",Dry,1,West Humber-Clairville,1,West Humber-Clairville (1),Non-Fatal Injury,0,0,1,0,0,1,0,0,0,0,0,0,0,Approaching,['Driver'],North,"['Automobile, Station Wagon', 'Municipal Transit Bus (TTC)']",['Going Ahead'],"['Lost control', 'Driving Properly']","['Normal', 'Unknown']",[],[],[],[],[],[],D23,False,"['60 to 64', '45 to 49']",3.0
1595,2019-03-05 10:00:00,1640,2019,KINGSTON RD,SHARPE ST,,Major Arterial,Scarborough,43.706267,-79.251254,640895.2985,4840734.3674,At Intersection,Traffic Signal,Clear,Daylight,Dry,122,Birchcliffe-Cliffside,122,Birchcliffe-Cliffside (122),Non-Fatal Injury,1,0,1,0,0,0,0,0,0,0,0,0,0,Pedestrian Collisions,"['Driver', 'Pedestrian']",North,"['Automobile, Station Wagon']",['Going Ahead'],['Driving Properly'],['Normal'],['Vehicle is going straight thru inter.while ped cross without ROW'],['Crossing without right of way'],['Inattentive'],[],[],[],D41,False,"['20 to 24', '15 to 19']",3.0
1596,2019-03-07 10:00:00,901,2019,EGLINTON  AVE W,MCROBERTS  AVE,,Major Arterial,North York,43.693389,-79.460269,624081.4945,4838970.0716,Non Intersection,No Control,,Daylight,Other,109,Caledonia-Fairbank,109,Caledonia-Fairbank (109),Fatal,1,0,0,0,0,1,0,0,0,0,0,0,0,Pedestrian Collisions,"['Pedestrian', 'Driver']",East,['Intercity Bus'],['Going Ahead'],['Driving Properly'],['Normal'],['Pedestrian involved in a collision with transit vehicle anywhere along roadway'],['Running onto Roadway'],[],[],[],[],D13,True,"['75 to 79', '55 to 59']",4.0
1597,2019-03-09 10:00:00,231,2019,LAKE SHORE BLVD W,BAY ST,3 m East of,Major Arterial,Toronto and East York,43.642932,-79.37778,630838.6419,4833492.8872,At Intersection,Traffic Signal,Clear,"Dark, artificial",Dry,166,St Lawrence-East Bayfront-The Islands,77,Waterfront Communities-The Island (77),Non-Fatal Injury,0,0,1,0,0,0,0,1,0,1,0,1,0,Rear End,"['Driver', 'Passenger']",West,"['Automobile, Station Wagon']","['Going Ahead', 'Stopped']","['Lost control', 'Driving Properly']","['Ability Impaired, Alcohol Over .08', 'Normal']",[],[],[],[],[],[],D52,False,"['35 to 39', '50 to 54', '15 to 19', '20 to 24']",3.0
1598,2019-03-12 08:00:00,44,2019,DANFORTH AVE,BYNG AVE,8 m North of,Major Arterial,Scarborough,43.692969,-79.280025,638607.8506,4839208.9357,At Intersection,Traffic Signal,Clear,Dark,Dry,121,Oakridge,121,Oakridge (121),Non-Fatal Injury,0,0,1,0,0,0,0,1,0,1,0,0,0,Approaching,"['Driver', 'Passenger']",East,"['Automobile, Station Wagon']",['Going Ahead'],"['Lost control', 'Driving Properly']",['Normal'],[],[],[],[],[],[],D41,False,"['35 to 39', '45 to 49']",3.0
1599,2019-03-12 08:00:00,1830,2019,LAWSON RD,CENTENNIAL RD,,Collector,Scarborough,43.787409,-79.150737,648792.7968,4849922.2015,At Intersection,Stop Sign,Clear,Daylight,Dry,133,Centennial Scarborough,133,Centennial Scarborough (133),Non-Fatal Injury,1,0,1,0,0,0,0,0,0,1,0,0,0,Pedestrian Collisions,"['Driver', 'Pedestrian']",South,"['Automobile, Station Wagon']",['Going Ahead'],['Failed to Yield Right of Way'],['Inattentive'],['Vehicle is going straight thru inter.while ped cross with ROW'],['Crossing with right of way'],['Normal'],[],[],[],D43,False,"['65 to 69', '70 to 74']",3.0
1600,2019-03-13 08:00:00,555,2019,STEELES AVE E,SEWELLS RD,159 m West o,Minor Arterial,Scarborough,43.845545,-79.211932,643729.3908,4856270.9769,Non Intersection,No Control,Clear,Dark,Ice,144,Morningside Heights,131,Rouge (131),Non-Fatal Injury,0,0,1,0,0,0,0,1,1,1,0,0,0,Approaching,"['Driver', 'Passenger']",East,"['Automobile, Station Wagon']",['Going Ahead'],"['Speed too Fast For Condition', 'Driving Properly']","['Inattentive', 'Normal']",[],[],[],[],[],[],D42,False,"['50 to 54', '40 to 44']",3.0
1601,2019-03-13 08:00:00,915,2019,ROYAL YORK RD,KINGSGROVE BLVD,23 m North o,Minor Arterial,Etobicoke York,43.653449,-79.514003,619830.6876,4834455.2043,Intersection Related,No Control,Clear,Daylight,Dry,15,Kingsway South,15,Kingsway South (15),Non-Fatal Injury,0,0,1,0,0,0,0,0,0,1,0,0,0,Approaching,['Driver'],South,"['Automobile, Station Wagon']","['Overtaking', 'Going Ahead']","['Improper Passing', 'Driving Properly']","['Unknown', 'Normal']",[],[],[],[],[],[],D22,False,"['35 to 39', '15 to 19', '70 to 74']",3.0
1602,2019-03-13 08:00:00,1650,2019,BAY ST,RICHMOND ST W,,Major Arterial,Toronto and East York,43.651099,-79.38129,630537.851,4834394.4118,At Intersection,Traffic Signal,Clear,Daylight,Dry,170,Yonge-Bay Corridor,76,Bay Street Corridor (76),Non-Fatal Injury,1,0,0,0,0,1,0,0,0,0,0,0,0,Pedestrian Collisions,"['Driver', 'Pedestrian']",East,['Municipal Transit Bus (TTC)'],['Going Ahead'],['Driving Properly'],['Normal'],['Pedestrian involved in a collision with transit vehicle anywhere along roadway'],['Crossing without right of way'],['Other'],[],[],[],D52,False,"['55 to 59', '50 to 54']",3.0