accident_number,date,time,year,street1,street2,offset,road_class,district,latitude,longitude,x,y,accident_location,traffctl,visibility,light,road_surface_condition,hood_158,neighbourhood_new,hood_140,neighbourhood_old,accident_class,pedestrian,cyclist,automobile,motorcycle,truck,trsn_city_veh,emerg_veh,passenger,speeding,aggressive_driving,redlight,alcohol,disability,impact_type,involvement_type,initial_direction,vehicle_type,manoeuver,driver_action,driver_condition,pedestrian_type,pedestrian_action,pedestrian_condition,cyclist_type,cyclist_action,cyclist_condition,division,injury,involvement_age,injury_severity_score
1603,2019-03-13 08:00:00,2128,2019,BATHURST ST,DUNDAS ST W,3 m West of,Major Arterial,Toronto and East York,43.652239,-79.405978,628544.4806,4834482.4839,At Intersection,Traffic Signal,Clear,"Dark, artificial",Dry,78,Kensington-Chinatown,78,Kensington-Chinatown (78),Non-Fatal Injury,1,0,1,0,0,0,0,0,0,0,0,0,0,Pedestrian Collisions,"['Driver', 'Pedestrian']",West,"['Automobile, Station Wagon']",['Turning Left'],['Improper Turn'],['Unknown'],['Vehicle turns left while ped crosses with ROW at inter.'],['Crossing with right of way'],['Normal'],[],[],[],D14,False,"['70 to 74', '60 to 64']",3.0
1604,2019-03-15 08:00:00,2246,2019,MCCOWAN RD,ALTON TOWERS CRCL,14 m North o,Major Arterial,Scarborough,43.826819,-79.275867,638633.4399,4854081.9919,Intersection Related,No Control,Rain,"Dark, artificial",Wet,130,Milliken,130,Milliken (130),Non-Fatal Injury,1,0,1,0,0,0,0,0,0,0,0,0,0,Pedestrian Collisions,"['Driver', 'Pedestrian']",East,"['Automobile, Station Wagon']",['Going Ahead'],['Driving Properly'],['Normal'],['Pedestrian hit at mid-block'],"['Crossing, no Traffic Control']",['Inattentive'],[],[],[],D42,False,"['80 to 84', '15 to 19']",3.0
1605,2019-03-16 08:00:00,2155,2019,BAY ST,WELLINGTON ST W,,Major Arterial,Toronto and East York,43.647261,-79.379688,630675.3655,4833970.6729,At Intersection,Traffic Signal,Clear,"Dark, artificial",Wet,170,Yonge-Bay Corridor,76,Bay Street Corridor (76),Non-Fatal Injury,1,0,1,0,0,0,0,0,0,0,0,0,0,Pedestrian Collisions,"['Driver', 'Pedestrian']",North,"['Automobile, Station Wagon']",['Turning Left'],['Driving Properly'],['Normal'],['Vehicle turns left while ped crosses without ROW at inter.'],['Crossing without right of way'],['Inattentive'],[],[],[],D52,False,"['60 to 64', '50 to 54']",3.0
1606,2019-03-17 08:00:00,630,2019,KING ST E,PARLIAMENT ST,36 m West of,Major Arterial,Toronto and East York,43.65232,-79.363742,631950.3182,4834557.774,Non Intersection,No Control,Clear,"Dark, artificial",Dry,73,Moss Park,73,Moss Park (73),Non-Fatal Injury,0,0,1,0,0,0,0,1,1,1,0,0,0,SMV Other,"['Driver', 'Passenger']",East,"['Automobile, Station Wagon']",['Going Ahead'],['Lost control'],['Unknown'],[],[],[],[],[],[],D51,False,"['20 to 24', '15 to 19']",3.0
1607,2019-03-18 08:00:00,914,2019,DANFORTH AVE,JONES AVE,,Major Arterial,Toronto and East York,43.679801,-79.340137,633792.8149,4837647.7165,At Intersection,Traffic Signal,Clear,Daylight,Dry,69,Blake-Jones,69,Blake-Jones (69),Non-Fatal Injury,1,0,1,0,0,0,0,0,0,1,0,0,0,Pedestrian Collisions,"['Driver', 'Pedestrian']",East,['Pick Up Truck'],['Turning Right'],['Failed to Yield Right of Way'],['Inattentive'],['Vehicle turns right while ped crosses with ROW at inter.'],['Crossing with right of way'],['Normal'],[],[],[],D55,False,"['30 to 34', '50 to 54']",3.0
1608,2019-03-18 08:00:00,1545,2019,LESLIE ST,FINCH AVE E,,Major Arterial,North York,43.789939,-79.36803,631303.5475,4849835.5389,At Intersection,Traffic Signal,Clear,Daylight,Dry,47,Don Valley Village,47,Don Valley Village (47),Non-Fatal Injury,1,0,1,0,0,0,0,1,0,0,0,0,0,Pedestrian Collisions,"['Driver', 'Passenger', 'Pedestrian']",East,"['Automobile, Station Wagon']",['Going Ahead'],['Driving Properly'],['Normal'],['Vehicle is going straight thru inter.while ped cross without ROW'],['Crossing without right of way'],['Inattentive'],[],[],[],D33,False,"['50 to 54', '45 to 49', '10 to 14']",3.0
1609,2019-03-18 08:00:00,2016,2019,EDWARD ST,BAY ST,25 m East of,Collector,Toronto and East York,43.656611,-79.382869,630398.5838,4835004.1093,Non Intersection,No Control,Clear,"Dark, artificial",Dry,170,Yonge-Bay Corridor,76,Bay Street Corridor (76),Non-Fatal Injury,0,1,1,0,0,0,0,0,0,1,0,0,0,Cyclist Collisions,"['Driver', 'Cyclist']",East,"['Automobile, Station Wagon', 'Bicycle']","['Going Ahead', 'Stopped']",['Failed to Yield Right of Way'],['Normal'],[],[],[],['Insufficient information (to determine cyclist crash type).'],['Driving Properly'],['Normal'],D52,False,"['unknown', '35 to 39']",3.0
1610,2019-03-20 08:00:00,1222,2019,NORTH QUEEN ST,MEDULLA AVE,,Minor Arterial,Etobicoke York,43.621302,-79.545421,617359.6857,4830839.99,At Intersection,No Control,Clear,Daylight,Dry,159,Etobicoke City Centre,14,Islington-City Centre West (14),Non-Fatal Injury,1,0,1,0,0,0,0,1,0,0,0,0,0,Pedestrian Collisions,"['Driver', 'Passenger', 'Pedestrian']",East,"['Automobile, Station Wagon']",['Going Ahead'],['Driving Properly'],['Normal'],['Vehicle is going straight thru inter.while ped cross without ROW'],"['Crossing, no Traffic Control']",['Normal'],[],[],[],D22,False,"['40 to 44', '30 to 34', '60 to 64']",3.0
1611,2019-03-20 08:00:00,1822,2019,BLOOR ST W,AVENUE RD,43 m East of,Major Arterial,Toronto and East York,43.668784,-79.393413,629522.1713,4836339.5665,Non Intersection,No Control,Clear,Daylight,Dry,169,Bay-Cloverhill,76,Bay Street Corridor (76),Non-Fatal Injury,0,0,1,0,0,0,0,1,0,0,0,0,0,Turning Movement,"['Driver', 'Passenger']",East,"['Automobile, Station Wagon']","['Making U Turn', 'Going Ahead']","['Improper Turn', 'Driving Properly']","['Inattentive', 'Normal']",[],[],[],[],[],[],D52,False,"['35 to 39', '50 to 54', '20 to 24']",3.0
1612,2019-03-23 08:00:00,330,2019,SHEPPARD AVE W,SUNFIELD RD,,Major Arterial,North York,43.743407,-79.492511,621382.1658,4844477.5329,At Intersection,Stop Sign,Other,Other,,155,Downsview,26,Downsview-Roding-CFB (26),Fatal,0,0,1,0,0,1,0,0,0,1,0,0,0,Turning Movement,['Driver'],East,"['Automobile, Station Wagon', 'Municipal Transit Bus (TTC)']","['Going Ahead', 'Turning Left']","['Driving Properly', 'Failed to Yield Right of Way']",['Normal'],[],[],[],[],[],[],D31,True,"['25 to 29', '35 to 39']",4.0
1613,2019-03-23 08:00:00,1112,2019,EGLINTON AVE W,MARTIN GROVE RD,,Major Arterial,Etobicoke York,43.674407,-79.563129,615828.8286,4836713.0936,At Intersection,Traffic Signal,Clear,Daylight,Dry,10,Princess-Rosethorn,10,Princess-Rosethorn (10),Non-Fatal Injury,0,0,1,0,1,0,0,1,0,1,0,0,0,Rear End,"['Truck Driver', 'Driver', 'Passenger']",East,"['Truck-Tractor', 'Automobile, Station Wagon']","['Going Ahead', 'Slowing or Stopping']","['Following too Close', 'Driving Properly']",['Normal'],[],[],[],[],[],[],D22,False,"['55 to 59', '65 to 69']",3.0
1614,2019-03-23 08:00:00,1950,2019,BREADALBANE ST,BAY ST,54 m East of,Local,Toronto and East York,43.663443,-79.385959,630134.6558,4835758.0422,At/Near Private Drive,No Control,Clear,Daylight,Dry,169,Bay-Cloverhill,76,Bay Street Corridor (76),Non-Fatal Injury,0,1,1,0,0,0,0,0,0,0,0,0,0,Cyclist Collisions,"['Driver', 'Cyclist']",South,"['Automobile, Station Wagon', 'Bicycle']","['Turning Left', 'Going Ahead']",['Other'],['Other'],[],[],[],['Motorist turned left across cyclists path.'],['Driving Properly'],['Normal'],D52,False,"['60 to 64', '30 to 34']",3.0
1615,2019-03-24 08:00:00,2235,2019,KEELE ST,WILSON AVE,20 m North o,Major Arterial,North York,43.726569,-79.482028,622260.5181,4842622.8433,At Intersection,Traffic Signal,Clear,"Dark, artificial",Dry,155,Downsview,26,Downsview-Roding-CFB (26),Non-Fatal Injury,0,0,1,0,0,0,0,1,0,1,0,0,0,Turning Movement,"['Driver', 'Passenger']",East,['Passenger Van'],"['Turning Left', 'Going Ahead']","['Failed to Yield Right of Way', 'Driving Properly']",['Normal'],[],[],[],[],[],[],D31,False,"['30 to 34', '15 to 19']",3.0
1616,2019-03-25 08:00:00,1900,2019,DREWRY AVE,CHELMSFORD AVE,10 m North o,Minor Arterial,North York,43.782813,-79.436504,625809.229,4848937.7447,At Intersection,No Control,Clear,Daylight,Dry,36,Newtonbrook West,36,Newtonbrook West (36),Non-Fatal Injury,1,0,1,0,0,0,0,0,0,1,0,0,0,Pedestrian Collisions,"['Driver', 'Pedestrian']",East,"['Automobile, Station Wagon']",['Turning Right'],['Failed to Yield Right of Way'],['Unknown'],['Vehicle turns right while ped crosses with ROW at inter.'],['Crossing with right of way'],['Normal'],[],[],[],D32,False,"['45 to 49', '65 to 69']",3.0
1617,2019-03-26 08:00:00,930,2019,UNIVERSITY AVE,EDWARD ST,,Major Arterial,Toronto and East York,43.655394,-79.388561,629942.2252,4834860.0159,At Intersection,Stop Sign,Clear,Daylight,Dry,170,Yonge-Bay Corridor,76,Bay Street Corridor (76),Non-Fatal Injury,0,0,1,1,0,0,0,0,0,1,0,0,0,Angle,"['Driver', 'Motorcycle Driver']",North,"['Automobile, Station Wagon', 'Motorcycle']",['Going Ahead'],"['Failed to Yield Right of Way', 'Driving Properly']",['Normal'],[],[],[],[],[],[],D52,False,"['30 to 34', '60 to 64']",3.0
1618,2019-03-29 08:00:00,630,2019,BLOOR  ST E,SHERBOURNE ST,,Major Arterial,Toronto and East York,43.672286,-79.376811,630853.0189,4836754.5662,At Intersection,Traffic Signal,Other,Other,Other,74,North St.James Town,74,North St.James Town (74),Fatal,1,0,0,0,0,1,0,0,0,0,0,0,0,Pedestrian Collisions,"['Pedestrian', 'Driver']",East,['Municipal Transit Bus (TTC)'],['Going Ahead'],['Driving Properly'],['Normal'],['Pedestrian involved in a collision with transit vehicle anywhere along roadway'],['Crossing without right of way'],['Other'],[],[],[],D51,True,"['60 to 64', '50 to 54']",4.0
1619,2019-03-29 08:00:00,2022,2019,BAYVIEW AVE,ROSEDALE VALLEY RD,,Major Arterial,Toronto and East York,43.670127,-79.360111,632204.0405,4836541.2596,At Intersection,Traffic Signal,Clear,Daylight,Dry,71,Cabbagetown-South St.James Town,71,Cabbagetown-South St.James Town (71),Non-Fatal Injury,0,0,1,1,0,0,0,0,0,1,0,0,0,Turning Movement,"['Driver', 'Motorcycle Driver']",North,"['Automobile, Station Wagon', 'Motorcycle']","['Turning Left', 'Going Ahead']","['Failed to Yield Right of Way', 'Driving Properly']","['Inattentive', 'Normal']",[],[],[],[],[],[],D51,False,"['20 to 24', '25 to 29']",3.0
1620,2019-03-30 08:00:00,352,2019,2747 ST CLAIR AVE E,,50 m West of,Major Arterial,Toronto and East York,43.706233,-79.308681,636268.4665,4840634.5871,Non Intersection,No Control,Clear,"Dark, artificial",Dry,54,O'Connor-Parkview,54,O'Connor-Parkview (54),Non-Fatal Injury,0,0,1,0,0,0,0,0,1,1,0,0,0,SMV Other,['Driver'],West,"['Automobile, Station Wagon']",['Going Ahead'],['Lost control'],['Unknown'],[],[],[],[],[],[],D55,False,['30 to 34'],3.0
1621,2019-04-01 08:00:00,848,2019,QUEEN ST E,CARROLL ST,13 m East of,Major Arterial,Toronto and East York,43.658259,-79.352199,632868.0745,4835235.7987,At Intersection,Pedestrian Crossover,Clear,Daylight,Dry,70,South Riverdale,70,South Riverdale (70),Non-Fatal Injury,1,0,1,0,0,1,0,0,0,1,0,0,0,Pedestrian Collisions,"['Driver', 'Pedestrian']",East,"['Street Car', 'Automobile, Station Wagon']","['Going Ahead', 'Stopped']","['Following too Close', 'Driving Properly']",['Normal'],['Pedestrian hit a PXO/ped. Mid-block signal'],['Crossing with right of way'],['Normal'],[],[],[],D55,False,"['30 to 34', '40 to 44']",3.0
1622,2019-04-01 08:00:00,2343,2019,MCCOWAN RD,ELLESMERE RD,,Major Arterial,Scarborough,43.772071,-79.25146,640724.4484,4848042.5416,At Intersection,Traffic Signal,Clear,"Dark, artificial",Dry,142,Woburn North,137,Woburn (137),Non-Fatal Injury,1,0,1,0,0,0,0,0,1,1,0,0,0,Pedestrian Collisions,"['Driver', 'Pedestrian']",East,"['Automobile, Station Wagon']",['Going Ahead'],['Exceeding Speed Limit'],['Unknown'],['Vehicle is going straight thru inter.while ped cross with ROW'],['Crossing with right of way'],['Normal'],[],[],[],D43,False,['20 to 24'],3.0
1623,2019-04-02 08:00:00,55,2019,STEELES AVE E,ASPENWOOD DR,65 m East of,Major Arterial,North York,43.809756,-79.366664,631370.0135,4852038.6984,Non Intersection,No Control,Clear,Dark,Dry,48,Hillcrest Village,48,Hillcrest Village (48),Non-Fatal Injury,1,0,1,0,0,0,0,0,0,1,0,0,0,Pedestrian Collisions,"['Driver', 'Pedestrian']",East,"['Automobile, Station Wagon']",['Going Ahead'],['Driving Properly'],['Normal'],['Pedestrian hit at mid-block'],"['Crossing, no Traffic Control']",['Normal'],[],[],[],D33,False,"['20 to 24', '65 to 69']",3.0
1624,2019-04-06 08:00:00,907,2019,SCOTTFIELD DR,FINCH AVE E,,Major Arterial,Scarborough,43.810782,-79.252879,640519.4877,4852339.6054,At Intersection,Traffic Signal,Clear,Daylight,Dry,129,Agincourt North,129,Agincourt North (129),Fatal,1,0,1,0,0,0,0,0,0,1,0,0,0,Pedestrian Collisions,"['Pedestrian', 'Driver']",North,['Pick Up Truck'],['Turning Left'],['Failed to Yield Right of Way'],['Normal'],['Vehicle turns left while ped crosses with ROW at inter.'],['Crossing with right of way'],['Normal'],[],[],[],D42,True,"['85 to 89', '50 to 54']",4.0
1625,2019-04-06 08:00:00,1041,2019,VICTORIA PARK AVE,FINCH AVE E,20 metres no,Major Arterial,North York,43.793036,-79.331371,634246.1187,4850238.3162,Intersection Related,Traffic Signal,Clear,Daylight,Dry,147,L'Amoreaux West,117,L'Amoreaux (117),Fatal,0,0,1,0,0,0,0,0,1,1,0,0,0,Approaching,['Driver'],South,"['Automobile, Station Wagon']","['Slowing or Stopping', 'Going Ahead']","['Driving Properly', 'Lost control']","['Unknown', 'Normal']",[],[],[],[],[],[],D42,True,"['65 to 69', '55 to 59', '40 to 44']",4.0
1626,2019-04-07 08:00:00,1113,2019,THE WEST MALL,CIVIC CENTRE CRT,8 m North of,Minor Arterial,Etobicoke York,43.642176,-79.565959,615662.5603,4833129.4809,At Intersection,Traffic Signal,Clear,Daylight,Dry,13,Etobicoke West Mall,13,Etobicoke West Mall (13),Non-Fatal Injury,0,0,1,0,0,0,0,0,0,0,0,0,0,SMV Other,['Driver'],South,"['Automobile, Station Wagon']",['Going Ahead'],['Lost control'],['Unknown'],[],[],[],[],[],[],D22,False,['25 to 29'],3.0
1627,2019-04-07 08:00:00,1330,2019,PORT UNION RD,CONFERENCE BLVD,4 m  of,Minor Arterial,Scarborough,43.786063,-79.139377,649710.2018,4849793.1909,At Intersection,Traffic Signal,Clear,Daylight,Dry,133,Centennial Scarborough,133,Centennial Scarborough (133),Non-Fatal Injury,1,0,1,0,0,0,0,0,0,1,0,0,0,Pedestrian Collisions,"['Driver', 'Pedestrian']",East,['Pick Up Truck'],['Turning Left'],['Failed to Yield Right of Way'],['Normal'],['Vehicle turns left while ped crosses with ROW at inter.'],['Crossing with right of way'],['Normal'],[],[],[],D43,False,"['65 to 69', '45 to 49']",3.0
1628,2019-04-09 08:00:00,853,2019,JANE ST,EGLINTON AVE W,68 m North o,Major Arterial,Etobicoke York,43.685877,-79.499263,620954.1772,4838078.1514,Non Intersection,No Control,Clear,Daylight,Dry,115,Mount Dennis,115,Mount Dennis (115),Non-Fatal Injury,1,0,1,0,0,0,0,0,0,0,0,0,0,Pedestrian Collisions,"['Driver', 'Pedestrian']",North,"['Automobile, Station Wagon']",['Going Ahead'],['Driving Properly'],['Normal'],['Pedestrian hit at mid-block'],"['Crossing, no Traffic Control']",['Normal'],[],[],[],D12,False,"['20 to 24', '10 to 14']",3.0
1629,2019-04-09 08:00:00,1132,2019,ST CLAIR AVE W,YONGE ST,,Major Arterial,Toronto and East York,43.68801,-79.394099,629425.5227,4838473.8042,At Intersection,Traffic Signal,Clear,Daylight,Dry,98,Rosedale-Moore Park,98,Rosedale-Moore Park (98),Non-Fatal Injury,1,0,1,0,0,0,0,0,0,1,0,0,0,Pedestrian Collisions,"['Driver', 'Pedestrian']",East,"['Automobile, Station Wagon']",['Going Ahead'],['Failed to Yield Right of Way'],['Unknown'],['Vehicle is going straight thru inter.while ped cross without ROW'],['Crossing without right of way'],['Medical or Physical Disability'],[],[],[],D53,False,"['20 to 24', '45 to 49']",3.0
1630,2019-04-10 08:00:00,1515,2019,QUEEN ST W,SHAW ST,30 m West of,Major Arterial,Toronto and East York,43.644652,-79.416263,627731.1541,4833623.9682,At Intersection,Traffic Signal,Clear,Daylight,Dry,162,West Queen West,82,Niagara (82),Non-Fatal Injury,0,1,1,0,0,0,0,0,0,1,0,0,0,Cyclist Collisions,"['Driver', 'Cyclist']",East,"['Automobile, Station Wagon', 'Bicycle']","['Changing Lanes', 'Going Ahead']",['Improper Passing'],['Unknown'],[],[],[],['Cyclist and Driver travelling in same direction. One vehicle sideswipes the other.'],['Driving Properly'],['Normal'],D14,False,"['35 to 39', 'unknown']",3.0
1631,2019-04-10 08:00:00,2138,2019,DANFORTH RD,TRUDELLE ST,50 m North o,Major Arterial,Scarborough,43.74047,-79.245509,641277.7494,4844542.8969,At/Near Private Drive,No Control,Clear,"Dark, artificial",Dry,138,Eglinton East,138,Eglinton East (138),Non-Fatal Injury,0,0,1,0,0,0,0,1,1,1,0,0,0,Turning Movement,"['Passenger', 'Driver']",North,"['Automobile, Station Wagon']","['Going Ahead', 'Turning Left']","['Exceeding Speed Limit', 'Driving Properly']",['Normal'],[],[],[],[],[],[],D43,False,"['25 to 29', '20 to 24', '50 to 54', '15 to 19']",3.0
1632,2019-04-11 08:00:00,2355,2019,ROYAL YORK RD,MEADOWVALE DR,,Minor Arterial,Etobicoke York,43.645533,-79.510593,620121.4505,4833580.9612,At Intersection,No Control,Clear,"Dark, artificial",Dry,16,Stonegate-Queensway,16,Stonegate-Queensway (16),Non-Fatal Injury,0,0,1,0,0,0,0,1,1,1,0,0,0,Approaching,"['Driver', 'Passenger']",South,"['Automobile, Station Wagon']",['Going Ahead'],"['Speed too Fast For Condition', 'Driving Properly']","['Inattentive', 'Normal']",[],[],[],[],[],[],D22,False,"['unknown', '70 to 74', '30 to 34']",3.0
1633,2019-04-12 08:00:00,1228,2019,15 AUSTREY CRT,,1 m South of,Local,North York,43.731944,-79.507663,620185.0565,4843182.3134,Non Intersection,No Control,Clear,Daylight,Dry,154,Oakdale-Beverley Heights,26,Downsview-Roding-CFB (26),Non-Fatal Injury,0,0,1,0,0,0,0,0,0,0,0,0,1,SMV Other,['Driver'],South,['Delivery Van'],['Going Ahead'],['Lost control'],['Medical or Physical Disability'],[],[],[],[],[],[],D31,False,['50 to 54'],3.0
1634,2019-04-14 08:00:00,151,2019,COLLEGE ST,SPADINA AVE,20 m East of,Major Arterial,Toronto and East York,43.657874,-79.400096,629006.7525,4835117.4532,At Intersection,Traffic Signal,Clear,"Dark, artificial",Dry,78,Kensington-Chinatown,78,Kensington-Chinatown (78),Non-Fatal Injury,1,0,1,0,0,0,0,0,0,0,0,0,0,Pedestrian Collisions,"['Driver', 'Pedestrian']",Unknown,"['Automobile, Station Wagon']",['Going Ahead'],['Lost control'],['Unknown'],['Pedestrian hit at mid-block'],['Other'],['Normal'],[],[],[],D14,False,"['25 to 29', '20 to 24']",3.0
1635,2019-04-16 08:00:00,1000,2019,DON MILLS RD,KERN RD,,Major Arterial,North York,43.750014,-79.346835,633097.3833,4845435.0955,At Intersection,No Control,Clear,Daylight,Dry,42,Banbury-Don Mills,42,Banbury-Don Mills (42),Non-Fatal Injury,0,0,1,0,0,0,0,1,0,1,0,0,0,Turning Movement,"['Driver', 'Passenger']",East,"['Automobile, Station Wagon']","['Turning Left', 'Going Ahead', 'Stopped']","['Failed to Yield Right of Way', 'Driving Properly']",['Normal'],[],[],[],[],[],[],D33,False,"['50 to 54', '60 to 64', '20 to 24', '55 to 59', '80 to 84']",3.0
1636,2019-04-17 08:00:00,805,2019,SHEPPARD AVE E,KENNEDY RD,264 m West o,Major Arterial,Scarborough,43.782294,-79.292224,637420.2584,4849109.4886,Non Intersection,No Control,Clear,Daylight,Dry,118,Tam O'Shanter-Sullivan,118,Tam O'Shanter-Sullivan (118),Non-Fatal Injury,1,0,1,0,0,0,0,1,0,0,0,0,0,Pedestrian Collisions,"['Driver', 'Passenger', 'Pedestrian']",East,"['Automobile, Station Wagon']",['Going Ahead'],['Driving Properly'],['Normal'],['Pedestrian hit at mid-block'],"['Crossing, no Traffic Control']",['Normal'],[],[],[],D42,False,"['60 to 64', '30 to 34', 'Over 95']",3.0
1637,2019-04-18 08:00:00,1145,2019,VICTORIA ST,LOMBARD ST,,Collector,Toronto and East York,43.651236,-79.377452,630847.0652,4834415.6721,At Intersection,Stop Sign,Clear,Daylight,Dry,168,Downtown Yonge East,75,Church-Yonge Corridor (75),Non-Fatal Injury,1,0,1,0,0,0,0,0,0,0,0,0,0,Pedestrian Collisions,"['Driver', 'Pedestrian']",Unknown,"['Automobile, Station Wagon']",['Reversing'],['Other'],['Unknown'],['Vehicle is reversing and hits pedestrian'],['Other'],['Normal'],[],[],[],D51,False,"['unknown', '45 to 49']",3.0
1638,2019-04-19 08:00:00,2145,2019,LAKE SHORE BLVD W,JAMESON AVE,,Major Arterial,Toronto and East York,43.633269,-79.43452,626282.5246,4832331.8042,At Intersection,Traffic Signal,Rain,"Dark, artificial",Wet,85,South Parkdale,85,South Parkdale (85),Non-Fatal Injury,1,0,1,0,0,0,0,0,0,1,1,0,0,Pedestrian Collisions,"['Driver', 'Pedestrian']",North,"['Automobile, Station Wagon']",['Going Ahead'],['Disobeyed Traffic Control'],['Normal'],['Vehicle is going straight thru inter.while ped cross with ROW'],['Crossing with right of way'],['Normal'],[],[],[],D14,False,['25 to 29'],3.0
1639,2019-04-21 08:00:00,108,2019,F G GARDINER XY  W,ROYAL YORK RD,151 m West o,Expressway,Etobicoke York,43.622428,-79.503055,620775.6732,4831025.7997,Non Intersection,No Control,Clear,"Dark, artificial",Dry,160,Mimico-Queensway,17,Mimico (includes Humber Bay Shores) (17),Non-Fatal Injury,0,0,1,0,0,0,0,1,1,1,0,0,0,Sideswipe,"['Driver', 'Passenger']",West,"['Automobile, Station Wagon']","['Changing Lanes', 'Going Ahead']","['Improper Lane Change', 'Lost control']","['Unknown', 'Normal']",[],[],[],[],[],[],D22,False,"['20 to 24', '15 to 19']",3.0
1640,2019-04-23 08:00:00,552,2019,DANFORTH AVE,ELDON AVE,50 m East of,Major Arterial,Toronto and East York,43.690436,-79.291484,637690.1883,4838908.5185,Intersection Related,No Control,Clear,"Dark, artificial",Dry,61,Taylor-Massey,61,Taylor-Massey (61),Non-Fatal Injury,0,0,1,1,0,0,0,0,0,0,0,0,0,Turning Movement,"['Driver', 'Motorcycle Driver']",East,"['Automobile, Station Wagon', 'Motorcycle']","['Making U Turn', 'Going Ahead']","['Improper Turn', 'Driving Properly']","['Inattentive', 'Normal']",[],[],[],[],[],[],D55,False,"['50 to 54', '25 to 29']",3.0
1641,2019-04-23 08:00:00,1632,2019,COMRIE TER,BRIMLEY RD,200 m East o,Collector,Scarborough,43.727519,-79.241809,641606.2134,4843110.8108,Non Intersection,No Control,Clear,Daylight,Dry,123,Cliffcrest,123,Cliffcrest (123),Non-Fatal Injury,1,0,1,0,0,0,0,0,0,0,0,0,0,Pedestrian Collisions,"['Driver', 'Pedestrian']",East,"['Automobile, Station Wagon']",['Going Ahead'],['Driving Properly'],['Unknown'],['Vehicle hits the pedestrian walking or running out from between parked vehicles at mid-block'],['Coming From Behind Parked Vehicle'],['Normal'],[],[],[],D43,False,"['20 to 24', '0 to 4']",3.0
1642,2019-04-24 08:00:00,1005,2019,UNIVERSITY AVE,DUNDAS ST W,,Major Arterial,Toronto and East York,43.654719,-79.388271,629967.0664,4834785.5024,At Intersection,Traffic Signal,Clear,Daylight,Dry,170,Yonge-Bay Corridor,76,Bay Street Corridor (76),Non-Fatal Injury,1,0,1,0,0,0,0,0,0,0,0,0,0,Pedestrian Collisions,"['Driver', 'Pedestrian']",East,"['Automobile, Station Wagon']",['Turning Right'],['Improper Turn'],['Unknown'],['Vehicle turns right while ped crosses with ROW at inter.'],['Crossing with right of way'],['Fatigue'],[],[],[],D52,False,"['60 to 64', '35 to 39']",3.0
1643,2019-04-24 08:00:00,1500,2019,FINCH AVE E,WILLOWDALE AVE,,Major Arterial,North York,43.809878,-79.257671,640136.1812,4852231.074,At Intersection,Traffic Signal,Clear,Daylight,Dry,129,Agincourt North,129,Agincourt North (129),Non-Fatal Injury,0,0,0,0,1,0,0,0,0,1,0,0,0,Turning Movement,"['Driver', 'Truck Driver']",East,"['Other', 'Truck - Closed (Blazer, etc)']","['Going Ahead', 'Turning Right']","['Failed to Yield Right of Way', 'Driving Properly']",['Normal'],[],[],[],[],[],[],D42,False,"['35 to 39', '60 to 64']",3.0
1644,2019-04-27 08:00:00,309,2019,EASTERN AVE,LEWIS ST,30 m East of,Major Arterial,Toronto and East York,43.656424,-79.347522,633249.2608,4835039.4978,Intersection Related,No Control,Clear,"Dark, artificial",Dry,70,South Riverdale,70,South Riverdale (70),Non-Fatal Injury,0,0,1,0,0,0,0,0,1,1,0,0,0,SMV Other,['Driver'],East,"['Automobile, Station Wagon']",['Going Ahead'],['Lost control'],['Unknown'],[],[],[],[],[],[],D55,False,['25 to 29'],3.0
1645,2019-04-30 08:00:00,725,2019,STAINES RD,SOLSTICE DR,10 m South o,Local,Scarborough,43.836573,-79.231487,642178.8048,4855240.6782,Intersection Related,No Control,Clear,Daylight,Dry,144,Morningside Heights,131,Rouge (131),Non-Fatal Injury,1,0,0,0,0,1,0,0,0,0,0,0,0,Pedestrian Collisions,"['Driver', 'Pedestrian']",South,['Municipal Transit Bus (TTC)'],['Going Ahead'],['Driving Properly'],['Normal'],['Pedestrian involved in a collision with transit vehicle anywhere along roadway'],['Running onto Roadway'],['Inattentive'],[],[],[],D42,False,"['40 to 44', '15 to 19']",3.0
1646,2019-05-01 08:00:00,1634,2019,FAIRFAX CRES,WARDEN AVE,,Major Arterial,Scarborough,43.716109,-79.282733,638336.3798,4841774.4414,At Intersection,Traffic Signal,Rain,Daylight,Wet,120,Clairlea-Birchmount,120,Clairlea-Birchmount (120),Non-Fatal Injury,1,0,1,0,0,0,0,0,0,1,0,0,0,Pedestrian Collisions,"['Driver', 'Pedestrian']",East,"['Automobile, Station Wagon']",['Turning Left'],['Failed to Yield Right of Way'],['Normal'],['Vehicle turns left while ped crosses with ROW at inter.'],['Crossing with right of way'],['Normal'],[],[],[],D41,False,"['55 to 59', '15 to 19']",3.0
1647,2019-05-02 08:00:00,200,2019,BROWNS LINE,HORNER AVE,,Major Arterial,Etobicoke York,43.601615,-79.545207,617415.2537,4828653.8151,At Intersection,Traffic Signal,Clear,"Dark, artificial",Wet,20,Alderwood,20,Alderwood (20),Non-Fatal Injury,0,0,1,0,0,0,0,0,0,0,0,1,0,SMV Other,['Driver'],West,"['Automobile, Station Wagon']",['Going Ahead'],['Lost control'],"['Ability Impaired, Alcohol']",[],[],[],[],[],[],D22,False,['30 to 34'],3.0