accident_number,date,time,year,street1,street2,offset,road_class,district,latitude,longitude,x,y,accident_location,traffctl,visibility,light,road_surface_condition,hood_158,neighbourhood_new,hood_140,neighbourhood_old,accident_class,pedestrian,cyclist,automobile,motorcycle,truck,trsn_city_veh,emerg_veh,passenger,speeding,aggressive_driving,redlight,alcohol,disability,impact_type,involvement_type,initial_direction,vehicle_type,manoeuver,driver_action,driver_condition,pedestrian_type,pedestrian_action,pedestrian_condition,cyclist_type,cyclist_action,cyclist_condition,division,injury,involvement_age,injury_severity_score
1736,2019-07-26 08:00:00,1436,2019,THE QUEENSWAY,VIBE RD,20 m West of,Major Arterial,Etobicoke York,43.621604,-79.523433,619133.1602,4830904.8442,At Intersection,No Control,Clear,Daylight,Dry,159,Etobicoke City Centre,14,Islington-City Centre West (14),Non-Fatal Injury,0,1,1,0,0,0,0,1,0,0,0,0,0,Cyclist Collisions,"['Cyclist', 'Driver', 'Cyclist Passenger']",East,"['Bicycle', 'Automobile, Station Wagon']","['Turning Left', 'Going Ahead']",['Driving Properly'],['Normal'],[],[],[],['Cyclist turned left across motorists path.'],['Improper Turn'],['Normal'],D22,False,"['50 to 54', '35 to 39', '25 to 29']",3.0
1737,2019-07-26 08:00:00,1630,2019,857 ELLESMERE RD,,10 m West of,Major Arterial,Scarborough,43.765547,-79.281963,638284.5396,4847266.5581,Non Intersection,No Control,Clear,Daylight,Dry,126,Dorset Park,126,Dorset Park (126),Non-Fatal Injury,0,0,1,0,0,0,0,1,1,1,0,0,0,Rear End,"['Driver', 'Passenger']",East,"['Automobile, Station Wagon']","['Going Ahead', 'Stopped']","['Speed too Fast For Condition', 'Driving Properly']","['Unknown', 'Normal']",[],[],[],[],[],[],D41,False,"['unknown', '60 to 64', '15 to 19', '20 to 24']",3.0
1738,2019-07-26 08:00:00,2310,2019,VICTORIA PARK AVE,ELLESMERE RD,,Major Arterial,Scarborough,43.757796,-79.315204,635626.4613,4846350.7169,At Intersection,Traffic Signal,Clear,"Dark, artificial",Dry,119,Wexford/Maryvale,119,Wexford/Maryvale (119),Non-Fatal Injury,0,0,1,0,0,0,0,1,0,1,0,1,0,Turning Movement,"['Driver', 'Passenger']",North,"['Automobile, Station Wagon']","['Turning Left', 'Going Ahead']","['Improper Turn', 'Driving Properly']","['Ability Impaired, Alcohol Over .08', 'Normal']",[],[],[],[],[],[],D41,False,"['25 to 29', '30 to 34', '20 to 24']",3.0
1739,2019-07-28 08:00:00,148,2019,FITZGIBBON AVE,LORD ROBERTS DR,85 m South o,Local,Scarborough,43.740515,-79.261867,639960.4255,4844520.1286,At/Near Private Drive,No Control,Clear,"Dark, artificial",Dry,138,Eglinton East,138,Eglinton East (138),Non-Fatal Injury,0,0,1,0,0,0,0,1,1,1,0,0,0,SMV Other,"['Driver', 'Passenger']",North,"['Automobile, Station Wagon']",['Going Ahead'],['Lost control'],['Had Been Drinking'],[],[],[],[],[],[],D41,False,"['25 to 29', '20 to 24']",3.0
1740,2019-07-28 08:00:00,1054,2019,ISLINGTON AVE,MILLWICK DR,,Major Arterial,Etobicoke York,43.759955,-79.571773,614968.3,4846202.3513,At Intersection,Traffic Signal,Clear,Daylight,Dry,21,Humber Summit,21,Humber Summit (21),Fatal,1,0,1,0,0,0,0,0,0,1,0,0,0,Pedestrian Collisions,"['Driver', 'Pedestrian']",North,"['Automobile, Station Wagon']",['Turning Left'],['Failed to Yield Right of Way'],['Inattentive'],['Vehicle turns left while ped crosses with ROW at inter.'],['Crossing with right of way'],['Normal'],[],[],[],D31,True,"['25 to 29', '70 to 74']",4.0
1741,2019-07-28 08:00:00,1503,2019,ST CLAIR AVE E,GLENBURN AVE,2 m North of,Major Arterial,Toronto and East York,43.708571,-79.298282,637100.9862,4840911.4024,At Intersection,Stop Sign,Clear,Daylight,Dry,54,O'Connor-Parkview,54,O'Connor-Parkview (54),Non-Fatal Injury,0,0,1,1,0,0,0,0,0,1,0,0,0,Angle,"['Driver', 'Motorcycle Driver']",East,"['Automobile, Station Wagon', 'Motorcycle']",['Going Ahead'],"['Failed to Yield Right of Way', 'Driving Properly']","['Inattentive', 'Normal']",[],[],[],[],[],[],D55,False,"['85 to 89', '55 to 59']",3.0
1742,2019-07-29 08:00:00,1937,2019,GERRARD ST E,CARLAW AVE,,Minor Arterial,Toronto and East York,43.667624,-79.342769,633607.6812,4836291.0521,At Intersection,Traffic Signal,Clear,Daylight,Dry,70,South Riverdale,70,South Riverdale (70),Non-Fatal Injury,0,1,1,0,0,0,0,1,0,0,0,0,0,Cyclist Collisions,"['Cyclist', 'Driver', 'Passenger']",East,"['Bicycle', 'Automobile, Station Wagon']",['Going Ahead'],['Driving Properly'],['Normal'],[],[],[],"['Cyclist without ROW rides into path of motorist at inter, lnwy, dwy-Cyclist not turn.']",['Disobeyed Traffic Control'],['Inattentive'],D55,False,"['55 to 59', '35 to 39', '15 to 19']",3.0
1743,2019-07-30 08:00:00,39,2019,GERRARD ST W,LA PLANTE AVE,63 m East of,Minor Arterial,Toronto and East York,43.658251,-79.385585,630176.0308,4835181.9883,Intersection Related,No Control,Rain,"Dark, artificial",Wet,170,Yonge-Bay Corridor,76,Bay Street Corridor (76),Non-Fatal Injury,1,0,1,0,0,0,0,0,0,1,0,1,0,Pedestrian Collisions,"['Driver', 'Pedestrian']",East,"['Automobile, Station Wagon']",['Going Ahead'],['Failed to Yield Right of Way'],"['Ability Impaired, Alcohol Over .08']",['Vehicle is going straight thru inter.while ped cross without ROW'],"['Crossing, no Traffic Control']",['Had Been Drinking'],[],[],[],D52,False,"['30 to 34', '50 to 54']",3.0
1744,2019-07-30 08:00:00,2153,2019,TRETHEWEY DR,BLACK CREEK DR,,Major Arterial,Etobicoke York,43.694541,-79.486064,622000.4125,4839059.741,At Intersection,Traffic Signal,Clear,"Dark, artificial",Dry,112,Beechborough-Greenbrook,112,Beechborough-Greenbrook (112),Non-Fatal Injury,1,0,1,0,0,0,0,1,0,0,0,0,0,Pedestrian Collisions,"['Driver', 'Passenger', 'Pedestrian']",East,"['Automobile, Station Wagon']",['Turning Right'],['Driving Properly'],['Normal'],['Vehicle turns right while ped crosses without ROW at inter.'],['Crossing without right of way'],['Other'],[],[],[],D12,False,"['45 to 49', '5 to 9']",3.0
1745,2019-07-31 08:00:00,1423,2019,F G GARDINER XY  W,GARDINER X W 427 X N RAMP,155 m East o,Expressway,Etobicoke York,43.616381,-79.533878,618300.6662,4830309.8331,Non Intersection,No Control,Clear,Daylight,Dry,20,Alderwood,20,Alderwood (20),Non-Fatal Injury,0,0,1,0,1,0,0,0,1,1,0,0,0,Rear End,"['Truck Driver', 'Driver']",West,"['Truck - Dump', 'Automobile, Station Wagon', 'Delivery Van']","['Slowing or Stopping', 'Stopped']","['Speed too Fast For Condition', 'Driving Properly']",['Normal'],[],[],[],[],[],[],D22,False,"['50 to 54', '55 to 59']",3.0
1746,2019-07-31 08:00:00,1748,2019,220 DOVERCOURT RD,,,Collector,Toronto and East York,43.647738,-79.424083,627093.9429,4833954.7027,Intersection Related,No Control,Clear,Daylight,Dry,84,Little Portugal,84,Little Portugal (84),Non-Fatal Injury,0,1,1,0,0,0,0,1,0,1,0,0,0,Cyclist Collisions,"['Driver', 'Cyclist', 'Passenger']",South,"['Pick Up Truck', 'Bicycle']","['Overtaking', 'Going Ahead']",['Improper Passing'],['Inattentive'],[],[],[],['Cyclist and Driver travelling in same direction. One vehicle sideswipes the other.'],['Driving Properly'],['Normal'],D14,False,"['30 to 34', '15 to 19', '25 to 29']",3.0
1747,2019-07-31 08:00:00,2147,2019,QUEEN ST W,GLADSTONE AVE,51 m East of,Major Arterial,Toronto and East York,43.642573,-79.426486,626911.0207,4833377.3855,Non Intersection,No Control,Clear,"Dark, artificial",Dry,84,Little Portugal,84,Little Portugal (84),Non-Fatal Injury,1,0,1,0,0,1,0,1,0,0,0,0,0,Pedestrian Collisions,"['Driver', 'Driver - Not Hit', 'Passenger', 'Pedestrian']",East,"['Street Car', 'Automobile, Station Wagon']",['Going Ahead'],['Driving Properly'],['Normal'],['Pedestrian involved in a collision with transit vehicle anywhere along roadway'],"['Crossing, no Traffic Control']","['Ability Impaired, Alcohol Over .80']",[],[],[],D14,False,"['30 to 34', '35 to 39']",3.0
1748,2019-08-02 08:00:00,2237,2019,ISLINGTON AVE,BEAUMONDE HEIGHTS DR,,Major Arterial,Etobicoke York,43.742396,-79.567699,615329.9678,4844257.8332,At Intersection,Traffic Signal,Clear,Dark,Dry,3,Thistletown-Beaumond Heights,3,Thistletown-Beaumond Heights (3),Fatal,0,0,1,1,0,0,0,0,0,1,0,0,0,Turning Movement,"['Driver', 'Motorcycle Driver']",North,"['Passenger Van', 'Motorcycle']","['Turning Left', 'Going Ahead']","['Failed to Yield Right of Way', 'Driving Properly']",['Unknown'],[],[],[],[],[],[],D23,True,"['65 to 69', '25 to 29']",4.0
1749,2019-08-03 08:00:00,917,2019,WARDEN AVE,SYLLA AVE,,Major Arterial,Scarborough,43.763796,-79.301395,636724.4328,4847039.8153,At Intersection,No Control,Clear,Daylight,Dry,119,Wexford/Maryvale,119,Wexford/Maryvale (119),Fatal,0,0,1,0,0,0,0,0,0,0,0,0,0,SMV Other,['Driver'],North,"['Automobile, Station Wagon']",['Going Ahead'],['Lost control'],['Unknown'],[],[],[],[],[],[],D41,True,['55 to 59'],4.0
1750,2019-08-03 08:00:00,1435,2019,LAWRENCE AVE W,PIMLICO RD,,Major Arterial,Etobicoke York,43.707465,-79.482394,622269.8881,4840500.5355,At Intersection,Traffic Signal,Clear,Daylight,Dry,30,Brookhaven-Amesbury,30,Brookhaven-Amesbury (30),Non-Fatal Injury,0,0,0,1,0,0,0,0,0,0,0,0,0,SMV Other,['Motorcycle Driver'],East,['Motorcycle'],['Going Ahead'],['Lost control'],['Normal'],[],[],[],[],[],[],D12,False,['25 to 29'],3.0
1751,2019-08-03 08:00:00,1435,2019,2929 DUFFERIN ST,,20 m North o,Major Arterial,North York,43.708998,-79.453655,624582.1649,4840713.5856,At/Near Private Drive,No Control,Clear,"Daylight, artificial",Dry,31,Yorkdale-Glen Park,31,Yorkdale-Glen Park (31),Non-Fatal Injury,0,1,1,0,0,0,0,0,0,0,0,0,0,Cyclist Collisions,"['Cyclist', 'Driver']",North,"['Bicycle', 'Automobile, Station Wagon']","['Unknown', 'Going Ahead']",['Driving Properly'],['Normal'],[],[],[],"['Cyclist without ROW rides into path of motorist at inter, lnwy, dwy-Cyclist not turn.']",['Other'],['Unknown'],D13,False,"['35 to 39', '45 to 49']",3.0
1752,2019-08-03 08:00:00,1500,2019,55 KING ST W,,100 m West o,Major Arterial,Toronto and East York,43.64836,-79.381206,630550.5592,4834090.3421,Non Intersection,No Control,Clear,Daylight,Dry,170,Yonge-Bay Corridor,76,Bay Street Corridor (76),Non-Fatal Injury,1,0,1,0,0,0,0,0,0,0,0,0,0,Pedestrian Collisions,"['Driver', 'Pedestrian']",Unknown,"['Automobile, Station Wagon']",['Going Ahead'],['Other'],['Unknown'],['Pedestrian hit on sidewalk or shoulder'],['On Sidewalk or Shoulder'],"['Normal', 'Unknown']",[],[],[],D52,False,"['25 to 29', '15 to 19']",3.0
1753,2019-08-03 08:00:00,2027,2019,WINDERMERE AVE,THE QUEENSWAY,,Major Arterial,Etobicoke York,43.637137,-79.469875,623422.5983,4832708.2174,At Intersection,Traffic Signal,Clear,"Dark, artificial",Dry,87,High Park-Swansea,87,High Park-Swansea (87),Non-Fatal Injury,0,0,1,1,0,0,0,1,1,1,0,0,0,Turning Movement,"['Driver', 'Motorcycle Driver', 'Motorcycle Passenger']",North,"['Automobile, Station Wagon', 'Motorcycle']","['Turning Left', 'Going Ahead']","['Improper Turn', 'Driving Properly']",['Normal'],[],[],[],[],[],[],D11,False,"['20 to 24', '15 to 19']",3.0
1754,2019-08-04 08:00:00,257,2019,BATHURST ST,HERRICK ST,233 m South ,Major Arterial,Toronto and East York,43.662955,-79.410365,628167.9012,4835665.8504,Non Intersection,No Control,Clear,Daylight,Dry,80,Palmerston-Little Italy,80,Palmerston-Little Italy (80),Non-Fatal Injury,1,0,1,0,0,0,0,0,0,0,0,0,0,Pedestrian Collisions,"['Driver', 'Pedestrian']",North,"['Automobile, Station Wagon']",['Going Ahead'],"['Lost control', 'Driving Properly']",['Normal'],['Pedestrian hit on sidewalk or shoulder'],['On Sidewalk or Shoulder'],['Normal'],[],[],[],D14,False,"['20 to 24', '30 to 34', '25 to 29']",3.0
1755,2019-08-05 08:00:00,41,2019,PARLIAMENT ST,SHUTER ST,,Minor Arterial,Toronto and East York,43.656871,-79.364963,631841.8942,4835061.282,At Intersection,Traffic Signal,Clear,"Dark, artificial",Dry,72,Regent Park,72,Regent Park (72),Non-Fatal Injury,0,0,1,0,0,0,0,1,1,1,1,0,0,Angle,"['Driver', 'Passenger', 'Other']",North,"['Automobile, Station Wagon']",['Going Ahead'],"['Disobeyed Traffic Control', 'Driving Properly']","['Unknown', 'Normal']",[],[],[],[],[],[],D51,False,"['25 to 29', '20 to 24', 'unknown']",3.0
1756,2019-08-05 08:00:00,1645,2019,STEELES AVE E,BLUFFWOOD DR,,Major Arterial,North York,43.807639,-79.376056,630619.2179,4851788.7029,At Intersection,Traffic Signal,Clear,Daylight,Dry,49,Bayview Woods-Steeles,49,Bayview Woods-Steeles (49),Fatal,0,0,1,1,0,0,0,0,1,1,0,0,0,Turning Movement,"['Driver', 'Motorcycle Driver']",East,"['Automobile, Station Wagon', 'Motorcycle']","['Turning Left', 'Going Ahead']","['Failed to Yield Right of Way', 'Exceeding Speed Limit']","['Normal', 'Unknown']",[],[],[],[],[],[],D33,True,"['40 to 44', '25 to 29']",4.0
1757,2019-08-05 08:00:00,2220,2019,VICTORIA PARK AVE,CURLEW DR,81 m South o,Major Arterial,Scarborough,43.747023,-79.311496,635949.3509,4845160.2913,Non Intersection,No Control,Clear,"Dark, artificial",Dry,119,Wexford/Maryvale,119,Wexford/Maryvale (119),Non-Fatal Injury,0,0,1,1,0,0,0,0,1,1,0,0,0,Rear End,"['Motorcycle Driver', 'Driver']",North,"['Motorcycle', 'Automobile, Station Wagon']",['Going Ahead'],"['Lost control', 'Driving Properly']",['Normal'],[],[],[],[],[],[],D41,False,"['20 to 24', '25 to 29']",3.0
1758,2019-08-09 08:00:00,945,2019,31  FINCH AVE E,,,Major Arterial,North York,43.780196,-79.413219,627688.4816,4848682.7368,Non Intersection,No Control,Clear,Daylight,Dry,151,Yonge-Doris,51,Willowdale East (51),Fatal,1,0,1,0,0,0,0,0,0,0,0,0,0,Pedestrian Collisions,"['Pedestrian', 'Driver']",East,"['Automobile, Station Wagon']",['Going Ahead'],['Lost control'],['Unknown'],['Pedestrian hit on sidewalk or shoulder'],['On Sidewalk or Shoulder'],['Normal'],[],[],[],D32,True,"['65 to 69', '35 to 39']",4.0
1759,2019-08-11 08:00:00,1505,2019,JANE ST,BEVERLY HILLS DR,,Major Arterial,Etobicoke York,43.719008,-79.508113,620174.6793,4841744.9349,Intersection Related,Traffic Signal,Clear,Daylight,Dry,154,Oakdale-Beverley Heights,26,Downsview-Roding-CFB (26),Non-Fatal Injury,0,0,1,0,0,0,0,1,0,0,0,0,0,Turning Movement,"['Driver', 'Passenger']",South,"['Passenger Van', 'Automobile, Station Wagon']","['Turning Left', 'Going Ahead', 'Stopped']","['Improper Turn', 'Driving Properly']","['Inattentive', 'Normal']",[],[],[],[],[],[],D31,False,"['25 to 29', '40 to 44', 'unknown', '5 to 9']",3.0
1760,2019-08-12 08:00:00,1044,2019,RICHMOND ST W,UNIVERSITY AVE,,Major Arterial,Scarborough,43.650012,-79.386249,630140.2852,4834265.8973,At Intersection,Traffic Signal,Clear,Daylight,Dry,170,Yonge-Bay Corridor,76,Bay Street Corridor (76),Non-Fatal Injury,0,1,1,0,0,0,0,0,0,1,0,0,0,Cyclist Collisions,"['Driver', 'Cyclist']",West,"['Delivery Van', 'Bicycle']","['Turning Right', 'Going Ahead']",['Failed to Yield Right of Way'],['Inattentive'],[],[],[],['Motorist turning right on green or amber at signalized intersection strikes cyclist.'],['Driving Properly'],['Normal'],D52,False,"['20 to 24', '45 to 49']",3.0
1761,2019-08-13 08:00:00,1329,2019,STEELES  AVE E,MCCOWAN  RD,,Major Arterial,Scarborough,43.830973,-79.275157,638680.9087,4854544.5527,At Intersection,Traffic Signal,Clear,Daylight,Dry,130,Milliken,130,Milliken (130),Fatal,0,0,1,1,0,0,0,0,0,1,0,0,0,Turning Movement,"['Motorcycle Driver', 'Driver']",East,"['Motorcycle', 'Automobile, Station Wagon']","['Going Ahead', 'Turning Left']","['Driving Properly', 'Failed to Yield Right of Way']","['Normal', 'Inattentive']",[],[],[],[],[],[],D42,True,"['40 to 44', '35 to 39']",4.0
1762,2019-08-13 08:00:00,1748,2019,QUEEN ST E,VICTORIA PARK AVE,,Minor Arterial,Toronto and East York,43.674201,-79.28017,638639.3927,4837124.2444,At Intersection,No Control,Clear,Daylight,Dry,122,Birchcliffe-Cliffside,122,Birchcliffe-Cliffside (122),Non-Fatal Injury,0,1,1,0,0,0,0,1,0,1,0,0,0,Cyclist Collisions,"['Driver', 'Cyclist', 'Passenger']",East,"['Automobile, Station Wagon', 'Bicycle']","['Turning Left', 'Going Ahead']",['Disobeyed Traffic Control'],['Inattentive'],[],[],[],['Motorist turned left across cyclists path.'],['Driving Properly'],['Normal'],D41,False,"['80 to 84', '45 to 49', '65 to 69', '60 to 64']",3.0
1763,2019-08-14 08:00:00,1149,2019,DUFFERIN ST,TYCOS DR,7 m West of,Major Arterial,North York,43.705699,-79.452884,624651.1195,4840348.3446,At Intersection,Stop Sign,Clear,Daylight,Dry,31,Yorkdale-Glen Park,31,Yorkdale-Glen Park (31),Non-Fatal Injury,0,0,1,1,0,0,0,1,0,1,0,0,0,Turning Movement,"['Driver', 'Motorcycle Driver', 'Motorcycle Passenger']",East,"['Automobile, Station Wagon', 'Motorcycle']","['Turning Left', 'Going Ahead']","['Failed to Yield Right of Way', 'Driving Properly']",['Normal'],[],[],[],[],[],[],D13,False,"['25 to 29', '20 to 24']",3.0
1764,2019-08-15 08:00:00,648,2019,QUEEN ST W,ST PATRICK ST,7 m North of,Major Arterial,Toronto and East York,43.650347,-79.388606,629949.4814,4834299.4097,At Intersection,Traffic Signal,Clear,Daylight,Dry,164,Wellington Place,77,Waterfront Communities-The Island (77),Non-Fatal Injury,1,0,1,0,0,0,0,1,0,1,1,0,0,Pedestrian Collisions,"['Driver', 'Passenger', 'Pedestrian']",East,"['Automobile, Station Wagon']",['Going Ahead'],['Disobeyed Traffic Control'],['Normal'],['Vehicle is going straight thru inter.while ped cross with ROW'],['Crossing with right of way'],['Normal'],[],[],[],D52,False,"['30 to 34', '0 to 4', '60 to 64']",3.0
1765,2019-08-17 08:00:00,1235,2019,GODSTONE RD,FAIRVIEW MALL DR,,Minor Arterial,North York,43.779563,-79.345691,633123.9262,4848718.8017,At Intersection,Traffic Signal,Clear,Daylight,Dry,47,Don Valley Village,47,Don Valley Village (47),Non-Fatal Injury,1,0,1,0,0,0,0,0,0,0,0,0,0,Pedestrian Collisions,"['Driver', 'Pedestrian']",Unknown,"['Automobile, Station Wagon']",['Going Ahead'],['Lost control'],['Inattentive'],['Pedestrian hit on sidewalk or shoulder'],['On Sidewalk or Shoulder'],['Normal'],[],[],[],D33,False,"['75 to 79', '70 to 74']",3.0
1766,2019-08-17 08:00:00,2305,2019,FINCH AVE E,MCCOWAN RD,,Major Arterial,Scarborough,43.807955,-79.266467,639433.1825,4852002.6334,At Intersection,Traffic Signal,Clear,"Dark, artificial",Dry,129,Agincourt North,129,Agincourt North (129),Non-Fatal Injury,1,0,1,0,0,0,0,0,0,0,0,0,0,Pedestrian Collisions,"['Driver', 'Pedestrian']",North,"['Automobile, Station Wagon']",['Going Ahead'],['Driving Properly'],['Normal'],['Vehicle is going straight thru inter.while ped cross without ROW'],['Crossing without right of way'],['Had Been Drinking'],[],[],[],D42,False,"['25 to 29', '35 to 39']",3.0
1767,2019-08-19 08:00:00,1730,2019,KINGSTON RD,HAIG AVE,3 m West of,Major Arterial,Scarborough,43.687167,-79.271663,639295.1595,4838578.5541,At Intersection,No Control,Clear,Daylight,Dry,122,Birchcliffe-Cliffside,122,Birchcliffe-Cliffside (122),Non-Fatal Injury,0,0,1,1,0,0,0,0,0,0,0,0,0,Sideswipe,"['Motorcycle Driver', 'Driver']",West,"['Motorcycle', 'Automobile, Station Wagon']","['Changing Lanes', 'Going Ahead']","['Improper Lane Change', 'Driving Properly']","['Inattentive', 'Normal']",[],[],[],[],[],[],D41,False,"['25 to 29', '35 to 39']",3.0
1768,2019-08-19 08:00:00,2118,2019,MARKHAM RD,NASHDENE RD,300 m South ,Major Arterial,Scarborough,43.817473,-79.24496,641140.6489,4853096.2306,Non Intersection,No Control,Clear,"Dark, artificial",Dry,144,Morningside Heights,131,Rouge (131),Non-Fatal Injury,0,0,1,1,0,0,0,1,1,1,0,0,0,Rear End,"['Motorcycle Driver', 'Driver', 'Motorcycle Passenger']",South,"['Motorcycle', 'Automobile, Station Wagon']","['Overtaking', 'Going Ahead']","['Speed too Fast For Condition', 'Driving Properly']","['Unknown', 'Normal']",[],[],[],[],[],[],D42,False,"['20 to 24', '25 to 29']",3.0
1769,2019-08-20 08:00:00,1515,2019,SHEPPARD AVE E,MARKHAM RD,,Major Arterial,Scarborough,43.793795,-79.238719,641698.5341,4850477.0705,At Intersection,Traffic Signal,Clear,Daylight,Dry,146,Malvern East,132,Malvern (132),Non-Fatal Injury,1,0,1,0,0,0,0,0,0,1,0,0,0,Pedestrian Collisions,"['Driver', 'Pedestrian']",East,"['Automobile, Station Wagon']",['Turning Left'],['Failed to Yield Right of Way'],['Inattentive'],['Vehicle turns left while ped crosses with ROW at inter.'],['Crossing with right of way'],['Normal'],[],[],[],D42,False,"['25 to 29', '70 to 74']",3.0
1770,2019-08-20 08:00:00,1522,2019,BATHURST ST,DUPONT ST,25 m North o,Major Arterial,Toronto and East York,43.673079,-79.414348,627825.268,4836784.1103,At Intersection,Traffic Signal,Clear,Daylight,Dry,95,Annex,95,Annex (95),Non-Fatal Injury,0,0,0,1,0,0,0,0,0,0,0,0,0,SMV Other,['Motorcycle Driver'],South,['Motorcycle'],['Going Ahead'],['Lost control'],['Normal'],[],[],[],[],[],[],D14,False,['50 to 54'],3.0
1771,2019-08-20 08:00:00,2112,2019,STEELES AVE E,LAURELEAF RD S,,Major Arterial,North York,43.805499,-79.385745,629844.529,4851535.7729,At Intersection,Traffic Signal,Clear,"Dark, artificial",Dry,49,Bayview Woods-Steeles,49,Bayview Woods-Steeles (49),Fatal,1,0,1,0,0,0,0,0,0,0,0,0,0,Pedestrian Collisions,"['Pedestrian', 'Driver']",North,"['Automobile, Station Wagon']",['Going Ahead'],['Driving Properly'],['Normal'],['Vehicle is going straight thru inter.while ped cross without ROW'],['Crossing without right of way'],['Had Been Drinking'],[],[],[],D33,True,"['60 to 64', '30 to 34']",4.0
1772,2019-08-21 08:00:00,1130,2019,SHEPPARD AVE E,MIDLAND AVE,,Major Arterial,Scarborough,43.785277,-79.278529,638515.3814,4849463.6232,At Intersection,Traffic Signal,Clear,Daylight,Dry,128,Agincourt South-Malvern West,128,Agincourt South-Malvern West (128),Fatal,1,0,1,0,1,0,0,0,0,1,0,0,0,Pedestrian Collisions,"['Driver', 'Pedestrian']",East,"['Truck - Tank', 'Automobile, Station Wagon']","['Turning Right', 'Unknown']",['Failed to Yield Right of Way'],['Unknown'],['Vehicle turns right while ped crosses with ROW at inter.'],['Crossing with right of way'],['Unknown'],[],[],[],D42,True,"['45 to 49', 'unknown', '75 to 79']",4.0
1773,2019-08-22 08:00:00,815,2019,ISLINGTON AVE,ANGLESEY BLVD,,Major Arterial,Etobicoke York,43.66421,-79.531993,618358.8188,4835624.5309,At Intersection,Stop Sign,Clear,Daylight,Dry,9,Edenbridge-Humber Valley,9,Edenbridge-Humber Valley (9),Non-Fatal Injury,0,0,1,1,0,0,0,0,0,1,0,0,0,Angle,"['Driver', 'Motorcycle Driver']",North,"['Pick Up Truck', 'Motorcycle']",['Going Ahead'],"['Failed to Yield Right of Way', 'Driving Properly']",['Normal'],[],[],[],[],[],[],D22,False,"['40 to 44', '65 to 69']",3.0
1774,2019-08-22 08:00:00,1521,2019,BAY ST,COLLEGE ST,,Major Arterial,Toronto and East York,43.660742,-79.385814,630152.1831,4835458.2876,At Intersection,Traffic Signal,Clear,Daylight,Dry,170,Yonge-Bay Corridor,76,Bay Street Corridor (76),Non-Fatal Injury,1,0,1,0,0,0,0,1,0,1,1,0,0,Pedestrian Collisions,"['Driver', 'Passenger', 'Pedestrian']",Unknown,"['Automobile, Station Wagon', 'Pick Up Truck']",['Going Ahead'],"['Disobeyed Traffic Control', 'Driving Properly']","['Inattentive', 'Normal']",['Vehicle is going straight thru inter.while ped cross with ROW'],['Crossing with right of way'],['Normal'],[],[],[],D52,False,"['50 to 54', '20 to 24', '0 to 4', '40 to 44', '65 to 69']",3.0
1775,2019-08-22 08:00:00,1823,2019,LAKE SHORE BLVD E,COXWELL AVE,,Major Arterial,Toronto and East York,43.6622,-79.31483,635872.4149,4835734.0209,At Intersection,Traffic Controller,Clear,Dusk,Dry,70,South Riverdale,70,South Riverdale (70),Non-Fatal Injury,0,0,1,1,0,0,0,0,0,1,0,0,0,Rear End,"['Driver', 'Motorcycle Driver']",East,"['Automobile, Station Wagon', 'Motorcycle']","['Going Ahead', 'Slowing or Stopping']","['Following too Close', 'Driving Properly']","['Unknown', 'Normal']",[],[],[],[],[],[],D55,False,['50 to 54'],3.0
1776,2019-08-23 08:00:00,752,2019,DAVENPORT RD,BATHURST ST,,Minor Arterial,Toronto and East York,43.676657,-79.415744,627705.1404,4837179.3452,At Intersection,Traffic Signal,Clear,Daylight,Dry,96,Casa Loma,96,Casa Loma (96),Non-Fatal Injury,0,0,0,0,1,1,0,1,0,1,0,0,0,Rear End,"['Truck Driver', 'Driver', 'Passenger']",West,"['Truck - Closed (Blazer, etc)', 'Municipal Transit Bus (TTC)']","['Going Ahead', 'Stopped']","['Following too Close', 'Driving Properly']",['Normal'],[],[],[],[],[],[],D13,False,"['35 to 39', '25 to 29', '40 to 44', '60 to 64']",3.0
1777,2019-08-25 08:00:00,20,2019,PASSMORE AVE,DYNAMIC DR,14 m East of,Collector,Scarborough,43.829867,-79.253429,640430.4974,4854458.3752,At Intersection,No Control,Clear,Dark,Dry,130,Milliken,130,Milliken (130),Non-Fatal Injury,1,0,1,0,0,0,0,0,0,0,0,0,0,Pedestrian Collisions,"['Driver', 'Pedestrian']",North,"['Automobile, Station Wagon']",['Going Ahead'],['Driving Properly'],['Normal'],['Pedestrian hit at mid-block'],"['Crossing, no Traffic Control']",['Had Been Drinking'],[],[],[],D42,False,"['15 to 19', '35 to 39']",3.0
1778,2019-08-25 08:00:00,1115,2019,RENFORTH DR,BRIDGETOWN DR,,Collector,Etobicoke York,43.636084,-79.567912,615516.713,4832450.1688,At Intersection,No Control,Clear,Daylight,Dry,12,Markland Wood,13,Etobicoke West Mall (13),Non-Fatal Injury,1,0,1,0,0,0,0,0,0,1,0,0,0,Pedestrian Collisions,"['Driver', 'Pedestrian']",East,"['Automobile, Station Wagon']",['Going Ahead'],['Failed to Yield Right of Way'],['Unknown'],['Vehicle is going straight thru inter.while ped cross with ROW'],['Crossing with right of way'],['Normal'],[],[],[],D22,False,"['unknown', '35 to 39']",3.0