accident_number,date,time,year,street1,street2,offset,road_class,district,latitude,longitude,x,y,accident_location,traffctl,visibility,light,road_surface_condition,hood_158,neighbourhood_new,hood_140,neighbourhood_old,accident_class,pedestrian,cyclist,automobile,motorcycle,truck,trsn_city_veh,emerg_veh,passenger,speeding,aggressive_driving,redlight,alcohol,disability,impact_type,involvement_type,initial_direction,vehicle_type,manoeuver,driver_action,driver_condition,pedestrian_type,pedestrian_action,pedestrian_condition,cyclist_type,cyclist_action,cyclist_condition,division,injury,involvement_age,injury_severity_score
1779,2019-08-25 08:00:00,2035,2019,KINGSTON RD,MORNINGSIDE AVE,,Major Arterial,Scarborough,43.771086,-79.186321,645969.3693,4848045.9196,Non Intersection,No Control,Clear,Dark,Dry,136,West Hill,136,West Hill (136),Fatal,1,0,1,0,0,0,0,0,0,0,0,0,0,Pedestrian Collisions,"['Driver', 'Pedestrian']",East,"['Automobile, Station Wagon']",['Going Ahead'],['Driving Properly'],['Normal'],['Pedestrian hit at mid-block'],"['Crossing, no Traffic Control']",['Unknown'],[],[],[],D43,True,"['60 to 64', '70 to 74']",4.0
1780,2019-08-26 08:00:00,2046,2019,TWYN RIVERS DR,SHEPPARD AVE E,3 m West of,Collector,Scarborough,43.813456,-79.156703,648248.3215,4852804.4399,Non Intersection,No Control,Clear,Dark,Dry,144,Morningside Heights,131,Rouge (131),Non-Fatal Injury,0,0,0,1,0,0,0,0,0,1,0,0,0,SMV Other,['Motorcycle Driver'],North,['Motorcycle'],['Going Ahead'],['Lost control'],['Normal'],[],[],[],[],[],[],D42,False,['45 to 49'],3.0
1781,2019-08-30 08:00:00,2023,2019,SHEPPARD AVE E,ABBOTSFIELD GT,,Major Arterial,Scarborough,43.777281,-79.313861,635690.5072,4848517.0262,Non Intersection,No Control,Clear,Dark,Dry,118,Tam O'Shanter-Sullivan,118,Tam O'Shanter-Sullivan (118),Fatal,1,0,1,0,0,0,0,0,0,0,0,0,0,Pedestrian Collisions,"['Pedestrian', 'Driver']",East,"['Automobile, Station Wagon']",['Going Ahead'],['Other'],['Unknown'],['Pedestrian hit at mid-block'],"['Crossing, no Traffic Control']",['Inattentive'],[],[],[],D42,True,"['30 to 34', 'unknown']",4.0
1782,2019-08-31 08:00:00,740,2019,MOUNT PLEASANT RD,ELM AVE,2 m North of,Major Arterial,North York,43.674468,-79.380153,630578.8691,4836991.6403,At Intersection,Traffic Signal,Clear,Daylight,Dry,98,Rosedale-Moore Park,98,Rosedale-Moore Park (98),Non-Fatal Injury,1,0,1,0,0,0,0,0,0,1,0,0,0,Pedestrian Collisions,"['Driver', 'Pedestrian']",East,['Pick Up Truck'],['Turning Left'],['Failed to Yield Right of Way'],['Inattentive'],['Vehicle turns left while ped crosses with ROW at inter.'],['Crossing with right of way'],['Normal'],[],[],[],D53,False,"['50 to 54', '70 to 74']",3.0
1783,2019-08-31 08:00:00,1746,2019,JOHN GARLAND BLVD,KENDLETON DR,3 m West of,Local,Etobicoke York,43.734889,-79.580325,614327.5917,4843406.5755,At Intersection,No Control,Clear,Daylight,Dry,2,Mount Olive-Silverstone-Jamestown,2,Mount Olive-Silverstone-Jamestown (2),Non-Fatal Injury,0,1,1,0,0,0,0,0,0,1,0,0,0,Cyclist Collisions,"['Driver', 'Cyclist']",East,"['Automobile, Station Wagon', 'Bicycle']","['Turning Right', 'Going Ahead']",['Failed to Yield Right of Way'],['Normal'],[],[],[],"['Motorist turns right at non-signal Inter.(stop, yield, no cont.,and dwy) and strikes cyclist.']",['Driving Properly'],['Normal'],D23,False,"['65 to 69', '55 to 59']",3.0
1784,2019-09-02 08:00:00,1448,2019,495 THE WEST MALL,,305 m West o,Minor Arterial,Etobicoke York,43.647906,-79.568042,615483.5751,4833762.9687,Non Intersection,No Control,Clear,Daylight,Dry,13,Etobicoke West Mall,13,Etobicoke West Mall (13),Non-Fatal Injury,0,0,1,1,0,0,0,0,1,1,0,0,0,Angle,"['Motorcycle Driver', 'Driver']",North,"['Motorcycle', 'Automobile, Station Wagon']",['Going Ahead'],"['Exceeding Speed Limit', 'Failed to Yield Right of Way']","['Normal', 'Unknown']",[],[],[],[],[],[],D22,False,"['20 to 24', '30 to 34', 'unknown']",3.0
1785,2019-09-02 08:00:00,1802,2019,GARRYBROOK DR,HUNTINGWOOD DR,3 m North of,Minor Arterial,Scarborough,43.788966,-79.307216,636198.7247,4849825.7411,At Intersection,Stop Sign,Clear,Daylight,Dry,118,Tam O'Shanter-Sullivan,118,Tam O'Shanter-Sullivan (118),Non-Fatal Injury,0,1,1,0,0,0,0,0,0,1,0,0,0,Cyclist Collisions,"['Driver', 'Cyclist']",East,"['Automobile, Station Wagon', 'Bicycle']","['Turning Right', 'Going Ahead']",['Failed to Yield Right of Way'],['Normal'],[],[],[],"['Motorist turns right at non-signal Inter.(stop, yield, no cont.,and dwy) and strikes cyclist.']",['Driving Properly'],['Normal'],D42,False,"['20 to 24', '30 to 34']",3.0
1786,2019-09-03 08:00:00,1800,2019,KENNEDY RD,HIGHWAY 401 C  E,2 m South of,Major Arterial,Scarborough,43.774371,-79.284335,638073.3087,4848242.6417,Non Intersection,No Control,Clear,Daylight,Dry,126,Dorset Park,126,Dorset Park (126),Non-Fatal Injury,0,0,1,0,0,0,0,0,0,0,0,0,0,SMV Other,['Driver'],North,"['Automobile, Station Wagon']",['Going Ahead'],['Other'],['Unknown'],[],[],[],[],[],[],D41,False,['70 to 74'],3.0
1787,2019-09-03 08:00:00,1903,2019,KING ST W,PORTLAND ST,30 m East of,Major Arterial,Toronto and East York,43.644381,-79.400058,629038.7093,4833618.9382,At Intersection,Traffic Signal,Clear,Dark,Dry,164,Wellington Place,77,Waterfront Communities-The Island (77),Non-Fatal Injury,0,1,1,0,0,0,0,0,0,0,0,0,0,Cyclist Collisions,"['Cyclist', 'Driver']",West,"['Bicycle', 'Automobile, Station Wagon']",['Going Ahead'],['Driving Properly'],['Normal'],[],[],[],['Cyclist and Driver travelling in same direction. One vehicle rear-ended the other.'],['Following too Close'],['Normal'],D14,False,"['45 to 49', '30 to 34']",3.0
1788,2019-09-03 08:00:00,1910,2019,LANSDOWNE AVE,WALLACE AVE,27 m South o,Minor Arterial,Etobicoke York,43.662287,-79.444377,625426.9717,4835539.6796,At/Near Private Drive,No Control,Clear,Daylight,Dry,171,Junction-Wallace Emerson,93,Dovercourt-Wallace Emerson-Junction (93),Non-Fatal Injury,1,0,1,0,0,0,0,0,0,0,0,0,0,Pedestrian Collisions,"['Driver', 'Pedestrian']",North,"['Automobile, Station Wagon']",['Going Ahead'],['Lost control'],['Inattentive'],[],['On Sidewalk or Shoulder'],['Normal'],[],[],[],D11,False,['25 to 29'],3.0
1789,2019-09-04 08:00:00,800,2019,1750 VICTORIA PARK AVE,,27 m South o,Major Arterial,North York,43.736197,-79.307407,636303.1451,4843964.6212,At/Near Private Drive,No Control,Clear,Daylight,Dry,43,Victoria Village,43,Victoria Village (43),Non-Fatal Injury,0,1,1,0,0,0,0,0,0,1,0,0,0,Cyclist Collisions,"['Driver', 'Cyclist']",East,"['Pick Up Truck', 'Bicycle']","['Turning Right', 'Going Ahead']",['Failed to Yield Right of Way'],['Normal'],[],[],[],"['Motorist turns right at non-signal Inter.(stop, yield, no cont.,and dwy) and strikes cyclist.']",['Driving Properly'],['Normal'],D33,False,"['55 to 59', '10 to 14']",3.0
1790,2019-09-04 08:00:00,1722,2019,O CONNOR DR,SUNRISE AVE,,Major Arterial,North York,43.718833,-79.304431,636582.2636,4842040.9941,At Intersection,Traffic Signal,Clear,Daylight,Dry,43,Victoria Village,43,Victoria Village (43),Non-Fatal Injury,0,0,1,0,0,0,0,1,1,1,1,1,0,Angle,"['Driver', 'Passenger']",East,"['Automobile, Station Wagon']",['Going Ahead'],"['Disobeyed Traffic Control', 'Driving Properly']","['Ability Impaired, Alcohol', 'Normal']",[],[],[],[],[],[],D55,False,"['50 to 54', '45 to 49']",3.0
1791,2019-09-04 08:00:00,2307,2019,WESTON RD,ROGERS RD,,Major Arterial,Etobicoke York,43.681536,-79.476711,622780.6607,4837629.1632,At Intersection,Traffic Signal,Clear,"Dark, artificial",Dry,111,Rockcliffe-Smythe,111,Rockcliffe-Smythe (111),Non-Fatal Injury,0,0,0,1,0,1,0,0,0,1,0,0,0,Turning Movement,"['Driver', 'Motorcycle Driver']",North,"['Municipal Transit Bus (TTC)', 'Motorcycle']","['Turning Left', 'Going Ahead']","['Failed to Yield Right of Way', 'Driving Properly']","['Inattentive', 'Normal']",[],[],[],[],[],[],D12,False,"['25 to 29', '40 to 44']",3.0
1792,2019-09-06 08:00:00,630,2019,WARDEN AVE,MCNICOLL AVE,,Major Arterial,Scarborough,43.808352,-79.32191,634972.7977,4851954.7916,Non Intersection,No Control,Clear,Daylight,Dry,116,Steeles,116,Steeles (116),Fatal,1,0,1,0,0,0,0,0,0,0,0,0,0,Pedestrian Collisions,"['Pedestrian', 'Driver']",South,"['Automobile, Station Wagon']",['Going Ahead'],['Driving Properly'],['Normal'],['Pedestrian hit at mid-block'],"['Crossing, no Traffic Control']",['Inattentive'],[],[],[],D42,True,"['Over 95', '25 to 29']",4.0
1793,2019-09-06 08:00:00,1617,2019,DIXON RD,ISLINGTON AVE,,Major Arterial,Etobicoke York,43.696955,-79.546672,617111.5841,4839240.461,At Intersection,Traffic Signal,Clear,Daylight,Dry,6,Kingsview Village-The Westway,6,Kingsview Village-The Westway (6),Fatal,1,0,1,0,0,0,0,0,0,0,0,0,0,Pedestrian Collisions,"['Pedestrian', 'Driver']",South,"['Automobile, Station Wagon']",['Going Ahead'],['Driving Properly'],['Unknown'],['Vehicle is going straight thru inter.while ped cross without ROW'],['Crossing without right of way'],['Unknown'],[],[],[],D23,True,"['75 to 79', '45 to 49']",4.0
1794,2019-09-06 08:00:00,1740,2019,RICHMOND ST W,YONGE ST,57 m West of,Major Arterial,Toronto and East York,43.651427,-79.379802,630657.138,4834433.1823,Non Intersection,No Control,Clear,Daylight,Wet,170,Yonge-Bay Corridor,76,Bay Street Corridor (76),Non-Fatal Injury,1,0,1,0,0,0,0,0,0,0,0,0,0,Pedestrian Collisions,"['Driver', 'Pedestrian']",Unknown,"['Automobile, Station Wagon']",['Turning Right'],['Lost control'],['Unknown'],['Pedestrian hit on sidewalk or shoulder'],['On Sidewalk or Shoulder'],['Normal'],[],[],[],D52,False,"['45 to 49', '50 to 54']",3.0
1795,2019-09-07 08:00:00,17,2019,LAWRENCE AVE E,UNDERHILL DR,,Major Arterial,North York,43.740718,-79.324664,634903.284,4844438.4998,At Intersection,Traffic Signal,Clear,Dark,Dry,43,Victoria Village,43,Victoria Village (43),Fatal,0,0,1,1,0,0,0,0,1,1,0,0,0,Turning Movement,"['Driver', 'Motorcycle Driver']",East,"['Automobile, Station Wagon', 'Motorcycle']","['Turning Left', 'Going Ahead']","['Failed to Yield Right of Way', 'Speed too Fast For Condition']",['Unknown'],[],[],[],[],[],[],D33,True,"['40 to 44', '20 to 24']",4.0
1796,2019-09-07 08:00:00,1244,2019,LAKE PROMENADE,CRYSTAL CRES,20 m West of,Local,Etobicoke York,43.590289,-79.526683,618932.6339,4827422.2816,Intersection Related,No Control,Clear,Daylight,Dry,19,Long Branch,19,Long Branch (19),Non-Fatal Injury,0,1,0,0,1,0,0,0,0,0,0,0,0,Cyclist Collisions,"['Truck Driver', 'Cyclist']",West,"['Truck - Open', 'Bicycle']","['Overtaking', 'Unknown']",['Driving Properly'],['Normal'],[],[],[],['Cyclist and Driver travelling in same direction. One vehicle sideswipes the other.'],['Other'],['Normal'],D22,False,['50 to 54'],3.0
1797,2019-09-08 08:00:00,106,2019,KING ST W,PORTLAND ST,5 m West of,Major Arterial,Toronto and East York,43.644381,-79.400058,629038.7093,4833618.9382,At Intersection,Traffic Signal,Clear,Dark,Dry,164,Wellington Place,77,Waterfront Communities-The Island (77),Non-Fatal Injury,0,1,1,0,0,0,0,0,0,0,0,1,0,Cyclist Collisions,"['Driver', 'Cyclist']",East,"['Automobile, Station Wagon', 'Bicycle']","['Turning Right', 'Going Ahead']",['Lost control'],"['Ability Impaired, Alcohol Over .08']",[],[],[],['Motorist turning right on red at signalized intersection strikes cyclist.'],['Driving Properly'],['Normal'],D14,False,"['20 to 24', '45 to 49']",3.0
1798,2019-09-08 08:00:00,1515,2019,STEELES AVE E,MOUNTCASTLE GT,,Major Arterial,Scarborough,43.820498,-79.320415,635065.6593,4853306.2415,At Intersection,Traffic Signal,Clear,Daylight,Dry,116,Steeles,116,Steeles (116),Non-Fatal Injury,0,0,1,0,0,0,0,1,0,1,1,0,0,Turning Movement,"['Driver', 'Passenger']",East,"['Automobile, Station Wagon']","['Going Ahead', 'Turning Left']","['Disobeyed Traffic Control', 'Driving Properly']","['Inattentive', 'Normal']",[],[],[],[],[],[],D42,False,"['30 to 34', '65 to 69', '0 to 4', '5 to 9']",3.0
1799,2019-09-09 08:00:00,1605,2019,LAWRENCE AVE W,AVENUE RD,,Major Arterial,North York,43.722186,-79.415569,627622.6148,4842236.2434,At Intersection,Traffic Signal,Clear,Daylight,Dry,39,Bedford Park-Nortown,39,Bedford Park-Nortown (39),Non-Fatal Injury,0,0,1,0,0,0,0,0,0,1,1,0,0,Turning Movement,['Driver'],South,"['Automobile, Station Wagon']","['Going Ahead', 'Turning Left']","['Disobeyed Traffic Control', 'Driving Properly']",['Normal'],[],[],[],[],[],[],D53,False,['35 to 39'],3.0
1800,2019-09-09 08:00:00,2043,2019,EGLINTON AVE W,CHILTERN HILL RD,,Major Arterial,Toronto and East York,43.700457,-79.427722,626689.4814,4839804.2888,At Intersection,Stop Sign,Clear,Dark,Dry,106,Humewood-Cedarvale,106,Humewood-Cedarvale (106),Non-Fatal Injury,0,0,1,0,0,0,0,0,0,1,0,0,0,Turning Movement,['Driver'],East,"['Automobile, Station Wagon']","['Turning Left', 'Going Ahead']","['Failed to Yield Right of Way', 'Driving Properly']",['Normal'],[],[],[],[],[],[],D13,False,"['45 to 49', '35 to 39']",3.0
1801,2019-09-10 08:00:00,740,2019,19 FOUR WINDS DR,,90 m East of,Collector,Etobicoke York,43.763919,-79.498958,620821.7688,4846746.2662,Non Intersection,No Control,Clear,Daylight,Dry,27,York University Heights,27,York University Heights (27),Non-Fatal Injury,1,0,1,0,0,0,0,0,0,0,0,0,0,Pedestrian Collisions,"['Driver', 'Pedestrian']",East,"['Automobile, Station Wagon']",['Making U Turn'],['Other'],['Inattentive'],[],"['Crossing, no Traffic Control']",['Normal'],[],[],[],D31,False,"['40 to 44', '75 to 79']",3.0
1802,2019-09-10 08:00:00,959,2019,YONGE ST,ERSKINE AVE,,Major Arterial,North York,43.711005,-79.399272,628959.2995,4841019.6592,At Intersection,No Control,Clear,Daylight,Dry,173,North Toronto,104,Mount Pleasant West (104),Fatal,1,0,0,0,1,0,0,0,0,0,0,0,0,Pedestrian Collisions,"['Pedestrian', 'Driver']",North,['Truck - Open'],['Turning Right'],['Improper Turn'],['Unknown'],['Vehicle turns right while ped crosses with ROW at inter.'],['Crossing with right of way'],['Normal'],[],[],[],D53,True,"['50 to 54', '55 to 59']",4.0
1803,2019-09-11 08:00:00,2056,2019,JANE ST,GRANDRAVINE DR,,Major Arterial,North York,43.747023,-79.515086,619557.2269,4844846.314,At Intersection,Traffic Signal,Rain,"Dark, artificial",Wet,25,Glenfield-Jane Heights,25,Glenfield-Jane Heights (25),Non-Fatal Injury,1,0,1,0,0,0,0,0,0,1,0,0,0,Pedestrian Collisions,"['Driver', 'Pedestrian']",East,"['Automobile, Station Wagon']",['Turning Left'],['Failed to Yield Right of Way'],['Inattentive'],['Vehicle turns left while ped crosses with ROW at inter.'],['Crossing with right of way'],['Normal'],[],[],[],D31,False,"['35 to 39', '60 to 64']",3.0
1804,2019-09-12 08:00:00,1055,2019,BURNHAMTHORPE RD,THE WEST MALL,,Major Arterial,Etobicoke York,43.64448,-79.567203,615557.8075,4833383.6362,At Intersection,Traffic Signal,Clear,Daylight,Dry,13,Etobicoke West Mall,13,Etobicoke West Mall (13),Non-Fatal Injury,0,0,1,0,0,0,0,1,1,1,1,0,0,Angle,"['Driver', 'Passenger']",South,"['Pick Up Truck', 'Automobile, Station Wagon']",['Going Ahead'],"['Disobeyed Traffic Control', 'Driving Properly']","['Had Been Drinking', 'Normal']",[],[],[],[],[],[],D22,False,"['25 to 29', '50 to 54']",3.0
1805,2019-09-12 08:00:00,2103,2019,MARTIN GROVE RD,EGLINTON AVE W,,Major Arterial,Etobicoke York,43.674407,-79.563129,615828.8286,4836713.0936,At Intersection,Traffic Signal,Clear,"Dark, artificial",Dry,10,Princess-Rosethorn,10,Princess-Rosethorn (10),Non-Fatal Injury,0,1,1,0,0,0,0,0,0,0,0,0,0,Cyclist Collisions,"['Driver', 'Cyclist']",East,"['Automobile, Station Wagon', 'Bicycle']",['Going Ahead'],['Driving Properly'],['Normal'],[],[],[],"['Cyclist without ROW rides into path of motorist at inter, lnwy, dwy-Cyclist not turn.']",['Wrong Way on One Way Road'],"['Ability Impaired, Alcohol']",D22,False,"['50 to 54', '25 to 29']",3.0
1806,2019-09-13 08:00:00,1640,2019,LAKE SHORE BLVD W,LOWER SIMCOE ST,24 m East of,Expressway,Etobicoke York,43.64033,-79.383174,630409.2187,4833195.4121,Intersection Related,Traffic Signal,Clear,Daylight,Dry,165,Harbourfront-CityPlace,77,Waterfront Communities-The Island (77),Non-Fatal Injury,1,0,1,0,0,0,0,0,0,0,0,0,0,Pedestrian Collisions,"['Driver', 'Pedestrian']",Unknown,['Pick Up Truck'],['Going Ahead'],['Driving Properly'],['Normal'],['Vehicle is going straight thru inter.while ped cross without ROW'],['Walking on Roadway with Traffic'],['Normal'],[],[],[],D52,False,"['30 to 34', '50 to 54']",3.0
1807,2019-09-14 08:00:00,105,2019,DON VALLEY PARKWAY  N,SPANBRIDGE RD,25 m South o,Expressway,North York,43.71255,-79.325435,634904.4194,4841308.7762,Non Intersection,No Control,Rain,"Dark, artificial",Wet,44,Flemingdon Park,44,Flemingdon Park (44),Non-Fatal Injury,0,0,1,0,0,0,0,1,0,1,0,0,0,SMV Other,"['Driver', 'Passenger']",North,"['Automobile, Station Wagon']",['Going Ahead'],"['Lost control', 'Driving Properly']","['Inattentive', 'Normal']",[],[],[],[],[],[],D55,False,"['60 to 64', '45 to 49', '30 to 34']",3.0
1808,2019-09-14 08:00:00,511,2019,333 SHERBOURNE ST,,,Minor Arterial,Toronto and East York,43.662169,-79.37263,631212.1147,4835637.5413,At/Near Private Drive,No Control,Clear,"Daylight, artificial",Dry,73,Moss Park,73,Moss Park (73),Non-Fatal Injury,0,1,0,0,1,0,0,0,0,0,0,0,0,Cyclist Collisions,"['Truck Driver', 'Cyclist']",North,"['Truck-Tractor', 'Bicycle']","['Turning Right', 'Going Ahead']",['Improper Turn'],['Unknown'],[],[],[],"['Motorist turns right at non-signal Inter.(stop, yield, no cont.,and dwy) and strikes cyclist.']",['Driving Properly'],['Normal'],D51,False,"['35 to 39', '40 to 44']",3.0
1809,2019-09-15 08:00:00,1030,2019,WILSON AVE,DELAHAYE ST,63 m East of,Major Arterial,North York,43.735827,-79.44102,625544.0688,4843712.3949,Non Intersection,No Control,Clear,Daylight,Wet,33,Clanton Park,33,Clanton Park (33),Non-Fatal Injury,0,0,1,0,0,0,0,0,0,1,0,0,1,Approaching,['Driver'],East,"['Automobile, Station Wagon', 'Pick Up Truck']","['Going Ahead', 'Slowing or Stopping']","['Lost control', 'Driving Properly']","['Medical or Physical Disability', 'Normal']",[],[],[],[],[],[],D32,False,"['80 to 84', '35 to 39']",3.0
1810,2019-09-16 08:00:00,42,2019,JARVIS ST,RICHARD BIGLEY  LANE,,Major Arterial,Scarborough,43.654002,-79.373355,631171.441,4834729.3412,Non Intersection,No Control,Clear,"Dark, artificial",Dry,73,Moss Park,73,Moss Park (73),Non-Fatal Injury,1,0,1,0,0,0,0,0,0,0,0,0,0,Pedestrian Collisions,"['Driver', 'Pedestrian']",East,"['Automobile, Station Wagon']",['Going Ahead'],['Driving Properly'],['Normal'],['Pedestrian hit at mid-block'],"['Crossing, no Traffic Control']",['Inattentive'],[],[],[],D51,False,"['30 to 34', '35 to 39']",3.0
1811,2019-09-16 08:00:00,1016,2019,BRIMLEY RD,HEATHER RD,,Major Arterial,Scarborough,43.790507,-79.269923,639195.7159,4850058.9346,At Intersection,Traffic Signal,Clear,Daylight,Dry,129,Agincourt North,129,Agincourt North (129),Non-Fatal Injury,0,0,1,0,1,0,0,0,0,0,0,0,0,Approaching,"['Driver', 'Truck Driver']",North,"['Automobile, Station Wagon', 'Truck - Dump']",['Going Ahead'],"['Other', 'Driving Properly']","['Had Been Drinking', 'Normal']",[],[],[],[],[],[],D42,False,"['20 to 24', '60 to 64']",3.0
1812,2019-09-17 08:00:00,1630,2019,LA ROSE AVE,SCARLETT RD,25 m West of,Collector,Etobicoke York,43.686526,-79.514964,619687.4302,4838127.4522,At/Near Private Drive,No Control,Clear,Daylight,Dry,8,Humber Heights-Westmount,8,Humber Heights-Westmount (8),Non-Fatal Injury,0,1,1,0,0,0,0,0,0,1,0,0,0,Cyclist Collisions,"['Driver', 'Cyclist']",East,"['Automobile, Station Wagon', 'Bicycle']","['Turning Left', 'Going Ahead']",['Failed to Yield Right of Way'],['Normal'],[],[],[],"['Motorist turns right at non-signal Inter.(stop, yield, no cont.,and dwy) and strikes cyclist.']",['Driving Properly'],['Normal'],D23,False,"['20 to 24', '50 to 54']",3.0
1813,2019-09-17 08:00:00,2000,2019,LAWRENCE AVE E,AINSDALE RD,,Major Arterial,Scarborough,43.745886,-79.291835,637534.9716,4845066.4659,Intersection Related,Stop Sign,Clear,Daylight,Dry,119,Wexford/Maryvale,119,Wexford/Maryvale (119),Fatal,1,0,1,0,0,0,0,0,0,0,0,0,0,Pedestrian Collisions,"['Driver', 'Pedestrian']",South,['Pick Up Truck'],['Turning Left'],['Driving Properly'],['Normal'],['Vehicle turns left while ped crosses without ROW at inter.'],"['Crossing, no Traffic Control']",['Normal'],[],[],[],D41,True,['55 to 59'],4.0
1814,2019-09-21 08:00:00,1430,2019,KINGSTON RD,OVERTURE RD,170 m East o,Major Arterial,Scarborough,43.760127,-79.196391,645185.4123,4846811.0467,Non Intersection,No Control,Clear,Daylight,Dry,136,West Hill,136,West Hill (136),Non-Fatal Injury,1,0,0,0,0,1,0,0,0,0,0,0,0,Pedestrian Collisions,"['Driver', 'Pedestrian']",East,['Municipal Transit Bus (TTC)'],['Going Ahead'],['Driving Properly'],['Normal'],['Pedestrian hit at mid-block'],['Walking on Roadway Against Traffic'],['Had Been Drinking'],[],[],[],D43,False,"['60 to 64', '25 to 29']",3.0
1815,2019-09-21 08:00:00,2242,2019,MCCOWAN RD,HOLLYHEDGE DR,,Major Arterial,Scarborough,43.753478,-79.244663,641315.2578,4845989.0761,At Intersection,No Control,Clear,Dark,Dry,157,Bendale South,127,Bendale (127),Non-Fatal Injury,0,0,1,1,0,0,0,0,0,0,0,0,0,Turning Movement,"['Driver', 'Motorcycle Driver']",North,"['Passenger Van', 'Motorcycle']","['Turning Left', 'Going Ahead']","['Improper Turn', 'Driving Properly']",['Normal'],[],[],[],[],[],[],D43,False,"['35 to 39', '25 to 29']",3.0
1816,2019-09-23 08:00:00,2019,2019,SCARBOROUGH GOLF CLUB RD,CONFEDERATION DR,,Minor Arterial,Scarborough,43.757247,-79.214244,643755.1758,4846460.0333,Non Intersection,No Control,Clear,Dusk,Dry,141,Golfdale-Cedarbrae-Woburn,137,Woburn (137),Fatal,1,0,1,0,0,0,0,0,0,0,0,0,0,Pedestrian Collisions,"['Pedestrian', 'Driver']",South,"['Automobile, Station Wagon']",['Going Ahead'],['Driving Properly'],['Normal'],['Pedestrian hit at mid-block'],"['Crossing, no Traffic Control']",['Inattentive'],[],[],[],D43,True,"['15 to 19', '20 to 24']",4.0
1817,2019-09-24 08:00:00,321,2019,EGLINTON AV W,HWY 401 W ON-RAMP,130 m West o,Major Arterial,Etobicoke York,43.674147,-79.564418,615725.4188,4836682.4182,Non Intersection,Traffic Signal,Clear,"Dark, artificial",Dry,11,Eringate-Centennial-West Deane,11,Eringate-Centennial-West Deane (11),Non-Fatal Injury,0,0,1,0,0,0,0,1,0,0,0,1,0,SMV Other,"['Driver', 'Passenger']",West,"['Automobile, Station Wagon']",['Going Ahead'],['Lost control'],"['Ability Impaired, Alcohol Over .08']",[],[],[],[],[],[],D22,False,['20 to 24'],3.0
1818,2019-09-24 08:00:00,2046,2019,DANFORTH AVE,WANSTEAD AVE,,Major Arterial,Scarborough,43.692488,-79.282268,638428.1982,4839151.7667,At Intersection,No Control,Clear,"Dark, artificial",Dry,121,Oakridge,121,Oakridge (121),Fatal,1,0,1,0,0,0,0,0,0,0,0,0,0,Pedestrian Collisions,"['Pedestrian', 'Driver']",South,"['Automobile, Station Wagon']",['Going Ahead'],['Driving Properly'],['Normal'],['Vehicle is going straight thru inter.while ped cross without ROW'],"['Crossing, no Traffic Control']",['Unknown'],[],[],[],D41,True,"['65 to 69', '40 to 44']",4.0
1819,2019-09-26 08:00:00,923,2019,NASSAU ST,BATHURST ST,1 m North of,Collector,Toronto and East York,43.654357,-79.406001,628538.1072,4834717.6799,At/Near Private Drive,No Control,Clear,Daylight,Wet,78,Kensington-Chinatown,78,Kensington-Chinatown (78),Non-Fatal Injury,1,0,1,0,0,0,0,0,0,0,0,0,0,Pedestrian Collisions,"['Driver', 'Pedestrian']",North,"['Automobile, Station Wagon']","['Reversing', 'Stopped']",['Other'],['Unknown'],['Vehicle is reversing and hits pedestrian'],['Other'],['Normal'],[],[],[],D14,False,"['70 to 74', '30 to 34', '25 to 29']",3.0
1820,2019-09-26 08:00:00,1445,2019,EGLINTON AVE E,WYNFORD DR,60 m East of,Major Arterial,North York,43.724559,-79.324329,634966.5543,4842644.3503,Non Intersection,No Control,Clear,Daylight,Dry,44,Flemingdon Park,44,Flemingdon Park (44),Non-Fatal Injury,0,1,1,0,0,0,0,0,0,0,0,0,0,Cyclist Collisions,"['Cyclist', 'Driver']",East,"['Bicycle', 'Delivery Van']","['Changing Lanes', 'Going Ahead']",['Driving Properly'],['Normal'],[],[],[],['Cyclist and Driver travelling in same direction. One vehicle sideswipes the other.'],['Lost control'],['Had Been Drinking'],D55,False,"['50 to 54', '35 to 39', '25 to 29']",3.0
1821,2019-09-28 08:00:00,649,2019,SHEPPARD AVE W,JANE ST,,Major Arterial,North York,43.739443,-79.511859,619832.1715,4844009.1076,Non Intersection,No Control,Rain,"Dark, artificial",Wet,25,Glenfield-Jane Heights,25,Glenfield-Jane Heights (25),Non-Fatal Injury,0,0,1,0,0,1,0,0,1,1,0,0,0,Approaching,['Driver'],East,"['Automobile, Station Wagon', 'Municipal Transit Bus (TTC)']",['Going Ahead'],"['Lost control', 'Driving Properly']","['Unknown', 'Normal']",[],[],[],[],[],[],D31,False,"['55 to 59', '50 to 54']",3.0
1822,2019-09-28 08:00:00,2015,2019,KENNEDY RD,ST CLAIR AVE E,,Major Arterial,Scarborough,43.716452,-79.261302,640061.9996,4841848.5303,At Intersection,Traffic Signal,Clear,"Dark, artificial",Dry,120,Clairlea-Birchmount,120,Clairlea-Birchmount (120),Fatal,0,0,1,0,0,0,0,1,0,1,1,0,0,Angle,"['Passenger', 'Driver']",North,"['Automobile, Station Wagon']",['Going Ahead'],"['Disobeyed Traffic Control', 'Driving Properly']","['Unknown', 'Normal']",[],[],[],[],[],[],D41,True,"['40 to 44', '65 to 69', '60 to 64', '35 to 39', '5 to 9']",4.0