accident_number,date,time,year,street1,street2,offset,road_class,district,latitude,longitude,x,y,accident_location,traffctl,visibility,light,road_surface_condition,hood_158,neighbourhood_new,hood_140,neighbourhood_old,accident_class,pedestrian,cyclist,automobile,motorcycle,truck,trsn_city_veh,emerg_veh,passenger,speeding,aggressive_driving,redlight,alcohol,disability,impact_type,involvement_type,initial_direction,vehicle_type,manoeuver,driver_action,driver_condition,pedestrian_type,pedestrian_action,pedestrian_condition,cyclist_type,cyclist_action,cyclist_condition,division,injury,involvement_age,injury_severity_score
1911,2019-12-25 10:00:00,850,2019,SHEPPARD AVE E,DON MILLS RD,,Major Arterial,North York,43.775035,-79.347003,633028.3881,4848213.7883,At Intersection,Traffic Signal,Clear,Daylight,Wet,53,Henry Farm,53,Henry Farm (53),Non-Fatal Injury,1,0,1,0,0,0,0,0,0,1,0,0,0,Pedestrian Collisions,"['Driver', 'Pedestrian']",North,"['Automobile, Station Wagon']",['Turning Left'],['Failed to Yield Right of Way'],['Inattentive'],['Vehicle turns left while ped crosses with ROW at inter.'],['Crossing with right of way'],['Normal'],[],[],[],D33,False,"['45 to 49', '35 to 39']",3.0
1912,2019-12-25 10:00:00,2118,2019,LAKE SHORE BLVD E,LOWER JARVIS ST,,Major Arterial,Toronto and East York,43.645556,-79.369808,631475.8987,4833796.9151,At Intersection,Traffic Signal,Clear,"Dark, artificial",Dry,166,St Lawrence-East Bayfront-The Islands,77,Waterfront Communities-The Island (77),Non-Fatal Injury,0,0,1,0,0,0,0,1,0,0,0,0,0,Turning Movement,"['Driver', 'Passenger']",West,"['Automobile, Station Wagon']","['Turning Left', 'Going Ahead']","['Improper Turn', 'Driving Properly']",['Normal'],[],[],[],[],[],[],D51,False,"['20 to 24', '60 to 64', '45 to 49', '25 to 29', '80 to 84', '30 to 34', '0 to 4']",3.0
1913,2019-12-27 10:00:00,2324,2019,2901 JANE  ST,,3 m East of,Major Arterial,Etobicoke York,43.753241,-79.51665,619418.9347,4845534.6576,Non Intersection,No Control,Clear,"Dark, artificial",Dry,25,Glenfield-Jane Heights,25,Glenfield-Jane Heights (25),Non-Fatal Injury,1,0,1,0,0,0,0,0,0,1,0,0,0,Pedestrian Collisions,"['Driver', 'Pedestrian']",North,"['Automobile, Station Wagon']",['Going Ahead'],['Driving Properly'],['Normal'],['Pedestrian hit at mid-block'],"['Crossing, no Traffic Control']",['Inattentive'],[],[],[],D31,False,"['20 to 24', '10 to 14']",3.0
1914,2019-12-28 10:00:00,215,2019,O CONNOR DR,DONLANDS AVE,100 m East o,Major Arterial,Toronto and East York,43.694651,-79.343074,633523.1225,4839292.2814,At Intersection,Traffic Signal,Clear,"Dark, artificial",Dry,58,Old East York,58,Old East York (58),Non-Fatal Injury,1,0,1,0,0,0,0,0,0,0,0,0,0,Pedestrian Collisions,"['Driver', 'Pedestrian']",South,['Delivery Van'],['Turning Left'],['Driving Properly'],['Unknown'],['Other / Undefined'],['Other'],['Unknown'],[],[],[],D55,False,"['unknown', '20 to 24']",3.0
1915,2019-12-28 10:00:00,1439,2019,1325 ST CLAIR AVE W,,,Major Arterial,Etobicoke York,43.676577,-79.448985,625025.7607,4837119.8181,Non Intersection,No Control,Clear,Daylight,Dry,92,Corso Italia-Davenport,92,Corso Italia-Davenport (92),Non-Fatal Injury,1,0,1,0,0,0,0,0,0,0,0,0,0,Pedestrian Collisions,"['Driver', 'Pedestrian']",Unknown,"['Automobile, Station Wagon']",['Reversing'],['Other'],['Normal'],['Vehicle is reversing and hits pedestrian'],['Other'],['Normal'],[],[],[],D13,False,"['40 to 44', '80 to 84']",3.0
1916,2019-12-28 10:00:00,1514,2019,GERRARD ST W,BAY ST,,Major Arterial,Toronto and East York,43.658438,-79.384853,630234.6509,4835203.9058,At Intersection,Traffic Signal,Clear,Daylight,Dry,170,Yonge-Bay Corridor,76,Bay Street Corridor (76),Non-Fatal Injury,1,0,1,0,0,0,0,0,0,1,1,0,0,Pedestrian Collisions,"['Driver', 'Pedestrian']",South,"['Automobile, Station Wagon']",['Going Ahead'],"['Disobeyed Traffic Control', 'Driving Properly']","['Inattentive', 'Normal']",['Pedestrian hit on sidewalk or shoulder'],['On Sidewalk or Shoulder'],['Normal'],[],[],[],D52,False,"['50 to 54', '25 to 29']",3.0
1917,2019-12-28 10:00:00,1740,2019,MARTIN GROVE RD,DIXON RD,,Major Arterial,Etobicoke York,43.691519,-79.570796,615178.0237,4838602.9307,At Intersection,Traffic Signal,Clear,Dark,Dry,1,West Humber-Clairville,1,West Humber-Clairville (1),Non-Fatal Injury,1,0,1,0,0,0,0,1,0,0,0,0,0,Pedestrian Collisions,"['Driver', 'Passenger', 'Pedestrian']",North,"['Automobile, Station Wagon']",['Turning Left'],['Driving Properly'],['Normal'],['Vehicle turns left while ped crosses without ROW at inter.'],['Crossing without right of way'],['Inattentive'],[],[],[],D23,False,"['20 to 24', '15 to 19', '50 to 54']",3.0
1000002228.0,2021-01-01 10:00:00,1129,2021,KEELE ST,SHEPPARD AVE W,,Major Arterial,North York,43.744704,-79.486408,621870.9481,4844630.5435,Non Intersection,Traffic Signal,Clear,Daylight,Dry,155,Downsview,26,Downsview-Roding-CFB (26),Fatal,0,0,1,0,0,0,0,1,1,1,0,0,0,Angle,"['Driver', 'Passenger']",North,"['Automobile, Station Wagon']","['Going Ahead', 'Stopped']","['Exceeding Speed Limit', 'Driving Properly']","['Unknown', 'Normal']",[],[],[],[],[],[],D31,True,"['20 to 24', '40 to 44', '35 to 39', '10 to 14', '5 to 9', '65 to 69']",4.0
1000028.0,2007-11-01 08:00:00,126,2007,OAKWOOD AVE,ROSEMOUNT AVE,,Minor Arterial,Toronto and East York,43.677945,-79.43529,626126.8451,4837292.4868,At Intersection,Stop Sign,Rain,Dark,Wet,92,Corso Italia-Davenport,92,Corso Italia-Davenport (92),Non-Fatal Injury,0,0,1,0,0,1,0,1,1,1,0,0,0,Angle,"['Passenger', 'Vehicle Owner', 'Driver']",East,"['Other', 'Automobile, Station Wagon', 'Municipal Transit Bus (TTC)']",['Going Ahead'],"['Disobeyed Traffic Control', 'Driving Properly']",['Normal'],[],[],[],[],[],[],D13,False,"['20 to 24', 'unknown', '40 to 44']",3.0
1000041217.0,2021-01-07 10:00:00,1610,2021,1582 KING ST W,,103 m West o,Major Arterial,Toronto and East York,43.638014,-79.444782,625444.8385,4832843.2365,Non Intersection,No Control,Clear,Daylight,Dry,85,South Parkdale,85,South Parkdale (85),Non-Fatal Injury,1,0,0,0,0,1,0,0,0,0,0,0,0,Pedestrian Collisions,"['Driver', 'Pedestrian']",South,"['Bus (Other) (Go Bus, Gray Coa']",['Going Ahead'],['Driving Properly'],['Normal'],['Pedestrian hit at mid-block'],['Running onto Roadway'],"['Ability Impaired, Drugs']",[],[],[],D14,False,"['50 to 54', '30 to 34']",3.0
1000055.0,2007-10-24 08:00:00,924,2007,DUNDAS ST E,SHERBOURNE ST,,Major Arterial,Toronto and East York,43.658445,-79.37029,631408.9111,4835227.6449,,No Control,Clear,Daylight,Dry,73,Moss Park,73,Moss Park (73),Non-Fatal Injury,1,0,0,0,1,0,0,0,0,0,0,0,0,Pedestrian Collisions,"['Vehicle Owner', 'Truck Driver', 'Pedestrian']",East,"['Other', 'Truck - Open']",['Going Ahead'],['Driving Properly'],['Normal'],['Pedestrian hit on sidewalk or shoulder'],['On Sidewalk or Shoulder'],['Normal'],[],[],[],D51,False,"['unknown', '60 to 64', '30 to 34']",3.0
1000067206.0,2021-01-11 10:00:00,1915,2021,KINGSTON RD,SCARBOROUGH GOLF CLUB RD,33 m West of,Major Arterial,Scarborough,43.745558,-79.209689,644149.9243,4845169.7069,Non Intersection,No Control,Clear,Dark,Dry,139,Scarborough Village,139,Scarborough Village (139),Non-Fatal Injury,0,0,1,0,0,1,0,1,1,1,0,1,0,Rear End,"['Driver', 'Passenger']",East,"['Automobile, Station Wagon', 'Intercity Bus']","['Stopped', 'Going Ahead']","['Speed too Fast For Condition', 'Driving Properly']","['Ability Impaired, Alcohol', 'Normal']",[],[],[],[],[],[],D43,False,"['35 to 39', '55 to 59', '20 to 24', '15 to 19']",3.0
1000073767.0,2021-01-12 10:00:00,1903,2021,FINCH AVE W,KIPLING AVE,,Major Arterial,Etobicoke York,43.744063,-79.577297,614553.945,4844429.6613,Non Intersection,No Control,Clear,"Dark, artificial",Wet,3,Thistletown-Beaumond Heights,3,Thistletown-Beaumond Heights (3),Fatal,1,0,1,0,0,0,0,0,0,0,0,0,0,Pedestrian Collisions,"['Pedestrian', 'Driver']",East,"['Automobile, Station Wagon']",['Going Ahead'],['Driving Properly'],['Normal'],['Pedestrian hit at mid-block'],"['Crossing, no Traffic Control']",['Unknown'],[],[],[],D23,True,"['40 to 44', '60 to 64']",4.0
1000078163.0,2021-01-13 10:00:00,1258,2021,MCLEVIN AVE,MARKHAM RD,107 m East o,Minor Arterial,Scarborough,43.798731,-79.239833,641597.2498,4851023.386,Non Intersection,No Control,Clear,Daylight,Wet,145,Malvern West,132,Malvern (132),Non-Fatal Injury,0,0,1,0,0,0,0,0,1,1,0,0,0,SMV Other,['Driver'],West,"['Automobile, Station Wagon']",['Going Ahead'],['Speed too Fast For Condition'],['Normal'],[],[],[],[],[],[],D42,False,['20 to 24'],3.0
1000080.0,2007-10-15 08:00:00,125,2007,BATHURST Stre,CARPENTER Road,,Major Arterial,North York,43.789045,-79.44649,624992.6932,4849614.7769,At Intersection,No Control,Clear,Dark,Dry,36,Newtonbrook West,36,Newtonbrook West (36),Non-Fatal Injury,0,0,1,0,0,0,0,1,0,0,0,0,0,SMV Other,"['Passenger', 'Vehicle Owner', 'Driver']",North,"['Other', 'Automobile, Station Wagon']","['Other', 'Going Ahead']",[],[],[],[],[],[],[],[],D32,False,"['unknown', '25 to 29']",3.0
1000091204.0,2021-01-15 10:00:00,1150,2021,EASTERN AVE,MARIGOLD AVE,,Minor Arterial,Toronto and East York,43.660819,-79.330257,634631.6344,4835555.4927,At Intersection,No Control,Clear,Daylight,Dry,70,South Riverdale,70,South Riverdale (70),Non-Fatal Injury,0,0,1,0,0,0,0,0,0,0,0,0,1,SMV Other,['Truck Driver'],East,['Tow Truck'],['Pulling Onto Shoulder or towardCurb'],['Lost control'],['Medical or Physical Disability'],[],[],[],[],[],[],D55,False,['60 to 64'],3.0
1000093718.0,2021-01-15 10:00:00,1805,2021,GABIAN WAY,EGLINTON AVE W,30 m North o,Local,Etobicoke York,43.691645,-79.467654,623489.9375,4838765.3522,Intersection Related,No Control,Rain,Dark,Wet,110,Keelesdale-Eglinton West,110,Keelesdale-Eglinton West (110),Non-Fatal Injury,1,0,1,0,0,0,0,0,0,0,0,0,0,Pedestrian Collisions,"['Driver', 'Pedestrian']",East,"['Automobile, Station Wagon']",['Going Ahead'],['Driving Properly'],['Normal'],['Pedestrian hit at mid-block'],"['Crossing, no Traffic Control']",['Inattentive'],[],[],[],D12,False,"['55 to 59', '60 to 64']",3.0
1000113248.0,2021-01-18 10:00:00,2120,2021,LESLIE ST,BANNATYNE DR,102 m North ,Major Arterial,North York,43.759638,-79.361499,631895.6179,4846480.5273,Non Intersection,No Control,Snow,Dark,Wet,40,St.Andrew-Windfields,40,St.Andrew-Windfields (40),Non-Fatal Injury,0,0,1,0,0,0,0,0,0,0,0,0,0,SMV Other,"['Driver', 'Other']",South,"['Automobile, Station Wagon']","['Going Ahead', 'Parked']",['Lost control'],['Normal'],[],[],[],[],[],[],D33,False,"['65 to 69', 'unknown']",3.0
1000123006.0,2021-01-20 10:00:00,1145,2021,FINCH  AVE E,LESLIE ST,,Major Arterial,North York,43.789939,-79.36803,631303.5475,4849835.5389,At Intersection,Traffic Signal,Clear,Daylight,Dry,47,Don Valley Village,47,Don Valley Village (47),Non-Fatal Injury,1,0,1,0,0,0,0,0,0,0,0,0,0,Pedestrian Collisions,"['Driver', 'Pedestrian']",North,"['Automobile, Station Wagon']",['Going Ahead'],['Driving Properly'],['Normal'],['Vehicle is going straight thru inter.while ped cross without ROW'],['Crossing without right of way'],['Inattentive'],[],[],[],D33,False,"['25 to 29', '85 to 89']",3.0
1000123041.0,2021-01-20 10:00:00,1157,2021,WOODBINE AVE,O CONNOR DR,,Major Arterial,Toronto and East York,43.700083,-79.318996,635451.2343,4839934.6378,Intersection Related,Traffic Signal,Clear,Daylight,Dry,60,Woodbine-Lumsden,60,Woodbine-Lumsden (60),Non-Fatal Injury,0,1,1,0,0,0,0,0,0,1,0,0,0,Cyclist Collisions,"['Driver', 'Cyclist']",North,"['Pick Up Truck', 'Bicycle']",['Turning Right'],['Failed to Yield Right of Way'],['Unknown'],[],[],[],['Motorist turning right on red at signalized intersection strikes cyclist.'],['Failed to Yield Right of Way'],['Unknown'],D55,False,"['35 to 39', '55 to 59']",3.0
1000142323.0,2021-01-23 10:00:00,949,2021,328 BAYVIEW AVE,,800 m South ,Major Arterial,Toronto and East York,43.659552,-79.355396,632607.4397,4835374.2889,Non Intersection,No Control,Clear,Daylight,Dry,72,Regent Park,72,Regent Park (72),Non-Fatal Injury,1,0,1,0,0,0,0,1,0,0,0,0,0,Pedestrian Collisions,"['Driver', 'Pedestrian', 'Passenger']",South,"['Automobile, Station Wagon']",['Going Ahead'],['Driving Properly'],['Normal'],['Pedestrian hit at mid-block'],['Walking on Roadway Against Traffic'],['Inattentive'],[],[],[],D51,False,"['30 to 34', '25 to 29']",3.0
1000153209.0,2021-01-25 10:00:00,653,2021,JANE ST,WILSON AVE,105 m North ,Major Arterial,Etobicoke York,43.721823,-79.508823,620111.8618,4842056.551,Non Intersection,No Control,Clear,"Dark, artificial",Dry,154,Oakdale-Beverley Heights,26,Downsview-Roding-CFB (26),Non-Fatal Injury,1,0,1,0,0,0,0,0,0,0,0,0,0,Pedestrian Collisions,"['Driver', 'Pedestrian']",South,"['Automobile, Station Wagon']",['Going Ahead'],['Driving Properly'],['Normal'],['Pedestrian hit at mid-block'],"['Crossing, no Traffic Control']",['Inattentive'],[],[],[],D31,False,['50 to 54'],3.0
1000167735.0,2021-01-27 10:00:00,905,2021,AVENUE RD,EGLINTON AVE W,,Major Arterial,Toronto and East York,43.704528,-79.408473,628231.8438,4840286.0239,At Intersection,Traffic Signal,Clear,Daylight,Wet,100,Yonge-Eglinton,100,Yonge-Eglinton (100),Non-Fatal Injury,0,0,1,0,0,0,0,0,0,1,0,0,0,Turning Movement,['Driver'],North,"['Automobile, Station Wagon']","['Turning Left', 'Going Ahead']","['Improper Turn', 'Driving Properly']",['Normal'],[],[],[],[],[],[],D53,False,"['15 to 19', '30 to 34']",3.0
1000182420.0,2021-01-29 10:00:00,1130,2021,HORNER AVE,KIPLING AVE,,Major Arterial,Etobicoke York,43.607131,-79.520709,619381.5749,4829301.3543,At Intersection,Traffic Signal,Clear,Daylight,Dry,160,Mimico-Queensway,17,Mimico (includes Humber Bay Shores) (17),Non-Fatal Injury,0,0,1,0,0,0,0,0,0,1,1,0,0,Angle,['Driver'],North,"['Pick Up Truck', 'Automobile, Station Wagon']",['Going Ahead'],"['Driving Properly', 'Disobeyed Traffic Control']","['Normal', 'Inattentive']",[],[],[],[],[],[],D22,False,"['20 to 24', '65 to 69']",3.0
1000182776.0,2021-01-29 10:00:00,1225,2021,FINCH AVE E,MCCOWAN  RD,,Major Arterial,Scarborough,43.807955,-79.266467,639433.1825,4852002.6334,Intersection Related,Traffic Signal,Clear,Daylight,Dry,129,Agincourt North,129,Agincourt North (129),Non-Fatal Injury,0,0,1,0,0,0,0,0,0,1,0,0,0,Rear End,['Driver'],East,"['Automobile, Station Wagon']","['Going Ahead', 'Stopped']","['Following too Close', 'Driving Properly']","['Inattentive', 'Normal']",[],[],[],[],[],[],D42,False,"['65 to 69', '50 to 54']",3.0
1000186475.0,2021-01-29 10:00:00,2235,2021,GREENWOOD AVE,MOUNTJOY AVE,30 m South o,Minor Arterial,Toronto and East York,43.679991,-79.331775,634466.4148,4837682.342,Intersection Related,No Control,Clear,"Dark, artificial",Wet,65,Greenwood-Coxwell,65,Greenwood-Coxwell (65),Non-Fatal Injury,0,0,1,0,0,0,0,1,0,0,0,0,0,Approaching,"['Driver', 'Passenger']",North,"['Automobile, Station Wagon']",['Going Ahead'],"['Lost control', 'Driving Properly']","['Unknown', 'Normal']",[],[],[],[],[],[],D55,False,"['45 to 49', '30 to 34', '25 to 29']",3.0
1000204044.0,2021-02-01 10:00:00,1735,2021,2550 PICKERING TOWN  LINE,,164 m South ,Collector,Scarborough,43.847045,-79.166507,647377.1156,4856517.5437,Non Intersection,No Control,Clear,Dusk,Dry,144,Morningside Heights,131,Rouge (131),Non-Fatal Injury,0,0,1,0,0,0,0,0,0,0,0,1,0,SMV Other,['Driver'],South,['Pick Up Truck'],['Going Ahead'],['Lost control'],"['Ability Impaired, Alcohol Over .08']",[],[],[],[],[],[],D42,False,['20 to 24'],3.0
1000223526.0,2021-02-04 10:00:00,1535,2021,DOWNSVIEW PARK  BLVD,KEELE ST,,Major Arterial,North York,43.736876,-79.484515,622039.2725,4843763.9172,At Intersection,Traffic Signal,Clear,"Daylight, artificial",Dry,155,Downsview,26,Downsview-Roding-CFB (26),Non-Fatal Injury,1,0,1,0,0,0,0,0,0,1,0,0,0,Pedestrian Collisions,"['Driver', 'Pedestrian']",East,"['Automobile, Station Wagon']",['Turning Left'],['Failed to Yield Right of Way'],['Inattentive'],['Vehicle turns left while ped crosses with ROW at inter.'],['Crossing with right of way'],['Normal'],[],[],[],D31,False,"['25 to 29', '65 to 69']",3.0
1000224535.0,2021-02-04 10:00:00,1747,2021,2330 KENNEDY RD,,,Major Arterial,Scarborough,43.784159,-79.288745,637695.9255,4849322.4073,Non Intersection,No Control,Clear,Dawn,Dry,118,Tam O'Shanter-Sullivan,128,Agincourt South-Malvern West (128),Non-Fatal Injury,1,0,1,0,0,0,0,1,0,0,0,0,0,Pedestrian Collisions,"['Driver', 'Passenger', 'Pedestrian']",South,"['Automobile, Station Wagon']",['Going Ahead'],['Driving Properly'],['Normal'],['Pedestrian hit at mid-block'],"['Crossing, no Traffic Control']",['Had Been Drinking'],[],[],[],D42,False,"['70 to 74', '60 to 64', '55 to 59']",3.0
1000228775.0,2021-02-05 10:00:00,1100,2021,54 THORNCLIFFE PARK  DR,,1 m South of,Collector,North York,43.704459,-79.341594,633620.6001,4840383.9825,At/Near Private Drive,No Control,Clear,Daylight,Dry,55,Thorncliffe Park,55,Thorncliffe Park (55),Non-Fatal Injury,0,0,1,0,0,0,0,1,0,0,0,0,0,Angle,"['Driver', 'Passenger']",South,"['Automobile, Station Wagon']","['Reversing', 'Stopped']",['Other'],['Normal'],[],[],[],[],[],[],D53,False,"['65 to 69', '30 to 34', '55 to 59']",3.0
1000247746.0,2021-02-08 10:00:00,1227,2021,RENFORTH  DR,CONVAIR  DR,,Major Arterial,Etobicoke York,43.672118,-79.593257,613404.4486,4836417.2429,At Intersection,Traffic Signal,Clear,Daylight,Dry,NSA,NSA,1,West Humber-Clairville (1),Non-Fatal Injury,0,0,1,0,0,0,0,0,0,1,1,0,0,Angle,['Driver'],North,"['Automobile, Station Wagon']",['Going Ahead'],"['Disobeyed Traffic Control', 'Driving Properly']","['Inattentive', 'Normal']",[],[],[],[],[],[],NSA,False,"['65 to 69', '50 to 54']",3.0
1000256266.0,2021-02-09 10:00:00,1747,2021,DIXON RD,CARLINGVIEW DR,,Major Arterial,Etobicoke York,43.686686,-79.595523,613194.3778,4838032.1152,At Intersection,Traffic Signal,Clear,"Dark, artificial",Dry,1,West Humber-Clairville,1,West Humber-Clairville (1),Non-Fatal Injury,0,0,1,0,0,1,0,0,1,1,1,0,0,Angle,['Driver'],South,"['Automobile, Station Wagon', 'Municipal Transit Bus (TTC)']",['Going Ahead'],"['Disobeyed Traffic Control', 'Driving Properly']",['Normal'],[],[],[],[],[],[],D23,False,"['45 to 49', '60 to 64']",3.0
1000266545.0,2021-02-11 10:00:00,945,2021,DUNDAS ST W,EAST MALL  CRES,,Major Arterial,Etobicoke York,43.630305,-79.549777,616990.7629,4831833.7357,At Intersection,Traffic Signal,Clear,Daylight,Dry,159,Etobicoke City Centre,14,Islington-City Centre West (14),Non-Fatal Injury,1,0,0,0,0,1,0,0,0,1,1,0,0,Pedestrian Collisions,"['Driver', 'Pedestrian']",East,['Municipal Transit Bus (TTC)'],['Going Ahead'],['Disobeyed Traffic Control'],['Inattentive'],['Vehicle is going straight thru inter.while ped cross without ROW'],['Crossing without right of way'],['Inattentive'],[],[],[],D22,False,"['60 to 64', '45 to 49']",3.0
1000271831.0,2021-02-12 10:00:00,126,2021,65 SHORNCLIFFE RD,LOCKPORT AVE,,Minor Arterial,Etobicoke York,43.627532,-79.542835,617556.1901,4831535.5661,Intersection Related,No Control,Clear,"Dark, artificial",Dry,159,Etobicoke City Centre,14,Islington-City Centre West (14),Non-Fatal Injury,0,0,1,0,0,0,0,1,0,0,0,0,0,SMV Other,"['Driver', 'Passenger']",South,"['Automobile, Station Wagon']",['Going Ahead'],['Lost control'],['Inattentive'],[],[],[],[],[],[],D22,False,['20 to 24'],3.0
1000283889.0,2021-02-13 10:00:00,2203,2021,MIDLAND  AVE,BENJAMIN BLVD,25 m South o,Minor Arterial,Scarborough,43.732051,-79.257068,640366.6379,4843588.1935,Intersection Related,No Control,Snow,Dark,Ice,124,Kennedy Park,124,Kennedy Park (124),Non-Fatal Injury,0,0,1,0,0,0,0,1,1,1,0,0,0,SMV Other,"['Driver', 'Passenger']",South,"['Automobile, Station Wagon']",['Going Ahead'],['Speed too Fast For Condition'],['Inattentive'],[],[],[],[],[],[],D41,False,"['35 to 39', '30 to 34', '20 to 24']",3.0
1000289849.0,2021-02-14 10:00:00,2320,2021,STEELES AVE W,DUFFERIN  ST,,Major Arterial,North York,43.787211,-79.470042,623101.49,4849375.7889,At Intersection,Traffic Signal,Clear,"Dark, artificial",Dry,34,Bathurst Manor,34,Bathurst Manor (34),Non-Fatal Injury,0,0,1,0,0,1,0,1,1,1,1,0,0,Angle,"['Driver', 'Passenger']",South,"['Automobile, Station Wagon', 'Intercity Bus']",['Going Ahead'],"['Disobeyed Traffic Control', 'Driving Properly']","['Unknown', 'Normal']",[],[],[],[],[],[],D32,False,"['50 to 54', '40 to 44', '60 to 64', '20 to 24']",3.0
1000299624.0,2021-02-16 10:00:00,1434,2021,ST CLAIR AVE E,PHARMACY  AVE,10 m West of,Major Arterial,Scarborough,43.70978,-79.290897,637693.206,4841057.9202,Intersection Related,Traffic Signal,Snow,Daylight,Wet,120,Clairlea-Birchmount,120,Clairlea-Birchmount (120),Non-Fatal Injury,0,0,1,0,0,0,0,0,0,0,0,0,1,Rear End,['Driver'],West,"['Automobile, Station Wagon']","['Going Ahead', 'Stopped']","['Lost control', 'Driving Properly']","['Medical or Physical Disability', 'Normal']",[],[],[],[],[],[],D41,False,"['65 to 69', '40 to 44']",3.0
1000312.0,2007-11-03 08:00:00,200,2007,LAKE SHORE BLVD W,LONG BRANCH AVE,,Major Arterial,Etobicoke York,43.594345,-79.53399,618334.8265,4827862.3133,,Traffic Signal,Clear,Dark,Dry,19,Long Branch,19,Long Branch (19),Non-Fatal Injury,0,0,1,0,0,0,0,0,1,1,0,0,0,SMV Other,"['Driver', 'Other Property Owner']",West,"['Automobile, Station Wagon', 'Other']",['Going Ahead'],['Exceeding Speed Limit'],['Had Been Drinking'],[],[],[],[],[],[],D22,False,"['40 to 44', 'unknown']",3.0
1000339.0,2007-11-03 08:00:00,610,2007,STEELES AVE W,NORTHWEST GT,,Major Arterial,Etobicoke York,43.777745,-79.51109,619817.6222,4848264.2223,At Intersection,No Control,Clear,Dark,Dry,NSA,NSA,NSA,NSA,Non-Fatal Injury,1,0,1,0,0,0,0,0,0,0,0,0,0,Pedestrian Collisions,"['Driver', 'Pedestrian']",South,"['Automobile, Station Wagon', 'Other']",['Going Ahead'],['Driving Properly'],['Normal'],['Pedestrian hit at mid-block'],"['Crossing, no Traffic Control']",['Had Been Drinking'],[],[],[],NSA,False,"['55 to 59', '25 to 29']",3.0
1000349866.0,2021-02-24 10:00:00,1125,2021,1260 ST CLAIR AVE W,,,Major Arterial,Etobicoke York,43.677119,-79.446529,625222.6108,4837183.7194,Non Intersection,No Control,Clear,Daylight,Wet,92,Corso Italia-Davenport,92,Corso Italia-Davenport (92),Non-Fatal Injury,1,0,1,0,0,0,0,0,0,0,0,0,0,Pedestrian Collisions,"['Driver', 'Pedestrian']",Unknown,"['Automobile, Station Wagon']",['Reversing'],['Other'],['Unknown'],['Vehicle is reversing and hits pedestrian'],['Other'],['Normal'],[],[],[],D13,False,"['80 to 84', '25 to 29', '0 to 4']",3.0
1000367345.0,2021-02-26 10:00:00,2200,2021,BELLAMY RD N,BRAEBURN BLVD,,Minor Arterial,Scarborough,43.749388,-79.232257,642323.723,4845556.0612,At Intersection,No Control,Clear,"Dark, artificial",Dry,141,Golfdale-Cedarbrae-Woburn,137,Woburn (137),Non-Fatal Injury,0,0,1,0,0,0,0,1,1,1,0,0,0,Rear End,"['Driver', 'Passenger']",South,"['Automobile, Station Wagon']","['Going Ahead', 'Slowing or Stopping']","['Following too Close', 'Driving Properly']","['Inattentive', 'Normal']",[],[],[],[],[],[],D43,False,"['25 to 29', '35 to 39']",3.0
1000373871.0,2021-02-27 10:00:00,2307,2021,LN N DUNDAS W HURON,HURON ST,70 m West of,Laneway,Toronto and East York,43.653647,-79.396747,629285.8695,4834653.2017,Laneway,No Control,Clear,"Dark, artificial",Wet,78,Kensington-Chinatown,78,Kensington-Chinatown (78),Non-Fatal Injury,0,0,1,0,0,0,0,0,1,1,0,0,1,SMV Other,['Driver'],West,"['Automobile, Station Wagon']",['Going Ahead'],['Lost control'],['Medical or Physical Disability'],[],[],[],[],[],[],D52,False,['50 to 54'],3.0
1000380.0,2007-11-04 09:00:00,1005,2007,JAMESON AVE,KING ST W,,Major Arterial,Toronto and East York,43.637145,-79.43599,626155.8321,4832760.048,At Intersection,Traffic Signal,Clear,Daylight,Dry,85,South Parkdale,85,South Parkdale (85),Non-Fatal Injury,1,0,1,0,0,0,0,0,0,0,0,0,0,Pedestrian Collisions,"['Vehicle Owner', 'Driver', 'Pedestrian']",West,"['Other', 'Automobile, Station Wagon']",['Turning Right'],['Driving Properly'],['Normal'],['Vehicle turns right while ped crosses without ROW at inter.'],['Crossing without right of way'],['Normal'],[],[],[],D14,False,"['unknown', '55 to 59', '75 to 79']",3.0
1000403643.0,2021-03-04 10:00:00,1143,2021,QUEEN ST W,DOWLING AVE,24 m West of,Major Arterial,Toronto and East York,43.63988,-79.439822,625841.0236,4833057.9877,Intersection Related,No Control,Clear,Daylight,Dry,85,South Parkdale,85,South Parkdale (85),Non-Fatal Injury,1,0,0,0,0,0,1,1,0,0,0,0,0,Pedestrian Collisions,"['Driver', 'Passenger', 'Pedestrian']",East,['Ambulance'],['Going Ahead'],['Driving Properly'],['Normal'],['Pedestrian hit at mid-block'],"['Crossing, no Traffic Control']",['Normal'],[],[],[],D14,False,"['25 to 29', '20 to 24', '65 to 69', '60 to 64']",3.0
1000423.0,2007-10-10 08:00:00,1955,2007,BATHURST Stre,WOLSELEY Stre,,Major Arterial,Toronto and East York,43.648345,-79.40449,628672.7916,4834052.3105,,No Control,Clear,Dark,Dry,81,Trinity-Bellwoods,81,Trinity-Bellwoods (81),Non-Fatal Injury,0,0,1,0,0,0,0,1,1,1,0,0,0,Approaching,"['Vehicle Owner', 'Driver', 'Passenger', 'Other Property Owner']",North,"['Other', 'Automobile, Station Wagon']","['Changing Lanes', 'Going Ahead']","['Exceeding Speed Limit', 'Driving Properly']","['Unknown', 'Normal']",[],[],[],[],[],[],D14,False,"['unknown', '25 to 29', '50 to 54']",3.0
1000440.0,2007-10-21 08:00:00,1449,2007,STEELES Aven E,BEARE Road,,Minor Arterial,Scarborough,43.853145,-79.17999,646278.4177,4857171.1086,,Stop Sign,Clear,Daylight,Dry,144,Morningside Heights,131,Rouge (131),Non-Fatal Injury,0,0,1,1,0,0,0,0,0,1,0,0,0,Angle,"['Motorcycle Driver', 'Driver']",East,"['Motorcycle', 'Automobile, Station Wagon']",['Going Ahead'],"['Driving Properly', 'Failed to Yield Right of Way']","['Normal', 'Inattentive']",[],[],[],[],[],[],D42,False,"['45 to 49', '55 to 59']",3.0