accident_number,date,time,year,street1,street2,offset,road_class,district,latitude,longitude,x,y,accident_location,traffctl,visibility,light,road_surface_condition,hood_158,neighbourhood_new,hood_140,neighbourhood_old,accident_class,pedestrian,cyclist,automobile,motorcycle,truck,trsn_city_veh,emerg_veh,passenger,speeding,aggressive_driving,redlight,alcohol,disability,impact_type,involvement_type,initial_direction,vehicle_type,manoeuver,driver_action,driver_condition,pedestrian_type,pedestrian_action,pedestrian_condition,cyclist_type,cyclist_action,cyclist_condition,division,injury,involvement_age,injury_severity_score
1000446.0,2007-09-22 08:00:00,726,2007,QUEEN ST E,EASTERN AVE,,Major Arterial,Toronto and East York,43.667245,-79.31259,636041.6277,4836298.0075,,Stop Sign,Clear,Dark,Dry,63,The Beaches,64,Woodbine Corridor (64),Non-Fatal Injury,0,1,1,0,0,0,0,0,0,0,0,0,0,Cyclist Collisions,"['Driver', 'Cyclist']",East,"['Automobile, Station Wagon', 'Bicycle']","['Turning Left', 'Going Ahead']",['Improper Turn'],['Normal'],[],[],[],['Motorist turned left across cyclists path.'],['Driving Properly'],['Normal'],D55,False,"['75 to 79', '25 to 29']",3.0
1000453193.0,2021-03-11 10:00:00,1440,2021,PLAXTON  DR,ST CLAIR  AVE E,,Major Arterial,Toronto and East York,43.707598,-79.302608,636754.6655,4840796.1909,At Intersection,Traffic Signal,Clear,Daylight,Dry,54,O'Connor-Parkview,54,O'Connor-Parkview (54),Non-Fatal Injury,1,0,1,0,0,0,0,0,0,1,0,0,0,Pedestrian Collisions,"['Driver', 'Pedestrian']",North,['Pick Up Truck'],['Turning Left'],['Failed to Yield Right of Way'],['Inattentive'],['Vehicle turns left while ped crosses with ROW at inter.'],['Crossing with right of way'],['Normal'],[],[],[],D55,False,"['60 to 64', '55 to 59']",3.0
1000461944.0,2021-03-12 10:00:00,1912,2021,PAPE AVE,GAMBLE AVE,30 m North o,Major Arterial,Toronto and East York,43.690329,-79.349132,633044.4911,4838802.5253,Intersection Related,No Control,Clear,"Dark, artificial",Dry,58,Old East York,58,Old East York (58),Non-Fatal Injury,1,0,1,0,0,0,0,0,1,1,0,0,0,Pedestrian Collisions,"['Driver', 'Pedestrian']",West,"['Automobile, Station Wagon']",['Going Ahead'],['Speed too Fast For Condition'],['Normal'],['Pedestrian hit at mid-block'],"['Crossing, no Traffic Control']",['Normal'],[],[],[],D55,False,"['50 to 54', '80 to 84', '55 to 59']",3.0
1000474155.0,2021-03-14 09:00:00,1804,2021,DUNDAS ST W,BATHURST  ST,5 m West of,Major Arterial,Toronto and East York,43.652239,-79.405978,628544.4806,4834482.4839,At Intersection,Traffic Signal,Clear,Daylight,Dry,78,Kensington-Chinatown,78,Kensington-Chinatown (78),Non-Fatal Injury,0,1,1,0,0,0,0,0,0,1,0,0,0,Cyclist Collisions,"['Driver', 'Cyclist']",West,"['Automobile, Station Wagon', 'Bicycle']",['Going Ahead'],['Improper Passing'],['Normal'],[],[],[],['Cyclist and Driver travelling in same direction. One vehicle sideswipes the other.'],['Driving Properly'],['Normal'],D14,False,"['30 to 34', '40 to 44']",3.0
1000488018.0,2021-03-16 08:00:00,1734,2021,KENNEDY RD,FINCH AVE E,100 m North ,Major Arterial,Scarborough,43.802069,-79.297336,636963.7227,4851297.3427,Non Intersection,No Control,Clear,Daylight,Dry,148,East L'Amoreaux,117,L'Amoreaux (117),Non-Fatal Injury,0,0,1,0,0,0,0,1,1,1,0,0,0,Approaching,"['Driver', 'Passenger']",North,"['Automobile, Station Wagon']",['Going Ahead'],"['Lost control', 'Driving Properly']","['Inattentive', 'Normal']",[],[],[],[],[],[],D42,False,"['15 to 19', '70 to 74']",3.0
1000488865.0,2021-03-16 08:00:00,2014,2021,HIGHWAY 27  N,REXDALE BLVD,,Major Arterial,Etobicoke York,43.717196,-79.595577,613132.6278,4841420.5898,At Intersection,Traffic Signal,Clear,"Dark, artificial",Dry,1,West Humber-Clairville,1,West Humber-Clairville (1),Non-Fatal Injury,0,0,1,0,0,0,0,0,0,0,0,0,0,Turning Movement,['Driver'],North,"['Delivery Van', 'Automobile, Station Wagon']","['Turning Left', 'Going Ahead']","['Improper Turn', 'Driving Properly']","['Inattentive', 'Normal']",[],[],[],[],[],[],D23,False,['30 to 34'],3.0
1000498081.0,2021-03-18 08:00:00,715,2021,YONGE  ST,ALEXANDER  ST,2 m West of,Major Arterial,Toronto and East York,43.662947,-79.383746,630314.1575,4835706.4284,Intersection Related,Traffic Signal,Clear,Daylight,Wet,167,Church-Wellesley,75,Church-Yonge Corridor (75),Non-Fatal Injury,1,0,1,0,0,0,0,0,0,1,0,0,0,Pedestrian Collisions,"['Driver', 'Pedestrian']",North,"['Automobile, Station Wagon']",['Turning Right'],['Failed to Yield Right of Way'],['Unknown'],['Vehicle turns right while ped crosses with ROW at inter.'],['Crossing with right of way'],['Normal'],[],[],[],D51,False,"['55 to 59', '40 to 44']",3.0
1000499271.0,2021-03-18 08:00:00,1056,2021,GREENWIN VILLAGE RD,BATHURST ST,50 m East of,Collector,North York,43.790755,-79.444835,625122.2845,4849807.1993,At/Near Private Drive,No Control,Clear,Daylight,Dry,36,Newtonbrook West,36,Newtonbrook West (36),Non-Fatal Injury,1,0,1,0,0,0,0,0,0,1,0,0,0,Pedestrian Collisions,"['Driver', 'Pedestrian']",South,"['Automobile, Station Wagon']",['Turning Left'],['Improper Turn'],['Normal'],['Pedestrian hit at mid-block'],"['Crossing, no Traffic Control']",['Normal'],[],[],[],D32,False,"['55 to 59', '60 to 64']",3.0
1000501047.0,2021-03-18 08:00:00,1515,2021,204 CLEVELAND ST,,2 m South of,Collector,Toronto and East York,43.705317,-79.378703,630628.77,4840420.1321,Non Intersection,No Control,Clear,Daylight,Dry,99,Mount Pleasant East,99,Mount Pleasant East (99),Non-Fatal Injury,1,0,1,0,0,0,0,0,0,0,0,0,0,Pedestrian Collisions,"['Driver', 'Pedestrian']",North,"['Automobile, Station Wagon']",['Going Ahead'],['Driving Properly'],['Normal'],['Pedestrian hit at mid-block'],['Running onto Roadway'],['Normal'],[],[],[],D53,False,"['80 to 84', '5 to 9']",3.0
1000505074.0,2021-03-19 08:00:00,722,2021,FINCH AVE W,HUMBERLINE DR,13 m East of,Major Arterial,Etobicoke York,43.734969,-79.617831,611307.0353,4843364.3955,Intersection Related,No Control,Clear,Daylight,Dry,1,West Humber-Clairville,1,West Humber-Clairville (1),Non-Fatal Injury,1,0,1,0,0,0,0,0,0,0,0,0,0,Pedestrian Collisions,"['Driver', 'Pedestrian']",East,"['Automobile, Station Wagon']",['Going Ahead'],['Driving Properly'],['Normal'],['Pedestrian hit at mid-block'],"['Crossing, no Traffic Control']",['Inattentive'],[],[],[],D23,False,"['50 to 54', '15 to 19']",3.0
1000521213.0,2021-03-21 08:00:00,1515,2021,ORIOLE PKWY,WILBERTON RD,10 m South o,Major Arterial,Toronto and East York,43.694503,-79.402149,628762.8412,4839182.4091,Intersection Related,No Control,Clear,Daylight,Dry,97,Yonge-St.Clair,97,Yonge-St.Clair (97),Non-Fatal Injury,0,0,0,1,0,0,0,0,0,1,0,0,0,SMV Other,['Motorcycle Driver'],North,['Motorcycle'],['Slowing or Stopping'],['Lost control'],['Normal'],[],[],[],[],[],[],D53,False,['50 to 54'],3.0
1000534087.0,2021-03-23 08:00:00,1218,2021,BURNHAMTHORPE RD,MILL RD,,Major Arterial,Etobicoke York,43.639132,-79.584323,614187.1671,4832765.9804,At Intersection,Traffic Signal,Clear,Daylight,Dry,12,Markland Wood,12,Markland Wood (12),Non-Fatal Injury,0,0,1,0,0,0,0,1,0,0,0,0,0,Turning Movement,"['Driver', 'Passenger']",East,"['Automobile, Station Wagon']","['Turning Left', 'Going Ahead']","['Improper Turn', 'Driving Properly']",['Normal'],[],[],[],[],[],[],D22,False,"['15 to 19', '30 to 34', '10 to 14']",3.0
1000539353.0,2021-03-24 08:00:00,550,2021,HENLEY CRES,KIPLING  AVE,1 m East of,Major Arterial,Etobicoke York,43.730448,-79.575794,614700.9566,4842919.6013,Intersection Related,Traffic Signal,Clear,"Dark, artificial",Dry,4,Rexdale-Kipling,4,Rexdale-Kipling (4),Non-Fatal Injury,1,0,1,0,0,0,0,0,0,1,0,0,0,Pedestrian Collisions,"['Driver', 'Pedestrian']",West,"['Automobile, Station Wagon']",['Turning Left'],['Failed to Yield Right of Way'],['Inattentive'],['Vehicle turns left while ped crosses with ROW at inter.'],['Crossing with right of way'],['Normal'],[],[],[],D23,False,"['55 to 59', '25 to 29']",3.0
1000552333.0,2021-03-25 08:00:00,2219,2021,LAKE SHORE  BLVD E,DON ROADWAY,60 m West of,Major Arterial,Toronto and East York,43.650523,-79.347614,633254.8931,4834383.9657,Non Intersection,No Control,Clear,Dark,Dry,166,St Lawrence-East Bayfront-The Islands,77,Waterfront Communities-The Island (77),Non-Fatal Injury,0,0,1,0,0,0,0,0,0,0,0,0,0,SMV Other,['Driver'],East,"['Automobile, Station Wagon']",['Going Ahead'],['Lost control'],['Normal'],[],[],[],[],[],[],D51,False,['35 to 39'],3.0
1000552546.0,2021-03-25 08:00:00,2300,2021,VICTORIA PARK AVE,SPARKS AVE,,Major Arterial,Scarborough,43.808455,-79.338275,633656.2787,4851939.6666,At/Near Private Drive,No Control,Rain,"Dark, artificial",Wet,116,Steeles,116,Steeles (116),Fatal,1,0,1,0,0,0,0,0,0,0,0,0,0,Pedestrian Collisions,"['Pedestrian', 'Driver']",North,"['Automobile, Station Wagon']",['Going Ahead'],['Driving Properly'],['Normal'],['Pedestrian hit at mid-block'],"['Crossing, no Traffic Control']",['Inattentive'],[],[],[],D42,True,"['30 to 34', '45 to 49']",4.0
1000565882.0,2021-03-27 08:00:00,2235,2021,HUNTINGWOOD  DR,LEAFIELD  DR,,Minor Arterial,Scarborough,43.780646,-79.323901,634874.9723,4848874.3555,Intersection Related,No Control,Clear,"Dark, artificial",Dry,147,L'Amoreaux West,117,L'Amoreaux (117),Non-Fatal Injury,0,1,1,0,0,0,0,0,0,0,0,0,0,Cyclist Collisions,"['Driver', 'Cyclist']",East,"['Automobile, Station Wagon', 'Bicycle']","['Turning Left', 'Going Ahead']",['Improper Turn'],['Inattentive'],[],[],[],['Motorist turned left across cyclists path.'],['Driving Properly'],['Normal'],D42,False,"['55 to 59', '15 to 19']",3.0
1000599778.0,2021-04-01 08:00:00,1902,2021,QUEENS QUAY E,SMALL ST,20 m South o,Minor Arterial,Toronto and East York,43.646342,-79.361942,632108.58,4833896.7023,Intersection Related,No Control,Clear,Daylight,Dry,166,St Lawrence-East Bayfront-The Islands,77,Waterfront Communities-The Island (77),Non-Fatal Injury,0,0,0,1,0,0,0,0,0,0,0,0,0,SMV Other,['Motorcycle Driver'],East,['Motorcycle'],['Going Ahead'],['Lost control'],['Unknown'],[],[],[],[],[],[],D51,False,['45 to 49'],3.0
1000605999.0,2021-04-02 08:00:00,1857,2021,LAWRENCE  AVE W,BLACK CREEK  DR,95 m East of,Major Arterial,Etobicoke York,43.705226,-79.492557,621455.5943,4840236.9243,At/Near Private Drive,Stop Sign,Clear,Daylight,Dry,30,Brookhaven-Amesbury,30,Brookhaven-Amesbury (30),Non-Fatal Injury,0,1,1,0,0,0,0,1,0,1,0,0,0,Cyclist Collisions,"['Driver', 'Cyclist', 'Passenger']",North,"['Automobile, Station Wagon', 'Bicycle']",['Going Ahead'],['Failed to Yield Right of Way'],['Normal'],[],[],[],"['Motorist turns right at non-signal Inter.(stop, yield, no cont.,and dwy) and strikes cyclist.']",['Driving Properly'],['Normal'],D12,False,"['45 to 49', '40 to 44']",3.0
1000617527.0,2021-04-04 08:00:00,1719,2021,WILSON  AVE,YONGE BLVD,,Major Arterial,North York,43.741217,-79.415187,627612.9586,4844350.5001,At Intersection,Traffic Signal,Clear,Daylight,Dry,39,Bedford Park-Nortown,39,Bedford Park-Nortown (39),Non-Fatal Injury,0,0,1,1,0,0,0,1,0,1,1,0,0,Angle,"['Passenger', 'Motorcycle Driver', 'Driver']",East,"['Motorcycle', 'Automobile, Station Wagon']",['Going Ahead'],"['Disobeyed Traffic Control', 'Driving Properly']",['Normal'],[],[],[],[],[],[],D32,False,"['50 to 54', '45 to 49', '15 to 19']",3.0
1000618818.0,2021-04-04 08:00:00,2120,2021,LAKE SHORE  BLVD W,BATHURST ST,,Major Arterial,Toronto and East York,43.636412,-79.399608,629092.0687,4832734.5778,At Intersection,Traffic Signal,Clear,"Dark, artificial",Dry,163,Fort York-Liberty Village,82,Niagara (82),Non-Fatal Injury,1,0,1,0,0,0,0,0,0,0,0,0,0,Pedestrian Collisions,"['Driver', 'Pedestrian']",West,"['Automobile, Station Wagon']",['Going Ahead'],['Driving Properly'],['Normal'],['Vehicle is going straight thru inter.while ped cross without ROW'],['Crossing without right of way'],['Inattentive'],[],[],[],D14,False,['25 to 29'],3.0
1000625824.0,2021-04-05 08:00:00,2345,2021,EASTERN  AVE,GILEAD  PL,50 m East of,Minor Arterial,Toronto and East York,43.653208,-79.359607,632281.8248,4834662.9817,Non Intersection,No Control,Clear,"Dark, artificial",Dry,166,St Lawrence-East Bayfront-The Islands,77,Waterfront Communities-The Island (77),Non-Fatal Injury,0,0,1,0,0,0,0,1,0,1,0,1,0,SMV Other,"['Driver', 'Passenger']",West,"['Automobile, Station Wagon']",['Going Ahead'],"['Other', 'Driving Properly']","['Ability Impaired, Alcohol', 'Normal']",[],[],[],[],[],[],D51,False,"['15 to 19', '25 to 29']",3.0
1000628967.0,2021-04-06 08:00:00,1238,2021,107 THE QUEENSWAY,,,Major Arterial,Etobicoke York,43.63674,-79.471339,623305.3204,4832661.9498,Non Intersection,No Control,Clear,Daylight,Dry,87,High Park-Swansea,87,High Park-Swansea (87),Non-Fatal Injury,0,0,0,0,0,1,0,1,0,0,0,0,0,Other,"['Driver', 'Passenger']",East,['Municipal Transit Bus (TTC)'],['Going Ahead'],['Driving Properly'],['Normal'],[],[],[],[],[],[],D11,False,"['50 to 54', '75 to 79']",3.0
1000635139.0,2021-04-07 08:00:00,1000,2021,NIAGARA  ST,BATHURST  ST,,Major Arterial,Toronto and East York,43.641841,-79.401851,628899.5306,4833334.0521,At Intersection,Traffic Signal,Clear,Daylight,Dry,164,Wellington Place,77,Waterfront Communities-The Island (77),Non-Fatal Injury,1,0,1,0,0,0,0,0,0,0,0,0,0,Pedestrian Collisions,"['Driver', 'Pedestrian']",East,"['Automobile, Station Wagon']",['Going Ahead'],['Driving Properly'],['Normal'],['Vehicle is going straight thru inter.while ped cross without ROW'],['Crossing without right of way'],['Inattentive'],[],[],[],D14,False,"['35 to 39', '20 to 24']",3.0
1000646644.0,2021-04-08 08:00:00,1950,2021,MORNINGSIDE AVE,MILNER AVE,,Major Arterial,Scarborough,43.800208,-79.199046,644874.8436,4851258.0282,At Intersection,Traffic Signal,Clear,"Dusk, artificial",Dry,144,Morningside Heights,131,Rouge (131),Non-Fatal Injury,0,0,1,1,0,0,0,1,0,1,0,0,0,Turning Movement,"['Driver', 'Motorcycle Driver', 'Passenger']",North,"['Automobile, Station Wagon', 'Motorcycle']","['Turning Left', 'Going Ahead']","['Failed to Yield Right of Way', 'Driving Properly']","['Inattentive', 'Normal']",[],[],[],[],[],[],D42,False,"['55 to 59', '30 to 34', '25 to 29']",3.0
1000656014.0,2021-04-10 08:00:00,551,2021,DANFORTH  AVE,DEWHURST BLVD,33 m East of,Major Arterial,Toronto and East York,43.680033,-79.338893,633892.5723,4837675.4908,Non Intersection,No Control,Clear,"Dark, artificial",Dry,69,Blake-Jones,69,Blake-Jones (69),Non-Fatal Injury,0,0,1,0,0,1,0,0,1,1,0,0,0,Approaching,['Driver'],East,"['Automobile, Station Wagon', 'Municipal Transit Bus (TTC)']",['Going Ahead'],"['Lost control', 'Driving Properly']","['Unknown', 'Normal']",[],[],[],[],[],[],D55,False,"['25 to 29', '45 to 49']",3.0
1000657323.0,2021-04-10 08:00:00,1000,2021,COXWELL  AVE,QUEEN  ST E,25 m South o,Minor Arterial,Toronto and East York,43.666285,-79.316562,635723.5587,4836184.8804,Non Intersection,Traffic Signal,Clear,Daylight,Dry,65,Greenwood-Coxwell,65,Greenwood-Coxwell (65),Non-Fatal Injury,0,1,1,0,0,0,0,0,0,1,0,0,0,Cyclist Collisions,"['Driver', 'Cyclist']",North,"['Automobile, Station Wagon', 'Bicycle']",['Going Ahead'],['Improper Passing'],['Unknown'],[],[],[],['Cyclist and Driver travelling in same direction. One vehicle sideswipes the other.'],['Driving Properly'],['Normal'],D55,False,"['65 to 69', '35 to 39']",3.0
1000691488.0,2021-04-15 08:00:00,1212,2021,QUEEN ST E,BROADVIEW  AVE,31 m East of,Minor Arterial,Toronto and East York,43.658923,-79.349284,633101.6568,4835314.2169,Non Intersection,No Control,Clear,Daylight,Dry,70,South Riverdale,70,South Riverdale (70),Non-Fatal Injury,1,0,1,0,0,0,0,1,0,0,0,0,0,Pedestrian Collisions,"['Driver', 'Passenger', 'Pedestrian']",East,['Pick Up Truck'],['Going Ahead'],['Driving Properly'],['Normal'],['Pedestrian hit at mid-block'],['Running onto Roadway'],['Normal'],[],[],[],D55,False,"['40 to 44', '25 to 29']",3.0
1000692826.0,2021-04-15 08:00:00,1530,2021,FINCH AVE W,SENTINEL RD,,Major Arterial,North York,43.760363,-79.502773,620521.8297,4846345.7609,Non Intersection,No Control,Clear,Daylight,Dry,27,York University Heights,27,York University Heights (27),Fatal,1,0,0,0,1,0,0,0,0,0,0,0,0,Pedestrian Collisions,"['Pedestrian', 'Truck Driver']",South,['Truck - Dump'],['Going Ahead'],['Driving Properly'],['Normal'],['Pedestrian hit at mid-block'],"['Crossing, no Traffic Control']",['Normal'],[],[],[],D31,True,"['45 to 49', '55 to 59']",4.0
1000693871.0,2021-04-15 08:00:00,1800,2021,DUNDAS ST W,BATHURST ST,,Major Arterial,Toronto and East York,43.652239,-79.405978,628544.4806,4834482.4839,At Intersection,Traffic Signal,Clear,Daylight,Dry,78,Kensington-Chinatown,78,Kensington-Chinatown (78),Non-Fatal Injury,0,1,1,0,0,0,0,0,0,0,0,0,0,Cyclist Collisions,"['Driver', 'Cyclist']",North,"['Automobile, Station Wagon', 'Bicycle']","['Turning Right', 'Going Ahead']",['Improper Turn'],['Unknown'],[],[],[],['Motorist turning right on red at signalized intersection strikes cyclist.'],['Driving Properly'],['Normal'],D14,False,"['unknown', '60 to 64']",3.0
1000734326.0,2021-04-21 08:00:00,2305,2021,DUNDAS ST W,AUGUSTA AVE,,Major Arterial,Toronto and East York,43.652201,-79.401103,628937.6937,4834485.8268,Intersection Related,No Control,Clear,"Dark, artificial",Dry,78,Kensington-Chinatown,78,Kensington-Chinatown (78),Fatal,0,0,1,0,0,1,0,1,1,1,0,0,0,SMV Unattended Vehicle,"['Driver', 'Passenger']",East,"['Automobile, Station Wagon', 'Street Car']",['Going Ahead'],"['Exceeding Speed Limit', 'Driving Properly']","['Unknown', 'Normal']",[],[],[],[],[],[],D14,True,"['30 to 34', '35 to 39']",4.0
1000747804.0,2021-04-23 08:00:00,2113,2021,LEITCH AVE,MURRAY ROSS PKWY,,Collector,North York,43.765841,-79.496097,621048.1815,4846963.9109,At Intersection,Stop Sign,Clear,"Dark, artificial",Dry,27,York University Heights,27,York University Heights (27),Non-Fatal Injury,0,0,1,1,0,0,0,1,1,1,0,0,0,Turning Movement,"['Driver', 'Motorcycle Driver', 'Passenger']",South,"['Automobile, Station Wagon', 'Motorcycle']","['Turning Left', 'Going Ahead']","['Failed to Yield Right of Way', 'Exceeding Speed Limit']","['Inattentive', 'Normal']",[],[],[],[],[],[],D31,False,"['20 to 24', '30 to 34']",3.0
1000750988.0,2021-04-24 08:00:00,1110,2021,EGLINTON  AVE W,LLOYD MANOR  RD,35 m East of,Major Arterial,Etobicoke York,43.675551,-79.557628,616270.0684,4836847.8458,Non Intersection,No Control,Clear,Daylight,Dry,10,Princess-Rosethorn,10,Princess-Rosethorn (10),Non-Fatal Injury,0,0,1,0,0,0,0,0,0,1,0,0,0,Rear End,['Driver'],West,"['Automobile, Station Wagon']","['Going Ahead', 'Slowing or Stopping']","['Following too Close', 'Driving Properly']","['Inattentive', 'Normal']",[],[],[],[],[],[],D22,False,"['25 to 29', '65 to 69']",3.0
1000762323.0,2021-04-26 08:00:00,715,2021,ARKONA DR,ARKONA  DR,,Collector,Scarborough,43.773184,-79.304469,636455.6466,4848077.4268,At Intersection,Stop Sign,Clear,Daylight,Dry,118,Tam O'Shanter-Sullivan,118,Tam O'Shanter-Sullivan (118),Non-Fatal Injury,1,0,1,0,0,0,0,0,0,1,0,0,0,Pedestrian Collisions,"['Driver', 'Pedestrian']",East,"['Automobile, Station Wagon']",['Turning Left'],['Disobeyed Traffic Control'],['Inattentive'],['Vehicle turns left while ped crosses with ROW at inter.'],['Crossing with right of way'],['Normal'],[],[],[],D42,False,"['45 to 49', '55 to 59']",3.0
1000772458.0,2021-04-27 08:00:00,1510,2021,MAIN ST,DANFORTH AVE,,Major Arterial,Toronto and East York,43.688071,-79.301791,636864.9113,4838628.7889,At Intersection,Traffic Signal,Clear,Daylight,Dry,62,East End-Danforth,62,East End-Danforth (62),Fatal,1,0,0,0,1,0,0,0,0,0,0,0,0,Pedestrian Collisions,"['Driver', 'Wheelchair']",North,['Truck - Dump'],['Turning Right'],['Improper Turn'],['Inattentive'],['Vehicle turns right while ped crosses with ROW at inter.'],['Crossing with right of way'],['Normal'],[],[],[],D55,True,"['50 to 54', '80 to 84']",4.0
1000799379.0,2021-05-01 08:00:00,1229,2021,KANE AVE,ROGERS  RD,,Minor Arterial,Etobicoke York,43.681983,-79.466502,623602.6194,4837693.9724,At Intersection,Stop Sign,Clear,Daylight,Dry,110,Keelesdale-Eglinton West,110,Keelesdale-Eglinton West (110),Non-Fatal Injury,0,0,1,0,0,0,0,1,0,1,0,0,0,Angle,"['Driver', 'Passenger']",East,"['Automobile, Station Wagon']",['Going Ahead'],"['Failed to Yield Right of Way', 'Driving Properly']","['Inattentive', 'Normal']",[],[],[],[],[],[],D12,False,"['30 to 34', '55 to 59', '35 to 39']",3.0
1000799560.0,2021-05-01 08:00:00,1303,2021,LAWRENCE  AVE E,GREENBRAE  CRCT,11 m West of,Major Arterial,Scarborough,43.758113,-79.233043,642239.7666,4846523.7562,Intersection Related,Traffic Signal,Clear,Daylight,Dry,141,Golfdale-Cedarbrae-Woburn,137,Woburn (137),Non-Fatal Injury,0,0,1,1,0,0,0,1,0,0,0,0,0,Rear End,"['Motorcycle Driver', 'Driver', 'Passenger']",East,"['Motorcycle', 'Automobile, Station Wagon']",['Slowing or Stopping'],"['Lost control', 'Driving Properly']",['Normal'],[],[],[],[],[],[],D43,False,"['60 to 64', '45 to 49']",3.0
1000802607.0,2021-05-01 08:00:00,2217,2021,KINGSTON  RD,MORNINGSIDE  AVE,,Major Arterial,Scarborough,43.770541,-79.186832,645929.5678,4847984.488,At Intersection,Traffic Signal,Clear,"Dark, artificial",Dry,136,West Hill,136,West Hill (136),Non-Fatal Injury,0,0,1,0,0,0,0,0,0,1,0,0,0,Turning Movement,['Driver'],East,"['Automobile, Station Wagon']","['Turning Left', 'Going Ahead']","['Failed to Yield Right of Way', 'Driving Properly']","['Had Been Drinking', 'Normal']",[],[],[],[],[],[],D43,False,"['35 to 39', '50 to 54']",3.0
1000814402.0,2021-05-03 08:00:00,1824,2021,SPADINA  AVE,NASSAU  ST,60 m South o,Major Arterial,Toronto and East York,43.655276,-79.398967,629103.3567,4834830.6671,Non Intersection,No Control,Clear,Daylight,Dry,78,Kensington-Chinatown,78,Kensington-Chinatown (78),Non-Fatal Injury,1,0,0,0,0,1,0,1,0,0,0,0,0,Pedestrian Collisions,"['Driver', 'Pedestrian', 'Passenger']",North,['Street Car'],['Going Ahead'],['Driving Properly'],['Normal'],['Pedestrian involved in a collision with transit vehicle anywhere along roadway'],"['Crossing, no Traffic Control']",['Inattentive'],[],[],[],D52,False,"['35 to 39', '45 to 49', '50 to 54']",3.0
1000863120.0,2021-05-10 08:00:00,1752,2021,WESTON  RD,STEELES AVE W,,Major Arterial,Etobicoke York,43.770209,-79.546481,616984.2612,4847376.6291,At Intersection,Traffic Signal,Clear,Daylight,Dry,21,Humber Summit,21,Humber Summit (21),Non-Fatal Injury,0,0,1,0,0,0,0,0,1,1,1,0,0,Rear End,['Driver'],North,"['Automobile, Station Wagon']","['Going Ahead', 'Stopped']","['Disobeyed Traffic Control', 'Driving Properly']","['Unknown', 'Normal']",[],[],[],[],[],[],D31,False,"['55 to 59', '30 to 34', '25 to 29']",3.0
1000871.0,2007-11-06 10:00:00,710,2007,WARDEN AVE,MANHATTAN DR,,Major Arterial,Scarborough,43.752045,-79.29749,637065.5877,4845741.1423,At Intersection,Traffic Signal,Clear,Daylight,Dry,119,Wexford/Maryvale,119,Wexford/Maryvale (119),Fatal,1,0,1,0,0,0,0,0,0,1,0,0,0,Pedestrian Collisions,"['Driver', 'Pedestrian']",East,"['Automobile, Station Wagon', 'Other']",['Turning Left'],['Failed to Yield Right of Way'],['Inattentive'],['Vehicle turns left while ped crosses with ROW at inter.'],['Crossing with right of way'],['Normal'],[],[],[],D41,True,"['35 to 39', '45 to 49']",4.0
1000874624.0,2021-05-12 08:00:00,1040,2021,LAWRENCE AVE E,STARSPRAY BLVD,20 m West of,Local,Scarborough,43.788428,-79.122974,651024.0878,4850085.662,Intersection Related,No Control,Clear,Daylight,Dry,143,West Rouge,131,Rouge (131),Non-Fatal Injury,1,0,0,0,0,1,0,0,0,0,0,0,0,Pedestrian Collisions,"['Driver', 'Pedestrian']",East,['Municipal Transit Bus (TTC)'],['Going Ahead'],['Driving Properly'],['Normal'],['Pedestrian involved in a collision with transit vehicle anywhere along roadway'],['Other'],['Medical or Physical Disability'],[],[],[],D43,False,"['60 to 64', '70 to 74']",3.0
1000874987.0,2021-05-12 08:00:00,1134,2021,1190 WESTON  RD,,15 m South o,Minor Arterial,Etobicoke York,43.687628,-79.491267,621595.0945,4838284.3165,Non Intersection,No Control,Clear,Daylight,Dry,115,Mount Dennis,115,Mount Dennis (115),Non-Fatal Injury,1,0,1,0,0,0,0,0,0,0,0,0,0,Pedestrian Collisions,"['Driver', 'Pedestrian']",North,"['Automobile, Station Wagon']",['Other'],['Lost control'],['Inattentive'],['Pedestrian hit on sidewalk or shoulder'],['On Sidewalk or Shoulder'],['Normal'],[],[],[],D12,False,"['25 to 29', '80 to 84']",3.0
1000876012.0,2021-05-12 08:00:00,1409,2021,DON VALLEY PARKWAY  N,EGLINTON AVE E,100 m South ,Expressway,North York,43.722068,-79.329791,634532.1898,4842358.8072,Non Intersection,No Control,Clear,Daylight,Dry,44,Flemingdon Park,44,Flemingdon Park (44),Non-Fatal Injury,0,0,1,0,0,0,0,1,0,1,0,0,0,Rear End,"['Driver', 'Passenger']",North,"['Automobile, Station Wagon', 'Pick Up Truck']","['Stopped', 'Slowing or Stopping']","['Following too Close', 'Driving Properly']","['Inattentive', 'Normal']",[],[],[],[],[],[],D55,False,"['20 to 24', '55 to 59']",3.0