accident_number,date,time,year,street1,street2,offset,road_class,district,latitude,longitude,x,y,accident_location,traffctl,visibility,light,road_surface_condition,hood_158,neighbourhood_new,hood_140,neighbourhood_old,accident_class,pedestrian,cyclist,automobile,motorcycle,truck,trsn_city_veh,emerg_veh,passenger,speeding,aggressive_driving,redlight,alcohol,disability,impact_type,involvement_type,initial_direction,vehicle_type,manoeuver,driver_action,driver_condition,pedestrian_type,pedestrian_action,pedestrian_condition,cyclist_type,cyclist_action,cyclist_condition,division,injury,involvement_age,injury_severity_score
1000878925.0,2021-05-12 08:00:00,2058,2021,QUEEN ST E,MACLEAN AVE,10 m West of,Minor Arterial,Toronto and East York,43.671855,-79.290973,637773.8963,4836845.6887,Intersection Related,No Control,Clear,"Dark, artificial",Dry,63,The Beaches,63,The Beaches (63),Non-Fatal Injury,0,0,1,0,0,1,0,1,1,1,0,1,0,Sideswipe,"['Driver', 'Passenger']",East,"['Automobile, Station Wagon', 'Street Car']","['Changing Lanes', 'Going Ahead']","['Other', 'Driving Properly']","['Ability Impaired, Alcohol', 'Normal']",[],[],[],[],[],[],D55,False,"['40 to 44', '30 to 34']",3.0
1000885495.0,2021-05-13 08:00:00,1902,2021,ATTWELL DR,BELFIELD  RD,,Minor Arterial,Etobicoke York,43.697772,-79.593143,613365.3079,4839266.6147,At Intersection,Traffic Signal,Clear,Daylight,Dry,1,West Humber-Clairville,1,West Humber-Clairville (1),Non-Fatal Injury,0,0,1,1,0,0,0,0,0,1,0,0,0,Turning Movement,"['Driver', 'Motorcycle Driver']",North,"['Automobile, Station Wagon', 'Motorcycle']","['Turning Left', 'Going Ahead']","['Failed to Yield Right of Way', 'Driving Properly']",['Unknown'],[],[],[],[],[],[],D23,False,"['45 to 49', '60 to 64']",3.0
1000885795.0,2021-05-13 08:00:00,1949,2021,SIXTH ST,BIRMINGHAM  ST,9 m North of,Collector,Etobicoke York,43.603434,-79.505153,620644.3744,4828913.2362,At Intersection,No Control,Clear,Daylight,Dry,18,New Toronto,18,New Toronto (18),Non-Fatal Injury,0,0,0,1,0,0,0,1,0,0,0,0,0,Angle,"['Motorcycle Driver', 'Motorcycle Passenger']",East,['Motorcycle'],['Going Ahead'],['Driving Properly'],['Normal'],[],[],[],[],[],[],D22,False,"['45 to 49', '30 to 34']",3.0
1000887036.0,2021-05-13 08:00:00,2353,2021,GRAVENHURST AVE,CHALKFARM DR,,Collector,Etobicoke York,43.727954,-79.513789,619699.6442,4842730.3003,Intersection Related,Stop Sign,Clear,"Dark, artificial",Dry,154,Oakdale-Beverley Heights,26,Downsview-Roding-CFB (26),Non-Fatal Injury,0,0,0,1,0,0,0,0,0,1,0,0,0,SMV Other,['Motorcycle Driver'],East,['Motorcycle'],['Going Ahead'],['Lost control'],['Unknown'],[],[],[],[],[],[],D31,False,['40 to 44'],3.0
1000894.0,2007-11-06 10:00:00,2115,2007,FLAVIAN CRES,RAMEAU DR,,Local,North York,43.793945,-79.35789,632110.563,4850296.6035,At Intersection,No Control,Rain,Dark,Wet,48,Hillcrest Village,48,Hillcrest Village (48),Non-Fatal Injury,1,0,1,0,0,0,0,0,0,1,0,0,0,Pedestrian Collisions,"['Driver', 'Vehicle Owner', 'Pedestrian']",East,"['Automobile, Station Wagon', 'Other']",['Turning Left'],['Failed to Yield Right of Way'],['Unknown'],['Vehicle turns left while ped crosses with ROW at inter.'],['Crossing with right of way'],['Normal'],[],[],[],D33,False,"['55 to 59', 'unknown', '30 to 34']",3.0
1000906854.0,2021-05-16 08:00:00,2000,2021,F G GARDINER C  E,GARDINER E PARK LAWN RAMP RD,2 m West of,Expressway,Etobicoke York,43.621478,-79.505779,620557.7938,4830916.3318,Non Intersection,No Control,Clear,Daylight,Dry,160,Mimico-Queensway,17,Mimico (includes Humber Bay Shores) (17),Non-Fatal Injury,0,0,1,0,0,0,0,1,0,0,0,0,0,SMV Other,"['Driver', 'Passenger']",East,"['Automobile, Station Wagon']",['Going Ahead'],['Lost control'],['Normal'],[],[],[],[],[],[],D22,False,['70 to 74'],3.0
1000909606.0,2021-05-17 08:00:00,849,2021,YONGE ST,401 C E YONGE N RAMP ST,430 m South ,Major Arterial,North York,43.749819,-79.408077,628167.1192,4845316.8555,Non Intersection,No Control,Clear,Daylight,Dry,40,St.Andrew-Windfields,40,St.Andrew-Windfields (40),Non-Fatal Injury,0,1,1,0,0,0,0,0,0,1,0,0,0,Cyclist Collisions,"['Driver', 'Cyclist']",South,"['Automobile, Station Wagon', 'Bicycle']","['Overtaking', 'Going Ahead']",['Improper Passing'],['Inattentive'],[],[],[],['Cyclist and Driver travelling in same direction. One vehicle sideswipes the other.'],['Driving Properly'],['Normal'],D32,False,"['55 to 59', '35 to 39']",3.0
1000915630.0,2021-05-17 08:00:00,2350,2021,BAYVIEW AVE,FINCH AVE E,1 m South of,Major Arterial,North York,43.784564,-79.392055,629382.1443,4849200.7308,Non Intersection,No Control,Clear,"Dark, artificial",Dry,52,Bayview Village,52,Bayview Village (52),Non-Fatal Injury,0,0,1,0,0,1,0,0,0,0,0,0,0,Approaching,['Driver'],North,"['Automobile, Station Wagon', 'Municipal Transit Bus (TTC)']",['Going Ahead'],"['Other', 'Driving Properly']","['Unknown', 'Normal']",[],[],[],[],[],[],D33,False,['40 to 44'],3.0
1000928847.0,2021-05-19 08:00:00,1752,2021,8 FRASERWOOD AVE,,,Local,North York,43.713919,-79.438205,625816.6168,4841283.4671,Non Intersection,No Control,Clear,Daylight,Dry,32,Englemount-Lawrence,32,Englemount-Lawrence (32),Non-Fatal Injury,1,0,1,0,0,0,0,1,0,0,0,0,0,Pedestrian Collisions,"['Driver', 'Passenger', 'Pedestrian']",South,"['Automobile, Station Wagon']",['Going Ahead'],['Driving Properly'],['Normal'],['Pedestrian hit at mid-block'],['Running onto Roadway'],['Normal'],[],[],[],D13,False,"['45 to 49', '50 to 54', '0 to 4', '5 to 9']",3.0
1000934827.0,2021-05-20 08:00:00,1438,2021,KINGSTON RD,DORSET RD,,Major Arterial,Scarborough,43.724314,-79.233272,642301.3885,4842769.4725,At Intersection,No Control,Clear,Daylight,Dry,123,Cliffcrest,123,Cliffcrest (123),Fatal,1,0,1,0,0,0,0,0,0,0,0,0,0,Pedestrian Collisions,"['Wheelchair', 'Driver']",East,['Delivery Van'],"['Making U Turn', 'Going Ahead']",['Driving Properly'],['Normal'],['Vehicle is going straight thru inter.while ped cross without ROW'],['Crossing without right of way'],['Inattentive'],[],[],[],D43,True,"['65 to 69', '30 to 34']",4.0
1000936048.0,2021-05-20 08:00:00,1738,2021,MCKEE  AVE,KENNETH AVE,20 m South o,Collector,North York,43.773627,-79.409442,628006.4362,4847958.9811,Intersection Related,Stop Sign,Clear,Daylight,Dry,152,East Willowdale,51,Willowdale East (51),Non-Fatal Injury,1,0,1,0,0,0,0,0,0,1,0,0,0,Pedestrian Collisions,"['Driver', 'Pedestrian']",North,"['Automobile, Station Wagon']",['Going Ahead'],['Improper Passing'],['Inattentive'],['Pedestrian hit on sidewalk or shoulder'],['On Sidewalk or Shoulder'],['Normal'],[],[],[],D32,False,"['35 to 39', '40 to 44']",3.0
1000937200.0,2021-05-20 08:00:00,2014,2021,BLOOR ST W,JANE ST,20 m North o,Major Arterial,Etobicoke York,43.64926,-79.484439,622223.2438,4834033.0786,At Intersection,Traffic Signal,Clear,"Dark, artificial",Dry,87,High Park-Swansea,87,High Park-Swansea (87),Non-Fatal Injury,0,0,0,1,0,0,0,0,0,0,0,0,0,SMV Other,['Motorcycle Driver'],East,['Motorcycle'],['Turning Left'],['Lost control'],['Inattentive'],[],[],[],[],[],[],D11,False,['50 to 54'],3.0
1000938844.0,2021-05-21 08:00:00,325,2021,DUNDAS ST E,SHERBOURNE ST,,Major Arterial,Toronto and East York,43.658202,-79.371028,631349.9329,4835199.488,Non Intersection,No Control,Clear,"Dark, artificial",Dry,73,Moss Park,73,Moss Park (73),Fatal,1,0,1,0,0,0,0,0,0,0,0,0,0,Pedestrian Collisions,"['Pedestrian', 'Driver']",South,"['Automobile, Station Wagon']",['Going Ahead'],['Driving Properly'],['Normal'],['Pedestrian hit at mid-block'],"['Crossing, no Traffic Control']",['Inattentive'],[],[],[],D51,True,"['55 to 59', '20 to 24']",4.0
1000951822.0,2021-05-22 08:00:00,2200,2021,EASTERN AVE,COXWELL AVE,,Minor Arterial,Toronto and East York,43.665419,-79.31618,635756.3092,4836089.3243,At Intersection,Traffic Signal,Clear,"Dark, artificial",Dry,63,The Beaches,63,The Beaches (63),Non-Fatal Injury,1,0,1,0,0,0,0,0,0,1,0,0,0,Pedestrian Collisions,"['Driver', 'Pedestrian']",East,"['Automobile, Station Wagon']",['Turning Left'],['Failed to Yield Right of Way'],['Inattentive'],['Vehicle turns left while ped crosses with ROW at inter.'],['Crossing with right of way'],['Normal'],[],[],[],D55,False,"['65 to 69', '10 to 14']",3.0
1000952186.0,2021-05-22 08:00:00,2312,2021,DON MILLS RD,GATEWAY   BLVD,8 m South of,Major Arterial,North York,43.714331,-79.336314,634024.0179,4841488.9332,Intersection Related,Traffic Signal,Clear,"Dark, artificial",Dry,44,Flemingdon Park,44,Flemingdon Park (44),Non-Fatal Injury,1,0,1,0,0,0,0,1,1,1,0,0,0,Pedestrian Collisions,"['Driver', 'Passenger', 'Pedestrian']",South,"['Automobile, Station Wagon']",['Going Ahead'],['Exceeding Speed Limit'],['Had Been Drinking'],['Pedestrian hit on sidewalk or shoulder'],['On Sidewalk or Shoulder'],['Normal'],[],[],[],D55,False,"['15 to 19', '20 to 24']",3.0
1000955837.0,2021-05-23 08:00:00,1501,2021,1418 QUEEN ST W,,,Major Arterial,Toronto and East York,43.640879,-79.434825,626241.9839,4833176.5277,Non Intersection,No Control,Clear,Daylight,Dry,85,South Parkdale,85,South Parkdale (85),Non-Fatal Injury,1,0,1,0,0,0,0,0,0,0,0,0,0,Pedestrian Collisions,"['Driver', 'Pedestrian']",North,"['Automobile, Station Wagon']",['Going Ahead'],['Driving Properly'],['Normal'],['Pedestrian hit at mid-block'],"['Crossing, no Traffic Control']",['Inattentive'],[],[],[],D14,False,"['25 to 29', '45 to 49']",3.0
1000962145.0,2021-05-24 08:00:00,1415,2021,DUFFERIN  ST,ST CLAIR AVE W,,Major Arterial,Toronto and East York,43.67789,-79.443042,625502.0871,4837274.6195,At Intersection,Traffic Signal,Clear,Daylight,Dry,92,Corso Italia-Davenport,92,Corso Italia-Davenport (92),Non-Fatal Injury,1,0,1,0,0,0,0,0,1,1,0,0,0,Pedestrian Collisions,"['Driver', 'Pedestrian']",East,"['Automobile, Station Wagon']",['Going Ahead'],['Speed too Fast For Condition'],['Inattentive'],['Vehicle is going straight thru inter.while ped cross with ROW'],['Crossing with right of way'],['Normal'],[],[],[],D13,False,"['50 to 54', '15 to 19']",3.0
1000969867.0,2021-05-25 08:00:00,1520,2021,QUEENS PARK CRES E,QUEENS PARK,200 m North ,Major Arterial,Toronto and East York,43.661261,-79.389972,629815.8006,4835509.4152,Non Intersection,No Control,Clear,Daylight,Dry,169,Bay-Cloverhill,76,Bay Street Corridor (76),Non-Fatal Injury,0,0,0,0,0,1,0,1,0,0,0,0,0,Other,"['Driver', 'Passenger']",North,['Municipal Transit Bus (TTC)'],['Going Ahead'],['Driving Properly'],['Normal'],[],[],[],[],[],[],D52,False,"['40 to 44', '70 to 74']",3.0
1000977879.0,2021-05-26 08:00:00,1729,2021,818 HUNTINGWOOD DR,,10 m North o,Minor Arterial,Scarborough,43.79373,-79.296428,637055.8289,4850372.6668,At/Near Private Drive,No Control,Clear,Daylight,Dry,118,Tam O'Shanter-Sullivan,118,Tam O'Shanter-Sullivan (118),Non-Fatal Injury,0,1,0,0,0,0,0,0,0,0,0,0,0,Cyclist Collisions,['Cyclist'],West,['Bicycle'],['Going Ahead'],[],[],[],[],[],"['Cyclist loses control and strikes object (pole, ttc track)']",['Lost control'],['Inattentive'],D42,False,['20 to 24'],3.0
1000983324.0,2021-05-27 08:00:00,1315,2021,44 RUSSELL HILL RD,,92 m North o,Collector,Toronto and East York,43.681243,-79.404117,628632.5893,4837706.6498,Non Intersection,No Control,Clear,Daylight,Dry,96,Casa Loma,96,Casa Loma (96),Non-Fatal Injury,0,1,1,0,0,0,0,0,0,0,0,0,0,Cyclist Collisions,"['Driver', 'Cyclist']",East,"['Automobile, Station Wagon', 'Bicycle']","['Turning Right', 'Going Ahead']",['Improper Turn'],['Inattentive'],[],[],[],"['Motorist turns right at non-signal Inter.(stop, yield, no cont.,and dwy) and strikes cyclist.']",['Driving Properly'],['Normal'],D53,False,"['70 to 74', '30 to 34']",3.0
1000988001.0,2021-05-28 08:00:00,527,2021,2043 DUNDAS ST W,,,Minor Arterial,Toronto and East York,43.651698,-79.4472,625221.3647,4834359.369,Non Intersection,No Control,Clear,"Dark, artificial",Dry,86,Roncesvalles,86,Roncesvalles (86),Non-Fatal Injury,0,0,1,0,0,0,0,1,0,0,0,0,0,SMV Unattended Vehicle,"['Driver', 'Other', 'Passenger']",East,"['Passenger Van', 'Automobile, Station Wagon']","['Going Ahead', 'Parked']",['Lost control'],['Inattentive'],[],[],[],[],[],[],D11,False,"['15 to 19', 'unknown', '20 to 24']",3.0
1000995012.0,2021-05-29 08:00:00,605,2021,CITY VIEW DR,DIXON  RD,45 m North o,Local,Etobicoke York,43.690154,-79.579425,614485.2138,4838439.3804,Non Intersection,No Control,Clear,Daylight,Dry,1,West Humber-Clairville,1,West Humber-Clairville (1),Non-Fatal Injury,0,0,1,0,0,0,0,0,1,1,0,0,0,SMV Other,['Driver'],South,"['Automobile, Station Wagon']",['Going Ahead'],['Lost control'],['Normal'],[],[],[],[],[],[],D23,False,['30 to 34'],3.0
1000999578.0,2021-05-29 08:00:00,2040,2021,LAKE SHORE  BLVD W,YORK  ST,,Major Arterial,Toronto and East York,43.641387,-79.380832,630595.8306,4833316.4881,At Intersection,Traffic Signal,Clear,"Dusk, artificial",Dry,166,St Lawrence-East Bayfront-The Islands,77,Waterfront Communities-The Island (77),Non-Fatal Injury,1,0,0,1,0,0,0,0,0,0,0,0,0,Pedestrian Collisions,"['Motorcycle Driver', 'Pedestrian']",North,['Motorcycle'],['Going Ahead'],['Driving Properly'],['Normal'],['Vehicle is going straight thru inter.while ped cross without ROW'],['Crossing without right of way'],['Inattentive'],[],[],[],D52,False,"['35 to 39', '25 to 29']",3.0
1001001420.0,2021-05-30 08:00:00,450,2021,SHEPPARD AVE W,WILLIAM R ALLEN RD,1 m East of,Major Arterial,North York,43.750178,-79.463344,623716.7462,4845272.6995,Intersection Related,Traffic Signal,Clear,"Dark, artificial",Dry,155,Downsview,26,Downsview-Roding-CFB (26),Non-Fatal Injury,0,0,1,0,0,0,0,0,0,0,0,0,0,SMV Other,['Driver'],East,"['Automobile, Station Wagon']",['Going Ahead'],['Lost control'],['Unknown'],[],[],[],[],[],[],D32,False,['35 to 39'],3.0
1001003363.0,2021-05-30 08:00:00,1315,2021,BLOOR  ST W,GLENDONWYNNE RD,52 m East of,Major Arterial,Etobicoke York,43.651698,-79.473323,623114.7265,4834320.2813,Non Intersection,No Control,Clear,Daylight,Dry,87,High Park-Swansea,87,High Park-Swansea (87),Non-Fatal Injury,1,0,1,0,0,0,0,1,0,0,0,0,0,Pedestrian Collisions,"['Driver', 'Passenger', 'Pedestrian']",South,"['Automobile, Station Wagon']",['Going Ahead'],['Driving Properly'],['Normal'],['Pedestrian hit at mid-block'],"['Crossing, no Traffic Control']",['Normal'],[],[],[],D11,False,"['15 to 19', '65 to 69']",3.0
1001004435.0,2021-05-30 08:00:00,1610,2021,LAING ST,QUEEN ST E,,Minor Arterial,Toronto and East York,43.663836,-79.327312,634862.3373,4835895.3543,At Intersection,Stop Sign,Clear,Daylight,Dry,65,Greenwood-Coxwell,65,Greenwood-Coxwell (65),Non-Fatal Injury,0,0,1,1,0,0,0,1,0,1,0,0,0,Turning Movement,"['Driver', 'Motorcycle Driver', 'Passenger']",East,"['Automobile, Station Wagon', 'Motorcycle']","['Turning Left', 'Going Ahead']","['Failed to Yield Right of Way', 'Driving Properly']","['Inattentive', 'Unknown']",[],[],[],[],[],[],D55,False,"['20 to 24', '40 to 44']",3.0
1001013918.0,2021-05-31 08:00:00,2240,2021,DON VALLEY PARKWAY  S,DON MILLS RD,,Expressway,North York,43.698252,-79.340442,633727.2191,4839696.4649,Non Intersection,No Control,Clear,"Dark, artificial",Dry,58,Old East York,58,Old East York (58),Fatal,0,0,0,1,0,0,0,1,0,0,0,0,0,SMV Other,"['Motorcycle Passenger', 'Motorcycle Driver']",South,['Motorcycle'],['Changing Lanes'],['Lost control'],['Unknown'],[],[],[],[],[],[],D55,True,"['35 to 39', '40 to 44']",4.0
1001036123.0,2021-06-03 08:00:00,2332,2021,1651 ELLESMERE RD,,,Major Arterial,Scarborough,43.772353,-79.25027,640819.5602,4848075.8854,At/Near Private Drive,Yield Sign,Clear,"Dark, artificial",Dry,142,Woburn North,137,Woburn (137),Non-Fatal Injury,0,0,1,1,0,0,0,1,0,0,0,0,0,Turning Movement,"['Driver', 'Motorcycle Driver', 'Passenger']",South,"['Automobile, Station Wagon', 'Motorcycle']","['Turning Left', 'Going Ahead']","['Improper Turn', 'Driving Properly']","['Inattentive', 'Normal']",[],[],[],[],[],[],D43,False,"['20 to 24', '15 to 19']",3.0
1001039843.0,2021-06-04 08:00:00,1321,2021,SCARLETT  RD,EGLINTON  AVE W,,Major Arterial,Etobicoke York,43.68389,-79.511417,619978.56,4837839.8142,At Intersection,Traffic Controller,Clear,Daylight,Dry,9,Edenbridge-Humber Valley,9,Edenbridge-Humber Valley (9),Non-Fatal Injury,0,1,1,0,0,0,0,0,0,0,0,0,0,Cyclist Collisions,"['Driver', 'Cyclist']",East,"['Automobile, Station Wagon', 'Bicycle']","['Turning Left', 'Going Ahead']",['Improper Turn'],['Normal'],[],[],[],['Motorist turned left across cyclists path.'],['Driving Properly'],['Normal'],D22,False,"['45 to 49', '20 to 24']",3.0
1001045574.0,2021-06-05 08:00:00,851,2021,PARLIAMENT  ST,RICHMOND  ST E,7 m West of,Major Arterial,Toronto and East York,43.654486,-79.363986,631925.8985,4834797.949,At Intersection,Traffic Signal,Clear,Daylight,Dry,73,Moss Park,73,Moss Park (73),Non-Fatal Injury,0,0,1,0,0,0,0,0,0,1,1,0,0,Angle,['Driver'],North,"['Automobile, Station Wagon', 'Pick Up Truck']",['Going Ahead'],"['Disobeyed Traffic Control', 'Driving Properly']",['Normal'],[],[],[],[],[],[],D51,False,"['40 to 44', '75 to 79']",3.0
1001046834.0,2021-06-05 08:00:00,1246,2021,PARK LAWN RD,LAKE SHORE BLVD W,13 m  of,Major Arterial,Etobicoke York,43.622897,-79.481166,622540.7723,4831109.9609,At Intersection,Traffic Signal,Clear,Daylight,Dry,161,Humber Bay Shores,17,Mimico (includes Humber Bay Shores) (17),Non-Fatal Injury,0,0,0,1,1,0,0,0,0,1,1,0,0,Turning Movement,"['Motorcycle Driver', 'Truck Driver']",North,"['Motorcycle', 'Truck-Tractor']","['Turning Right', 'Turning Left']","['Disobeyed Traffic Control', 'Driving Properly']","['Unknown', 'Normal']",[],[],[],[],[],[],D22,False,"['30 to 34', '20 to 24']",3.0
1001050264.0,2021-06-05 08:00:00,2120,2021,LAWRENCE  AVE E,RODDA BLVD,,Major Arterial,Scarborough,43.76734,-79.190624,645632.1407,4847622.2901,At Intersection,No Control,Clear,"Dark, artificial",Dry,136,West Hill,136,West Hill (136),Non-Fatal Injury,1,0,1,0,0,0,0,0,0,1,0,0,0,Pedestrian Collisions,"['Driver', 'Pedestrian']",North,"['Automobile, Station Wagon']",['Turning Left'],['Failed to Yield Right of Way'],['Had Been Drinking'],['Vehicle turns left while ped crosses with ROW at inter.'],['Crossing with right of way'],['Normal'],[],[],[],D43,False,"['25 to 29', '30 to 34']",3.0
1001050520.0,2021-06-05 08:00:00,2159,2021,QUEEN ST W,BAY ST,50 m West of,Major Arterial,Toronto and East York,43.65161,-79.382747,630419.2467,4834448.8741,Non Intersection,No Control,Clear,"Dark, artificial",Dry,170,Yonge-Bay Corridor,76,Bay Street Corridor (76),Non-Fatal Injury,0,0,1,1,0,0,0,1,0,1,0,0,0,Rear End,"['Driver', 'Motorcycle Driver', 'Passenger', 'Motorcycle Passenger']",East,"['Automobile, Station Wagon', 'Motorcycle']",['Going Ahead'],"['Following too Close', 'Driving Properly']","['Inattentive', 'Normal']",[],[],[],[],[],[],D52,False,"['15 to 19', '40 to 44', '30 to 34']",3.0
1001050592.0,2021-06-05 08:00:00,2211,2021,DON VALLEY PY S,EASTERN AVE DN,16 m North o,Major Arterial,Toronto and East York,43.656638,-79.352527,632845.2011,4835055.2398,Intersection Related,Traffic Signal,Clear,"Dark, artificial",Loose Sand or Gravel,70,South Riverdale,70,South Riverdale (70),Non-Fatal Injury,0,0,1,1,0,0,0,0,1,1,0,0,0,SMV Other,"['Motorcycle Driver', 'Driver']",South,"['Motorcycle', 'Automobile, Station Wagon']",['Going Ahead'],"['Improper Passing', 'Driving Properly']","['Unknown', 'Normal']",[],[],[],[],[],[],D55,False,['20 to 24'],3.0
1001069325.0,2021-06-08 08:00:00,1444,2021,QUEEN  ST W,MANNING  AVE,10 m East of,Major Arterial,Toronto and East York,43.646216,-79.408542,628350.5417,4833809.5827,Intersection Related,No Control,Clear,Daylight,Dry,162,West Queen West,82,Niagara (82),Non-Fatal Injury,1,0,1,0,0,0,0,0,0,0,0,0,0,Pedestrian Collisions,"['Driver', 'Pedestrian']",East,"['Automobile, Station Wagon']",['Going Ahead'],['Driving Properly'],['Normal'],['Vehicle is going straight thru inter.while ped cross without ROW'],['Running onto Roadway'],['Had Been Drinking'],[],[],[],D14,False,"['25 to 29', '35 to 39']",3.0
1001072175.0,2021-06-08 08:00:00,2209,2021,WARDEN AVE,MCNICOLL AVE,320 m North ,Major Arterial,Scarborough,43.809027,-79.322208,634947.3084,4852029.2751,Non Intersection,No Control,Clear,"Dark, artificial",Dry,116,Steeles,116,Steeles (116),Non-Fatal Injury,1,0,1,0,0,0,0,0,0,0,0,0,0,Pedestrian Collisions,"['Driver', 'Pedestrian']",East,['Passenger Van'],['Going Ahead'],['Driving Properly'],['Normal'],['Pedestrian hit at mid-block'],"['Crossing, no Traffic Control']",['Inattentive'],[],[],[],D42,False,"['60 to 64', '45 to 49']",3.0
1001078704.0,2021-06-09 08:00:00,1945,2021,F G GARDINER XY  W,YORK ST,14 m East of,Expressway,Toronto and East York,43.64173,-79.380687,630606.7826,4833354.8109,Non Intersection,No Control,Clear,Daylight,Dry,166,St Lawrence-East Bayfront-The Islands,77,Waterfront Communities-The Island (77),Non-Fatal Injury,0,0,0,1,0,0,0,0,1,1,0,0,0,SMV Other,['Motorcycle Driver'],West,['Motorcycle'],['Going Ahead'],['Exceeding Speed Limit'],['Normal'],[],[],[],[],[],[],D52,False,['35 to 39'],3.0
1001104105.0,2021-06-13 08:00:00,1315,2021,VICTORIA PARK AVE,FINCH AVE E,,Major Arterial,Scarborough,43.793036,-79.331371,634246.1187,4850238.3162,At Intersection,Traffic Signal,Clear,Daylight,Dry,147,L'Amoreaux West,117,L'Amoreaux (117),Fatal,1,0,0,0,0,0,0,0,0,0,0,0,0,Pedestrian Collisions,"['Driver', 'Pedestrian']",East,['Other'],['Going Ahead'],['Other'],['Unknown'],['Vehicle is going straight thru inter.while ped cross without ROW'],['Other'],['Unknown'],[],[],[],D42,True,"['unknown', '65 to 69']",4.0
1001141851.0,2021-06-18 08:00:00,1550,2021,LAWRENCE  AVE W,WESTON RD,17 m West of,Major Arterial,Etobicoke York,43.700087,-79.516155,619564.4888,4839631.8669,Intersection Related,No Control,Clear,Daylight,Dry,113,Weston,113,Weston (113),Non-Fatal Injury,1,0,1,0,0,0,0,0,0,0,0,0,0,Pedestrian Collisions,"['Driver', 'Pedestrian']",North,"['Automobile, Station Wagon']",['Going Ahead'],['Driving Properly'],['Normal'],['Pedestrian hit at mid-block'],"['Crossing, no Traffic Control']",['Inattentive'],[],[],[],D12,False,"['50 to 54', '70 to 74']",3.0
1001142501.0,2021-06-18 08:00:00,1725,2021,720 ARROW RD,,,Minor Arterial,North York,43.747069,-79.529887,618365.4311,4844830.1685,Non Intersection,No Control,Clear,Daylight,Dry,22,Humbermede,22,Humbermede (22),Fatal,0,0,1,1,0,0,0,0,0,1,0,0,0,Approaching,"['Motorcycle Driver', 'Driver']",North,"['Motorcycle', 'Automobile, Station Wagon']",['Going Ahead'],"['Improper Passing', 'Driving Properly']","['Unknown', 'Normal']",[],[],[],[],[],[],D31,True,"['60 to 64', '30 to 34', '65 to 69']",4.0
1001146779.0,2021-06-19 08:00:00,1015,2021,FOREST MANOR  RD,PARKWAY FOREST  DR,,Collector,North York,43.775,-79.343349,633322.5321,4848215.7785,At Intersection,Stop Sign,Clear,Daylight,Dry,53,Henry Farm,53,Henry Farm (53),Non-Fatal Injury,1,0,1,0,0,0,0,0,0,1,0,0,0,Pedestrian Collisions,"['Driver', 'Pedestrian']",East,"['Automobile, Station Wagon']",['Turning Left'],['Failed to Yield Right of Way'],['Inattentive'],['Vehicle turns left while ped crosses with ROW at inter.'],['Crossing with right of way'],['Normal'],[],[],[],D33,False,"['30 to 34', '75 to 79']",3.0
1001147674.0,2021-06-19 08:00:00,1250,2021,DAVISVILLE AV,MOUNT PLEASANT RD,6 m West of,Major Arterial,Toronto and East York,43.700236,-79.38692,629977.6951,4839842.9007,At Intersection,Traffic Signal,Clear,Daylight,Dry,99,Mount Pleasant East,99,Mount Pleasant East (99),Non-Fatal Injury,1,0,0,0,1,0,0,0,0,0,0,0,0,Pedestrian Collisions,"['Truck Driver', 'Pedestrian']",North,['Truck (other)'],['Turning Left'],['Improper Turn'],['Inattentive'],['Vehicle turns left while ped crosses with ROW at inter.'],['Crossing with right of way'],['Normal'],[],[],[],D53,False,"['unknown', '20 to 24']",3.0
1001151188.0,2021-06-19 08:00:00,2219,2021,LAKE SHORE BLVD W,FORTY SECOND ST,,Major Arterial,Etobicoke York,43.589678,-79.545596,617407.0683,4827327.5217,At Intersection,Stop Sign,Clear,"Dark, artificial",Dry,19,Long Branch,19,Long Branch (19),Fatal,0,0,1,1,0,0,0,0,0,0,0,0,0,Turning Movement,"['Driver', 'Motorcycle Driver']",East,"['Automobile, Station Wagon', 'Motorcycle']","['Turning Left', 'Going Ahead']","['Driving Properly', 'Other']","['Normal', 'Unknown']",[],[],[],[],[],[],D22,True,"['30 to 34', '35 to 39']",4.0
1001163687.0,2021-06-21 08:00:00,1842,2021,FINCH AVE E,KENNETH AVE,90 m West of,Major Arterial,North York,43.780165,-79.413295,627682.4318,4848679.1765,Non Intersection,No Control,Clear,Daylight,Dry,151,Yonge-Doris,51,Willowdale East (51),Fatal,0,0,1,0,0,1,0,1,0,0,0,0,0,Rear End,"['Driver', 'Passenger']",West,"['Automobile, Station Wagon', 'Municipal Transit Bus (TTC)']",['Going Ahead'],"['Lost control', 'Driving Properly']","['Unknown', 'Normal']",[],[],[],[],[],[],D32,True,"['75 to 79', '60 to 64']",4.0
1001195784.0,2021-06-26 08:00:00,1004,2021,HUNTINGWOOD DR,COLINAYRE CRES,,Minor Arterial,Scarborough,43.794505,-79.295528,637126.4638,4850460.2337,At Intersection,No Control,Clear,Daylight,Dry,118,Tam O'Shanter-Sullivan,118,Tam O'Shanter-Sullivan (118),Fatal,0,0,0,1,0,0,0,0,0,0,0,0,0,SMV Other,['Motorcycle Driver'],East,['Motorcycle'],['Going Ahead'],['Lost control'],['Unknown'],[],[],[],[],[],[],D42,True,['55 to 59'],4.0
1001241239.0,2021-07-02 08:00:00,1711,2021,JANE  ST,WILSON  AVE,5 m North of,Major Arterial,North York,43.720843,-79.508594,620132.2662,4841948.0401,Intersection Related,Traffic Signal,Clear,Daylight,Wet,154,Oakdale-Beverley Heights,26,Downsview-Roding-CFB (26),Non-Fatal Injury,1,0,1,0,0,0,0,1,0,0,0,0,0,Pedestrian Collisions,"['Driver', 'Passenger', 'Pedestrian']",West,['Pick Up Truck'],['Turning Right'],['Driving Properly'],['Normal'],['Vehicle turns right while ped crosses without ROW at inter.'],['Crossing without right of way'],['Inattentive'],[],[],[],D31,False,"['30 to 34', '55 to 59', '60 to 64']",3.0