accident_number,date,time,year,street1,street2,offset,road_class,district,latitude,longitude,x,y,accident_location,traffctl,visibility,light,road_surface_condition,hood_158,neighbourhood_new,hood_140,neighbourhood_old,accident_class,pedestrian,cyclist,automobile,motorcycle,truck,trsn_city_veh,emerg_veh,passenger,speeding,aggressive_driving,redlight,alcohol,disability,impact_type,involvement_type,initial_direction,vehicle_type,manoeuver,driver_action,driver_condition,pedestrian_type,pedestrian_action,pedestrian_condition,cyclist_type,cyclist_action,cyclist_condition,division,injury,involvement_age,injury_severity_score
1001896382.0,2021-10-03 08:00:00,132,2021,F G GARDINER XY  E,ISLINGTON AVE,,Expressway,Etobicoke York,43.621237,-79.5078,620395.2136,4830886.6333,Non Intersection,No Control,Clear,Dark,Dry,160,Mimico-Queensway,17,Mimico (includes Humber Bay Shores) (17),Fatal,0,0,1,0,0,0,0,1,1,1,0,0,0,Rear End,"['Passenger', 'Driver']",East,"['Automobile, Station Wagon']",['Going Ahead'],"['Driving Properly', 'Exceeding Speed Limit']","['Normal', 'Unknown']",[],[],[],[],[],[],D22,True,"['55 to 59', '60 to 64', '30 to 34']",4.0
1001897187.0,2021-10-03 08:00:00,609,2021,477 DUNDAS ST W,,52 m East of,Major Arterial,Toronto and East York,43.653033,-79.39722,629249.0437,4834584.2721,Non Intersection,No Control,Rain,"Dark, artificial",Wet,78,Kensington-Chinatown,78,Kensington-Chinatown (78),Non-Fatal Injury,1,0,1,0,0,0,0,0,0,0,0,0,0,Pedestrian Collisions,"['Driver', 'Pedestrian']",South,"['Automobile, Station Wagon']",['Going Ahead'],['Driving Properly'],['Normal'],['Pedestrian hit at mid-block'],"['Crossing, no Traffic Control']",['Inattentive'],[],[],[],D52,False,['70 to 74'],3.0
1001904901.0,2021-10-04 08:00:00,1150,2021,BAYVIEW AVE,CUMMER  AVE,,Major Arterial,North York,43.792227,-79.393558,629244.6881,4850049.4783,At Intersection,Traffic Signal,Clear,Daylight,Wet,49,Bayview Woods-Steeles,49,Bayview Woods-Steeles (49),Non-Fatal Injury,1,0,1,0,0,0,0,0,0,0,0,0,0,Pedestrian Collisions,"['Driver', 'Pedestrian']",North,"['Automobile, Station Wagon']",['Going Ahead'],['Driving Properly'],['Normal'],['Vehicle is going straight thru inter.while ped cross without ROW'],['Crossing without right of way'],['Normal'],[],[],[],D33,False,"['70 to 74', '75 to 79']",3.0
1001912719.0,2021-10-05 08:00:00,1230,2021,755 OAKDALE ROAD (WESTVIEW CENTENN,OAKDALE ROAD,5 m West of,Minor Arterial,North York,43.752391,-79.526531,618625.1259,4845426.0546,At Intersection,Traffic Signal,Clear,"Daylight, artificial",Dry,25,Glenfield-Jane Heights,25,Glenfield-Jane Heights (25),Non-Fatal Injury,0,0,1,0,0,0,0,0,0,1,0,0,0,Turning Movement,['Driver'],East,"['Automobile, Station Wagon']","['Turning Left', 'Going Ahead']","['Failed to Yield Right of Way', 'Driving Properly']","['Inattentive', 'Normal']",[],[],[],[],[],[],D31,False,"['15 to 19', '70 to 74']",3.0
1001924845.0,2021-10-07 08:00:00,637,2021,DISCO RD,120,5 m West of,Collector,Etobicoke York,43.699618,-79.601978,612649.9171,4839459.5965,At/Near Private Drive,No Control,Clear,Daylight,Dry,1,West Humber-Clairville,1,West Humber-Clairville (1),Non-Fatal Injury,0,0,1,1,0,0,0,0,0,1,0,0,0,Turning Movement,"['Driver', 'Motorcycle Driver']",East,"['Delivery Van', 'Motorcycle']","['Turning Left', 'Going Ahead']","['Failed to Yield Right of Way', 'Driving Properly']","['Inattentive', 'Normal']",[],[],[],[],[],[],D23,False,"['35 to 39', '25 to 29']",3.0
1001924954.0,2021-10-07 08:00:00,702,2021,LAKE SHORE BV E,DON RY,54 m West of,Expressway,Toronto and East York,43.650729,-79.347492,633264.2762,4834407.0406,Non Intersection,No Control,Clear,Daylight,Dry,166,St Lawrence-East Bayfront-The Islands,77,Waterfront Communities-The Island (77),Non-Fatal Injury,0,0,1,0,0,0,0,0,1,1,0,0,0,SMV Other,['Driver'],East,"['Automobile, Station Wagon']",['Pulling Onto Shoulder or towardCurb'],['Lost control'],['Unknown'],[],[],[],[],[],[],D51,False,['45 to 49'],3.0
1001936756.0,2021-10-08 08:00:00,1912,2021,WELLINGTON ST W,UNIVERSITY  AVE,,Major Arterial,Toronto and East York,43.646311,-79.384059,630324.9025,4833858.2897,At Intersection,Traffic Signal,Clear,Daylight,Dry,170,Yonge-Bay Corridor,76,Bay Street Corridor (76),Non-Fatal Injury,1,0,1,0,0,0,0,0,0,0,0,0,0,Pedestrian Collisions,"['Driver', 'Pedestrian']",East,"['Automobile, Station Wagon']",['Turning Left'],['Improper Turn'],['Inattentive'],['Vehicle turns left while ped crosses with ROW at inter.'],['Crossing with right of way'],['Normal'],[],[],[],D52,False,"['unknown', '35 to 39']",3.0
1001953329.0,2021-10-11 08:00:00,1358,2021,VALLEY WOODS RD,YORK MILLS RD,200 m South ,Collector,Toronto and East York,43.757868,-79.333652,634141.2166,4846328.6682,Non Intersection,No Control,Clear,Daylight,Dry,150,Fenside-Parkwoods,45,Parkwoods-Donalda (45),Non-Fatal Injury,0,0,0,1,0,0,0,0,1,1,0,0,0,SMV Other,['Motorcycle Driver'],South,['Motorcycle'],['Going Ahead'],['Exceeding Speed Limit'],['Normal'],[],[],[],[],[],[],D33,False,['35 to 39'],3.0
1001955597.0,2021-10-11 08:00:00,2102,2021,Bayview Avenue,Rosedale Valley Road,350 m South ,,,43.662887,-79.356792,632487.5406,4835742.455,Non Intersection,No Control,Clear,Dark,Dry,72,Regent Park,72,Regent Park (72),Non-Fatal Injury,0,0,1,1,0,0,0,0,0,1,0,0,0,Approaching,"['Motorcycle Driver', 'Driver']",North,"['Motorcycle', 'Automobile, Station Wagon']",['Going Ahead'],['Other'],['Normal'],[],[],[],[],[],[],D51,False,"['55 to 59', '25 to 29']",3.0
1001960285.0,2021-10-12 08:00:00,1356,2021,LAWRENCE  AVE W,DUPLEX AVE,135 m West o,Major Arterial,North York,43.723941,-79.407329,628282.5901,4842443.8833,Non Intersection,No Control,Clear,Daylight,Dry,103,Lawrence Park South,103,Lawrence Park South (103),Non-Fatal Injury,1,0,0,0,0,1,0,0,0,0,0,0,0,Pedestrian Collisions,"['Driver', 'Pedestrian']",East,"['Bus (Other) (Go Bus, Gray Coa']",['Going Ahead'],['Driving Properly'],['Normal'],['Pedestrian hit on sidewalk or shoulder'],['On Sidewalk or Shoulder'],['Medical or Physical Disability'],[],[],[],D53,False,"['40 to 44', '85 to 89']",3.0
1001961568.0,2021-10-12 08:00:00,1639,2021,PARKSIDE DR,SPRING RD,,Major Arterial,Scarborough,43.640914,-79.454616,624645.6178,4833150.5032,Intersection Related,Traffic Signal,Clear,Daylight,Dry,87,High Park-Swansea,87,High Park-Swansea (87),Fatal,0,0,1,0,0,0,0,1,1,1,0,0,0,Rear End,"['Passenger', 'Driver']",South,"['Automobile, Station Wagon']","['Slowing or Stopping', 'Going Ahead']","['Driving Properly', 'Exceeding Speed Limit']","['Normal', 'Unknown']",[],[],[],[],[],[],D11,True,"['70 to 74', '65 to 69', '50 to 54', '35 to 39', '55 to 59']",4.0
1001963083.0,2021-10-12 08:00:00,2035,2021,40 FARNSWORTH DR,FARNSWORTH DR,10 m North o,Local,North York,43.711093,-79.514713,619658.7829,4840856.3154,Non Intersection,No Control,Clear,"Dark, artificial",Dry,23,Pelmo Park-Humberlea,23,Pelmo Park-Humberlea (23),Non-Fatal Injury,0,0,0,0,0,0,0,0,0,0,0,0,0,SMV Other,['Driver'],West,['Off Road - 4 Wheels'],['Turning Right'],['Lost control'],['Normal'],[],[],[],[],[],[],D12,False,['40 to 44'],3.0
1001968469.0,2021-10-13 08:00:00,1520,2021,KINGSTON RD,#4351,,Major Arterial,Scarborough,43.764983,-79.192058,645522.4359,4847357.9871,At/Near Private Drive,No Control,Clear,Daylight,Dry,136,West Hill,136,West Hill (136),Non-Fatal Injury,0,0,1,1,0,0,0,0,0,1,0,0,0,Turning Movement,"['Driver', 'Motorcycle Driver']",East,"['Automobile, Station Wagon', 'Motorcycle']","['Turning Left', 'Going Ahead']","['Failed to Yield Right of Way', 'Driving Properly']","['Inattentive', 'Normal']",[],[],[],[],[],[],D43,False,"['65 to 69', '45 to 49']",3.0
1001970214.0,2021-10-13 08:00:00,1927,2021,DON MILLS RD,THE DONWAY  W,,Minor Arterial,North York,43.73189,-79.342868,633457.0361,4843428.5383,Non Intersection,No Control,Clear,"Dark, artificial",Dry,42,Banbury-Don Mills,42,Banbury-Don Mills (42),Fatal,1,0,1,0,0,0,0,1,0,0,0,0,0,Pedestrian Collisions,"['Pedestrian', 'Driver', 'Passenger']",South,"['Automobile, Station Wagon']",['Going Ahead'],['Driving Properly'],['Normal'],['Pedestrian hit at mid-block'],"['Crossing, no Traffic Control']",['Inattentive'],[],[],[],D33,True,"['60 to 64', '35 to 39', '5 to 9']",4.0
1001982074.0,2021-10-15 08:00:00,1201,2021,BURNHAMTHORPE RD,SHAVER AVE N,,Major Arterial,Etobicoke York,43.648104,-79.551654,616804.8498,4833807.8935,At Intersection,Stop Sign,Clear,Daylight,Dry,158,Islington,14,Islington-City Centre West (14),Fatal,0,0,1,0,0,0,0,0,1,1,0,0,0,Angle,['Driver'],South,"['Automobile, Station Wagon', 'Passenger Van']",['Going Ahead'],"['Disobeyed Traffic Control', 'Speed too Fast For Condition']",['Unknown'],[],[],[],[],[],[],D22,True,"['55 to 59', '20 to 24']",4.0
1001983260.0,2021-10-15 08:00:00,1450,2021,RICHMOND ST W,DUNCAN  ST,,Major Arterial,Toronto and East York,43.649382,-79.38914,629908.4974,4834191.3978,At Intersection,Traffic Signal,Clear,Daylight,Dry,164,Wellington Place,77,Waterfront Communities-The Island (77),Non-Fatal Injury,1,0,1,0,0,0,0,0,0,1,0,0,0,Pedestrian Collisions,"['Driver', 'Pedestrian']",East,"['Automobile, Station Wagon']",['Turning Left'],['Failed to Yield Right of Way'],['Normal'],['Vehicle turns left while ped crosses with ROW at inter.'],['Crossing with right of way'],['Normal'],[],[],[],D52,False,"['20 to 24', '55 to 59']",3.0
1001991750.0,2021-10-16 08:00:00,1917,2021,BAY  ST,CUMBERLAND ST,,Major Arterial,Toronto and East York,43.670489,-79.389804,629809.4543,4836534.5709,At Intersection,Traffic Signal,Clear,"Dark, artificial",Dry,95,Annex,95,Annex (95),Non-Fatal Injury,1,0,1,0,0,0,0,0,1,1,0,0,0,Pedestrian Collisions,"['Driver', 'Pedestrian']",East,"['Automobile, Station Wagon']",['Going Ahead'],['Exceeding Speed Limit'],['Unknown'],['Vehicle is going straight thru inter.while ped cross without ROW'],['Crossing with right of way'],['Normal'],[],[],[],D53,False,"['unknown', '20 to 24']",3.0
1002002.0,2007-11-08 10:00:00,2154,2007,GERRARD Stre E,PARLIAMENT Stre,,Minor Arterial,Toronto and East York,43.661945,-79.36699,631667.353,4835621.5984,At Intersection,Traffic Signal,Rain,Dark,Wet,72,Regent Park,72,Regent Park (72),Non-Fatal Injury,1,0,1,0,0,0,0,0,0,1,1,0,0,Pedestrian Collisions,"['Driver', 'Pedestrian']",South,"['Automobile, Station Wagon', 'Other']",['Going Ahead'],['Disobeyed Traffic Control'],['Unknown'],['Vehicle is going straight thru inter.while ped cross with ROW'],['Crossing with right of way'],['Normal'],[],[],[],D51,False,"['unknown', '40 to 44', '10 to 14', '5 to 9']",3.0
1002003556.0,2021-10-18 08:00:00,1504,2021,MCCOWAN RD,FINCH  AVE E,75 m North o,Major Arterial,Scarborough,43.808722,-79.26675,639408.6353,4852087.3443,Non Intersection,No Control,Clear,Daylight,Dry,129,Agincourt North,129,Agincourt North (129),Non-Fatal Injury,0,0,1,0,0,0,0,0,0,0,0,0,1,Rear End,['Driver'],South,"['Automobile, Station Wagon']",['Slowing or Stopping'],"['Other', 'Driving Properly']","['Medical or Physical Disability', 'Normal']",[],[],[],[],[],[],D42,False,"['60 to 64', '55 to 59']",3.0
1002009493.0,2021-10-19 08:00:00,1140,2021,DANFORTH AVE,BIRCHMOUNT RD,,Minor Arterial,Scarborough,43.696921,-79.263965,639892.9055,4839674.8339,At Intersection,Traffic Signal,Clear,Daylight,Dry,122,Birchcliffe-Cliffside,122,Birchcliffe-Cliffside (122),Fatal,1,0,1,0,0,0,0,0,0,1,0,0,0,Pedestrian Collisions,"['Pedestrian', 'Driver']",North,"['Automobile, Station Wagon']",['Turning Left'],['Failed to Yield Right of Way'],['Inattentive'],['Vehicle turns left while ped crosses with ROW at inter.'],['Crossing with right of way'],['Normal'],[],[],[],D41,True,"['15 to 19', '40 to 44']",4.0
1002013655.0,2021-10-19 08:00:00,2136,2021,O CONNOR DR,PEPLER AVE,,Major Arterial,Toronto and East York,43.693316,-79.349239,633029.2635,4839134.1016,Non Intersection,No Control,Clear,"Dark, artificial",Dry,58,Old East York,58,Old East York (58),Fatal,1,0,1,0,0,0,0,0,0,0,0,0,0,Pedestrian Collisions,"['Driver', 'Pedestrian']",East,"['Automobile, Station Wagon']",['Going Ahead'],['Driving Properly'],"['Unknown', 'Normal']",['Pedestrian hit at mid-block'],"['Crossing, no Traffic Control']",['Inattentive'],[],[],[],D55,True,"['80 to 84', '40 to 44']",4.0
1002021609.0,2021-10-20 08:00:00,2318,2021,LAWRENCE AVE EAST,GREENHOLM CRCT,2 m North of,Major Arterial,Scarborough,43.760295,-79.222736,643064.2878,4846783.8554,Intersection Related,Traffic Signal,Clear,"Dark, artificial",Dry,141,Golfdale-Cedarbrae-Woburn,137,Woburn (137),Non-Fatal Injury,0,0,1,0,0,0,0,1,0,1,0,0,0,Turning Movement,"['Driver', 'Passenger']",West,"['Automobile, Station Wagon']","['Turning Left', 'Going Ahead']","['Failed to Yield Right of Way', 'Driving Properly']","['Inattentive', 'Normal']",[],[],[],[],[],[],D43,False,"['20 to 24', '25 to 29', '15 to 19']",3.0
1002027.0,2007-10-26 08:00:00,2135,2007,PHARMACY AVE,BOLSTER AVE,,Minor Arterial,Scarborough,43.706545,-79.28949,637813.9757,4840700.9651,At Intersection,Pedestrian Crossover,Rain,Dark,Wet,120,Clairlea-Birchmount,120,Clairlea-Birchmount (120),Non-Fatal Injury,1,0,1,0,0,0,0,0,0,1,0,0,0,Pedestrian Collisions,"['Driver', 'Pedestrian']",North,"['Automobile, Station Wagon', 'Other']",['Going Ahead'],['Disobeyed Traffic Control'],['Inattentive'],['Pedestrian hit a PXO/ped. Mid-block signal'],"['Crossing, Pedestrian Crossover']",['Normal'],[],[],[],D41,False,"['50 to 54', '45 to 49']",3.0
1002028747.0,2021-10-21 08:00:00,2222,2021,MCCOWAN RD,EGLINTON AVE E,,Major Arterial,Scarborough,43.73878,-79.238323,641860.3897,4844367.4767,At Intersection,Traffic Signal,Rain,"Dark, artificial",Wet,138,Eglinton East,138,Eglinton East (138),Non-Fatal Injury,1,0,1,0,0,0,0,0,0,1,0,0,0,Pedestrian Collisions,"['Driver', 'Pedestrian']",North,"['Automobile, Station Wagon']",['Turning Left'],['Failed to Yield Right of Way'],['Inattentive'],['Vehicle turns left while ped crosses with ROW at inter.'],['Crossing with right of way'],['Normal'],[],[],[],D43,False,"['45 to 49', '20 to 24']",3.0
1002036399.0,2021-10-22 08:00:00,2319,2021,WILSON AV,ALLINGHAM GS,,Major Arterial,North York,43.735579,-79.442638,625414.2884,4843682.4006,Intersection Related,Traffic Signal,Clear,"Dark, artificial",Dry,33,Clanton Park,33,Clanton Park (33),Non-Fatal Injury,0,0,1,0,0,1,0,1,1,1,0,0,0,Approaching,"['Driver', 'Passenger']",East,"['Automobile, Station Wagon', 'Municipal Transit Bus (TTC)']",['Going Ahead'],"['Lost control', 'Driving Properly']","['Inattentive', 'Normal']",[],[],[],[],[],[],D32,False,"['20 to 24', '45 to 49', '15 to 19']",3.0
1002048741.0,2021-10-24 08:00:00,2019,2021,2233 BARTOR RD,,100 m South ,Minor Arterial,Etobicoke York,43.73461,-79.526828,618636.3312,4843450.7925,Non Intersection,No Control,Clear,Dark,Dry,154,Oakdale-Beverley Heights,26,Downsview-Roding-CFB (26),Fatal,0,0,1,0,0,0,0,0,0,0,0,0,0,Rear End,['Driver'],South,"['Automobile, Station Wagon']","['Going Ahead', 'Stopped']","['Lost control', 'Other']",['Unknown'],[],[],[],[],[],[],D31,True,"['30 to 34', '45 to 49']",4.0
1002052752.0,2021-10-25 08:00:00,1255,2021,ORIOLE PKWY,EGLINTON AVE W,50 m South o,Minor Arterial,Toronto and East York,43.704482,-79.405879,628440.9467,4840284.9306,Non Intersection,No Control,Rain,Daylight,Wet,100,Yonge-Eglinton,100,Yonge-Eglinton (100),Non-Fatal Injury,1,0,1,0,0,0,0,0,0,0,0,0,0,Pedestrian Collisions,"['Driver', 'Pedestrian']",East,"['Automobile, Station Wagon']",['Going Ahead'],['Driving Properly'],['Normal'],['Pedestrian hit at mid-block'],"['Crossing, Pedestrian Crossover']",['Inattentive'],[],[],[],D53,False,['30 to 34'],3.0
1002054917.0,2021-10-25 08:00:00,1835,2021,LAKE SHORE BLVD W,TWENTY FIRST ST,21 m west of,Major Arterial,Etobicoke York,43.597369,-79.520198,619442.1295,4828217.9028,Non Intersection,No Control,Rain,"Dusk, artificial",Wet,18,New Toronto,18,New Toronto (18),Fatal,1,0,1,0,0,0,0,0,0,0,0,0,0,Pedestrian Collisions,"['Pedestrian', 'Driver']",East,"['Automobile, Station Wagon']",['Going Ahead'],['Driving Properly'],['Normal'],['Pedestrian hit at mid-block'],"['Crossing, no Traffic Control']",['Medical or Physical Disability'],[],[],[],D22,True,"['65 to 69', '40 to 44']",4.0
1002064782.0,2021-10-27 08:00:00,812,2021,DUNCANWOODS DR,NAVENBY  CRES,3 m South of,Collector,Etobicoke York,43.753745,-79.565372,615495.5124,4845521.5454,Intersection Related,No Control,Clear,"Daylight, artificial",Dry,21,Humber Summit,21,Humber Summit (21),Non-Fatal Injury,1,0,1,0,0,0,0,0,0,0,0,0,0,Pedestrian Collisions,"['Driver', 'Pedestrian']",Unknown,"['Automobile, Station Wagon']",['Going Ahead'],['Lost control'],['Fatigue'],['Pedestrian hit on sidewalk or shoulder'],['On Sidewalk or Shoulder'],['Normal'],[],[],[],D31,False,"['20 to 24', '40 to 44', '5 to 9']",3.0
1002078919.0,2021-10-29 08:00:00,248,2021,VICTORIA PARK AV,GERRARD ST E,,Major Arterial,Scarborough,43.686831,-79.286548,638096.261,4838516.3408,At Intersection,Traffic Signal,Clear,"Dark, artificial",Dry,62,East End-Danforth,62,East End-Danforth (62),Non-Fatal Injury,0,0,1,0,0,0,0,1,0,0,0,0,0,SMV Other,"['Driver', 'Passenger']",South,"['Automobile, Station Wagon']",['Going Ahead'],['Driving Properly'],['Normal'],[],[],[],[],[],[],D55,False,['30 to 34'],3.0
1002085130.0,2021-10-29 08:00:00,2300,2021,3600 STEELES AVE W,,1 m West of,Major Arterial,Etobicoke York,43.771792,-79.538791,617600.081,4847563.3375,Non Intersection,No Control,Rain,"Dark, artificial",Wet,21,Humber Summit,21,Humber Summit (21),Non-Fatal Injury,1,0,1,0,0,0,0,0,0,0,0,0,0,Pedestrian Collisions,"['Driver', 'Pedestrian']",South,"['Automobile, Station Wagon']",['Going Ahead'],['Driving Properly'],['Normal'],['Pedestrian hit at mid-block'],['Running onto Roadway'],['Inattentive'],[],[],[],D31,False,"['25 to 29', '35 to 39']",3.0
1002090164.0,2021-10-30 08:00:00,1840,2021,KENNEDY RD,LAWRENCE AVE E,,Major Arterial,Scarborough,43.750979,-79.275401,638846.413,4845659.5378,Non Intersection,No Control,Rain,"Dark, artificial",Wet,126,Dorset Park,126,Dorset Park (126),Fatal,1,0,1,0,0,0,0,0,0,0,0,0,0,Pedestrian Collisions,"['Pedestrian', 'Driver']",East,"['Automobile, Station Wagon']",['Going Ahead'],['Driving Properly'],['Normal'],['Pedestrian hit at mid-block'],"['Crossing, no Traffic Control']",['Normal'],[],[],[],D41,True,"['65 to 69', '35 to 39']",4.0
1002092719.0,2021-10-31 08:00:00,324,2021,WESTON RD,JUBILEE CRES,40 m North o,Major Arterial,North York,43.726172,-79.535579,617948.1586,4842501.1407,Non Intersection,No Control,Clear,"Dark, artificial",Wet,23,Pelmo Park-Humberlea,23,Pelmo Park-Humberlea (23),Non-Fatal Injury,0,0,1,0,0,0,0,0,0,1,0,0,0,SMV Other,['Driver'],South,"['Automobile, Station Wagon']",['Going Ahead'],['Lost control'],['Had Been Drinking'],[],[],[],[],[],[],D31,False,['20 to 24'],3.0
1002105025.0,2021-11-01 08:00:00,2205,2021,2275 WARDEN AVE,,1 m South of,Major Arterial,Scarborough,43.782305,-79.309589,636022.9025,4849082.0304,At/Near Private Drive,No Control,Clear,"Dark, artificial",Dry,118,Tam O'Shanter-Sullivan,118,Tam O'Shanter-Sullivan (118),Non-Fatal Injury,0,1,1,0,0,0,0,0,0,1,0,0,0,Cyclist Collisions,"['Driver', 'Cyclist']",North,"['Automobile, Station Wagon', 'Bicycle']","['Turning Left', 'Going Ahead']",['Failed to Yield Right of Way'],['Inattentive'],[],[],[],['Motorist turned left across cyclists path.'],['Driving Properly'],['Normal'],D42,False,"['30 to 34', '40 to 44']",3.0
1002132451.0,2021-11-05 08:00:00,1711,2021,THE QUEENSWAY,NORTH QUEEN ST,135 m West o,Major Arterial,Etobicoke York,43.614066,-79.558002,616358.5614,4830018.6395,Non Intersection,No Control,Clear,Daylight,Dry,159,Etobicoke City Centre,14,Islington-City Centre West (14),Non-Fatal Injury,1,0,1,0,0,0,0,0,0,0,0,0,0,Pedestrian Collisions,"['Driver', 'Pedestrian']",South,"['Automobile, Station Wagon']",['Going Ahead'],['Driving Properly'],['Normal'],['Pedestrian hit at mid-block'],['Crossing without right of way'],['Normal'],[],[],[],D22,False,"['30 to 34', '75 to 79']",3.0
1002135282.0,2021-11-06 08:00:00,125,2021,MIDDLEFIELD RD,FINCH  AVE E,10 m North o,Minor Arterial,Scarborough,43.809817,-79.257663,640136.9673,4852224.3125,Intersection Related,Traffic Signal,Clear,"Dark, artificial",Dry,129,Agincourt North,129,Agincourt North (129),Non-Fatal Injury,1,0,1,0,0,0,0,0,0,0,0,0,0,Pedestrian Collisions,"['Driver', 'Pedestrian']",South,"['Automobile, Station Wagon']",['Going Ahead'],['Lost control'],['Unknown'],['Vehicle is going straight thru inter.while ped cross without ROW'],['Other'],['Had Been Drinking'],[],[],[],D42,False,['25 to 29'],3.0
1002145902.0,2021-11-07 09:00:00,1614,2021,DUFFERIN ST,DUPONT ST,,Major Arterial,Toronto and East York,43.668429,-79.438876,625857.6752,4836230.1609,Intersection Related,Traffic Signal,Clear,Daylight,Dry,172,Dovercourt Village,93,Dovercourt-Wallace Emerson-Junction (93),Non-Fatal Injury,0,0,1,0,0,0,0,1,1,1,0,0,0,Sideswipe,"['Driver', 'Passenger']",East,"['Automobile, Station Wagon']","['Going Ahead', 'Stopped']","['Lost control', 'Driving Properly']","['Unknown', 'Normal']",[],[],[],[],[],[],D14,False,"['35 to 39', '60 to 64', '65 to 69', '30 to 34', '55 to 59', '50 to 54', '20 to 24', '45 to 49', '5 to 9', '15 to 19']",3.0
1002149.0,2007-11-09 10:00:00,1825,2007,WESTON RD,ST PHILLIPS RD,,Major Arterial,Etobicoke York,43.706245,-79.53239,618244.1966,4840292.5134,At Intersection,Traffic Signal,Rain,Dark,Wet,113,Weston,113,Weston (113),Non-Fatal Injury,1,0,1,0,0,0,0,0,0,0,0,0,0,Pedestrian Collisions,"['Pedestrian', 'Driver']",East,"['Automobile, Station Wagon']",['Going Ahead'],['Other'],['Unknown'],['Vehicle is going straight thru inter.while ped cross with ROW'],['Crossing with right of way'],['Normal'],[],[],[],D12,False,"['65 to 69', 'unknown']",3.0
1002157696.0,2021-11-09 10:00:00,1013,2021,BEDFORD RD,DAVENPORT RD,2 m East of,Major Arterial,Toronto and East York,43.6743,-79.399806,628994.9481,4836942.2308,At Intersection,Traffic Signal,Clear,Daylight,Dry,95,Annex,95,Annex (95),Non-Fatal Injury,1,0,1,0,0,0,0,0,0,0,0,0,0,Pedestrian Collisions,"['Driver', 'Pedestrian']",North,"['Automobile, Station Wagon']",['Turning Right'],['Driving Properly'],['Normal'],['Other / Undefined'],['Other'],['Other'],[],[],[],D53,False,"['60 to 64', '85 to 89']",3.0
1002160067.0,2021-11-09 10:00:00,1550,2021,LAWRENCE  AVE W,DUFFLAW  RD,3 m West of,Major Arterial,North York,43.712683,-79.460834,623996.1804,4841112.0925,At Intersection,Traffic Signal,Rain,Daylight,Wet,31,Yorkdale-Glen Park,31,Yorkdale-Glen Park (31),Non-Fatal Injury,1,0,1,0,0,0,0,0,0,1,0,0,0,Pedestrian Collisions,"['Driver', 'Pedestrian']",East,"['Automobile, Station Wagon']",['Turning Left'],['Failed to Yield Right of Way'],['Inattentive'],['Vehicle turns left while ped crosses with ROW at inter.'],['Crossing with right of way'],['Normal'],[],[],[],D13,False,"['60 to 64', '20 to 24']",3.0
1002179415.0,2021-11-10 10:00:00,1900,2021,Aukland Road,Kipling Go station,,Major Arterial,Etobicoke York,43.638679,-79.534122,618237.2527,4832785.9529,At/Near Private Drive,No Control,Clear,"Dark, artificial",Dry,159,Etobicoke City Centre,14,Islington-City Centre West (14),Non-Fatal Injury,0,0,0,0,0,1,0,1,0,0,0,0,0,SMV Other,"['Driver', 'Passenger']",South,['Municipal Transit Bus (TTC)'],['Turning Left'],['Driving Properly'],['Unknown'],[],[],[],[],[],[],D22,False,"['unknown', '75 to 79']",3.0
1002183621.0,2021-11-12 10:00:00,2009,2021,650 OLD WESTON RD,,55 m South o,Minor Arterial,Etobicoke York,43.679454,-79.465389,623697.5269,4837414.7522,Non Intersection,No Control,Rain,"Dark, artificial",Wet,91,Weston-Pelham Park,91,Weston-Pellam Park (91),Non-Fatal Injury,1,0,1,0,0,0,0,0,1,1,0,0,0,Pedestrian Collisions,"['Driver', 'Pedestrian']",North,"['Automobile, Station Wagon']",['Going Ahead'],['Exceeding Speed Limit'],['Inattentive'],['Pedestrian hit at mid-block'],['Coming From Behind Parked Vehicle'],['Normal'],[],[],[],D12,False,"['35 to 39', '30 to 34']",3.0
1002183788.0,2021-11-12 10:00:00,2030,2021,DON VALLEY PARKWAY  S,DUNDAS ST E,,Expressway,Toronto and East York,43.662001,-79.355159,632621.1574,4835646.6619,Non Intersection,No Control,Clear,"Dark, artificial",Wet,70,South Riverdale,70,South Riverdale (70),Fatal,1,0,1,0,0,0,0,1,0,0,0,0,0,Pedestrian Collisions,"['Pedestrian', 'Driver', 'Passenger']",South,"['Automobile, Station Wagon']",['Going Ahead'],['Driving Properly'],['Normal'],['Pedestrian hit at mid-block'],"['Crossing, no Traffic Control']",['Other'],[],[],[],D55,True,"['30 to 34', '25 to 29']",4.0
1002190393.0,2021-11-13 10:00:00,2012,2021,THE QUEENSWAY,HIGH ST,,Major Arterial,Etobicoke York,43.632056,-79.477725,622799.746,4832132.2662,Non Intersection,No Control,Clear,"Dark, artificial",Dry,16,Stonegate-Queensway,16,Stonegate-Queensway (16),Fatal,0,0,1,0,0,0,0,0,0,0,0,0,0,SMV Other,['Driver'],West,"['Automobile, Station Wagon']",['Overtaking'],['Lost control'],['Unknown'],[],[],[],[],[],[],D22,True,['20 to 24'],4.0
1002190676.0,2021-11-13 10:00:00,2100,2021,RENFORTH DR,CENTENNIAL PARK GT,,Minor Arterial,Etobicoke York,43.65372,-79.580486,614468.9475,4834391.4463,Non Intersection,No Control,Clear,"Dark, artificial",Dry,11,Eringate-Centennial-West Deane,11,Eringate-Centennial-West Deane (11),Fatal,0,0,1,0,0,0,0,1,0,0,0,0,0,SMV Other,"['Passenger', 'Driver']",South,"['Automobile, Station Wagon']",['Going Ahead'],['Lost control'],['Unknown'],[],[],[],[],[],[],D22,True,"['5 to 9', '30 to 34']",4.0