accident_number,date,time,year,street1,street2,offset,road_class,district,latitude,longitude,x,y,accident_location,traffctl,visibility,light,road_surface_condition,hood_158,neighbourhood_new,hood_140,neighbourhood_old,accident_class,pedestrian,cyclist,automobile,motorcycle,truck,trsn_city_veh,emerg_veh,passenger,speeding,aggressive_driving,redlight,alcohol,disability,impact_type,involvement_type,initial_direction,vehicle_type,manoeuver,driver_action,driver_condition,pedestrian_type,pedestrian_action,pedestrian_condition,cyclist_type,cyclist_action,cyclist_condition,division,injury,involvement_age,injury_severity_score
1005351.0,2007-11-18 10:00:00,735,2007,DON VALLEY PARKWAY  N,DON MILLS Road,,,Toronto and East York,43.700545,-79.33709,633992.2184,4839956.5469,,No Control,Clear,Daylight,Dry,58,Old East York,58,Old East York (58),Non-Fatal Injury,0,0,1,0,0,0,0,0,0,0,0,0,0,SMV Other,"['Vehicle Owner', 'Driver']",South,"['Other', 'Automobile, Station Wagon']",['Unknown'],[],[],[],[],[],[],[],[],D55,False,"['unknown', '30 to 34']",3.0
1005723.0,2007-11-16 10:00:00,1050,2007,2098 BRIMLEY Rd,,,Major Arterial,Scarborough,43.788245,-79.26899,639276.0366,4849809.2731,,No Control,Clear,Daylight,Dry,128,Agincourt South-Malvern West,128,Agincourt South-Malvern West (128),Non-Fatal Injury,0,0,1,0,0,0,0,0,0,0,0,0,0,Turning Movement,"['Driver', 'Vehicle Owner']",East,"['Automobile, Station Wagon', 'Other']","['Stopped', 'Turning Right']","['Driving Properly', 'Lost control']",['Normal'],[],[],[],[],[],[],D42,False,"['50 to 54', 'unknown', '25 to 29']",3.0
1005733.0,2007-11-17 10:00:00,1650,2007,MARKET ST,THE ESPLANADE,,Local,Toronto and East York,43.648745,-79.37199,631292.9693,4834147.6408,At Intersection,No Control,Clear,Dusk,Dry,166,St Lawrence-East Bayfront-The Islands,77,Waterfront Communities-The Island (77),Non-Fatal Injury,1,1,0,0,0,0,0,0,0,0,0,0,0,Pedestrian Collisions,"['Cyclist', 'Pedestrian']",East,"['Bicycle', 'Other']",['Going Ahead'],[],[],['Pedestrian hit at mid-block'],"['Crossing, no Traffic Control']",['Normal'],['Cyclist strikes pedestrian.'],['Failed to Yield Right of Way'],['Unknown'],D51,False,"['unknown', '75 to 79']",3.0
1005767.0,2007-11-30 10:00:00,1814,2007,DON MILLS RD,LAWRENCE AVE E,,Major Arterial,North York,43.744045,-79.34529,633235.0161,4844774.6325,,No Control,Clear,Dark,Dry,42,Banbury-Don Mills,42,Banbury-Don Mills (42),Non-Fatal Injury,0,0,1,0,0,0,0,1,1,1,0,1,0,Rear End,"['Passenger', 'Driver', 'Vehicle Owner']",North,"['Other', 'Automobile, Station Wagon']","['Going Ahead', 'Overtaking']","['Driving Properly', 'Speed too Fast For Condition']","['Normal', 'Ability Impaired, Alcohol']",[],[],[],[],[],[],D33,False,"['45 to 49', '50 to 54', 'unknown']",3.0
1005791.0,2007-11-29 10:00:00,2357,2007,GERRARD ST E,PARLIAMENT ST,,Minor Arterial,Toronto and East York,43.661945,-79.36699,631667.353,4835621.5984,At Intersection,Traffic Signal,Clear,Dark,Dry,72,Regent Park,72,Regent Park (72),Non-Fatal Injury,1,0,1,0,0,0,0,0,0,0,0,0,0,Pedestrian Collisions,"['Driver', 'Pedestrian']",East,"['Automobile, Station Wagon', 'Other']",['Going Ahead'],['Driving Properly'],['Unknown'],['Vehicle is going straight thru inter.while ped cross without ROW'],['Crossing without right of way'],['Normal'],[],[],[],D51,False,"['unknown', '60 to 64']",3.0
1006207.0,2007-11-22 10:00:00,2209,2007,KIPLING AVE,MOUNT OLIVE DR,,Major Arterial,Etobicoke York,43.746845,-79.58379,614025.8528,4844729.6849,At Intersection,Traffic Controller,Clear,Dark,Other,2,Mount Olive-Silverstone-Jamestown,2,Mount Olive-Silverstone-Jamestown (2),Non-Fatal Injury,0,0,1,0,1,0,0,0,0,1,0,0,0,Turning Movement,"['Truck Driver', 'Driver']",East,"['Truck - Open', 'Automobile, Station Wagon']","['Going Ahead', 'Turning Left']",['Other'],['Normal'],[],[],[],[],[],[],D23,False,"['20 to 24', '25 to 29']",3.0
1006355.0,2007-11-23 10:00:00,1700,2007,LAWRENCE AVE E,GOODERHAM DR,,Major Arterial,Scarborough,43.743845,-79.30179,636738.0708,4844823.3019,,No Control,Clear,Dusk,Dry,119,Wexford/Maryvale,119,Wexford/Maryvale (119),Non-Fatal Injury,1,0,1,0,0,0,0,0,1,1,0,0,0,Pedestrian Collisions,"['Driver', 'Pedestrian']",North,"['Automobile, Station Wagon', 'Other']",['Merging'],['Speed too Fast For Condition'],['Unknown'],['Pedestrian hit at mid-block'],"['Crossing, no Traffic Control']",['Normal'],[],[],[],D41,False,"['45 to 49', '20 to 24']",3.0
1006380.0,2007-11-23 10:00:00,830,2007,NORTH CARSON ST,LANOR AVE,,Local,Etobicoke York,43.610545,-79.53779,617996.4187,4829656.1092,At Intersection,Stop Sign,Snow,Daylight,Ice,20,Alderwood,20,Alderwood (20),Non-Fatal Injury,0,0,1,0,0,1,0,1,0,1,0,0,0,Angle,"['Driver', 'Passenger', 'Vehicle Owner']",South,"['Automobile, Station Wagon', 'Other', 'Municipal Transit Bus (TTC)']","['Slowing or Stopping', 'Going Ahead']","['Disobeyed Traffic Control', 'Driving Properly']",['Normal'],[],[],[],[],[],[],D22,False,"['55 to 59', 'unknown']",3.0
1006449.0,2007-11-14 10:00:00,1825,2007,KING ST W,SUDBURY ST,,Major Arterial,Toronto and East York,43.640945,-79.41719,627664.2408,4833210.8318,At Intersection,Traffic Signal,Clear,Dark,Dry,162,West Queen West,82,Niagara (82),Non-Fatal Injury,0,1,1,0,0,0,0,0,0,0,0,0,0,Cyclist Collisions,"['Driver', 'Cyclist']",East,"['Automobile, Station Wagon', 'Bicycle']","['Turning Left', 'Going Ahead']",['Improper Turn'],['Inattentive'],[],[],[],['Motorist turned left across cyclists path.'],['Driving Properly'],['Normal'],D14,False,"['75 to 79', '30 to 34']",3.0
1006590.0,2007-12-04 10:00:00,730,2007,ISLINGTON Ave,STANMILLS Rd,,Major Arterial,Etobicoke York,43.624645,-79.51519,619792.1922,4831254.4446,At Intersection,Stop Sign,Strong wind,Daylight,Wet,16,Stonegate-Queensway,16,Stonegate-Queensway (16),Non-Fatal Injury,1,0,1,0,0,0,0,0,0,0,0,0,0,Pedestrian Collisions,"['Vehicle Owner', 'Driver', 'Pedestrian']",East,"['Other', 'Automobile, Station Wagon']",['Going Ahead'],['Driving Properly'],['Normal'],['Vehicle is going straight thru inter.while ped cross without ROW'],['Crossing without right of way'],['Inattentive'],[],[],[],D22,False,"['unknown', '50 to 54', '45 to 49']",3.0
1006820.0,2007-11-24 10:00:00,2352,2007,ST CLAIR AVE W,OSLER ST,,Major Arterial,Toronto and East York,43.674145,-79.46039,624111.4201,4836832.5842,,No Control,Clear,Dark,Wet,91,Weston-Pelham Park,91,Weston-Pellam Park (91),Non-Fatal Injury,1,0,1,0,0,0,0,0,0,0,0,0,0,Pedestrian Collisions,"['Driver', 'Pedestrian']",East,"['Automobile, Station Wagon', 'Other']",['Going Ahead'],['Driving Properly'],['Normal'],['Vehicle is going straight thru inter.while ped cross without ROW'],"['Crossing, no Traffic Control']",['Had Been Drinking'],[],[],[],D12,False,"['70 to 74', '65 to 69']",3.0
1006875.0,2007-12-05 10:00:00,1856,2007,OSSINGTON AVE,CHURCHILL AVE,,Minor Arterial,Toronto and East York,43.652445,-79.42199,627252.7993,4834480.6837,,No Control,Clear,Dark,Dry,81,Trinity-Bellwoods,81,Trinity-Bellwoods (81),Fatal,1,0,1,0,0,0,0,0,0,0,0,0,0,Pedestrian Collisions,"['Driver', 'Pedestrian']",North,"['Automobile, Station Wagon', 'Other']",['Going Ahead'],['Driving Properly'],['Normal'],['Vehicle hits the pedestrian walking or running out from between parked vehicles at mid-block'],['Coming From Behind Parked Vehicle'],['Had Been Drinking'],[],[],[],D14,True,"['75 to 79', '45 to 49']",4.0
1007071.0,2007-11-19 10:00:00,1937,2007,DAVENPORT RD,BELMONT ST,,Major Arterial,Toronto and East York,43.674745,-79.39289,629551.5093,4837002.4326,At Intersection,Traffic Signal,Rain,Dark,Wet,95,Annex,95,Annex (95),Non-Fatal Injury,1,0,1,0,0,0,0,0,0,1,0,0,0,Pedestrian Collisions,"['Driver', 'Pedestrian']",South,"['Automobile, Station Wagon', 'Other']",['Turning Left'],['Failed to Yield Right of Way'],['Normal'],['Vehicle turns left while ped crosses with ROW at inter.'],['Crossing with right of way'],['Normal'],[],[],[],D53,False,"['25 to 29', 'unknown']",3.0
1007074.0,2007-11-21 10:00:00,1100,2007,KING ST W,TECUMSETH ST,,Major Arterial,Toronto and East York,43.643845,-79.40329,628779.1843,4833554.3884,,No Control,Rain,Daylight,Wet,162,West Queen West,82,Niagara (82),Non-Fatal Injury,0,1,1,0,0,0,0,0,0,0,0,0,0,Cyclist Collisions,"['Vehicle Owner', 'Driver', 'Cyclist']",East,"['Other', 'Automobile, Station Wagon', 'Bicycle']","['Changing Lanes', 'Going Ahead']",['Improper Lane Change'],['Unknown'],[],[],[],['Cyclist and Driver travelling in same direction. One vehicle sideswipes the other.'],['Other'],['Unknown'],D14,False,"['unknown', '45 to 49', '30 to 34']",3.0
1007205.0,2007-12-06 10:00:00,1755,2007,RONCESVALLES Aven,CONSTANCE Stre,,Minor Arterial,Toronto and East York,43.649645,-79.45039,624968.371,4834126.548,At Intersection,No Control,Clear,Dark,Dry,87,High Park-Swansea,87,High Park-Swansea (87),Non-Fatal Injury,1,0,1,0,0,0,0,0,0,1,0,0,0,Pedestrian Collisions,"['Driver', 'Pedestrian']",North,"['Automobile, Station Wagon', 'Other']",['Turning Left'],['Failed to Yield Right of Way'],['Inattentive'],['Vehicle turns left while ped crosses with ROW at inter.'],['Crossing with right of way'],['Normal'],[],[],[],D11,False,"['unknown', '70 to 74']",3.0
1007918.0,2007-12-10 10:00:00,1806,2007,MARTIN GROVE Road,ROYALCREST Road,,Minor Arterial,Etobicoke York,43.752245,-79.59929,612767.7246,4845308.2151,,No Control,Clear,Dark,Wet,1,West Humber-Clairville,1,West Humber-Clairville (1),Non-Fatal Injury,1,0,1,0,0,0,0,0,0,0,0,0,0,Pedestrian Collisions,"['Driver', 'Pedestrian']",North,"['Automobile, Station Wagon', 'Other']",['Going Ahead'],['Driving Properly'],['Normal'],['Vehicle is going straight thru inter.while ped cross without ROW'],"['Crossing, no Traffic Control']",['Inattentive'],[],[],[],D23,False,"['35 to 39', '85 to 89']",3.0
1007992.0,2007-11-29 10:00:00,1742,2007,BRIMLEY Road,ST CLAIR Aven E,,Minor Arterial,Scarborough,43.720845,-79.24149,641647.6359,4842370.1095,At Intersection,Traffic Signal,Clear,Dark,Dry,123,Cliffcrest,123,Cliffcrest (123),Non-Fatal Injury,1,0,1,0,0,0,0,0,0,1,0,0,0,Pedestrian Collisions,"['Driver', 'Pedestrian']",South,"['Automobile, Station Wagon', 'Other']",['Turning Left'],['Failed to Yield Right of Way'],['Inattentive'],['Vehicle turns left while ped crosses with ROW at inter.'],['Crossing with right of way'],['Normal'],[],[],[],D41,False,"['60 to 64', '55 to 59']",3.0
1008034.0,2007-11-28 10:00:00,805,2007,OAKWOOD AVE,HANSON RD,,Minor Arterial,Toronto and East York,43.688945,-79.43939,625773.3638,4838507.9595,,No Control,Clear,Daylight,Ice,107,Oakwood Village,107,Oakwood Village (107),Non-Fatal Injury,1,0,1,0,0,0,0,0,0,0,0,0,0,Pedestrian Collisions,"['Driver', 'Pedestrian']",South,"['Automobile, Station Wagon', 'Other']",['Going Ahead'],['Lost control'],['Normal'],['Vehicle is going straight thru inter.while ped cross with ROW'],['Crossing with right of way'],['Normal'],[],[],[],D13,False,"['75 to 79', '20 to 24']",3.0
1008261.0,2007-12-03 10:00:00,1250,2007,DON MILLS RD,CLIFFWOOD RD,,Major Arterial,North York,43.807645,-79.35749,632112.544,4851818.8445,,No Control,Clear,Daylight,Wet,48,Hillcrest Village,48,Hillcrest Village (48),Non-Fatal Injury,0,0,1,0,0,0,0,1,0,1,0,0,0,Rear End,"['Driver', 'Passenger']",South,"['Automobile, Station Wagon', 'Other']","['Stopped', 'Going Ahead']","['Driving Properly', 'Following too Close']","['Normal', 'Inattentive']",[],[],[],[],[],[],D33,False,"['45 to 49', '85 to 89', '35 to 39']",3.0
1008556.0,2007-11-07 10:00:00,1130,2007,EGLINTON AVE W,CAMBERWELL RD,,Major Arterial,North York,43.700045,-79.42989,626515.6553,4839755.2199,,No Control,Clear,Daylight,Dry,106,Humewood-Cedarvale,106,Humewood-Cedarvale (106),Non-Fatal Injury,1,0,1,0,0,0,0,0,0,0,0,0,0,Pedestrian Collisions,"['Vehicle Owner', 'Driver', 'Pedestrian']",East,"['Other', 'Automobile, Station Wagon']",['Reversing'],['Other'],['Normal'],['Vehicle is reversing and hits pedestrian'],"['Crossing, no Traffic Control']",['Inattentive'],[],[],[],D13,False,"['unknown', '35 to 39', '65 to 69']",3.0
1008571.0,2007-11-15 10:00:00,724,2007,LAKE SHORE BLVD W,LONG BRANCH AVE,,Major Arterial,Etobicoke York,43.594345,-79.53399,618334.8265,4827862.3133,At Intersection,Traffic Signal,Clear,Daylight,Dry,19,Long Branch,19,Long Branch (19),Non-Fatal Injury,1,0,1,0,0,0,0,0,0,0,0,0,0,Pedestrian Collisions,"['Vehicle Owner', 'Driver', 'Pedestrian']",East,"['Other', 'Automobile, Station Wagon']",['Going Ahead'],['Driving Properly'],['Normal'],['Vehicle is going straight thru inter.while ped cross without ROW'],['Crossing marked crosswalk without ROW'],['Inattentive'],[],[],[],D22,False,"['unknown', '40 to 44', '20 to 24']",3.0
1008573.0,2007-11-17 10:00:00,205,2007,ROMAC DR,CAMOR CRT,,Local,Scarborough,43.787645,-79.17039,647210.9049,4849913.2712,,No Control,Clear,Dark,Dry,134,Highland Creek,134,Highland Creek (134),Non-Fatal Injury,1,0,1,0,0,0,0,0,0,0,0,0,0,Pedestrian Collisions,"['Driver', 'Pedestrian']",North,"['Automobile, Station Wagon', 'Other']","['Parked', 'Other']",['Other'],"['Had Been Drinking', 'Unknown']",['Pedestrian hit at mid-block'],['Other'],['Had Been Drinking'],[],[],[],D43,False,"['30 to 34', '25 to 29', 'unknown']",3.0
1008576.0,2007-11-21 10:00:00,1925,2007,283 COXWELL AVE,,,Minor Arterial,Toronto and East York,43.673745,-79.31969,635454.5846,4837008.3022,,No Control,Rain,Dark,Wet,65,Greenwood-Coxwell,65,Greenwood-Coxwell (65),Non-Fatal Injury,1,0,1,0,0,0,0,0,0,0,0,0,0,Pedestrian Collisions,"['Driver', 'Pedestrian']",North,"['Automobile, Station Wagon', 'Other']",['Going Ahead'],['Driving Properly'],['Normal'],['Pedestrian hit at mid-block'],"['Crossing, no Traffic Control']",['Normal'],[],[],[],D55,False,"['50 to 54', '45 to 49']",3.0
1008693.0,2007-12-12 10:00:00,1247,2007,2155 ST CLAIR Aven W,,,Major Arterial,Etobicoke York,43.671145,-79.47359,623053.4599,4836479.7289,,No Control,Clear,Daylight,Dry,90,Junction Area,90,Junction Area (90),Non-Fatal Injury,0,0,1,0,0,0,0,0,0,0,0,0,0,SMV Unattended Vehicle,"['Driver', 'Vehicle Owner']",,"['Automobile, Station Wagon', 'Other']",['Unknown'],[],[],[],[],[],[],[],[],D11,False,"['70 to 74', 'unknown']",3.0
1008986.0,2007-12-15 10:00:00,1212,2007,LAWRENCE AVE E,MOSSBANK DR,,Major Arterial,Scarborough,43.762845,-79.21109,643995.6484,4847087.2578,,No Control,Snow,Daylight,Loose Snow,141,Golfdale-Cedarbrae-Woburn,137,Woburn (137),Fatal,1,0,1,0,0,0,0,0,0,0,0,0,0,Pedestrian Collisions,"['Vehicle Owner', 'Driver', 'Pedestrian']",North,"['Other', 'Automobile, Station Wagon']",['Going Ahead'],['Driving Properly'],['Normal'],['Pedestrian hit at mid-block'],['Running onto Roadway'],['Normal'],[],[],[],D43,True,"['unknown', '55 to 59', '40 to 44']",4.0
1009018.0,2007-12-16 10:00:00,58,2007,DON VALLEY PARKWAY  S,LAWRENCE AVE E,,,North York,43.743645,-79.33259,634258.5079,4844750.7108,,No Control,Snow,Dark,Loose Snow,149,Parkwoods-O'Connor Hills,45,Parkwoods-Donalda (45),Non-Fatal Injury,0,0,1,0,0,0,0,0,0,0,0,0,0,SMV Other,"['Vehicle Owner', 'Driver']",South,"['Other', 'Tow Truck', 'Automobile, Station Wagon']",['Going Ahead'],"['Driving Properly', 'Lost control']",['Normal'],[],[],[],[],[],[],D33,False,"['unknown', '40 to 44', '20 to 24']",3.0
1009323.0,2007-12-11 10:00:00,630,2007,ISLINGTON Aven,SUMMITCREST Driv,,Major Arterial,Etobicoke York,43.683145,-79.54049,617636.7378,4837715.4249,At Intersection,Traffic Signal,Clear,Dark,Wet,7,Willowridge-Martingrove-Richview,7,Willowridge-Martingrove-Richview (7),Non-Fatal Injury,1,0,1,0,0,0,0,0,0,1,0,0,0,Pedestrian Collisions,"['Driver', 'Pedestrian']",East,"['Automobile, Station Wagon', 'Other']",['Turning Left'],['Failed to Yield Right of Way'],['Inattentive'],['Vehicle turns left while ped crosses with ROW at inter.'],['Crossing with right of way'],['Normal'],[],[],[],D23,False,"['55 to 59', '50 to 54']",3.0
1009774.0,2007-11-28 10:00:00,845,2007,ST CLAIR Aven W,FRENCH Aven,,Major Arterial,Etobicoke York,43.667445,-79.49059,621690.4485,4836043.7182,,No Control,Clear,Daylight,Dry,111,Rockcliffe-Smythe,111,Rockcliffe-Smythe (111),Non-Fatal Injury,1,0,1,0,0,0,0,0,0,0,0,0,0,Pedestrian Collisions,"['Driver', 'Pedestrian']",South,"['Automobile, Station Wagon', 'Other']",['Going Ahead'],['Driving Properly'],['Normal'],['Pedestrian hit at mid-block'],"['Crossing, no Traffic Control']",['Inattentive'],[],[],[],D12,False,"['50 to 54', '5 to 9']",3.0
1009783.0,2007-11-29 10:00:00,144,2007,BAY ST,QUEEN ST W,,Major Arterial,Toronto and East York,43.652345,-79.38239,630446.445,4834531.0667,At Intersection,No Control,Rain,Dark,Wet,170,Yonge-Bay Corridor,76,Bay Street Corridor (76),Non-Fatal Injury,0,0,1,0,0,0,0,1,1,1,0,0,0,SMV Other,"['Passenger', 'Driver']",North,"['Other', 'Automobile, Station Wagon']",['Going Ahead'],['Lost control'],['Had Been Drinking'],[],[],[],[],[],[],D52,False,['20 to 24'],3.0
1009854.0,2007-12-02 10:00:00,258,2007,267 DAVENPORT Rd,,,Major Arterial,Toronto and East York,43.674345,-79.39819,629125.122,4836949.743,,No Control,Snow,Dark,Packed Snow,95,Annex,95,Annex (95),Non-Fatal Injury,1,0,1,0,0,0,0,0,1,1,0,1,0,Pedestrian Collisions,"['Driver', 'Other Property Owner', 'Pedestrian']",East,"['Automobile, Station Wagon', 'Other']",['Changing Lanes'],['Speed too Fast For Condition'],"['Ability Impaired, Alcohol']",['Pedestrian hit at mid-block'],['Walking on Roadway Against Traffic'],['Normal'],[],[],[],D53,False,"['35 to 39', 'unknown', '40 to 44']",3.0
1010140.0,2007-12-04 10:00:00,1250,2007,YONGE ST,CHURCH ST,,Major Arterial,Toronto and East York,43.672845,-79.38789,629958.672,4836799.2333,At Intersection,Traffic Signal,Clear,Daylight,Dry,95,Annex,95,Annex (95),Non-Fatal Injury,1,0,0,0,1,0,0,0,0,0,0,0,0,Pedestrian Collisions,"['Vehicle Owner', 'Truck Driver', 'Pedestrian']",Unknown,"['Other', 'Truck - Open']",['Turning Right'],['Driving Properly'],['Normal'],['Other / Undefined'],['On Sidewalk or Shoulder'],['Normal'],[],[],[],D53,False,"['unknown', '35 to 39', '15 to 19']",3.0
1010606.0,2020-06-01 08:00:00,1820,2020,BATHURST ST,GLENGROVE AVE,,Major Arterial,North York,43.714133,-79.428554,626593.6481,4841321.9293,At Intersection,Stop Sign,Clear,Daylight,Dry,39,Bedford Park-Nortown,39,Bedford Park-Nortown (39),Fatal,0,0,1,1,0,0,0,0,1,1,0,0,0,Turning Movement,"['Motorcycle Driver', 'Driver']",East,"['Motorcycle', 'Automobile, Station Wagon']","['Going Ahead', 'Turning Left']","['Exceeding Speed Limit', 'Driving Properly']","['Unknown', 'Normal']",[],[],[],[],[],[],D53,True,"['25 to 29', '15 to 19']",4.0
1010845.0,2020-06-01 08:00:00,1857,2020,2525 WARDEN AVE,,,Major Arterial,Scarborough,43.791255,-79.313541,635684.6399,4850069.5826,Non Intersection,No Control,Clear,Daylight,Dry,147,L'Amoreaux West,117,L'Amoreaux (117),Non-Fatal Injury,0,0,1,0,0,0,0,1,0,0,0,0,0,SMV Other,"['Driver', 'Passenger']",North,"['Automobile, Station Wagon']",['Turning Right'],['Improper Turn'],['Normal'],[],[],[],[],[],[],D42,False,"['15 to 19', '20 to 24']",3.0
1011018.0,2007-12-23 10:00:00,135,2007,3003 DANFORTH AVE,,,Major Arterial,Toronto and East York,43.690345,-79.29209,637641.558,4838897.4056,,Traffic Signal,Clear,Dark,Wet,61,Taylor-Massey,61,Taylor-Massey (61),Non-Fatal Injury,1,0,1,0,0,0,0,0,0,0,0,0,0,Pedestrian Collisions,"['Driver', 'Pedestrian']",,"['Automobile, Station Wagon', 'Other']","['Unknown', 'Other']",[],[],[],[],[],[],[],[],D55,False,['unknown'],3.0
1011055.0,2007-12-23 10:00:00,1905,2007,JARVIS ST,CARLTON ST,,Major Arterial,Toronto and East York,43.662945,-79.37689,630866.9483,4835716.998,,No Control,Clear,Dark,Dry,71,Cabbagetown-South St.James Town,71,Cabbagetown-South St.James Town (71),Non-Fatal Injury,1,0,1,0,0,0,0,0,0,0,0,0,0,Pedestrian Collisions,"['Driver', 'Pedestrian']",East,"['Automobile, Station Wagon', 'Other']",['Going Ahead'],['Driving Properly'],['Normal'],['Pedestrian hit at mid-block'],"['Crossing, no Traffic Control']",['Had Been Drinking'],[],[],[],D51,False,"['15 to 19', '35 to 39']",3.0
1011231.0,2007-12-24 10:00:00,2135,2007,FINCH AVE E,ALAMOSA DR,,Major Arterial,North York,43.789145,-79.37329,630882.0723,4849739.0222,,Traffic Signal,Clear,Dark,Dry,52,Bayview Village,49,Bayview Woods-Steeles (49),Fatal,1,0,1,0,0,0,0,0,0,0,0,0,0,Pedestrian Collisions,"['Driver', 'Pedestrian']",North,"['Automobile, Station Wagon', 'Other']",['Going Ahead'],['Driving Properly'],['Normal'],['Vehicle is going straight thru inter.while ped cross without ROW'],['Crossing without right of way'],['Inattentive'],[],[],[],D33,True,"['90 to 94', '75 to 79']",4.0
1011331.0,2007-12-14 10:00:00,2057,2007,QUEEN ST W,DUNN AVE,,Major Arterial,Toronto and East York,43.641045,-79.43449,626268.6565,4833195.4737,At Intersection,Traffic Signal,Clear,Dark,Dry,86,Roncesvalles,86,Roncesvalles (86),Non-Fatal Injury,1,0,1,0,0,0,0,0,0,0,0,0,0,Pedestrian Collisions,"['Driver', 'Pedestrian']",South,"['Automobile, Station Wagon', 'Other']",['Going Ahead'],['Driving Properly'],['Normal'],['Vehicle is going straight thru inter.while ped cross without ROW'],['Crossing without right of way'],['Normal'],[],[],[],D11,False,"['65 to 69', '45 to 49']",3.0
1011408.0,2007-12-20 10:00:00,846,2007,DANFORTH Aven,CHESTER Aven,,Major Arterial,Toronto and East York,43.677545,-79.35199,632842.3751,4837378.1042,At Intersection,Traffic Signal,Clear,Daylight,Wet,68,North Riverdale,68,North Riverdale (68),Non-Fatal Injury,0,0,1,0,0,0,0,0,0,0,0,0,0,Approaching,['Driver'],West,"['Automobile, Station Wagon']",['Going Ahead'],[],[],[],[],[],[],[],[],D55,False,['45 to 49'],3.0
1011434.0,2007-12-27 10:00:00,904,2007,3495 LAWRENCE Aven E,,,Major Arterial,Scarborough,43.759045,-79.22839,642612.1225,4846635.2714,,Traffic Signal,Clear,Daylight,Dry,141,Golfdale-Cedarbrae-Woburn,137,Woburn (137),Non-Fatal Injury,1,0,1,0,0,0,0,0,0,0,0,0,0,Pedestrian Collisions,"['Driver', 'Pedestrian']",East,"['Automobile, Station Wagon', 'Other']","['Going Ahead', 'Other']",[],[],[],[],[],[],[],[],D43,False,"['55 to 59', '80 to 84']",3.0
1011551.0,2007-12-17 10:00:00,1232,2007,MARTIN GROVE RD,401 X W MARTIN GROVE RAMP,,Major Arterial,Etobicoke York,43.692845,-79.57149,615119.5577,4838749.2371,,Traffic Signal,Clear,Daylight,Wet,1,West Humber-Clairville,1,West Humber-Clairville (1),Non-Fatal Injury,0,0,1,0,0,0,0,1,0,1,1,0,0,Angle,"['Passenger', 'Driver']",North,"['Other', 'Automobile, Station Wagon']",['Going Ahead'],"['Disobeyed Traffic Control', 'Driving Properly']",['Normal'],[],[],[],[],[],[],D23,False,"['5 to 9', '35 to 39', '45 to 49']",3.0
1011587.0,2007-11-25 10:00:00,2045,2007,FRONT ST W,SPADINA AVE,,Minor Arterial,Toronto and East York,43.643245,-79.39199,629691.8619,4833505.3465,,No Control,Clear,Dark,Dry,165,Harbourfront-CityPlace,77,Waterfront Communities-The Island (77),Non-Fatal Injury,1,0,1,0,0,0,0,0,0,0,0,0,0,Pedestrian Collisions,"['Driver', 'Pedestrian']",North,"['Automobile, Station Wagon', 'Other']",['Going Ahead'],['Driving Properly'],['Normal'],['Pedestrian hit at mid-block'],"['Crossing, no Traffic Control']",['Had Been Drinking'],[],[],[],D52,False,"['55 to 59', '40 to 44']",3.0
1011634.0,2007-12-16 10:00:00,1800,2007,ISLINGTON AVE,KINGSVIEW BLVD,,Major Arterial,Etobicoke York,43.699745,-79.547989,617000.031,4839548.4691,,Stop Sign,Snow,Dark,Packed Snow,6,Kingsview Village-The Westway,6,Kingsview Village-The Westway (6),Non-Fatal Injury,0,0,1,0,0,0,0,0,0,0,0,0,0,Turning Movement,"['Vehicle Owner', 'Driver']",North,"['Other', 'Pick Up Truck', 'Automobile, Station Wagon']","['Turning Left', 'Going Ahead']","['Improper Turn', 'Driving Properly']",['Normal'],[],[],[],[],[],[],D23,False,"['unknown', '25 to 29', '30 to 34']",3.0
1011635.0,2007-12-16 10:00:00,1222,2007,FINCH AVE W,MARTIN GROVE RD,,Major Arterial,Etobicoke York,43.737045,-79.59059,613496.8643,4843631.9179,,No Control,Snow,Daylight,Packed Snow,2,Mount Olive-Silverstone-Jamestown,2,Mount Olive-Silverstone-Jamestown (2),Non-Fatal Injury,0,0,1,0,0,0,0,0,0,0,0,0,0,Approaching,['Driver'],East,"['Automobile, Station Wagon']","['Pulling Away from Shoulder or Curb', 'Going Ahead']","['Lost control', 'Driving Properly']",['Normal'],[],[],[],[],[],[],D23,False,"['55 to 59', '25 to 29']",3.0
1011703.0,2007-12-28 10:00:00,1455,2007,WESTON RD,GUNNS RD,,Major Arterial,Etobicoke York,43.675945,-79.47039,623301.6039,4837017.5846,,Traffic Signal,Clear,Daylight,Dry,90,Junction Area,90,Junction Area (90),Non-Fatal Injury,0,0,1,0,0,0,0,1,1,1,0,0,0,SMV Other,"['Other Property Owner', 'Passenger', 'Driver']",North,"['Other', 'Automobile, Station Wagon']",['Going Ahead'],['Exceeding Speed Limit'],['Unknown'],[],[],[],[],[],[],D12,False,"['unknown', '35 to 39', '25 to 29']",3.0
1011759.0,2007-12-08 10:00:00,1949,2007,1073 WARDEN AVE,,,Major Arterial,Scarborough,43.741545,-79.29319,637435.8045,4844582.0839,,No Control,Clear,Dark,Wet,119,Wexford/Maryvale,119,Wexford/Maryvale (119),Non-Fatal Injury,0,0,1,0,0,0,0,0,0,0,0,1,0,Rear End,['Driver'],North,"['Automobile, Station Wagon']",['Going Ahead'],"['Lost control', 'Driving Properly']","['Ability Impaired, Alcohol', 'Normal']",[],[],[],[],[],[],D41,False,['60 to 64'],3.0