accident_number,date,time,year,street1,street2,offset,road_class,district,latitude,longitude,x,y,accident_location,traffctl,visibility,light,road_surface_condition,hood_158,neighbourhood_new,hood_140,neighbourhood_old,accident_class,pedestrian,cyclist,automobile,motorcycle,truck,trsn_city_veh,emerg_veh,passenger,speeding,aggressive_driving,redlight,alcohol,disability,impact_type,involvement_type,initial_direction,vehicle_type,manoeuver,driver_action,driver_condition,pedestrian_type,pedestrian_action,pedestrian_condition,cyclist_type,cyclist_action,cyclist_condition,division,injury,involvement_age,injury_severity_score
1012000.0,2007-12-10 10:00:00,1700,2007,CULFORD RD,VANWYCK RD,,Collector,Etobicoke York,43.705945,-79.48749,621862.3921,4840324.2149,,No Control,Clear,Dark,Wet,30,Brookhaven-Amesbury,30,Brookhaven-Amesbury (30),Non-Fatal Injury,0,0,1,0,0,0,0,0,0,1,0,0,0,Approaching,"['Driver', 'Vehicle Owner']",North,"['Automobile, Station Wagon', 'Other']",['Going Ahead'],"['Improper Passing', 'Driving Properly']","['Inattentive', 'Normal']",[],[],[],[],[],[],D12,False,"['25 to 29', 'unknown', '35 to 39']",3.0
1012088.0,2007-12-13 10:00:00,935,2007,VICTORIA PARK Aven,ST CLAIR Aven E,,Major Arterial,Toronto and East York,43.709345,-79.29619,637267.7657,4841000.8284,,No Control,Clear,Daylight,Wet,120,Clairlea-Birchmount,120,Clairlea-Birchmount (120),Non-Fatal Injury,1,0,1,0,0,0,0,0,0,0,0,0,0,Pedestrian Collisions,"['Driver', 'Pedestrian']",East,"['Automobile, Station Wagon', 'Other']",['Making U Turn'],['Improper Turn'],['Normal'],['Other / Undefined'],['Crossing without right of way'],['Normal'],[],[],[],D41,False,"['45 to 49', '25 to 29']",3.0
1012986.0,2008-01-05 10:00:00,1826,2008,EGLINTON AVE E,OSWEGO RD,,Major Arterial,Scarborough,43.737645,-79.24369,641430.875,4844232.2417,,No Control,Rain,Dark,Wet,138,Eglinton East,138,Eglinton East (138),Fatal,1,0,1,0,0,0,0,0,0,0,0,0,0,Pedestrian Collisions,"['Driver', 'Pedestrian']",East,"['Automobile, Station Wagon', 'Other']",['Going Ahead'],['Driving Properly'],['Normal'],['Vehicle is going straight thru inter.while ped cross without ROW'],"['Crossing, no Traffic Control']",['Normal'],[],[],[],D43,True,"['45 to 49', '30 to 34']",4.0
1012988.0,2008-01-05 10:00:00,1935,2008,SANDWELL DR,THE WESTWAY,,Local,Etobicoke York,43.684345,-79.56499,615659.7132,4837814.2427,,No Control,Clear,Dark,Wet,7,Willowridge-Martingrove-Richview,7,Willowridge-Martingrove-Richview (7),Fatal,1,0,1,0,0,0,0,0,0,0,0,0,0,Pedestrian Collisions,"['Driver', 'Pedestrian']",North,"['Automobile, Station Wagon', 'Other']",['Going Ahead'],['Driving Properly'],['Normal'],['Vehicle hits the pedestrian walking or running out from between parked vehicles at mid-block'],['Coming From Behind Parked Vehicle'],['Inattentive'],[],[],[],D23,True,"['80 to 84', '75 to 79']",4.0
1013128.0,2007-12-20 10:00:00,455,2007,YORK ST,BREMNER BLVD,,Major Arterial,Toronto and East York,43.644545,-79.38219,630479.4616,4833665.0891,,No Control,Clear,Dark,Dry,165,Harbourfront-CityPlace,77,Waterfront Communities-The Island (77),Non-Fatal Injury,1,0,1,0,0,0,0,0,0,0,0,0,0,Pedestrian Collisions,"['Driver', 'Pedestrian']",South,"['Automobile, Station Wagon', 'Other']",['Going Ahead'],['Driving Properly'],['Normal'],['Pedestrian hit at mid-block'],"['Crossing, no Traffic Control']",['Unknown'],[],[],[],D52,False,"['40 to 44', '20 to 24']",3.0
1013134.0,2007-12-21 10:00:00,525,2007,WILSON AVE,DUFFERIN ST,,Major Arterial,North York,43.732445,-79.45729,624240.8339,4843312.2512,,No Control,Clear,Dark,Dry,155,Downsview,26,Downsview-Roding-CFB (26),Non-Fatal Injury,0,0,1,0,1,0,0,1,0,0,0,0,0,Turning Movement,"['Passenger', 'Driver', 'Other', 'Other Property Owner', 'Vehicle Owner', 'Truck Driver']",East,"['Other', 'Automobile, Station Wagon', 'Truck - Open']","['Going Ahead', 'Turning Right']","['Driving Properly', 'Improper Turn']",['Normal'],[],[],[],[],[],[],D32,False,"['20 to 24', 'unknown', '60 to 64']",3.0
1013236.0,2008-01-07 10:00:00,1702,2008,AVENUE RD,CARMICHAEL AVE,,Major Arterial,North York,43.737545,-79.42059,627185.6667,4843934.3625,At Intersection,Traffic Signal,Clear,Dark,Wet,39,Bedford Park-Nortown,39,Bedford Park-Nortown (39),Fatal,1,0,1,0,0,0,0,0,0,0,0,0,0,Pedestrian Collisions,"['Driver', 'Pedestrian']",East,"['Automobile, Station Wagon', 'Other']",['Turning Left'],['Improper Turn'],['Normal'],['Vehicle turns left while ped crosses with ROW at inter.'],['Crossing with right of way'],['Normal'],[],[],[],D32,True,"['30 to 34', '70 to 74']",4.0
1013495.0,2008-01-08 10:00:00,550,2008,REXDALE BLVD,TIDEMORE AVE,,Major Arterial,Etobicoke York,43.714745,-79.58519,613973.9996,4841162.6019,,No Control,Clear,Dark,Dry,1,West Humber-Clairville,1,West Humber-Clairville (1),Fatal,0,0,1,0,0,0,0,1,0,0,0,0,0,SMV Other,"['Passenger', 'Vehicle Owner', 'Driver']",West,"['Other', 'Automobile, Station Wagon']",['Going Ahead'],['Lost control'],"['Ability Impaired, Drugs']",[],[],[],[],[],[],D23,True,"['25 to 29', 'unknown']",4.0
1013702.0,2007-12-29 10:00:00,2158,2007,DANFORTH AVE,CEDARVALE AVE,,Major Arterial,Toronto and East York,43.686145,-79.31069,636152.0575,4838400.2305,,No Control,Clear,Dark,Dry,62,East End-Danforth,62,East End-Danforth (62),Non-Fatal Injury,1,0,1,0,0,0,0,0,0,0,0,0,0,Pedestrian Collisions,"['Driver', 'Pedestrian']",,"['Automobile, Station Wagon', 'Other']","['Going Ahead', 'Other']",[],[],[],[],[],[],[],[],D55,False,"['60 to 64', 'unknown']",3.0
1014167.0,2008-01-11 10:00:00,820,2008,LONEY AVE,DALLNER RD,,Local,Etobicoke York,43.722345,-79.51489,619622.1322,4842105.7518,At Intersection,Stop Sign,Clear,Daylight,Wet,154,Oakdale-Beverley Heights,26,Downsview-Roding-CFB (26),Non-Fatal Injury,1,0,1,0,0,0,0,0,0,1,0,0,0,Pedestrian Collisions,"['Driver', 'Pedestrian']",East,"['Automobile, Station Wagon', 'Other']",['Turning Left'],['Failed to Yield Right of Way'],['Normal'],['Vehicle turns left while ped crosses with ROW at inter.'],['Crossing with right of way'],['Inattentive'],[],[],[],D31,False,"['65 to 69', '80 to 84']",3.0
1014428.0,2007-12-27 10:00:00,3,2007,VICTORIA PARK AVE,BIGGIN CRT,,Major Arterial,North York,43.728845,-79.30439,636562.8143,4843153.0407,,No Control,Clear,Dark,Dry,43,Victoria Village,43,Victoria Village (43),Non-Fatal Injury,0,0,1,0,0,0,0,1,0,0,0,0,0,Turning Movement,"['Vehicle Owner', 'Driver', 'Passenger']",North,"['Other', 'Automobile, Station Wagon']","['Making U Turn', 'Going Ahead']","['Improper Turn', 'Driving Properly']","['Inattentive', 'Normal']",[],[],[],[],[],[],D33,False,"['unknown', '25 to 29', '20 to 24']",3.0
1014571.0,2007-12-31 10:00:00,647,2007,STEELES AVE W,NORFINCH DR,,Major Arterial,Etobicoke York,43.773345,-79.53179,618160.4767,4847745.7882,At Intersection,Traffic Signal,Snow,Dark,Loose Snow,NSA,NSA,NSA,NSA,Non-Fatal Injury,0,0,1,0,0,0,0,0,1,1,0,0,0,Sideswipe,['Driver'],East,"['Automobile, Station Wagon']","['Going Ahead', 'Slowing or Stopping']","['Speed too Fast For Condition', 'Driving Properly']",['Normal'],[],[],[],[],[],[],NSA,False,"['65 to 69', '45 to 49']",3.0
1014650.0,2008-01-14 10:00:00,2232,2008,35 BENDALE BLVD,,,Local,Scarborough,43.749845,-79.23979,641716.1435,4845593.9019,,No Control,Snow,Dark,Wet,157,Bendale South,127,Bendale (127),Non-Fatal Injury,0,0,1,0,0,0,0,1,0,0,0,1,0,SMV Other,"['Passenger', 'Vehicle Owner', 'Driver']",North,"['Other', 'Automobile, Station Wagon']",['Going Ahead'],['Lost control'],"['Ability Impaired, Alcohol Over .08']",[],[],[],[],[],[],D43,False,"['20 to 24', 'unknown']",3.0
1014715.0,2007-12-31 10:00:00,1510,2007,ISLINGTON AVE,SANDHILL DR,,Major Arterial,Etobicoke York,43.734045,-79.56389,615652.7494,4843335.6448,,No Control,Clear,Daylight,Dry,3,Thistletown-Beaumond Heights,3,Thistletown-Beaumond Heights (3),Non-Fatal Injury,0,0,1,0,0,0,0,0,0,1,0,0,0,Rear End,['Driver'],South,"['Automobile, Station Wagon']","['Slowing or Stopping', 'Going Ahead']","['Driving Properly', 'Following too Close']",['Normal'],[],[],[],[],[],[],D23,False,"['55 to 59', '35 to 39']",3.0
1014871.0,2008-01-15 10:00:00,652,2008,ROGERS RD,BICKNELL AVE,,Minor Arterial,Etobicoke York,43.682045,-79.47199,623160.1462,4837692.6942,At Intersection,No Control,Snow,"Dusk, artificial",Slush,110,Keelesdale-Eglinton West,110,Keelesdale-Eglinton West (110),Non-Fatal Injury,1,0,1,0,0,0,0,0,0,0,0,0,0,Pedestrian Collisions,"['Driver', 'Pedestrian']",South,"['Automobile, Station Wagon', 'Other']",['Turning Right'],['Driving Properly'],['Normal'],['Pedestrian hit at mid-block'],"['Crossing, no Traffic Control']",['Normal'],[],[],[],D12,False,"['40 to 44', '85 to 89']",3.0
1014978.0,2007-12-29 10:00:00,1303,2007,ARAGON AVE,BIRCHARD ST,,Local,Scarborough,43.775645,-79.30289,636577.1225,4848353.3626,,No Control,Clear,Daylight,Dry,118,Tam O'Shanter-Sullivan,118,Tam O'Shanter-Sullivan (118),Non-Fatal Injury,0,0,1,0,0,0,0,1,0,1,0,0,0,Approaching,"['Driver', 'Passenger']",North,"['Automobile, Station Wagon', 'Other']","['Other', 'Going Ahead']","['Failed to Yield Right of Way', 'Driving Properly']","['Inattentive', 'Normal']",[],[],[],[],[],[],D42,False,"['70 to 74', '25 to 29', '30 to 34']",3.0
1015097.0,2008-01-03 10:00:00,1623,2008,BAYVIEW AVE,EGLINTON AVE E,,Major Arterial,North York,43.711045,-79.37719,630738.2205,4841058.6928,,Traffic Signal,Snow,Daylight,Loose Snow,99,Mount Pleasant East,99,Mount Pleasant East (99),Non-Fatal Injury,0,0,1,0,0,0,0,0,0,0,0,0,0,Rear End,['Driver'],South,"['Automobile, Station Wagon']",['Stopped'],"['Driving Properly', 'Lost control']",['Normal'],[],[],[],[],[],[],D53,False,"['35 to 39', '60 to 64']",3.0
1015121.0,2008-01-04 10:00:00,1540,2008,YORK MILLS RD,UPJOHN RD,,Major Arterial,North York,43.755045,-79.35029,632808.0871,4845988.3178,,No Control,Clear,Daylight,Dry,42,Banbury-Don Mills,42,Banbury-Don Mills (42),Non-Fatal Injury,0,0,1,0,0,0,0,0,0,0,0,0,0,Approaching,['Driver'],East,"['Automobile, Station Wagon']",['Going Ahead'],"['Lost control', 'Driving Properly']","['Fatigue', 'Normal']",[],[],[],[],[],[],D33,False,"['55 to 59', '15 to 19']",3.0
1015222.0,2008-01-16 10:00:00,950,2008,WESTON RD,401 C W WESTON RD RAMP  E,,Major Arterial,Etobicoke York,43.714745,-79.53669,617881.082,4841230.4318,,Traffic Signal,Clear,Daylight,Dry,23,Pelmo Park-Humberlea,23,Pelmo Park-Humberlea (23),Non-Fatal Injury,0,0,1,0,0,0,0,0,0,0,0,0,0,Approaching,['Driver'],North,"['Automobile, Station Wagon']",['Going Ahead'],"['Driving Properly', 'Wrong Way on One Way Road']","['Normal', 'Unknown']",[],[],[],[],[],[],D31,False,"['75 to 79', '65 to 69']",3.0
1015320.0,2008-01-07 10:00:00,1803,2008,ST DENNIS DR,DEAUVILLE LANE,,Collector,North York,43.718345,-79.33139,634411.717,4841942.7196,,Traffic Signal,Rain,Dark,Wet,44,Flemingdon Park,44,Flemingdon Park (44),Non-Fatal Injury,1,0,1,0,0,0,0,0,0,1,0,0,0,Pedestrian Collisions,"['Driver', 'Pedestrian']",East,"['Automobile, Station Wagon', 'Other']",['Turning Left'],['Failed to Yield Right of Way'],['Normal'],['Vehicle turns left while ped crosses with ROW at inter.'],['Crossing with right of way'],['Normal'],[],[],[],D55,False,"['25 to 29', '10 to 14']",3.0
1015331.0,2008-01-07 10:00:00,1730,2008,BELGREEN AVE,TAMORA CRT,,Local,Scarborough,43.794945,-79.29049,637530.7709,4850517.4622,At Intersection,Stop Sign,Clear,Dark,Wet,118,Tam O'Shanter-Sullivan,118,Tam O'Shanter-Sullivan (118),Non-Fatal Injury,1,0,1,0,0,0,0,0,0,1,0,0,0,Pedestrian Collisions,"['Driver', 'Pedestrian']",South,"['Automobile, Station Wagon', 'Other']",['Turning Left'],['Failed to Yield Right of Way'],['Normal'],['Vehicle turns left while ped crosses with ROW at inter.'],['Crossing with right of way'],['Normal'],[],[],[],D42,False,"['65 to 69', '10 to 14']",3.0
1015408.0,2008-01-16 10:00:00,1608,2008,KENNEDY Road,HAVENDALE Road,,Major Arterial,Scarborough,43.791045,-79.29169,637443.1698,4850082.3118,At Intersection,Traffic Signal,Clear,Daylight,Dry,118,Tam O'Shanter-Sullivan,118,Tam O'Shanter-Sullivan (118),Non-Fatal Injury,0,0,1,0,0,0,0,0,0,1,1,0,1,Turning Movement,['Driver'],North,"['Automobile, Station Wagon']","['Turning Left', 'Going Ahead']","['Driving Properly', 'Disobeyed Traffic Control']","['Normal', 'Medical or Physical Disability']",[],[],[],[],[],[],D42,False,"['45 to 49', '90 to 94']",3.0
1015577.0,2008-01-17 10:00:00,1750,2008,FINCH AVE E,WILFRED AVE,,Major Arterial,North York,43.782845,-79.40149,628626.6435,4848995.1062,At Intersection,No Control,Snow,Dark,Wet,152,East Willowdale,50,Newtonbrook East (50),Non-Fatal Injury,1,0,1,0,0,0,0,0,0,0,0,0,0,Pedestrian Collisions,"['Driver', 'Pedestrian']",West,"['Automobile, Station Wagon', 'Other']",['Going Ahead'],['Driving Properly'],['Normal'],['Pedestrian hit at mid-block'],"['Crossing, no Traffic Control']",['Unknown'],[],[],[],D32,False,"['30 to 34', '45 to 49', '70 to 74']",3.0
1015580.0,2008-01-17 10:00:00,1957,2008,DON VALLEY PARKWAY  N,PRINCE EDWARD VIADUCT Stre E,,,Toronto and East York,43.681845,-79.36239,631994.616,4837839.0736,,No Control,Clear,Dark,Wet,57,Broadview North,57,Broadview North (57),Non-Fatal Injury,0,0,1,0,0,0,0,0,0,1,0,0,0,Sideswipe,['Driver'],North,"['Automobile, Station Wagon']","['Going Ahead', 'Changing Lanes']","['Driving Properly', 'Improper Lane Change']",['Normal'],[],[],[],[],[],[],D55,False,"['50 to 54', '20 to 24', '30 to 34']",3.0
1015680.0,2008-01-11 10:00:00,944,2008,FINCH AVE E,CHEROKEE BLVD,,Major Arterial,North York,43.793545,-79.33699,633792.9131,4850285.7501,,Traffic Signal,Clear,Daylight,Dry,46,Pleasant View,46,Pleasant View (46),Non-Fatal Injury,1,0,1,0,0,0,0,0,0,0,0,0,0,Pedestrian Collisions,"['Driver', 'Pedestrian']",North,"['Automobile, Station Wagon', 'Other']",['Turning Left'],['Improper Turn'],['Normal'],['Vehicle turns left while ped crosses without ROW at inter.'],['Crossing without right of way'],['Normal'],[],[],[],D33,False,"['70 to 74', '40 to 44']",3.0
1015704.0,2008-01-11 10:00:00,1840,2008,MALVERN ST,MAMMOTH HALL TRL,,Collector,Scarborough,43.796745,-79.23579,641927.1963,4850809.7344,At Intersection,Stop Sign,Clear,Dark,Dry,145,Malvern West,132,Malvern (132),Non-Fatal Injury,1,0,1,0,0,0,0,0,0,1,0,0,0,Pedestrian Collisions,"['Vehicle Owner', 'Driver', 'Pedestrian']",East,"['Other', 'Automobile, Station Wagon']",['Going Ahead'],['Disobeyed Traffic Control'],['Inattentive'],['Vehicle is going straight thru inter.while ped cross with ROW'],['Crossing with right of way'],['Normal'],[],[],[],D42,False,"['unknown', '35 to 39', '60 to 64']",3.0
1015759.0,2007-12-10 10:00:00,1657,2007,JANE BLACK CR S RAMP ST,JANE ST,,Major Arterial,Etobicoke York,43.711045,-79.50599,620361.6334,4840863.6129,,Traffic Signal,Clear,Daylight,Dry,23,Pelmo Park-Humberlea,23,Pelmo Park-Humberlea (23),Non-Fatal Injury,0,0,1,0,1,0,0,1,0,1,0,0,0,Rear End,"['Vehicle Owner', 'Truck Driver', 'Driver', 'Passenger']",East,"['Other', 'Truck - Open', 'Automobile, Station Wagon']","['Stopped', 'Going Ahead']","['Driving Properly', 'Following too Close']",['Normal'],[],[],[],[],[],[],D12,False,"['unknown', '70 to 74', '45 to 49', '30 to 34', '55 to 59', '60 to 64', '35 to 39']",3.0
1016316.0,2020-06-02 08:00:00,1555,2020,LAKE SHORE BLVD W,LOWER SIMCOE ST,,Major Arterial,Toronto and East York,43.640269,-79.383151,630411.2058,4833188.6734,At Intersection,Traffic Signal,Clear,Daylight,Dry,165,Harbourfront-CityPlace,77,Waterfront Communities-The Island (77),Non-Fatal Injury,0,0,1,1,0,0,0,0,1,1,1,0,0,Angle,"['Motorcycle Driver', 'Driver']",East,"['Motorcycle', 'Automobile, Station Wagon']",['Going Ahead'],"['Disobeyed Traffic Control', 'Driving Properly']","['Inattentive', 'Normal']",[],[],[],[],[],[],D52,False,"['30 to 34', '25 to 29']",3.0
1016685.0,2008-01-21 10:00:00,1100,2008,FOXLEY ST,FOXLEY PL W,,Local,Toronto and East York,43.647645,-79.42089,627351.6499,4833949.2688,,No Control,Clear,Daylight,Dry,81,Trinity-Bellwoods,81,Trinity-Bellwoods (81),Non-Fatal Injury,0,0,1,0,0,0,0,0,0,0,0,0,0,SMV Other,"['Vehicle Owner', 'Driver']",North,"['Other', 'Automobile, Station Wagon']",['Turning Right'],['Improper Turn'],['Normal'],[],[],[],[],[],[],D14,False,"['unknown', '25 to 29']",3.0
1016775.0,2008-01-23 10:00:00,645,2008,MARTIN GROVE RD,STEELES AVE W,,Major Arterial,Etobicoke York,43.757845,-79.60339,612427.1548,4845924.6029,At Intersection,Traffic Signal,Clear,Dark,Dry,1,West Humber-Clairville,1,West Humber-Clairville (1),Non-Fatal Injury,1,0,1,0,0,0,0,0,0,0,0,0,0,Pedestrian Collisions,"['Driver', 'Pedestrian']",South,"['Automobile, Station Wagon', 'Other']",['Going Ahead'],['Driving Properly'],['Normal'],['Vehicle is going straight thru inter.while ped cross without ROW'],['Crossing marked crosswalk without ROW'],['Inattentive'],[],[],[],D23,False,"['30 to 34', '50 to 54']",3.0
1016912.0,2008-01-17 10:00:00,1810,2008,FINCH AVE E,VICTORIA PARK AVE,,Major Arterial,North York,43.793145,-79.33139,634244.346,4850250.3915,,Traffic Signal,Clear,Dark,Dry,147,L'Amoreaux West,117,L'Amoreaux (117),Non-Fatal Injury,1,0,1,0,0,0,0,0,0,0,0,0,0,Pedestrian Collisions,"['Driver', 'Pedestrian']",East,"['Automobile, Station Wagon', 'Other']",['Going Ahead'],['Driving Properly'],['Normal'],['Vehicle is going straight thru inter.while ped cross without ROW'],['Crossing without right of way'],['Normal'],[],[],[],D42,False,"['35 to 39', '20 to 24']",3.0
1017137.0,2008-01-25 10:00:00,1823,2008,ROGERS RD,KANE AVE,,Minor Arterial,Etobicoke York,43.682045,-79.46649,623603.4593,4837700.8762,,Stop Sign,Clear,Dark,Dry,110,Keelesdale-Eglinton West,110,Keelesdale-Eglinton West (110),Fatal,0,0,1,0,0,0,0,1,1,1,0,0,0,Angle,"['Passenger', 'Driver', 'Vehicle Owner']",East,"['Other', 'Automobile, Station Wagon']",['Going Ahead'],"['Failed to Yield Right of Way', 'Driving Properly']",['Normal'],[],[],[],[],[],[],D12,True,"['55 to 59', '75 to 79', 'unknown', '25 to 29']",4.0
1017235.0,2020-06-02 08:00:00,1856,2020,777 BLOOR ST W,,9 m South of,Major Arterial,Etobicoke York,43.663226,-79.419696,627414.9875,4835681.576,Non Intersection,No Control,Clear,Daylight,Dry,80,Palmerston-Little Italy,80,Palmerston-Little Italy (80),Non-Fatal Injury,0,1,1,0,0,0,0,0,0,0,0,0,0,Cyclist Collisions,"['Driver', 'Cyclist']",East,"['Automobile, Station Wagon', 'Bicycle']","['Turning Left', 'Going Ahead']",['Improper Turn'],['Unknown'],[],[],[],"['Motorist without ROW drives into path of cyclist at inter, lnwy, dwy-Driver not turn.']",['Driving Properly'],['Normal'],D14,False,"['65 to 69', '45 to 49']",3.0
1017587.0,2008-01-28 10:00:00,817,2008,MCNICOLL AVE,LA PEER BLVD,,Minor Arterial,Scarborough,43.807545,-79.31549,635491.0036,4851875.6537,,Stop Sign,Clear,Daylight,Dry,116,Steeles,116,Steeles (116),Non-Fatal Injury,1,0,1,0,0,0,0,0,0,1,0,0,0,Pedestrian Collisions,"['Driver', 'Pedestrian']",North,"['Automobile, Station Wagon', 'Other']",['Turning Left'],['Failed to Yield Right of Way'],['Inattentive'],['Vehicle turns left while ped crosses with ROW at inter.'],['Crossing with right of way'],['Medical or Physical Disability'],[],[],[],D42,False,"['55 to 59', '70 to 74']",3.0
1017679.0,2008-01-21 10:00:00,1940,2008,EVANS AVE,SHERWAY GT,,Major Arterial,Etobicoke York,43.608945,-79.55639,616498.5253,4829452.1511,,Traffic Signal,Clear,Dark,Dry,159,Etobicoke City Centre,14,Islington-City Centre West (14),Non-Fatal Injury,1,0,1,0,0,0,0,0,0,0,0,0,0,Pedestrian Collisions,"['Driver', 'Pedestrian']",North,"['Automobile, Station Wagon', 'Other']",['Turning Left'],['Improper Turn'],['Inattentive'],['Vehicle turns left while ped crosses with ROW at inter.'],['Crossing with right of way'],['Normal'],[],[],[],D22,False,"['65 to 69', '50 to 54']",3.0
1017926.0,2008-01-22 10:00:00,807,2008,BLOOR ST W,QUEBEC AVE,,Major Arterial,Toronto and East York,43.653245,-79.46639,623670.6493,4834502.4048,,No Control,Snow,Daylight,Loose Snow,87,High Park-Swansea,87,High Park-Swansea (87),Non-Fatal Injury,0,0,1,0,0,0,0,0,0,1,0,0,0,Rear End,"['Driver', 'Vehicle Owner']",East,"['Automobile, Station Wagon', 'Other']","['Going Ahead', 'Slowing or Stopping']","['Driving Properly', 'Following too Close']",['Normal'],[],[],[],[],[],[],D11,False,"['50 to 54', '60 to 64', 'unknown', '20 to 24']",3.0
1017943.0,2008-01-29 10:00:00,2355,2008,EGLINTON AVE W,ENNERDALE RD,,Major Arterial,North York,43.695045,-79.45319,624648.5404,4839164.6104,,No Control,Rain,Dark,Wet,109,Caledonia-Fairbank,109,Caledonia-Fairbank (109),Non-Fatal Injury,0,0,1,0,0,0,0,0,0,1,0,0,0,Rear End,"['Driver', 'Vehicle Owner']",East,"['Automobile, Station Wagon', 'Other']","['Parked', 'Going Ahead']","['Driving Properly', 'Following too Close']",['Normal'],[],[],[],[],[],[],D13,False,"['40 to 44', 'unknown', '35 to 39']",3.0
1018105.0,2008-01-15 10:00:00,720,2008,FINCH AVE W,RUMIKE RD,,Major Arterial,Etobicoke York,43.750545,-79.54969,616764.2318,4845188.1243,,No Control,Snow,Daylight,Loose Snow,21,Humber Summit,21,Humber Summit (21),Non-Fatal Injury,1,0,1,0,0,0,0,0,0,1,0,0,0,Pedestrian Collisions,"['Driver', 'Pedestrian']",East,"['Automobile, Station Wagon', 'Other']",['Turning Left'],['Failed to Yield Right of Way'],['Inattentive'],['Pedestrian hit on sidewalk or shoulder'],['On Sidewalk or Shoulder'],['Normal'],[],[],[],D31,False,"['unknown', '40 to 44']",3.0
1018347.0,2008-01-31 10:00:00,1440,2008,DON MILLS RD E,GODSTONE RD,,Major Arterial,North York,43.782745,-79.34909,632843.3548,4849066.7521,At Intersection,Traffic Signal,Clear,Daylight,Dry,47,Don Valley Village,47,Don Valley Village (47),Fatal,0,0,1,0,0,0,0,1,0,0,0,0,0,SMV Other,"['Passenger', 'Driver']",West,"['Other', 'Automobile, Station Wagon']",['Turning Left'],['Lost control'],['Inattentive'],[],[],[],[],[],[],D33,True,"['80 to 84', '85 to 89']",4.0
1018638.0,2008-02-02 10:00:00,1249,2008,BELLAMY RD N,BRIMORTON DR,,Minor Arterial,Scarborough,43.767445,-79.23919,641722.8895,4847549.6801,At Intersection,Traffic Signal,Clear,Daylight,Wet,142,Woburn North,137,Woburn (137),Non-Fatal Injury,0,0,1,0,0,0,0,0,1,1,0,0,0,Turning Movement,['Driver'],North,"['Automobile, Station Wagon']","['Turning Left', 'Going Ahead']","['Failed to Yield Right of Way', 'Exceeding Speed Limit']",['Normal'],[],[],[],[],[],[],D43,False,"['80 to 84', '20 to 24']",3.0
1018923.0,2008-01-25 10:00:00,900,2008,RONCESVALLES AVE,MARMADUKE ST,,Minor Arterial,Toronto and East York,43.650445,-79.45069,624942.5185,4834214.9467,At Intersection,Pedestrian Crossover,Clear,Daylight,Wet,87,High Park-Swansea,87,High Park-Swansea (87),Non-Fatal Injury,0,0,1,0,0,0,0,0,0,1,0,0,0,Approaching,"['Vehicle Owner', 'Driver']",North,"['Other', 'Automobile, Station Wagon']","['Stopped', 'Going Ahead']","['Following too Close', 'Driving Properly']",['Normal'],[],[],[],[],[],[],D11,False,"['unknown', '45 to 49', '35 to 39']",3.0
1019180.0,2008-02-04 10:00:00,1245,2008,O CONNOR DR,WOODBINE AVE,,Major Arterial,Toronto and East York,43.700148,-79.319026,635448.6706,4839941.8079,At Intersection,Traffic Signal,Clear,Daylight,Dry,60,Woodbine-Lumsden,60,Woodbine-Lumsden (60),Non-Fatal Injury,0,0,1,0,0,0,0,1,0,0,0,0,0,Other,"['Passenger', 'Vehicle Owner', 'Driver']",West,"['Other', 'Automobile, Station Wagon']",['Slowing or Stopping'],['Driving Properly'],['Normal'],[],[],[],[],[],[],D55,False,"['55 to 59', '85 to 89', 'unknown', '45 to 49']",3.0
1019552.0,2008-01-29 10:00:00,1754,2008,SHUTER ST,MUTUAL ST,,Minor Arterial,Toronto and East York,43.655245,-79.37459,631069.1462,4834865.4412,At Intersection,No Control,Clear,Dark,Wet,168,Downtown Yonge East,75,Church-Yonge Corridor (75),Non-Fatal Injury,1,0,1,0,0,0,0,0,0,0,0,0,0,Pedestrian Collisions,"['Driver', 'Pedestrian']",East,"['Automobile, Station Wagon', 'Other']",['Slowing or Stopping'],['Driving Properly'],['Inattentive'],['Pedestrian involved in a collision with transit vehicle anywhere along roadway'],"['Crossing, no Traffic Control']","['Ability Impaired, Alcohol']",[],[],[],D51,False,"['50 to 54', '65 to 69']",3.0
1019756.0,2008-02-08 10:00:00,1749,2008,WILSON AVE,ALLINGHAM GDNS,,Major Arterial,North York,43.735545,-79.44269,625410.1718,4843678.5457,At Intersection,Traffic Signal,Rain,Daylight,Wet,33,Clanton Park,33,Clanton Park (33),Fatal,1,0,1,0,0,0,0,1,0,0,0,0,0,Pedestrian Collisions,"['Passenger', 'Vehicle Owner', 'Driver', 'Pedestrian']",South,"['Other', 'Automobile, Station Wagon']",['Going Ahead'],['Driving Properly'],['Normal'],['Vehicle is going straight thru inter.while ped cross without ROW'],['Crossing without right of way'],"['Ability Impaired, Alcohol']",[],[],[],D32,True,"['25 to 29', 'unknown', '20 to 24']",4.0
1019958.0,2008-01-11 10:00:00,328,2008,VAUGHAN RD,KENWOOD AVE,,Minor Arterial,Toronto and East York,43.687645,-79.42369,627041.4215,4838387.5085,At Intersection,Traffic Signal,Rain,Dark,Wet,106,Humewood-Cedarvale,106,Humewood-Cedarvale (106),Non-Fatal Injury,0,0,1,0,0,0,0,1,1,1,1,0,0,Angle,"['Passenger', 'Driver', 'Other Property Owner']",North,"['Other', 'Automobile, Station Wagon']",['Going Ahead'],"['Exceeding Speed Limit', 'Disobeyed Traffic Control']","['Normal', 'Unknown']",[],[],[],[],[],[],D13,False,"['15 to 19', '20 to 24', 'unknown']",3.0