accident_number,date,time,year,street1,street2,offset,road_class,district,latitude,longitude,x,y,accident_location,traffctl,visibility,light,road_surface_condition,hood_158,neighbourhood_new,hood_140,neighbourhood_old,accident_class,pedestrian,cyclist,automobile,motorcycle,truck,trsn_city_veh,emerg_veh,passenger,speeding,aggressive_driving,redlight,alcohol,disability,impact_type,involvement_type,initial_direction,vehicle_type,manoeuver,driver_action,driver_condition,pedestrian_type,pedestrian_action,pedestrian_condition,cyclist_type,cyclist_action,cyclist_condition,division,injury,involvement_age,injury_severity_score
1020139.0,2008-01-23 10:00:00,1000,2008,LOCKSLEY AVE,BRIAR HILL AVE,,Local,North York,43.703245,-79.44899,624969.9608,4840081.6561,,Stop Sign,Clear,Daylight,Wet,108,Briar Hill-Belgravia,108,Briar Hill-Belgravia (108),Non-Fatal Injury,1,0,1,0,0,0,0,0,0,1,0,0,0,Pedestrian Collisions,"['Driver', 'Pedestrian']",East,"['Automobile, Station Wagon', 'Other']",['Going Ahead'],['Failed to Yield Right of Way'],['Unknown'],['Vehicle is going straight thru inter.while ped cross with ROW'],['Crossing with right of way'],['Normal'],[],[],[],D13,False,"['unknown', '80 to 84']",3.0
1020344.0,2008-01-29 10:00:00,1955,2008,HAMILTON ST,GERRARD ST E,,Minor Arterial,Toronto and East York,43.665245,-79.35349,632748.5776,4836009.621,,No Control,Rain,Dark,Wet,70,South Riverdale,70,South Riverdale (70),Non-Fatal Injury,1,0,1,0,0,0,0,0,0,1,0,0,0,Pedestrian Collisions,"['Driver', 'Pedestrian']",West,"['Automobile, Station Wagon', 'Other']",['Turning Left'],['Failed to Yield Right of Way'],['Normal'],['Vehicle turns left while ped crosses with ROW at inter.'],['Crossing with right of way'],['Normal'],[],[],[],D55,False,"['20 to 24', '65 to 69']",3.0
1020755.0,2008-02-03 10:00:00,1520,2008,KENNEDY RD,BRIGSTOCK RD,,Major Arterial,Scarborough,43.762345,-79.27989,638458.784,4846914.3906,,No Control,Clear,Daylight,Wet,126,Dorset Park,126,Dorset Park (126),Non-Fatal Injury,0,0,1,0,0,0,0,1,1,1,0,0,0,Approaching,"['Vehicle Owner', 'Driver', 'Passenger']",North,"['Other', 'Automobile, Station Wagon']",['Going Ahead'],"['Driving Properly', 'Speed too Fast For Condition']",['Normal'],[],[],[],[],[],[],D41,False,"['unknown', '50 to 54', '20 to 24']",3.0
1020812.0,2008-02-05 10:00:00,1651,2008,KIPLING AVE,EGLINTON AVE W,,Major Arterial,Etobicoke York,43.678645,-79.55159,616750.7969,4837199.9564,,No Control,Clear,Dusk,Dry,7,Willowridge-Martingrove-Richview,7,Willowridge-Martingrove-Richview (7),Non-Fatal Injury,0,0,1,0,0,0,0,1,0,1,0,0,0,Rear End,"['Driver', 'Passenger']",South,"['Automobile, Station Wagon', 'Other']","['Slowing or Stopping', 'Going Ahead']","['Driving Properly', 'Following too Close']",['Normal'],[],[],[],[],[],[],D23,False,"['70 to 74', '50 to 54', '30 to 34']",3.0
1021038.0,2008-01-30 10:00:00,1049,2008,DUFFERIN ST,SYLVAN AVE,,Major Arterial,Toronto and East York,43.655245,-79.43359,626311.4807,4834773.937,,Traffic Signal,Clear,Daylight,Dry,83,Dufferin Grove,83,Dufferin Grove (83),Non-Fatal Injury,1,0,1,0,0,0,0,0,0,0,0,0,0,Pedestrian Collisions,"['Driver', 'Pedestrian']",North,"['Automobile, Station Wagon', 'Other']",['Going Ahead'],['Driving Properly'],['Normal'],['Vehicle is going straight thru inter.while ped cross without ROW'],['Crossing without right of way'],['Inattentive'],[],[],[],D11,False,['25 to 29'],3.0
1021293.0,2008-02-02 10:00:00,2307,2008,BRIMLEY RD,CHARTLAND BLVD S,,Major Arterial,Scarborough,43.804445,-79.27619,638659.2458,4851596.4523,,No Control,Snow,Dark,Slush,129,Agincourt North,129,Agincourt North (129),Non-Fatal Injury,0,0,1,0,0,0,0,1,1,1,0,0,0,Approaching,"['Passenger', 'Vehicle Owner', 'Driver']",North,"['Other', 'Automobile, Station Wagon']",['Going Ahead'],"['Speed too Fast For Condition', 'Driving Properly']",['Normal'],[],[],[],[],[],[],D42,False,"['20 to 24', 'unknown', '15 to 19']",3.0
1021846.0,2008-02-17 10:00:00,1058,2008,910 MARKHAM Rd,PAINTED POST Driv,,Major Arterial,Scarborough,43.769045,-79.22899,642540.0693,4847744.8938,,No Control,Rain,Daylight,Wet,142,Woburn North,137,Woburn (137),Non-Fatal Injury,0,0,1,0,0,0,0,1,0,0,0,1,0,Approaching,"['Driver', 'Passenger', 'Vehicle Owner']",North,"['Automobile, Station Wagon', 'Other']",['Going Ahead'],"['Driving Properly', 'Lost control']","['Normal', 'Ability Impaired, Alcohol']",[],[],[],[],[],[],D43,False,"['65 to 69', '20 to 24', 'unknown', '25 to 29']",3.0
1021860.0,2008-02-17 10:00:00,215,2008,1601 LAKE SHORE BLVD W,,,Major Arterial,Toronto and East York,43.636945,-79.44689,625277.0258,4832721.3268,,No Control,Clear,Dark,Dry,85,South Parkdale,85,South Parkdale (85),Non-Fatal Injury,1,0,1,0,0,0,0,0,0,0,0,0,0,Pedestrian Collisions,"['Vehicle Owner', 'Driver', 'Other', 'Pedestrian']",East,"['Other', 'Automobile, Station Wagon']","['Going Ahead', 'Parked']",['Lost control'],['Unknown'],['Pedestrian hit on sidewalk or shoulder'],['On Sidewalk or Shoulder'],['Inattentive'],[],[],[],D11,False,"['unknown', '20 to 24', '30 to 34', '25 to 29', '40 to 44']",3.0
1022016.0,2008-01-27 10:00:00,1015,2008,2450 LAWRENCE AVE E,,,Major Arterial,Scarborough,43.751045,-79.26719,639507.3299,4845680.6651,At Intersection,Stop Sign,Clear,Daylight,Wet,126,Dorset Park,126,Dorset Park (126),Non-Fatal Injury,1,0,1,0,0,0,0,0,0,1,0,0,0,Pedestrian Collisions,"['Driver', 'Pedestrian']",East,"['Automobile, Station Wagon', 'Other']",['Slowing or Stopping'],['Failed to Yield Right of Way'],['Inattentive'],['Vehicle is going straight thru inter.while ped cross with ROW'],['Crossing with right of way'],['Normal'],[],[],[],D41,False,"['25 to 29', '65 to 69']",3.0
1022763.0,2008-02-05 10:00:00,2337,2008,3559 EGLINTON AVE W,,,Major Arterial,Etobicoke York,43.686245,-79.49239,621507.3787,4838129.0697,,No Control,Freezing Rain,Dark,Slush,115,Mount Dennis,115,Mount Dennis (115),Non-Fatal Injury,0,0,1,0,0,0,0,0,0,1,0,0,0,Turning Movement,"['Vehicle Owner', 'Driver']",East,"['Other', 'Automobile, Station Wagon']","['Going Ahead', 'Turning Left']","['Driving Properly', 'Failed to Yield Right of Way']",['Normal'],[],[],[],[],[],[],D12,False,"['unknown', '40 to 44', '25 to 29']",3.0
1023187.0,2008-02-24 10:00:00,2132,2008,BATHURST ST,CARPENTER RD,,Major Arterial,North York,43.788245,-79.44669,624978.2688,4849525.6226,,No Control,Clear,Dark,Dry,35,Westminster-Branson,35,Westminster-Branson (35),Fatal,0,0,1,0,0,0,0,1,0,0,0,1,0,Approaching,"['Passenger', 'Driver']",North,"['Other', 'Automobile, Station Wagon']",['Going Ahead'],"['Driving Properly', 'Lost control']","['Normal', 'Ability Impaired, Alcohol Over .08']",[],[],[],[],[],[],D32,True,"['60 to 64', '65 to 69', '15 to 19']",4.0
1023204.0,2008-02-03 10:00:00,343,2008,STEELES AVE E,MARKHAM RD,,Major Arterial,Scarborough,43.836545,-79.25119,640594.8393,4855203.8827,At Intersection,Traffic Signal,Clear,Dark,Dry,130,Milliken,130,Milliken (130),Non-Fatal Injury,0,0,1,0,0,0,0,1,0,1,1,1,0,Angle,"['Passenger', 'Driver']",South,"['Other', 'Automobile, Station Wagon']",['Going Ahead'],"['Driving Properly', 'Disobeyed Traffic Control']","['Normal', 'Ability Impaired, Alcohol Over .08']",[],[],[],[],[],[],D42,False,"['30 to 34', '35 to 39', '15 to 19']",3.0
1023759.0,2007-12-20 10:00:00,1820,2007,DUFFERIN ST,BRIAR HILL AVE,,Major Arterial,North York,43.702345,-79.45209,624722.0477,4839977.0304,At Intersection,Traffic Signal,Clear,Dark,Dry,108,Briar Hill-Belgravia,108,Briar Hill-Belgravia (108),Non-Fatal Injury,1,0,1,0,0,0,0,0,0,0,0,0,0,Pedestrian Collisions,"['Driver', 'Pedestrian']",East,"['Automobile, Station Wagon', 'Other']",['Turning Left'],['Driving Properly'],['Normal'],['Vehicle turns left while ped crosses without ROW at inter.'],['Crossing without right of way'],['Inattentive'],[],[],[],D13,False,"['40 to 44', '50 to 54']",3.0
1024000.0,2008-02-26 10:00:00,1651,2008,JANE ST,BLACK CR N JANE RAMP ST,,Major Arterial,Etobicoke York,43.715145,-79.50709,620264.8124,4841317.3784,,No Control,Snow,Dark,Wet,28,Rustic,28,Rustic (28),Non-Fatal Injury,1,0,1,0,0,0,0,0,0,1,0,0,0,Pedestrian Collisions,"['Vehicle Owner', 'Driver', 'Pedestrian']",South,"['Other', 'Automobile, Station Wagon']",['Going Ahead'],['Failed to Yield Right of Way'],['Inattentive'],['Other / Undefined'],['Person Getting on/off Vehicle'],['Normal'],[],[],[],D12,False,"['unknown', '35 to 39', '0 to 4']",3.0
1024139.0,2008-02-11 10:00:00,1239,2008,OAKWOOD AVE,ST CLAIR AVE W,,Minor Arterial,Toronto and East York,43.679945,-79.43579,626082.352,4837513.8536,,No Control,Clear,Daylight,Wet,94,Wychwood,94,Wychwood (94),Non-Fatal Injury,1,0,1,0,0,0,0,0,0,0,0,0,0,Pedestrian Collisions,"['Driver', 'Pedestrian']",North,"['Automobile, Station Wagon', 'Other']",['Going Ahead'],['Driving Properly'],['Normal'],['Pedestrian hit at mid-block'],['Running onto Roadway'],['Inattentive'],[],[],[],D13,False,"['75 to 79', '40 to 44']",3.0
1024196.0,2008-02-28 10:00:00,600,2008,STEVENSON RD,PAMELA CRT,,Local,Etobicoke York,43.743345,-79.59299,613291.7138,4844328.3379,,No Control,Clear,Dark,Dry,2,Mount Olive-Silverstone-Jamestown,2,Mount Olive-Silverstone-Jamestown (2),Non-Fatal Injury,1,0,1,0,0,0,0,0,0,1,0,0,0,Pedestrian Collisions,"['Driver', 'Pedestrian']",East,"['Automobile, Station Wagon', 'Other']",['Going Ahead'],['Failed to Yield Right of Way'],['Unknown'],['Pedestrian hit at mid-block'],['Walking on Roadway with Traffic'],['Normal'],[],[],[],D23,False,"['unknown', '45 to 49']",3.0
1024249.0,2008-02-11 10:00:00,1509,2008,EGLINTON AVE E,PHARMACY AVE,,Major Arterial,Scarborough,43.725645,-79.29749,637125.8419,4842809.0285,At Intersection,Traffic Signal,Clear,Daylight,Wet,120,Clairlea-Birchmount,120,Clairlea-Birchmount (120),Non-Fatal Injury,0,0,1,0,0,0,0,0,0,1,1,0,0,Turning Movement,['Driver'],East,"['Automobile, Station Wagon']","['Turning Left', 'Stopped', 'Going Ahead']","['Driving Properly', 'Disobeyed Traffic Control']",['Normal'],[],[],[],[],[],[],D41,False,"['45 to 49', '50 to 54', '35 to 39']",3.0
1024408.0,2008-02-15 10:00:00,1900,2008,WARDEN AVE,BOWATER DR,,Major Arterial,Scarborough,43.780945,-79.30899,636074.1884,4848931.9655,,No Control,Clear,Dark,Dry,118,Tam O'Shanter-Sullivan,118,Tam O'Shanter-Sullivan (118),Non-Fatal Injury,1,0,1,0,0,0,0,0,0,0,0,0,0,Pedestrian Collisions,"['Driver', 'Pedestrian']",South,"['Automobile, Station Wagon', 'Other']",['Going Ahead'],['Driving Properly'],['Unknown'],['Vehicle is going straight thru inter.while ped cross without ROW'],"['Crossing, no Traffic Control']",['Unknown'],[],[],[],D42,False,"['unknown', '60 to 64']",3.0
1024623.0,2008-02-29 10:00:00,1530,2008,WESTON RD,STARVIEW LANE,,Major Arterial,Etobicoke York,43.726445,-79.53559,617946.7369,4842531.4456,,No Control,Snow,Daylight,Slush,23,Pelmo Park-Humberlea,23,Pelmo Park-Humberlea (23),Fatal,0,0,1,0,1,0,0,1,1,1,0,0,0,Approaching,"['Truck Driver', 'Passenger', 'Driver']",North,"['Truck - Open', 'Other', 'Automobile, Station Wagon']",['Going Ahead'],"['Driving Properly', 'Speed too Fast For Condition']",['Normal'],[],[],[],[],[],[],D31,True,"['50 to 54', '30 to 34', '55 to 59']",4.0
1025421.0,2008-01-26 10:00:00,1415,2008,79 BLOOR ST W,,,Major Arterial,Toronto and East York,43.669543,-79.389987,629796.7404,4836429.2185,,No Control,Clear,Daylight,Dry,169,Bay-Cloverhill,76,Bay Street Corridor (76),Non-Fatal Injury,1,1,0,0,0,0,0,0,0,0,0,0,0,Pedestrian Collisions,"['Cyclist', 'Pedestrian']",East,['Bicycle'],['Going Ahead'],[],[],['Pedestrian hit on sidewalk or shoulder'],['On Sidewalk or Shoulder'],['Normal'],['Cyclist strikes pedestrian.'],['Failed to Yield Right of Way'],['Inattentive'],D52,False,"['unknown', '75 to 79']",3.0
1025433.0,2008-01-26 10:00:00,1047,2008,AVENUE RD,OXTON AVE,,Major Arterial,Toronto and East York,43.697445,-79.40559,628479.2623,4839503.8213,At Intersection,Stop Sign,Clear,Daylight,Wet,97,Yonge-St.Clair,97,Yonge-St.Clair (97),Non-Fatal Injury,0,0,1,0,0,0,0,0,0,1,0,0,0,Turning Movement,"['Vehicle Owner', 'Driver']",North,"['Other', 'Automobile, Station Wagon']","['Going Ahead', 'Turning Left']","['Failed to Yield Right of Way', 'Driving Properly']",['Normal'],[],[],[],[],[],[],D53,False,"['unknown', '40 to 44', '45 to 49']",3.0
1025489.0,2008-01-29 10:00:00,2129,2008,BROADVIEW AVE,ALLEN AVE,,Minor Arterial,Toronto and East York,43.663645,-79.35189,632881.1079,4835834.4809,,Pedestrian Crossover,Rain,Dark,Wet,70,South Riverdale,70,South Riverdale (70),Non-Fatal Injury,1,0,1,0,0,0,0,0,0,1,0,0,0,Pedestrian Collisions,"['Driver', 'Pedestrian']",East,"['Automobile, Station Wagon', 'Other']",['Going Ahead'],['Failed to Yield Right of Way'],['Normal'],['Pedestrian hit a PXO/ped. Mid-block signal'],"['Crossing, Pedestrian Crossover']",['Normal'],[],[],[],D55,False,"['55 to 59', '30 to 34']",3.0
1025521.0,2008-02-18 10:00:00,103,2008,LAKE SHORE BLVD W,THIRTY FIFTH ST,,Major Arterial,Etobicoke York,43.594245,-79.53449,618294.6626,4827850.495,,No Control,Rain,Dark,Wet,19,Long Branch,19,Long Branch (19),Non-Fatal Injury,0,0,1,0,0,0,0,0,1,1,0,1,0,SMV Other,['Driver'],East,"['Automobile, Station Wagon']",['Other'],['Lost control'],"['Ability Impaired, Alcohol Over .08']",[],[],[],[],[],[],D22,False,['60 to 64'],3.0
1025610.0,2008-03-04 10:00:00,1331,2008,EGLINTON AVE W,SCARLETT RD,,Major Arterial,Etobicoke York,43.684545,-79.50809,620245.407,4837917.379,At Intersection,No Control,Clear,Daylight,Dry,115,Mount Dennis,115,Mount Dennis (115),Non-Fatal Injury,0,0,1,0,0,0,0,0,0,0,0,0,1,SMV Other,['Driver'],East,"['Automobile, Station Wagon']",['Going Ahead'],['Lost control'],['Medical or Physical Disability'],[],[],[],[],[],[],D12,False,['70 to 74'],3.0
1025897.0,2008-02-20 10:00:00,905,2008,ONTARIO ST,RICHMOND ST E,,Local,Toronto and East York,43.654245,-79.36689,631692.2482,4834766.5697,At Intersection,No Control,Clear,Daylight,Ice,73,Moss Park,73,Moss Park (73),Non-Fatal Injury,1,0,1,0,0,0,0,0,0,1,0,0,0,Pedestrian Collisions,"['Driver', 'Pedestrian']",East,"['Automobile, Station Wagon', 'Other']",['Reversing'],['Failed to Yield Right of Way'],['Normal'],['Vehicle is reversing and hits pedestrian'],"['Crossing, no Traffic Control']",['Normal'],[],[],[],D51,False,"['50 to 54', '25 to 29']",3.0
1026032.0,2008-02-24 10:00:00,1245,2008,DIXON RD,MARTIN GROVE RD,,Major Arterial,Etobicoke York,43.691545,-79.57079,615178.4575,4838605.8266,At Intersection,Traffic Signal,Clear,Daylight,Dry,1,West Humber-Clairville,1,West Humber-Clairville (1),Non-Fatal Injury,0,0,1,0,0,0,0,1,0,1,1,0,0,Angle,"['Driver', 'Passenger']",East,"['Automobile, Station Wagon', 'Other']",['Going Ahead'],"['Disobeyed Traffic Control', 'Driving Properly']",['Normal'],[],[],[],[],[],[],D23,False,"['40 to 44', '60 to 64', '65 to 69']",3.0
1026057.0,2008-02-23 10:00:00,940,2008,DON MILLS RD,SENECA HILL DR,,Major Arterial,North York,43.790245,-79.35419,632416.4086,4849891.5729,At Intersection,Traffic Signal,Clear,Daylight,Dry,47,Don Valley Village,47,Don Valley Village (47),Non-Fatal Injury,0,0,1,0,0,0,0,1,0,1,1,0,0,Angle,"['Passenger', 'Driver']",East,"['Other', 'Automobile, Station Wagon']",['Going Ahead'],"['Driving Properly', 'Disobeyed Traffic Control']",['Normal'],[],[],[],[],[],[],D33,False,"['15 to 19', '50 to 54', '45 to 49', '35 to 39']",3.0
1026199.0,2008-02-26 10:00:00,2040,2008,HUMBER COLLEGE BLVD,HIGHWAY 27  S,,Major Arterial,Etobicoke York,43.730445,-79.60159,612623.4219,4842883.8861,,Traffic Signal,Snow,Dark,Wet,1,West Humber-Clairville,1,West Humber-Clairville (1),Non-Fatal Injury,0,0,1,0,0,0,0,1,1,1,0,0,0,Rear End,"['Passenger', 'Driver']",East,"['Other', 'Automobile, Station Wagon']","['Stopped', 'Going Ahead']","['Driving Properly', 'Speed too Fast For Condition']","['Normal', 'Inattentive']",[],[],[],[],[],[],D23,False,"['20 to 24', '30 to 34']",3.0
1026352.0,2008-02-04 10:00:00,2250,2008,KIPLING AVE,NEW TORONTO ST,,Major Arterial,Etobicoke York,43.604445,-79.51949,619485.2689,4829004.7948,,No Control,Clear,Dark,Loose Snow,18,New Toronto,18,New Toronto (18),Non-Fatal Injury,0,0,1,0,0,0,0,1,0,1,0,0,0,Angle,"['Passenger', 'Driver']",North,"['Other', 'Automobile, Station Wagon']",['Going Ahead'],"['Lost control', 'Following too Close']","['Inattentive', 'Normal']",[],[],[],[],[],[],D22,False,"['35 to 39', '40 to 44', '15 to 19', '20 to 24']",3.0
1026360.0,2008-02-27 10:00:00,845,2008,YORK MILLS RD,NESS DR,,Collector,North York,43.761745,-79.32289,634998.8481,4846776.7554,,Pedestrian Crossover,Clear,Daylight,Wet,150,Fenside-Parkwoods,45,Parkwoods-Donalda (45),Non-Fatal Injury,1,0,1,0,0,0,0,0,0,1,0,0,0,Pedestrian Collisions,"['Driver', 'Pedestrian']",East,"['Automobile, Station Wagon', 'Other']",['Going Ahead'],['Failed to Yield Right of Way'],['Inattentive'],['Pedestrian hit a PXO/ped. Mid-block signal'],"['Crossing, Pedestrian Crossover']",['Normal'],[],[],[],D33,False,"['35 to 39', '5 to 9']",3.0
1026562.0,2008-03-07 10:00:00,1700,2008,CONSUMERS RD,YORKLAND BLVD,,Minor Arterial,North York,43.770945,-79.32479,634825.2349,4847795.461,,No Control,Snow,Daylight,Loose Snow,53,Henry Farm,53,Henry Farm (53),Non-Fatal Injury,0,0,1,0,0,0,0,0,1,1,0,0,0,Approaching,['Driver'],East,"['Automobile, Station Wagon']",['Going Ahead'],"['Speed too Fast For Condition', 'Driving Properly']",['Normal'],[],[],[],[],[],[],D33,False,"['25 to 29', '50 to 54']",3.0
1026843.0,2008-03-09 09:00:00,920,2008,SCARLETT RD,RICHVIEW RD,,Major Arterial,Etobicoke York,43.685545,-79.51249,619888.7796,4838022.0724,,Stop Sign,Clear,Daylight,Packed Snow,8,Humber Heights-Westmount,8,Humber Heights-Westmount (8),Fatal,0,0,1,0,0,0,0,1,0,1,0,0,0,Turning Movement,"['Passenger', 'Driver']",East,"['Other', 'Automobile, Station Wagon']","['Turning Left', 'Going Ahead']","['Failed to Yield Right of Way', 'Driving Properly']","['Unknown', 'Normal']",[],[],[],[],[],[],D23,True,"['60 to 64', '85 to 89', '70 to 74']",4.0
1026920.0,2008-03-10 08:00:00,300,2008,F G GARDINER XY Expr E,DOWLING AVE,,Major Arterial,Toronto and East York,43.633945,-79.43739,626049.5948,4832402.5205,,No Control,Clear,Dark,Wet,85,South Parkdale,85,South Parkdale (85),Non-Fatal Injury,0,0,1,0,0,0,0,0,0,0,0,0,0,SMV Other,"['Vehicle Owner', 'Driver']",East,"['Other', 'Automobile, Station Wagon']",['Going Ahead'],['Lost control'],['Inattentive'],[],[],[],[],[],[],D14,False,"['unknown', '25 to 29']",3.0
1026958.0,2008-03-09 09:00:00,2253,2008,SHEPPARD AVE W,JOHN DRURY DR,,Major Arterial,North York,43.749045,-79.48279,622153.4334,4845118.0038,,No Control,Clear,Dark,Dry,155,Downsview,26,Downsview-Roding-CFB (26),Non-Fatal Injury,0,0,1,0,0,0,0,0,0,0,0,1,0,Approaching,['Driver'],East,"['Automobile, Station Wagon']",['Going Ahead'],[],"['Ability Impaired, Alcohol']",[],[],[],[],[],[],D31,False,"['40 to 44', '60 to 64']",3.0
1027159.0,2008-03-10 08:00:00,1522,2008,GUILDWOOD PKWY,PRINCE PHILIP BLVD,,Minor Arterial,Scarborough,43.746745,-79.20449,644565.6783,4845310.602,,No Control,Clear,Daylight,Dry,140,Guildwood,140,Guildwood (140),Non-Fatal Injury,0,0,1,0,0,0,0,0,0,0,0,0,0,Approaching,['Driver'],North,"['Automobile, Station Wagon']",['Going Ahead'],"['Lost control', 'Driving Properly']","['Unknown', 'Normal']",[],[],[],[],[],[],D43,False,"['70 to 74', '40 to 44']",3.0
1027162.0,2008-03-10 08:00:00,2155,2008,EGLINTON AVE W,ISLINGTON AVE,,Major Arterial,Etobicoke York,43.679845,-79.53899,617764.095,4837351.0447,,Traffic Signal,Clear,Dark,Dry,7,Willowridge-Martingrove-Richview,7,Willowridge-Martingrove-Richview (7),Non-Fatal Injury,0,0,1,0,0,0,0,1,1,1,0,0,0,Turning Movement,"['Passenger', 'Driver', 'Vehicle Owner']",East,"['Automobile, Station Wagon', 'Other']","['Turning Left', 'Slowing or Stopping']","['Failed to Yield Right of Way', 'Driving Properly']",['Normal'],[],[],[],[],[],[],D23,False,"['85 to 89', 'unknown', '15 to 19']",3.0
1027277.0,2008-02-27 10:00:00,1432,2008,DIXON RD,ISLINGTON AVE,,Major Arterial,Etobicoke York,43.697045,-79.54669,617109.9585,4839250.4313,At Intersection,Traffic Signal,Clear,Daylight,Dry,6,Kingsview Village-The Westway,6,Kingsview Village-The Westway (6),Non-Fatal Injury,0,0,1,0,0,0,0,0,0,0,0,0,0,Rear End,['Driver'],West,"['Automobile, Station Wagon']","['Stopped', 'Going Ahead']","['Driving Properly', 'Lost control']","['Normal', 'Unknown']",[],[],[],[],[],[],D23,False,"['50 to 54', 'unknown']",3.0
1027279.0,2008-02-28 10:00:00,1913,2008,UNIVERSITY AVE,COLLEGE ST,,Major Arterial,Toronto and East York,43.659845,-79.39049,629777.0849,4835351.3392,At Intersection,Traffic Signal,Clear,Dusk,Dry,78,Kensington-Chinatown,78,Kensington-Chinatown (78),Non-Fatal Injury,1,0,1,0,0,0,0,0,0,0,0,0,0,Pedestrian Collisions,"['Driver', 'Pedestrian']",South,"['Automobile, Station Wagon', 'Other']",['Going Ahead'],['Driving Properly'],['Normal'],['Vehicle is going straight thru inter.while ped cross without ROW'],['Crossing without right of way'],['Inattentive'],[],[],[],D52,False,"['25 to 29', '35 to 39']",3.0
1027306.0,2008-02-28 10:00:00,1025,2008,BIRCHMOUNT RD,STEELES AVE E,,Major Arterial,Scarborough,43.821345,-79.31689,635347.2148,4853406.076,At Intersection,Traffic Signal,Clear,Daylight,Dry,116,Steeles,116,Steeles (116),Fatal,0,0,1,0,0,0,0,0,0,1,1,0,0,Angle,"['Driver', 'Vehicle Owner']",East,"['Automobile, Station Wagon']",['Going Ahead'],"['Driving Properly', 'Disobeyed Traffic Control']","['Normal', 'Inattentive']",[],[],[],[],[],[],D42,True,"['60 to 64', 'unknown']",4.0
1027349.0,2008-03-01 10:00:00,1341,2008,55 AVENUE RD,,,Major Arterial,Toronto and East York,43.671145,-79.39509,629381.898,4836599.1703,At Intersection,No Control,Clear,Daylight,Dry,95,Annex,95,Annex (95),Non-Fatal Injury,1,0,1,0,0,0,0,0,0,1,0,0,0,Pedestrian Collisions,"['Driver', 'Pedestrian']",West,"['Automobile, Station Wagon', 'Other']",['Turning Left'],['Failed to Yield Right of Way'],['Normal'],['Pedestrian hit at mid-block'],"['Crossing, no Traffic Control']",['Normal'],[],[],[],D53,False,"['25 to 29', '15 to 19']",3.0
1028235.0,2008-03-15 08:00:00,1404,2008,MOUNT PLEASANT RD,MOUNT PLEASANT BLOOR RAMP,,Major Arterial,Toronto and East York,43.672345,-79.37959,630628.8601,4836756.7388,At Intersection,No Control,Clear,Daylight,Dry,98,Rosedale-Moore Park,98,Rosedale-Moore Park (98),Fatal,1,0,1,0,0,0,0,0,0,0,0,0,0,Pedestrian Collisions,"['Vehicle Owner', 'Driver', 'Pedestrian']",South,"['Other', 'Automobile, Station Wagon']",['Going Ahead'],['Driving Properly'],['Normal'],['Pedestrian hit at mid-block'],"['Crossing, no Traffic Control']",['Medical or Physical Disability'],[],[],[],D53,True,"['unknown', '20 to 24', '25 to 29']",4.0
1028580.0,2008-03-04 10:00:00,1230,2008,2701 LAWRENCE AVE E,,,Major Arterial,Scarborough,43.752345,-79.26119,639987.3603,4845835.1733,,No Control,Clear,Daylight,Dry,156,Bendale-Glen Andrew,127,Bendale (127),Non-Fatal Injury,1,0,1,0,0,0,0,0,1,1,0,0,0,Pedestrian Collisions,"['Vehicle Owner', 'Driver', 'Pedestrian']",East,"['Other', 'Automobile, Station Wagon']","['Turning Left', 'Going Ahead']","['Driving Properly', 'Exceeding Speed Limit']","['Normal', 'Fatigue']",['Pedestrian hit on sidewalk or shoulder'],['On Sidewalk or Shoulder'],['Normal'],[],[],[],D41,False,"['unknown', '35 to 39', '20 to 24']",3.0
1029220.0,2008-03-19 08:00:00,1332,2008,QUEEN ST W,NIAGARA ST,,Major Arterial,Toronto and East York,43.645945,-79.40989,628242.4015,4833777.4007,At Intersection,Traffic Signal,Clear,Daylight,Dry,162,West Queen West,82,Niagara (82),Non-Fatal Injury,0,1,1,0,0,0,0,0,0,0,0,0,0,Cyclist Collisions,"['Driver', 'Cyclist']",East,"['Automobile, Station Wagon', 'Bicycle']",['Turning Right'],['Improper Turn'],['Normal'],[],[],[],['Motorist turning right on green or amber at signalized intersection strikes cyclist.'],['Driving Properly'],['Normal'],D14,False,"['50 to 54', '35 to 39']",3.0
1029413.0,2008-03-20 08:00:00,1305,2008,GLENCAIRN AVE,DALEMOUNT AVE,,Minor Arterial,North York,43.711345,-79.43269,626266.3091,4841005.974,At Intersection,Stop Sign,Clear,Daylight,Dry,32,Englemount-Lawrence,32,Englemount-Lawrence (32),Non-Fatal Injury,0,0,1,0,0,0,0,0,0,0,0,0,0,Turning Movement,['Driver'],East,"['Automobile, Station Wagon']","['Turning Left', 'Going Ahead']","['Improper Turn', 'Driving Properly']",['Normal'],[],[],[],[],[],[],D13,False,"['85 to 89', '55 to 59']",3.0
1029708.0,2008-03-11 08:00:00,1450,2008,DANFORTH RD,WOLFE AVE,,Major Arterial,Scarborough,43.727345,-79.25259,640738.2994,4843073.1181,At Intersection,Traffic Signal,Clear,Daylight,Dry,124,Kennedy Park,124,Kennedy Park (124),Non-Fatal Injury,0,0,1,0,0,0,0,0,0,1,1,0,0,Turning Movement,"['Driver', 'Other Property Owner']",East,"['Automobile, Station Wagon', 'Other']",['Going Ahead'],"['Driving Properly', 'Disobeyed Traffic Control']",['Normal'],[],[],[],[],[],[],D41,False,"['30 to 34', '15 to 19', 'unknown']",3.0
1029779.0,2008-03-13 08:00:00,2219,2008,KING ST W,UNIVERSITY AVE,,Major Arterial,Toronto and East York,43.647645,-79.38479,630263.0635,4834005.3001,,Traffic Signal,Clear,Dark,Dry,170,Yonge-Bay Corridor,76,Bay Street Corridor (76),Non-Fatal Injury,0,0,1,0,0,0,0,0,0,1,0,0,0,Rear End,['Driver'],East,"['Automobile, Station Wagon']","['Stopped', 'Going Ahead']","['Driving Properly', 'Failed to Yield Right of Way']","['Normal', 'Inattentive']",[],[],[],[],[],[],D52,False,"['35 to 39', '30 to 34']",3.0