accident_number,date,time,year,street1,street2,offset,road_class,district,latitude,longitude,x,y,accident_location,traffctl,visibility,light,road_surface_condition,hood_158,neighbourhood_new,hood_140,neighbourhood_old,accident_class,pedestrian,cyclist,automobile,motorcycle,truck,trsn_city_veh,emerg_veh,passenger,speeding,aggressive_driving,redlight,alcohol,disability,impact_type,involvement_type,initial_direction,vehicle_type,manoeuver,driver_action,driver_condition,pedestrian_type,pedestrian_action,pedestrian_condition,cyclist_type,cyclist_action,cyclist_condition,division,injury,involvement_age,injury_severity_score
1030609.0,2008-03-10 08:00:00,1720,2008,55 QUEENS QUAY W,,,Minor Arterial,Toronto and East York,43.640545,-79.37849,630786.5562,4833226.6609,,No Control,Clear,Daylight,Dry,166,St Lawrence-East Bayfront-The Islands,77,Waterfront Communities-The Island (77),Non-Fatal Injury,0,0,1,0,0,1,0,0,0,0,0,0,0,Turning Movement,"['Driver', 'Vehicle Owner']",West,"['Automobile, Station Wagon', 'Other', 'Municipal Transit Bus (TTC)']","['Turning Left', 'Going Ahead']","['Improper Turn', 'Driving Properly']","['Inattentive', 'Normal']",[],[],[],[],[],[],D52,False,"['50 to 54', 'unknown', '60 to 64']",3.0
1030716.0,2008-03-17 08:00:00,2230,2008,DAVENPORT RD,SOMERSET AVE,,Minor Arterial,Toronto and East York,43.674645,-79.43179,626415.9022,4836931.3056,,No Control,Clear,Dark,Dry,94,Wychwood,94,Wychwood (94),Non-Fatal Injury,1,0,1,0,0,0,0,0,1,1,0,0,0,Pedestrian Collisions,"['Driver', 'Pedestrian']",East,"['Automobile, Station Wagon', 'Other']",['Going Ahead'],['Exceeding Speed Limit'],['Unknown'],['Pedestrian hit at mid-block'],['Person Getting on/off Vehicle'],['Normal'],[],[],[],D13,False,"['unknown', '65 to 69']",3.0
1030828.0,2008-03-28 08:00:00,1350,2008,LAWRENCE AVE E,HOWDEN RD,,Major Arterial,Scarborough,43.746845,-79.28799,637842.3586,4845179.3685,At Intersection,Traffic Signal,Clear,Daylight,Dry,119,Wexford/Maryvale,119,Wexford/Maryvale (119),Non-Fatal Injury,1,0,1,0,0,0,0,0,0,1,0,0,0,Pedestrian Collisions,"['Vehicle Owner', 'Driver', 'Pedestrian']",East,"['Other', 'Automobile, Station Wagon']",['Going Ahead'],['Failed to Yield Right of Way'],['Inattentive'],['Vehicle is going straight thru inter.while ped cross with ROW'],['Crossing with right of way'],['Medical or Physical Disability'],[],[],[],D41,False,"['unknown', '40 to 44', '75 to 79']",3.0
1031031.0,2008-03-06 10:00:00,1530,2008,DUNDAS ST W,JANE ST,,Major Arterial,Toronto and East York,43.665745,-79.49119,621645.5091,4835854.0309,At Intersection,Traffic Signal,Clear,Daylight,Dry,89,Runnymede-Bloor West Village,89,Runnymede-Bloor West Village (89),Non-Fatal Injury,1,0,1,0,0,0,0,0,0,0,0,0,0,Pedestrian Collisions,"['Driver', 'Pedestrian']",North,"['Automobile, Station Wagon', 'Other']",['Turning Right'],['Driving Properly'],['Normal'],['Vehicle turns right while ped crosses without ROW at inter.'],['Crossing without right of way'],['Inattentive'],[],[],[],D11,False,"['50 to 54', '15 to 19']",3.0
1031488.0,2008-04-01 08:00:00,1915,2008,LAKE SHORE BLVD W,BAY ST,,Major Arterial,Toronto and East York,43.643045,-79.37779,630837.59,4833505.4216,,Traffic Signal,Clear,Dark,Dry,166,St Lawrence-East Bayfront-The Islands,77,Waterfront Communities-The Island (77),Non-Fatal Injury,1,0,1,0,0,0,0,0,0,1,1,0,0,Pedestrian Collisions,"['Pedestrian', 'Vehicle Owner', 'Driver']",West,"['Other', 'Automobile, Station Wagon']",['Going Ahead'],['Disobeyed Traffic Control'],['Normal'],['Pedestrian hit on sidewalk or shoulder'],['On Sidewalk or Shoulder'],['Normal'],[],[],[],D52,False,"['35 to 39', '45 to 49', 'unknown', '50 to 54']",3.0
1031555.0,2008-03-11 08:00:00,1055,2008,BLACK CREEK DR,WESTON RD,,Major Arterial,Etobicoke York,43.683345,-79.48029,622488.501,4837824.785,At Intersection,No Control,Clear,Daylight,Dry,111,Rockcliffe-Smythe,111,Rockcliffe-Smythe (111),Non-Fatal Injury,0,0,1,0,0,0,0,0,0,1,0,0,0,Rear End,['Driver'],North,"['Automobile, Station Wagon']","['Going Ahead', 'Stopped']","['Following too Close', 'Driving Properly']","['Inattentive', 'Normal']",[],[],[],[],[],[],D12,False,"['20 to 24', '25 to 29']",3.0
1031943.0,2008-03-13 08:00:00,10,2008,CARLAW AVE,EASTERN AVE,,Major Arterial,Toronto and East York,43.658345,-79.33899,633932.9841,4835266.5876,At Intersection,Traffic Signal,Clear,Dark,Dry,70,South Riverdale,70,South Riverdale (70),Non-Fatal Injury,0,0,1,0,0,0,0,1,1,1,1,0,0,Angle,"['Vehicle Owner', 'Driver', 'Passenger', 'Other Property Owner']",North,"['Other', 'Automobile, Station Wagon']",['Going Ahead'],"['Disobeyed Traffic Control', 'Driving Properly']",['Normal'],[],[],[],[],[],[],D55,False,"['unknown', '35 to 39', '40 to 44']",3.0
1032022.0,2008-04-03 08:00:00,1743,2008,43 MILNER AVE,,,Minor Arterial,Scarborough,43.785345,-79.25389,640497.7819,4849512.7009,,No Control,Clear,Daylight,Dry,128,Agincourt South-Malvern West,128,Agincourt South-Malvern West (128),Non-Fatal Injury,0,0,1,1,0,0,0,1,0,0,0,0,0,Turning Movement,"['Motorcycle Driver', 'Passenger', 'Vehicle Owner', 'Driver']",South,"['Motorcycle', 'Other', 'Automobile, Station Wagon']","['Turning Right', 'Turning Left']","['Driving Properly', 'Improper Turn']",['Normal'],[],[],[],[],[],[],D42,False,"['30 to 34', '50 to 54', '35 to 39', 'unknown', '40 to 44']",3.0
1032200.0,2008-04-06 08:00:00,1645,2008,MARKHAM Rd,SHEPPARD Ave E,,Major Arterial,Scarborough,43.793845,-79.23879,641692.7038,4850482.5023,At Intersection,Traffic Signal,Clear,Daylight,Dry,128,Agincourt South-Malvern West,128,Agincourt South-Malvern West (128),Non-Fatal Injury,1,0,1,0,0,0,0,0,0,0,0,0,0,Pedestrian Collisions,"['Driver', 'Pedestrian']",East,"['Automobile, Station Wagon', 'Other']",['Turning Left'],['Driving Properly'],['Normal'],['Vehicle turns left while ped crosses without ROW at inter.'],['Crossing without right of way'],['Unknown'],[],[],[],D42,False,['70 to 74'],3.0
1032314.0,2008-03-28 08:00:00,1800,2008,160 MARKHAM RD,,,Major Arterial,Scarborough,43.741445,-79.21819,643475.269,4844698.1372,,No Control,Clear,Daylight,Dry,139,Scarborough Village,139,Scarborough Village (139),Non-Fatal Injury,1,0,1,0,0,0,0,0,0,0,0,0,0,Pedestrian Collisions,"['Driver', 'Pedestrian']",South,"['Automobile, Station Wagon', 'Other']",['Going Ahead'],['Driving Properly'],['Normal'],['Pedestrian hit at mid-block'],['Running onto Roadway'],['Normal'],[],[],[],D43,False,"['60 to 64', '10 to 14']",3.0
1032373.0,2008-04-07 08:00:00,1200,2008,CARLTON St,JARVIS St,,Major Arterial,Toronto and East York,43.662445,-79.37669,630884.1604,4835661.7818,At Intersection,Traffic Signal,Clear,Daylight,Dry,71,Cabbagetown-South St.James Town,71,Cabbagetown-South St.James Town (71),Non-Fatal Injury,1,0,1,0,0,0,0,0,0,0,0,0,0,Pedestrian Collisions,"['Vehicle Owner', 'Driver', 'Pedestrian']",North,"['Other', 'Automobile, Station Wagon']","['Stopped', 'Going Ahead']","['Driving Properly', 'Lost control']",['Normal'],['Pedestrian hit on sidewalk or shoulder'],['On Sidewalk or Shoulder'],['Normal'],[],[],[],D51,False,"['unknown', '30 to 34', '20 to 24', '50 to 54']",3.0
1032504.0,2008-03-24 08:00:00,1,2008,TAPSCOTT RD,FINCH AVE E,,Minor Arterial,Scarborough,43.814245,-79.23709,641781.2028,4852751.1653,At Intersection,Traffic Signal,Clear,Daylight,Dry,144,Morningside Heights,131,Rouge (131),Non-Fatal Injury,0,0,1,0,0,0,0,0,0,0,0,0,0,Angle,"['Driver', 'Vehicle Owner']",South,"['Automobile, Station Wagon', 'Other']","['Stopped', 'Going Ahead']","['Driving Properly', 'Lost control']","['Normal', 'Inattentive']",[],[],[],[],[],[],D42,False,"['45 to 49', 'unknown', '55 to 59', '15 to 19']",3.0
1032559.0,2008-04-08 08:00:00,624,2008,HOPE St,DUFFERIN St,,Major Arterial,Toronto and East York,43.682345,-79.44479,625351.9067,4837766.764,At Intersection,Traffic Signal,Clear,Dark,Dry,92,Corso Italia-Davenport,92,Corso Italia-Davenport (92),Non-Fatal Injury,1,0,1,0,0,0,0,0,0,1,0,0,0,Pedestrian Collisions,"['Driver', 'Pedestrian']",East,"['Automobile, Station Wagon', 'Other']",['Turning Left'],['Failed to Yield Right of Way'],['Inattentive'],['Vehicle turns left while ped crosses with ROW at inter.'],['Crossing with right of way'],['Normal'],[],[],[],D13,False,"['40 to 44', '65 to 69']",3.0
1032843.0,2008-04-10 08:00:00,2210,2008,3111 DANFORTH Ave,,,Major Arterial,Scarborough,43.691745,-79.28589,638138.0117,4839063.2056,,No Control,Clear,Dark,Dry,121,Oakridge,121,Oakridge (121),Non-Fatal Injury,1,0,1,0,0,0,0,0,0,0,0,0,0,Pedestrian Collisions,"['Driver', 'Pedestrian']",East,"['Automobile, Station Wagon']",['Going Ahead'],['Driving Properly'],['Normal'],['Pedestrian hit at mid-block'],['Running onto Roadway'],"['Ability Impaired, Alcohol']",[],[],[],D41,False,"['30 to 34', '40 to 44']",3.0
1033099.0,2008-04-12 08:00:00,2209,2008,KINGSTON RD,GRADWELL DR,,Major Arterial,Scarborough,43.720145,-79.23809,641923.1615,4842298.1811,,No Control,Rain,Dark,Wet,123,Cliffcrest,123,Cliffcrest (123),Non-Fatal Injury,0,0,1,0,0,0,0,1,0,0,0,0,0,Rear End,"['Vehicle Owner', 'Driver', 'Passenger']",West,"['Other', 'Automobile, Station Wagon']","['Parked', 'Going Ahead']",['Other'],['Unknown'],[],[],[],[],[],[],D43,False,"['unknown', '45 to 49', '70 to 74']",3.0
1033112.0,2008-04-13 08:00:00,244,2008,OSSINGTON AVE,COLLEGE ST,,Major Arterial,Toronto and East York,43.654345,-79.422687,627192.5807,4834690.6349,,Traffic Signal,Rain,Dark,Wet,81,Trinity-Bellwoods,81,Trinity-Bellwoods (81),Fatal,1,0,1,0,0,0,0,1,0,0,0,0,0,Pedestrian Collisions,"['Passenger', 'Vehicle Owner', 'Driver', 'Pedestrian']",East,"['Other', 'Taxi']",['Going Ahead'],['Driving Properly'],['Normal'],['Vehicle is going straight thru inter.while ped cross without ROW'],['Running onto Roadway'],"['Ability Impaired, Alcohol']",[],[],[],D14,True,"['20 to 24', 'unknown', '45 to 49']",4.0
1033146.0,2008-04-13 08:00:00,1509,2008,PAPE AVE,BAIN AVE,,Minor Arterial,Toronto and East York,43.672945,-79.34239,633626.4279,4836882.6319,At Intersection,Stop Sign,Clear,Daylight,Dry,68,North Riverdale,68,North Riverdale (68),Non-Fatal Injury,1,0,1,0,0,0,0,0,0,1,0,0,0,Pedestrian Collisions,"['Driver', 'Pedestrian']",South,"['Automobile, Station Wagon', 'Other']",['Unknown'],['Failed to Yield Right of Way'],['Unknown'],['Pedestrian hit on sidewalk or shoulder'],['On Sidewalk or Shoulder'],['Medical or Physical Disability'],[],[],[],D55,False,"['unknown', '35 to 39']",3.0
1033337.0,2008-04-14 08:00:00,1630,2008,PARLIAMENT ST,WELLESLEY ST E,,Minor Arterial,Toronto and East York,43.668145,-79.36959,631444.1837,4836306.0686,At Intersection,Traffic Signal,Clear,Daylight,Dry,71,Cabbagetown-South St.James Town,71,Cabbagetown-South St.James Town (71),Non-Fatal Injury,1,0,0,0,1,0,0,0,0,0,0,0,0,Pedestrian Collisions,"['Vehicle Owner', 'Truck Driver', 'Pedestrian']",North,"['Other', 'Truck - Open']",['Turning Left'],['Driving Properly'],['Normal'],['Vehicle turns left while ped crosses without ROW at inter.'],['Crossing without right of way'],['Had Been Drinking'],[],[],[],D51,False,"['unknown', '40 to 44', '30 to 34']",3.0
1033770.0,2008-04-15 08:00:00,2225,2008,STEELES AVE W,YONGE ST,,Major Arterial,North York,43.797945,-79.42009,627097.9409,4850643.4641,At Intersection,Traffic Signal,Clear,Daylight,Dry,36,Newtonbrook West,36,Newtonbrook West (36),Non-Fatal Injury,0,0,1,0,0,0,0,0,0,1,0,0,0,Rear End,['Driver'],East,"['Automobile, Station Wagon']","['Slowing or Stopping', 'Stopped']","['Following too Close', 'Driving Properly']",['Normal'],[],[],[],[],[],[],D32,False,"['20 to 24', '25 to 29']",3.0
1033955.0,2008-03-29 08:00:00,1422,2008,EGLINTON AVE W,PEVERIL HILL  N,,Major Arterial,North York,43.700845,-79.42639,626795.9931,4839849.4178,,No Control,Clear,Daylight,Dry,102,Forest Hill North,102,Forest Hill North (102),Non-Fatal Injury,1,0,1,0,0,0,0,0,0,0,0,0,0,Pedestrian Collisions,"['Driver', 'Pedestrian']",East,"['Automobile, Station Wagon', 'Other']",['Going Ahead'],['Driving Properly'],['Normal'],['Pedestrian hit at mid-block'],['Running onto Roadway'],['Unknown'],[],[],[],D13,False,"['65 to 69', '40 to 44']",3.0
1034287.0,2008-04-11 08:00:00,1849,2008,EGLINTON AVE W,SCARLETT RD,,Major Arterial,Etobicoke York,43.683945,-79.51149,619972.5666,4837845.817,At Intersection,Traffic Signal,Clear,Daylight,Dry,9,Edenbridge-Humber Valley,9,Edenbridge-Humber Valley (9),Non-Fatal Injury,0,0,1,0,0,0,0,1,0,1,0,0,0,Rear End,"['Passenger', 'Vehicle Owner', 'Driver']",West,"['Other', 'Automobile, Station Wagon']","['Slowing or Stopping', 'Going Ahead']","['Driving Properly', 'Following too Close']",['Normal'],[],[],[],[],[],[],D22,False,"['35 to 39', 'unknown', '40 to 44', '45 to 49']",3.0
1034552.0,2008-04-14 08:00:00,2321,2008,FINCH AVE W,WESTMORE DR,,Major Arterial,Etobicoke York,43.734645,-79.60099,612663.869,4843351.1709,,Traffic Signal,Clear,Dark,Dry,1,West Humber-Clairville,1,West Humber-Clairville (1),Non-Fatal Injury,0,0,1,0,0,0,0,1,0,1,0,0,0,Rear End,"['Passenger', 'Driver', 'Vehicle Owner']",West,"['Other', 'Automobile, Station Wagon']","['Stopped', 'Going Ahead']","['Driving Properly', 'Following too Close']",['Normal'],[],[],[],[],[],[],D23,False,"['40 to 44', '25 to 29', '30 to 34', '50 to 54', 'unknown', '35 to 39']",3.0
1034570.0,2008-04-22 08:00:00,1111,2008,PORT UNION RD,RAVINE PARK CRES,,Minor Arterial,Scarborough,43.788043,-79.140193,649639.6023,4850011.6263,At Intersection,Stop Sign,Clear,Daylight,Dry,143,West Rouge,131,Rouge (131),Non-Fatal Injury,0,0,1,1,0,0,0,0,0,0,0,0,0,Turning Movement,"['Motorcycle Driver', 'Vehicle Owner', 'Driver']",North,"['Motorcycle', 'Automobile, Station Wagon']","['Going Ahead', 'Turning Left']","['Driving Properly', 'Improper Turn']","['Normal', 'Inattentive']",[],[],[],[],[],[],D43,False,"['30 to 34', 'unknown', '25 to 29']",3.0
1034749.0,2008-04-13 08:00:00,1110,2008,LAMBTON AVE,WESTON RD,,Minor Arterial,Etobicoke York,43.684245,-79.48399,622188.4516,4837919.2842,At Intersection,Traffic Signal,Clear,Daylight,Dry,115,Mount Dennis,115,Mount Dennis (115),Non-Fatal Injury,0,0,1,0,0,0,0,1,0,1,0,0,0,Rear End,"['Driver', 'Passenger', 'Vehicle Owner']",East,"['Automobile, Station Wagon', 'Other']","['Slowing or Stopping', 'Stopped']","['Following too Close', 'Driving Properly']","['Inattentive', 'Normal']",[],[],[],[],[],[],D12,False,"['20 to 24', '35 to 39', 'unknown', '40 to 44']",3.0
1034751.0,2008-04-13 08:00:00,1430,2008,KENNEDY RD,401 C E KENNEDY N RAMP RD E,,Major Arterial,Scarborough,43.773145,-79.28389,638111.9441,4848107.2175,,Traffic Signal,Clear,Daylight,Dry,126,Dorset Park,126,Dorset Park (126),Non-Fatal Injury,0,0,1,0,0,0,0,1,0,1,1,0,0,Angle,"['Driver', 'Passenger']",East,"['Automobile, Station Wagon', 'Other']",['Going Ahead'],"['Disobeyed Traffic Control', 'Driving Properly']",['Normal'],[],[],[],[],[],[],D41,False,"['50 to 54', '60 to 64']",3.0
1034841.0,2008-04-24 08:00:00,53,2008,FINCH AVE W,TOPCLIFF AVE,,Major Arterial,Etobicoke York,43.759045,-79.50879,620040.113,4846190.639,At Intersection,No Control,Clear,Dark,Dry,25,Glenfield-Jane Heights,25,Glenfield-Jane Heights (25),Non-Fatal Injury,0,0,1,0,0,0,0,0,0,0,0,0,0,Approaching,['Driver'],East,"['Automobile, Station Wagon']",['Going Ahead'],"['Driving Properly', 'Lost control']","['Normal', 'Inattentive']",[],[],[],[],[],[],D31,False,"['65 to 69', '45 to 49']",3.0
1035278.0,2008-03-26 08:00:00,2152,2008,YORK MILLS RD,DON MILLS RD,,Major Arterial,North York,43.755845,-79.34699,633071.9794,4846082.4667,At Intersection,Traffic Signal,Clear,Dark,Dry,40,St.Andrew-Windfields,40,St.Andrew-Windfields (40),Non-Fatal Injury,1,0,1,0,0,0,0,0,0,0,0,0,0,Pedestrian Collisions,"['Vehicle Owner', 'Driver', 'Pedestrian']",North,"['Other', 'Automobile, Station Wagon']",['Going Ahead'],['Driving Properly'],['Normal'],['Vehicle is going straight thru inter.while ped cross without ROW'],['Crossing without right of way'],['Inattentive'],[],[],[],D33,False,"['unknown', '20 to 24', '40 to 44']",3.0
1035403.0,2008-04-28 08:00:00,1438,2008,FINCH AVE E,SKYMARK DR,,Major Arterial,North York,43.793145,-79.35229,632562.8659,4850216.7048,At Intersection,Traffic Signal,Clear,Daylight,Dry,47,Don Valley Village,47,Don Valley Village (47),Non-Fatal Injury,0,0,1,0,0,0,0,1,0,0,0,0,0,Turning Movement,"['Driver', 'Vehicle Owner', 'Passenger']",South,"['Automobile, Station Wagon', 'Other']","['Turning Right', 'Going Ahead']","['Improper Turn', 'Driving Properly']","['Inattentive', 'Normal']",[],[],[],[],[],[],D33,False,"['85 to 89', 'unknown', '60 to 64']",3.0
1035404.0,2008-04-28 08:00:00,2000,2008,EGLINTON Aven E,CREDIT UNION Driv,,Major Arterial,North York,43.726145,-79.31829,635449.3949,4842830.352,At Intersection,No Control,Clear,Daylight,Dry,43,Victoria Village,43,Victoria Village (43),Non-Fatal Injury,1,0,1,0,0,0,0,0,0,0,0,0,0,Pedestrian Collisions,"['Vehicle Owner', 'Driver', 'Pedestrian']",East,"['Other', 'Automobile, Station Wagon']",['Going Ahead'],['Driving Properly'],['Normal'],['Pedestrian hit on sidewalk or shoulder'],['On Sidewalk or Shoulder'],['Normal'],[],[],[],D33,False,"['unknown', '35 to 39', '75 to 79']",3.0
1035405.0,2008-04-28 08:00:00,1722,2008,REXDALE Boul,QUEENS PLATE Driv,,Major Arterial,Etobicoke York,43.719145,-79.60349,612491.5486,4841626.2832,At Intersection,No Control,Clear,Daylight,Dry,1,West Humber-Clairville,1,West Humber-Clairville (1),Fatal,1,0,1,0,0,0,0,0,0,0,0,0,1,Pedestrian Collisions,"['Vehicle Owner', 'Driver', 'Pedestrian']",East,"['Other', 'Automobile, Station Wagon']","['Going Ahead', 'Other']",['Lost control'],['Medical or Physical Disability'],['Pedestrian hit on sidewalk or shoulder'],['On Sidewalk or Shoulder'],['Normal'],[],[],[],D23,True,"['unknown', '60 to 64', '85 to 89']",4.0
1035924.0,2008-05-01 08:00:00,738,2008,ST CLAIR AVE E,JEANETTE ST,,Minor Arterial,Scarborough,43.719645,-79.24709,641199.3704,4842227.2754,At Intersection,Stop Sign,Clear,Daylight,Dry,123,Cliffcrest,123,Cliffcrest (123),Fatal,1,0,0,0,1,0,0,0,0,0,0,0,0,Pedestrian Collisions,"['Vehicle Owner', 'Truck Driver', 'Pedestrian']",North,"['Other', 'Truck - Open']",['Turning Left'],['Improper Turn'],['Normal'],['Vehicle turns left while ped crosses without ROW at inter.'],"['Crossing, no Traffic Control']",['Normal'],[],[],[],D41,True,"['unknown', '35 to 39', '50 to 54']",4.0
1036238.0,2008-05-03 08:00:00,245,2008,HUNTINGDALE BLVD,HEATHERSIDE DR,,Collector,Scarborough,43.796545,-79.32309,634904.4599,4850641.5113,,No Control,"Fog, Mist, Smoke, Dust",Dark,Wet,147,L'Amoreaux West,117,L'Amoreaux (117),Fatal,0,0,1,0,0,0,0,0,0,0,0,1,0,SMV Other,"['Other', 'Driver']",North,"['Other', 'Automobile, Station Wagon']","['Parked', 'Going Ahead']",['Lost control'],"['Ability Impaired, Alcohol']",[],[],[],[],[],[],D42,True,"['unknown', '20 to 24']",4.0
1036361.0,2008-04-18 08:00:00,1405,2008,YONGE ST,CARLTON ST,,Major Arterial,Toronto and East York,43.661345,-79.38309,630370.517,4835529.5355,At Intersection,Traffic Signal,Clear,Daylight,Dry,168,Downtown Yonge East,75,Church-Yonge Corridor (75),Non-Fatal Injury,1,0,1,0,0,0,0,0,0,1,0,0,0,Pedestrian Collisions,"['Vehicle Owner', 'Driver', 'Pedestrian']",North,"['Other', 'Automobile, Station Wagon']",['Slowing or Stopping'],['Failed to Yield Right of Way'],['Normal'],['Vehicle is going straight thru inter.while ped cross with ROW'],['Crossing with right of way'],['Normal'],[],[],[],D51,False,"['unknown', '45 to 49', '20 to 24']",3.0
1036453.0,2008-04-10 08:00:00,1646,2008,437 DANFORTH Ave,,,Major Arterial,Toronto and East York,43.677745,-79.35039,632970.9072,4837402.8808,,No Control,Clear,Daylight,Dry,68,North Riverdale,68,North Riverdale (68),Non-Fatal Injury,1,0,1,0,0,0,0,0,0,0,0,0,0,Pedestrian Collisions,"['Driver', 'Pedestrian']",East,"['Automobile, Station Wagon', 'Other']",['Going Ahead'],['Driving Properly'],['Unknown'],['Pedestrian hit at mid-block'],['Running onto Roadway'],['Had Been Drinking'],[],[],[],D55,False,"['60 to 64', '45 to 49']",3.0
1036484.0,2008-04-19 08:00:00,1240,2008,CARLAW AVE,VICTOR AVE,,Minor Arterial,Toronto and East York,43.669145,-79.34339,633554.2415,4836458.9798,At Intersection,No Control,Clear,Daylight,Dry,68,North Riverdale,68,North Riverdale (68),Non-Fatal Injury,1,0,1,0,0,0,0,0,0,0,0,0,0,Pedestrian Collisions,"['Driver', 'Pedestrian']",East,"['Automobile, Station Wagon', 'Other']",['Slowing or Stopping'],['Driving Properly'],['Normal'],['Pedestrian involved in a collision with transit vehicle anywhere along roadway'],"['Crossing, no Traffic Control']",['Inattentive'],[],[],[],D55,False,"['45 to 49', '15 to 19']",3.0
1036520.0,2008-05-05 08:00:00,1105,2008,GRANDRAVINE DR,SENTINEL RD,,Collector,Etobicoke York,43.751645,-79.49559,621117.6287,4845387.9763,At Intersection,Stop Sign,Clear,Daylight,Dry,27,York University Heights,27,York University Heights (27),Non-Fatal Injury,1,0,1,0,0,0,0,0,0,1,0,0,0,Pedestrian Collisions,"['Driver', 'Vehicle Owner', 'Pedestrian']",East,"['Automobile, Station Wagon', 'Other']","['Stopped', 'Going Ahead']","['Driving Properly', 'Disobeyed Traffic Control']",['Normal'],['Pedestrian hit on sidewalk or shoulder'],['On Sidewalk or Shoulder'],['Normal'],[],[],[],D31,False,"['70 to 74', '55 to 59', 'unknown', '75 to 79']",3.0
1036978.0,2008-04-21 08:00:00,805,2008,BLOOR ST W,OLD MILL TER,,Major Arterial,Etobicoke York,43.649645,-79.49539,621339.3114,4834059.7676,,Traffic Signal,Clear,Daylight,Dry,15,Kingsway South,15,Kingsway South (15),Non-Fatal Injury,0,1,1,0,0,0,0,0,0,0,0,0,0,Cyclist Collisions,"['Driver', 'Cyclist']",East,"['Automobile, Station Wagon', 'Bicycle']","['Turning Right', 'Going Ahead']",['Driving Properly'],['Normal'],[],[],[],['Motorist turning right on green or amber at signalized intersection strikes cyclist.'],['Other'],['Normal'],D22,False,"['35 to 39', '20 to 24']",3.0
1036979.0,2008-05-02 08:00:00,708,2008,MARKHAM Road,STEELES,,Major Arterial,Scarborough,43.836645,-79.25119,640594.6045,4855214.9894,,No Control,Clear,Daylight,Dry,NSA,NSA,NSA,NSA,Non-Fatal Injury,0,0,1,0,0,0,0,0,0,0,0,0,0,Sideswipe,"['Vehicle Owner', 'Driver']",North,"['Other', 'Automobile, Station Wagon']","['Stopped', 'Changing Lanes']","['Driving Properly', 'Improper Lane Change']","['Normal', 'Inattentive']",[],[],[],[],[],[],NSA,False,"['unknown', '35 to 39']",3.0
1036983.0,2008-04-21 08:00:00,845,2008,ISLINGTON AVE,RATHBURN RD,,Major Arterial,Etobicoke York,43.662445,-79.53119,618427.0319,4835429.6507,,Traffic Signal,Clear,Daylight,Dry,9,Edenbridge-Humber Valley,9,Edenbridge-Humber Valley (9),Non-Fatal Injury,0,0,1,0,0,0,0,0,0,0,0,0,0,Turning Movement,['Driver'],South,"['Automobile, Station Wagon']","['Going Ahead', 'Turning Left']","['Driving Properly', 'Improper Turn']",['Normal'],[],[],[],[],[],[],D22,False,"['40 to 44', '75 to 79', '35 to 39']",3.0
1037389.0,2008-05-10 08:00:00,1216,2008,DUFFERIN ST,ROGERS RD,,Major Arterial,Toronto and East York,43.685545,-79.44609,625240.4651,4838120.2033,At Intersection,Traffic Signal,Clear,Daylight,Dry,107,Oakwood Village,107,Oakwood Village (107),Non-Fatal Injury,1,0,1,0,0,0,0,0,0,0,0,0,0,Pedestrian Collisions,"['Driver', 'Pedestrian']",North,"['Automobile, Station Wagon', 'Other']",['Going Ahead'],['Driving Properly'],['Normal'],['Vehicle is going straight thru inter.while ped cross without ROW'],['Crossing without right of way'],['Normal'],[],[],[],D13,False,"['60 to 64', '30 to 34']",3.0
1037550.0,2008-04-15 08:00:00,2100,2008,SHEPPARD Aven E,WASHBURN Way,,Major Arterial,Scarborough,43.796645,-79.22509,642788.2384,4850817.0336,,No Control,Clear,Dark,Dry,145,Malvern West,132,Malvern (132),Non-Fatal Injury,1,0,1,0,0,0,0,0,0,0,0,0,0,Pedestrian Collisions,"['Driver', 'Pedestrian']",South,"['Automobile, Station Wagon', 'Other']",['Going Ahead'],['Driving Properly'],['Normal'],['Pedestrian hit at mid-block'],"['Crossing, no Traffic Control']",['Unknown'],[],[],[],D42,False,"['35 to 39', '15 to 19']",3.0
1037585.0,2008-04-19 08:00:00,1307,2008,KINGSTON Road,OLD KINGSTON Road,,Minor Arterial,Scarborough,43.784045,-79.16919,647316.3022,4849515.5682,At Intersection,No Control,Clear,Daylight,Dry,133,Centennial Scarborough,133,Centennial Scarborough (133),Non-Fatal Injury,0,0,1,1,0,0,0,0,0,1,0,0,0,Turning Movement,"['Motorcycle Driver', 'Driver']",East,"['Motorcycle', 'Automobile, Station Wagon']","['Going Ahead', 'Turning Left']","['Driving Properly', 'Failed to Yield Right of Way']","['Normal', 'Inattentive']",[],[],[],[],[],[],D43,False,"['50 to 54', '40 to 44']",3.0
1037827.0,2008-04-24 08:00:00,1217,2008,PAPE AVE,WOODVILLE AVE,,Major Arterial,Toronto and East York,43.692345,-79.34989,632978.9471,4839025.2143,,Stop Sign,Clear,Daylight,Dry,58,Old East York,58,Old East York (58),Non-Fatal Injury,0,0,1,1,0,0,0,0,0,0,0,0,0,Angle,"['Motorcycle Driver', 'Driver']",East,"['Motorcycle', 'Automobile, Station Wagon']",['Going Ahead'],['Driving Properly'],['Normal'],[],[],[],[],[],[],D55,False,"['25 to 29', '70 to 74']",3.0
1037840.0,2008-04-28 08:00:00,1700,2008,HAVELOCK Stre,DEWSON Stre,,Collector,Toronto and East York,43.655545,-79.43049,626560.8294,4834811.9795,At Intersection,Stop Sign,Clear,Daylight,Dry,83,Dufferin Grove,83,Dufferin Grove (83),Non-Fatal Injury,0,1,1,0,0,0,0,0,0,0,0,0,0,Cyclist Collisions,"['Vehicle Owner', 'Driver', 'Cyclist']",South,"['Other', 'Automobile, Station Wagon', 'Bicycle']","['Turning Left', 'Going Ahead']",['Improper Turn'],['Inattentive'],[],[],[],"['Motorist without ROW drives into path of cyclist at inter, lnwy, dwy-Driver not turn.']",['Driving Properly'],['Normal'],D14,False,"['unknown', '30 to 34', '60 to 64']",3.0