accident_number,date,time,year,street1,street2,offset,road_class,district,latitude,longitude,x,y,accident_location,traffctl,visibility,light,road_surface_condition,hood_158,neighbourhood_new,hood_140,neighbourhood_old,accident_class,pedestrian,cyclist,automobile,motorcycle,truck,trsn_city_veh,emerg_veh,passenger,speeding,aggressive_driving,redlight,alcohol,disability,impact_type,involvement_type,initial_direction,vehicle_type,manoeuver,driver_action,driver_condition,pedestrian_type,pedestrian_action,pedestrian_condition,cyclist_type,cyclist_action,cyclist_condition,division,injury,involvement_age,injury_severity_score
1037905.0,2008-04-26 08:00:00,712,2008,KIPLING Aven,EGLINTON Aven W,,Major Arterial,Etobicoke York,43.677145,-79.55089,616810.1321,4837034.3471,At Intersection,Traffic Signal,Clear,Daylight,Dry,10,Princess-Rosethorn,10,Princess-Rosethorn (10),Non-Fatal Injury,0,0,1,0,0,0,0,1,0,1,1,0,0,Angle,"['Driver', 'Passenger']",East,"['Automobile, Station Wagon', 'Other']","['Stopped', 'Going Ahead']","['Driving Properly', 'Disobeyed Traffic Control']",['Normal'],[],[],[],[],[],[],D22,False,"['65 to 69', '45 to 49', '40 to 44', '30 to 34']",3.0
1038269.0,2008-05-14 08:00:00,800,2008,PECKHAM AVE,GREENWIN VILLAGE RD,,Collector,North York,43.792745,-79.43679,625765.384,4850040.4122,,Stop Sign,Clear,Daylight,Dry,36,Newtonbrook West,36,Newtonbrook West (36),Non-Fatal Injury,1,0,1,0,0,0,0,0,0,1,0,0,0,Pedestrian Collisions,"['Driver', 'Pedestrian']",North,"['Automobile, Station Wagon', 'Other']",['Turning Left'],['Failed to Yield Right of Way'],['Inattentive'],['Vehicle turns left while ped crosses with ROW at inter.'],['Crossing with right of way'],['Normal'],[],[],[],D32,False,"['65 to 69', '45 to 49']",3.0
1038340.0,2008-05-13 08:00:00,2030,2008,EGLINTON AVE E,CREDIT UNION DR,,Major Arterial,North York,43.725945,-79.31939,635361.2475,4842806.3417,,No Control,Clear,Dark,Dry,43,Victoria Village,43,Victoria Village (43),Fatal,0,0,1,0,0,0,0,1,1,1,0,0,0,Approaching,"['Vehicle Owner', 'Driver', 'Passenger']",East,"['Other', 'Automobile, Station Wagon']",['Going Ahead'],"['Driving Properly', 'Exceeding Speed Limit']","['Normal', 'Unknown', 'Had Been Drinking']",[],[],[],[],[],[],D33,True,"['unknown', '25 to 29', '55 to 59', '30 to 34', '20 to 24', '15 to 19']",4.0
1038453.0,2008-04-28 08:00:00,1616,2008,BATHURST Stre,DREWRY Aven,,Major Arterial,North York,43.781045,-79.44479,625146.1658,4848728.8223,,No Control,Clear,Daylight,Dry,36,Newtonbrook West,36,Newtonbrook West (36),Non-Fatal Injury,0,0,1,0,0,0,0,0,0,1,0,0,0,Turning Movement,"['Driver', 'Vehicle Owner']",North,"['Automobile, Station Wagon', 'Other']","['Turning Left', 'Going Ahead']","['Failed to Yield Right of Way', 'Driving Properly']",['Normal'],[],[],[],[],[],[],D32,False,"['20 to 24', 'unknown']",3.0
1038469.0,2008-05-02 08:00:00,1550,2008,MCCOWAN RD,CORPORATE DR,,Major Arterial,Scarborough,43.784645,-79.25619,640314.352,4849431.0535,,No Control,Rain,Daylight,Wet,128,Agincourt South-Malvern West,128,Agincourt South-Malvern West (128),Non-Fatal Injury,1,0,1,0,0,0,0,0,0,0,0,0,0,Pedestrian Collisions,"['Driver', 'Pedestrian']",South,"['Automobile, Station Wagon', 'Other']","['Going Ahead', 'Unknown']",['Driving Properly'],['Normal'],['Pedestrian hit at mid-block'],"['Crossing, no Traffic Control']",['Medical or Physical Disability'],[],[],[],D42,False,"['60 to 64', '55 to 59']",3.0
1038512.0,2008-05-15 08:00:00,950,2008,RATHBURN Road,THE EAST MALL,,Minor Arterial,Etobicoke York,43.654945,-79.56429,615772.6413,4834549.9666,At Intersection,Traffic Signal,Clear,Daylight,Dry,11,Eringate-Centennial-West Deane,11,Eringate-Centennial-West Deane (11),Non-Fatal Injury,0,0,1,0,0,0,0,0,0,1,1,0,1,Turning Movement,['Driver'],East,"['Automobile, Station Wagon']","['Turning Left', 'Going Ahead']","['Driving Properly', 'Disobeyed Traffic Control']","['Normal', 'Medical or Physical Disability']",[],[],[],[],[],[],D22,False,"['35 to 39', '80 to 84']",3.0
1038516.0,2008-05-15 08:00:00,1428,2008,FINCH AVE W,SENLAC RD,,Major Arterial,North York,43.776445,-79.43029,626322.6626,4848239.9431,At Intersection,Traffic Signal,Clear,"Daylight, artificial",Dry,37,Willowdale West,37,Willowdale West (37),Non-Fatal Injury,0,0,1,0,0,0,0,1,0,1,0,0,0,Turning Movement,"['Passenger', 'Driver', 'Vehicle Owner', 'Other Property Owner']",East,"['Other', 'Automobile, Station Wagon']","['Turning Left', 'Going Ahead']","['Failed to Yield Right of Way', 'Driving Properly']",['Normal'],[],[],[],[],[],[],D32,False,"['80 to 84', '90 to 94', '20 to 24', 'unknown', '25 to 29']",3.0
1038517.0,2008-05-15 08:00:00,1403,2008,AVENUE RD,YORKVILLE AVE,,Major Arterial,Toronto and East York,43.670345,-79.39479,629407.8025,4836510.7875,At Intersection,Traffic Signal,Clear,Daylight,Dry,95,Annex,95,Annex (95),Non-Fatal Injury,1,0,1,0,0,0,0,0,0,1,0,0,0,Pedestrian Collisions,"['Pedestrian', 'Vehicle Owner', 'Driver']",West,"['Other', 'Automobile, Station Wagon']",['Turning Left'],['Failed to Yield Right of Way'],['Inattentive'],['Vehicle turns left while ped crosses with ROW at inter.'],['Crossing with right of way'],['Normal'],[],[],[],D53,False,"['70 to 74', 'unknown', '35 to 39']",3.0
1039230.0,2008-05-07 08:00:00,1734,2008,COLLEGE ST,RUSHOLME RD,,Major Arterial,Toronto and East York,43.653245,-79.42819,626751.1353,4834560.0451,At Intersection,No Control,Rain,Daylight,Wet,83,Dufferin Grove,83,Dufferin Grove (83),Non-Fatal Injury,0,1,1,0,0,0,0,0,0,0,0,0,0,Cyclist Collisions,"['Driver', 'Cyclist']",West,"['Automobile, Station Wagon', 'Bicycle']","['Going Ahead', 'Unknown']",['Other'],['Inattentive'],[],[],[],['Cyclist struck opened vehicle door'],['Driving Properly'],['Unknown'],D14,False,"['unknown', '20 to 24']",3.0
1039417.0,2008-04-24 08:00:00,2020,2008,ST CLAIR AVE W,SILVERTHORN AVE,,Major Arterial,Toronto and East York,43.674145,-79.45999,624143.6653,4836833.1828,,Traffic Signal,Clear,Dark,Dry,91,Weston-Pelham Park,91,Weston-Pellam Park (91),Non-Fatal Injury,0,0,1,1,0,0,0,0,0,0,0,0,0,Sideswipe,"['Motorcycle Driver', 'Vehicle Owner', 'Driver']",West,"['Motorcycle', 'Other', 'Automobile, Station Wagon']","['Going Ahead', 'Changing Lanes']","['Driving Properly', 'Improper Lane Change']","['Normal', 'Inattentive']",[],[],[],[],[],[],D11,False,"['30 to 34', 'unknown', '20 to 24']",3.0
1039584.0,2008-05-22 08:00:00,1310,2008,EGLINTON AVE W,ELMSTHORPE AVE,,Major Arterial,North York,43.704245,-79.41029,628086.0465,4840251.7839,,No Control,Clear,Daylight,Dry,103,Lawrence Park South,103,Lawrence Park South (103),Fatal,0,1,1,0,0,0,0,0,0,0,0,0,0,Cyclist Collisions,"['Driver', 'Vehicle Owner', 'Cyclist']",East,"['Delivery Van', 'Other', 'Automobile, Station Wagon', 'Bicycle']","['Going Ahead', 'Parked']","['Driving Properly', 'Other']","['Normal', 'Inattentive']",[],[],[],['Cyclist struck opened vehicle door'],['Driving Properly'],['Unknown'],D53,True,"['55 to 59', 'unknown', '40 to 44']",4.0
1039861.0,2008-05-24 08:00:00,30,2008,BAYVIEW Aven,BLOOR Ramp,,,Toronto and East York,43.677146,-79.367893,631561.3284,4837308.4419,,No Control,Clear,Dark,Dry,98,Rosedale-Moore Park,98,Rosedale-Moore Park (98),Fatal,0,0,0,1,0,0,0,0,1,1,0,0,0,SMV Other,['Motorcycle Driver'],North,['Motorcycle'],['Going Ahead'],['Exceeding Speed Limit'],['Unknown'],[],[],[],[],[],[],D53,True,['25 to 29'],4.0
1040088.0,2008-05-26 08:00:00,1440,2008,230 QUEEN ST E,,,Major Arterial,Toronto and East York,43.654645,-79.36899,631522.0314,4834807.6643,At Intersection,No Control,Clear,Daylight,Dry,73,Moss Park,73,Moss Park (73),Non-Fatal Injury,0,0,1,0,0,1,0,0,0,0,0,0,1,Approaching,"['Driver', 'Vehicle Owner']",East,"['Automobile, Station Wagon', 'Municipal Transit Bus (TTC)']","['Going Ahead', 'Slowing or Stopping']","['Lost control', 'Driving Properly']","['Medical or Physical Disability', 'Normal']",[],[],[],[],[],[],D51,False,"['60 to 64', 'unknown', '50 to 54']",3.0
1040090.0,2008-05-26 08:00:00,1125,2008,1835 YONGE ST,,,Major Arterial,Toronto and East York,43.696639,-79.396304,629229.2769,4839428.735,,No Control,Clear,Daylight,Dry,174,South Eglinton-Davisville,104,Mount Pleasant West (104),Non-Fatal Injury,0,0,1,0,0,0,0,0,0,0,0,0,1,Approaching,"['Driver', 'Vehicle Owner']",North,"['Automobile, Station Wagon', 'Other']",['Going Ahead'],"['Driving Properly', 'Lost control']","['Normal', 'Medical or Physical Disability']",[],[],[],[],[],[],D53,False,"['45 to 49', 'unknown']",3.0
1040168.0,2008-05-04 08:00:00,2320,2008,DUFFERIN Stre,LAWRENCE Aven W,,Major Arterial,North York,43.714545,-79.45479,624479.238,4841327.9527,At Intersection,No Control,Clear,Dark,Dry,31,Yorkdale-Glen Park,31,Yorkdale-Glen Park (31),Non-Fatal Injury,0,0,1,0,0,0,0,0,0,0,0,1,0,Sideswipe,"['Vehicle Owner', 'Driver', 'Other Property Owner']",South,"['Other', 'Automobile, Station Wagon']","['Changing Lanes', 'Going Ahead']","['Other', 'Driving Properly']","['Ability Impaired, Alcohol Over .08', 'Normal']",[],[],[],[],[],[],D32,False,"['unknown', '55 to 59', '20 to 24']",3.0
1040428.0,2008-05-28 08:00:00,810,2008,PARLIAMENT St,LAKE SHORE Blvd E,,Minor Arterial,Toronto and East York,43.648645,-79.36149,632139.9839,4834153.2003,At Intersection,No Control,Clear,Daylight,Dry,166,St Lawrence-East Bayfront-The Islands,77,Waterfront Communities-The Island (77),Non-Fatal Injury,0,1,1,0,0,0,0,0,0,0,0,0,0,Cyclist Collisions,"['Driver', 'Cyclist']",North,"['Automobile, Station Wagon', 'Bicycle']","['Going Ahead', 'Changing Lanes']",['Driving Properly'],['Normal'],[],[],[],['Cyclist and Driver travelling in same direction. One vehicle sideswipes the other.'],['Improper Lane Change'],['Inattentive'],D51,False,"['40 to 44', '20 to 24']",3.0
1040690.0,2008-05-18 08:00:00,535,2008,FINCH AVE W,MADELINE RD,,Major Arterial,North York,43.778445,-79.42159,627018.5679,4848475.3844,At Intersection,No Control,Clear,Dark,Dry,36,Newtonbrook West,36,Newtonbrook West (36),Non-Fatal Injury,0,0,1,0,0,0,0,0,0,0,0,0,0,SMV Other,"['Driver', 'Other Property Owner']",West,"['Automobile, Station Wagon', 'Other']",['Going Ahead'],['Lost control'],['Had Been Drinking'],[],[],[],[],[],[],D32,False,"['25 to 29', 'unknown']",3.0
1040891.0,2008-05-30 08:00:00,746,2008,BAY ST,YORKVILLE AVE,,Major Arterial,Toronto and East York,43.671345,-79.39019,629776.4908,4836629.0372,,Traffic Signal,Clear,Daylight,Dry,95,Annex,95,Annex (95),Fatal,1,0,1,0,0,0,0,0,0,0,0,0,0,Pedestrian Collisions,"['Vehicle Owner', 'Driver', 'Pedestrian']",East,"['Other', 'Automobile, Station Wagon']",['Turning Left'],['Driving Properly'],['Normal'],['Pedestrian involved in a collision with transit vehicle anywhere along roadway'],['Crossing without right of way'],['Unknown'],[],[],[],D53,True,"['unknown', '40 to 44', '70 to 74']",4.0
1040898.0,2008-05-30 08:00:00,1138,2008,331 TRUDELLE St,,,Collector,Scarborough,43.741545,-79.23449,642162.5041,4844681.1424,,No Control,Rain,Daylight,Wet,138,Eglinton East,138,Eglinton East (138),Non-Fatal Injury,1,0,1,0,0,0,0,0,1,1,0,0,1,Pedestrian Collisions,"['Driver', 'Other', 'Pedestrian']",North,"['Automobile, Station Wagon', 'Other']","['Going Ahead', 'Parked', 'Other']",['Lost control'],['Medical or Physical Disability'],['Pedestrian hit on sidewalk or shoulder'],['On Sidewalk or Shoulder'],['Normal'],[],[],[],D43,False,"['50 to 54', 'unknown', '10 to 14']",3.0
1041105.0,2008-06-01 08:00:00,1838,2008,LAWRENCE Ave W,ROXALINE St,,Minor Arterial,Etobicoke York,43.696845,-79.52969,618480.2491,4839252.3694,At Intersection,Stop Sign,Clear,Daylight,Dry,8,Humber Heights-Westmount,8,Humber Heights-Westmount (8),Non-Fatal Injury,0,0,1,0,0,0,0,0,0,1,0,0,0,Angle,['Driver'],South,"['Automobile, Station Wagon']",['Going Ahead'],"['Driving Properly', 'Disobeyed Traffic Control']","['Normal', 'Inattentive']",[],[],[],[],[],[],D23,False,"['50 to 54', '15 to 19']",3.0
1041453.0,2008-06-03 08:00:00,1230,2008,SENLAC RD,SHEPPARD AVE W,,Major Arterial,North York,43.758945,-79.42259,626979.3512,4846308.0804,At Intersection,Traffic Signal,Rain,Daylight,Wet,38,Lansing-Westgate,38,Lansing-Westgate (38),Non-Fatal Injury,1,0,1,0,0,0,0,0,0,1,0,0,0,Pedestrian Collisions,"['Pedestrian', 'Driver']",East,"['Other', 'Automobile, Station Wagon']",['Turning Left'],['Failed to Yield Right of Way'],['Inattentive'],['Vehicle turns left while ped crosses with ROW at inter.'],['Crossing with right of way'],['Normal'],[],[],[],D32,False,"['70 to 74', '80 to 84']",3.0
1041588.0,2008-06-04 08:00:00,1838,2008,PORT UNION Road,KINGSTON Road,,Minor Arterial,Scarborough,43.798545,-79.14579,649163.1304,4851167.9406,At Intersection,No Control,Clear,Daylight,Dry,133,Centennial Scarborough,133,Centennial Scarborough (133),Non-Fatal Injury,0,0,1,0,0,0,0,0,0,0,0,0,0,Angle,['Driver'],,"['Automobile, Station Wagon']","['Going Ahead', 'Changing Lanes']",[],[],[],[],[],[],[],[],D42,False,"['60 to 64', '65 to 69']",3.0
1041602.0,2008-05-18 08:00:00,840,2008,LAWSON Rd,MEADOWVALE Rd,,Collector,Scarborough,43.784845,-79.16249,647853.4529,4849616.3671,,No Control,Clear,Daylight,Dry,133,Centennial Scarborough,133,Centennial Scarborough (133),Non-Fatal Injury,0,0,1,0,0,0,0,1,0,0,0,0,0,Approaching,"['Vehicle Owner', 'Driver', 'Passenger']",East,"['Other', 'Automobile, Station Wagon']",['Going Ahead'],"['Driving Properly', 'Lost control']",['Normal'],[],[],[],[],[],[],D43,False,"['unknown', '40 to 44', '65 to 69', '35 to 39']",3.0
1041737.0,2008-05-26 08:00:00,1125,2008,1835 YONGE ST,,,Major Arterial,Toronto and East York,43.696645,-79.39629,629230.3922,4839429.4232,,No Control,Clear,Daylight,Dry,174,South Eglinton-Davisville,104,Mount Pleasant West (104),Non-Fatal Injury,0,0,1,0,0,0,0,0,0,0,0,0,0,Approaching,['Driver'],North,"['Automobile, Station Wagon']","['Going Ahead', 'Other']",[],[],[],[],[],[],[],[],D53,False,"['50 to 54', '45 to 49']",3.0
1041784.0,2008-05-09 08:00:00,1956,2008,ST CLAIR AVE W,BATHURST ST,,Major Arterial,Toronto and East York,43.683093,-79.418262,627488.5333,4837890.2764,At Intersection,Traffic Signal,Clear,Daylight,Dry,96,Casa Loma,96,Casa Loma (96),Non-Fatal Injury,1,0,0,0,0,1,0,0,0,1,0,0,0,Pedestrian Collisions,"['Vehicle Owner', 'Driver', 'Pedestrian']",South,['Municipal Transit Bus (TTC)'],['Pulling Away from Shoulder or Curb'],['Failed to Yield Right of Way'],['Inattentive'],['Pedestrian involved in a collision with transit vehicle anywhere along roadway'],['Person Getting on/off Vehicle'],['Normal'],[],[],[],D13,False,"['unknown', '40 to 44', '60 to 64']",3.0
1041835.0,2008-05-23 08:00:00,1244,2008,KIPLING AVE,SNARESBROOK DR,,Major Arterial,Etobicoke York,43.721645,-79.57149,615064.4418,4841947.8711,At Intersection,Traffic Signal,Clear,Daylight,Dry,1,West Humber-Clairville,1,West Humber-Clairville (1),Non-Fatal Injury,1,0,1,0,0,0,0,0,0,0,0,0,0,Pedestrian Collisions,"['Vehicle Owner', 'Driver', 'Pedestrian']",North,"['Other', 'Automobile, Station Wagon']",['Going Ahead'],['Driving Properly'],['Normal'],['Vehicle is going straight thru inter.while ped cross without ROW'],['Crossing without right of way'],['Inattentive'],[],[],[],D23,False,"['unknown', '35 to 39', '10 to 14']",3.0
1041888.0,2008-06-06 08:00:00,750,2008,EGLINTON AVE W,RICHARDSON AVE,,Major Arterial,Etobicoke York,43.690945,-79.47149,623182.2291,4838681.9023,At Intersection,Traffic Signal,Clear,Daylight,Dry,110,Keelesdale-Eglinton West,110,Keelesdale-Eglinton West (110),Non-Fatal Injury,0,0,1,1,0,0,0,0,0,0,0,0,0,Rear End,"['Motorcycle Driver', 'Driver']",East,"['Motorcycle', 'Automobile, Station Wagon']","['Going Ahead', 'Stopped']","['Lost control', 'Driving Properly']",['Normal'],[],[],[],[],[],[],D12,False,"['25 to 29', '55 to 59', '35 to 39']",3.0
1042071.0,2008-06-08 08:00:00,800,2008,MORNINGSIDE AVE,MCLEVIN AVE,,Major Arterial,Scarborough,43.808945,-79.20269,644560.6268,4852222.0416,At Intersection,Traffic Signal,Clear,Daylight,Dry,144,Morningside Heights,131,Rouge (131),Non-Fatal Injury,0,0,1,0,0,0,0,1,1,1,1,0,0,Rear End,"['Vehicle Owner', 'Driver', 'Passenger']",West,"['Other', 'Automobile, Station Wagon']","['Going Ahead', 'Stopped']","['Disobeyed Traffic Control', 'Driving Properly']","['Inattentive', 'Normal']",[],[],[],[],[],[],D42,False,"['unknown', '40 to 44', '45 to 49', '10 to 14', '20 to 24']",3.0
1042100.0,2008-06-08 08:00:00,2120,2008,ALBION RD,MARTIN GROVE RD,,Major Arterial,Etobicoke York,43.742045,-79.59479,613149.2267,4844181.4945,,,Other,Dusk,Other,1,West Humber-Clairville,1,West Humber-Clairville (1),Non-Fatal Injury,0,0,1,0,0,0,0,0,0,0,0,0,0,Other,['Driver'],,"['Automobile, Station Wagon']",['Unknown'],[],[],[],[],[],[],[],[],D23,False,['30 to 34'],3.0
1042256.0,2008-05-24 08:00:00,200,2008,SPADINA AVE,CLARENCE SQ W,,Major Arterial,Toronto and East York,43.644845,-79.39479,629462.5924,4833678.6756,,No Control,Clear,Dark,Dry,164,Wellington Place,77,Waterfront Communities-The Island (77),Non-Fatal Injury,0,0,0,1,0,0,0,1,0,0,0,0,0,SMV Other,"['Motorcycle Passenger', 'Motorcycle Driver']",South,"['Other', 'Motorcycle']",['Turning Left'],['Lost control'],['Normal'],[],[],[],[],[],[],D52,False,['20 to 24'],3.0
1042268.0,2008-05-24 08:00:00,1238,2008,CHRISTIE ST,LAMBERTLODGE AVE,,Minor Arterial,Toronto and East York,43.673845,-79.42239,627175.3483,4836856.8237,At Intersection,Stop Sign,Clear,Daylight,Dry,94,Wychwood,94,Wychwood (94),Non-Fatal Injury,0,1,1,0,0,0,0,0,0,1,0,0,0,Cyclist Collisions,"['Driver', 'Cyclist']",South,"['Automobile, Station Wagon', 'Bicycle']","['Turning Right', 'Going Ahead']",['Failed to Yield Right of Way'],['Inattentive'],[],[],[],"['Motorist turns right at non-signal Inter.(stop, yield, no cont.,and dwy) and strikes cyclist.']",['Driving Properly'],['Normal'],D13,False,"['25 to 29', '35 to 39']",3.0
1042286.0,2008-05-15 08:00:00,1920,2008,WOBURN AVE,GREY RD,,Collector,North York,43.724845,-79.41979,627276.9879,4842525.0721,At Intersection,Stop Sign,Clear,Daylight,Dry,39,Bedford Park-Nortown,39,Bedford Park-Nortown (39),Non-Fatal Injury,0,1,1,0,0,0,0,0,0,0,0,0,0,Cyclist Collisions,"['Driver', 'Cyclist']",North,"['Automobile, Station Wagon', 'Bicycle']",['Going Ahead'],['Driving Properly'],['Normal'],[],[],[],"['Cyclist without ROW rides into path of motorist at inter, lnwy, dwy-Cyclist not turn.']",['Failed to Yield Right of Way'],['Normal'],D32,False,"['60 to 64', '35 to 39']",3.0
1042295.0,2008-06-09 08:00:00,1223,2008,WARDEN AVE,MANHATTAN DR,,Major Arterial,Scarborough,43.752045,-79.29749,637065.5877,4845741.1423,At Intersection,Traffic Signal,Clear,Daylight,Dry,119,Wexford/Maryvale,119,Wexford/Maryvale (119),Non-Fatal Injury,0,0,1,0,0,0,0,1,0,1,1,0,0,Angle,"['Driver', 'Passenger']",East,"['Automobile, Station Wagon', 'Other']",['Going Ahead'],"['Driving Properly', 'Disobeyed Traffic Control']",['Normal'],[],[],[],[],[],[],D41,False,"['75 to 79', '5 to 9', '35 to 39']",3.0
1042297.0,2008-06-08 08:00:00,1720,2008,WESTON Road,FLINDON Road,,Major Arterial,Etobicoke York,43.721045,-79.537387,617812.5858,4841929.1437,,No Control,Clear,Daylight,Dry,23,Pelmo Park-Humberlea,23,Pelmo Park-Humberlea (23),Non-Fatal Injury,0,0,1,0,0,0,0,1,0,0,0,0,1,SMV Other,"['Passenger', 'Driver']",South,"['Other', 'Automobile, Station Wagon']","['Other', 'Going Ahead']",['Lost control'],['Medical or Physical Disability'],[],[],[],[],[],[],D31,False,"['60 to 64', '65 to 69', '75 to 79', '80 to 84']",3.0
1042389.0,2008-05-23 08:00:00,2135,2008,CENTENNIAL PARK Rd,RATHBURN Rd,,Minor Arterial,Etobicoke York,43.650745,-79.58149,614393.6326,4834059.6505,,No Control,Clear,Dark,Dry,11,Eringate-Centennial-West Deane,11,Eringate-Centennial-West Deane (11),Non-Fatal Injury,0,0,1,1,0,0,0,1,0,1,0,0,0,Turning Movement,"['Passenger', 'Motorcycle Driver', 'Driver']",North,"['Other', 'Motorcycle', 'Automobile, Station Wagon']","['Going Ahead', 'Turning Left']","['Lost control', 'Failed to Yield Right of Way']",['Normal'],[],[],[],[],[],[],D22,False,"['25 to 29', '20 to 24']",3.0
1042639.0,2008-05-28 08:00:00,1648,2008,MILLWOOD RD,VILLAGE STATION RD,,Major Arterial,North York,43.701869,-79.358073,632298.5419,4840069.8973,At Intersection,Traffic Signal,Clear,Daylight,Dry,56,Leaside-Bennington,56,Leaside-Bennington (56),Non-Fatal Injury,0,0,1,1,0,0,0,0,1,1,0,0,0,Turning Movement,"['Motorcycle Driver', 'Driver']",East,"['Motorcycle', 'Automobile, Station Wagon']","['Going Ahead', 'Turning Left']","['Exceeding Speed Limit', 'Driving Properly']",['Normal'],[],[],[],[],[],[],D53,False,"['45 to 49', '50 to 54']",3.0
1043009.0,2008-06-13 08:00:00,1235,2008,BROWNS LINE Line,HORNER AVE,,Major Arterial,Etobicoke York,43.601645,-79.54519,617416.5674,4828657.171,At Intersection,Traffic Signal,Clear,Daylight,Dry,20,Alderwood,20,Alderwood (20),Non-Fatal Injury,0,0,1,0,0,0,0,1,0,1,1,0,0,Angle,"['Passenger', 'Driver']",East,"['Other', 'Automobile, Station Wagon']",['Going Ahead'],"['Driving Properly', 'Disobeyed Traffic Control']",['Normal'],[],[],[],[],[],[],D22,False,"['75 to 79', '50 to 54', '85 to 89', '35 to 39', '40 to 44']",3.0
1043011.0,2008-06-13 08:00:00,2321,2008,DON MILLS RD,HIGHWAY 401 C Boul W,,Major Arterial,North York,43.769145,-79.34659,633074.6886,4847560.2768,,No Control,Rain,Dark,Wet,53,Henry Farm,53,Henry Farm (53),Non-Fatal Injury,1,0,1,0,0,0,0,0,0,0,0,0,0,Pedestrian Collisions,"['Driver', 'Pedestrian']",South,"['Automobile, Station Wagon', 'Other']",['Going Ahead'],['Driving Properly'],['Normal'],['Pedestrian hit at mid-block'],['Walking on Roadway Against Traffic'],"['Ability Impaired, Drugs']",[],[],[],D33,False,['25 to 29'],3.0
1043101.0,2008-06-14 08:00:00,1813,2008,BATHURST ST,SULTANA AVE,,Major Arterial,North York,43.728745,-79.43199,626286.142,4842939.5584,At Intersection,No Control,Clear,Daylight,Dry,32,Englemount-Lawrence,32,Englemount-Lawrence (32),Non-Fatal Injury,1,0,1,0,0,1,0,0,0,0,0,0,0,Pedestrian Collisions,"['Driver', 'Vehicle Owner', 'Pedestrian']",South,"['Automobile, Station Wagon', 'Other', 'Municipal Transit Bus (TTC)']","['Changing Lanes', 'Going Ahead']","['Improper Lane Change', 'Driving Properly']",['Normal'],['Pedestrian involved in a collision with transit vehicle anywhere along roadway'],"['Crossing, no Traffic Control']",['Normal'],[],[],[],D32,False,"['75 to 79', 'unknown', '25 to 29', '55 to 59']",3.0
1043273.0,2008-06-11 08:00:00,2010,2008,LAKE SHORE BLVD W,LONG BRANCH AVE,,Major Arterial,Etobicoke York,43.594345,-79.53399,618334.8265,4827862.3133,At Intersection,Traffic Signal,Clear,Dusk,Dry,19,Long Branch,19,Long Branch (19),Fatal,1,0,1,0,0,0,0,0,0,1,0,0,0,Pedestrian Collisions,"['Vehicle Owner', 'Driver', 'Pedestrian']",North,"['Other', 'Automobile, Station Wagon']",['Turning Left'],['Failed to Yield Right of Way'],['Unknown'],['Vehicle turns left while ped crosses with ROW at inter.'],['Crossing with right of way'],['Normal'],[],[],[],D22,True,"['unknown', '55 to 59', '60 to 64']",4.0
1043405.0,2008-06-14 08:00:00,5,2008,3440 PHARMACY AVE,,,Minor Arterial,Scarborough,43.807745,-79.33239,634131.2165,4851870.3326,,No Control,Rain,Dark,Wet,116,Steeles,116,Steeles (116),Fatal,1,0,1,0,0,0,0,0,0,1,0,0,0,Pedestrian Collisions,"['Driver', 'Pedestrian']",East,"['Automobile, Station Wagon', 'Other']",['Going Ahead'],['Driving Properly'],['Had Been Drinking'],['Pedestrian hit at mid-block'],"['Crossing, no Traffic Control']",['Unknown'],[],[],[],D42,True,"['45 to 49', '25 to 29']",4.0
1043639.0,2008-06-16 08:00:00,1355,2008,BATHURST ST N,SOUTHBOURNE AVE,,Major Arterial,North York,43.738845,-79.43439,626071.6512,4844057.6549,,No Control,Clear,Daylight,Dry,33,Clanton Park,33,Clanton Park (33),Non-Fatal Injury,1,0,1,0,0,0,0,0,0,0,0,0,0,Pedestrian Collisions,"['Vehicle Owner', 'Driver', 'Pedestrian']",East,"['Other', 'Automobile, Station Wagon']",['Going Ahead'],['Driving Properly'],['Normal'],['Pedestrian hit at mid-block'],"['Crossing, no Traffic Control']",['Inattentive'],[],[],[],D32,False,"['unknown', '20 to 24', '35 to 39', '0 to 4']",3.0
1043747.0,2008-06-18 08:00:00,909,2008,SCARLETT RD,BERNICE CRES,,Minor Arterial,Etobicoke York,43.666945,-79.49949,620973.918,4835975.1702,At Intersection,Pedestrian Crossover,Clear,Daylight,Dry,111,Rockcliffe-Smythe,111,Rockcliffe-Smythe (111),Fatal,1,0,1,0,0,0,0,0,0,1,0,0,0,Pedestrian Collisions,"['Pedestrian', 'Vehicle Owner', 'Driver']",East,"['Other', 'Automobile, Station Wagon']",['Going Ahead'],['Failed to Yield Right of Way'],['Inattentive'],['Pedestrian hit a PXO/ped. Mid-block signal'],"['Crossing, Pedestrian Crossover']",['Normal'],[],[],[],D12,True,"['85 to 89', 'unknown', '55 to 59']",4.0
1044158.0,2008-06-01 08:00:00,1031,2008,EGLINTON AVE E,BELLAMY RD N,,Major Arterial,Scarborough,43.740245,-79.23209,642358.8407,4844540.8791,At Intersection,Traffic Signal,Clear,Daylight,Dry,138,Eglinton East,138,Eglinton East (138),Non-Fatal Injury,1,0,1,0,0,0,0,1,1,1,1,0,0,Pedestrian Collisions,"['Passenger', 'Driver', 'Pedestrian']",South,"['Other', 'Automobile, Station Wagon']",['Going Ahead'],"['Driving Properly', 'Disobeyed Traffic Control']","['Normal', 'Unknown']",['Vehicle is going straight thru inter.while ped cross with ROW'],['Crossing with right of way'],['Normal'],[],[],[],D43,False,"['20 to 24', '25 to 29', '60 to 64', '35 to 39']",3.0