accident_number,date,time,year,street1,street2,offset,road_class,district,latitude,longitude,x,y,accident_location,traffctl,visibility,light,road_surface_condition,hood_158,neighbourhood_new,hood_140,neighbourhood_old,accident_class,pedestrian,cyclist,automobile,motorcycle,truck,trsn_city_veh,emerg_veh,passenger,speeding,aggressive_driving,redlight,alcohol,disability,impact_type,involvement_type,initial_direction,vehicle_type,manoeuver,driver_action,driver_condition,pedestrian_type,pedestrian_action,pedestrian_condition,cyclist_type,cyclist_action,cyclist_condition,division,injury,involvement_age,injury_severity_score
1044246.0,2008-06-20 08:00:00,1500,2008,PROGRESS AVE,401 C E PROGRESS AV RAMP E,,Minor Arterial,Scarborough,43.777745,-79.26099,639944.2179,4848656.5745,,Traffic Signal,Clear,Daylight,Dry,156,Bendale-Glen Andrew,127,Bendale (127),Non-Fatal Injury,0,0,1,0,0,0,0,0,0,0,0,0,1,SMV Other,"['Vehicle Owner', 'Driver']",East,"['Other', 'Automobile, Station Wagon']",['Going Ahead'],['Lost control'],['Medical or Physical Disability'],[],[],[],[],[],[],D43,False,"['unknown', '50 to 54']",3.0
1044477.0,2008-06-01 08:00:00,1150,2008,DANFORTH AVE,LINNSMORE CRES,,Major Arterial,Toronto and East York,43.682045,-79.32979,634621.8224,4837913.6872,,Traffic Signal,Clear,Daylight,Dry,65,Greenwood-Coxwell,65,Greenwood-Coxwell (65),Non-Fatal Injury,1,0,0,0,0,0,0,0,0,1,0,0,0,Pedestrian Collisions,"['Driver', 'Pedestrian']",North,['Other'],['Turning Left'],['Failed to Yield Right of Way'],['Inattentive'],['Vehicle turns left while ped crosses with ROW at inter.'],['Crossing with right of way'],['Normal'],[],[],[],D55,False,"['40 to 44', '50 to 54']",3.0
1044518.0,2008-06-15 08:00:00,215,2008,DUNDAS ST W,RONCESVALLES AVE,,Minor Arterial,Toronto and East York,43.653645,-79.45139,624879.4348,4834569.2945,,No Control,Clear,Dark,Dry,86,Roncesvalles,86,Roncesvalles (86),Non-Fatal Injury,0,1,1,0,0,0,0,0,0,0,0,0,0,Cyclist Collisions,"['Driver', 'Cyclist']",West,"['Automobile, Station Wagon', 'Bicycle']",['Going Ahead'],['Lost control'],['Normal'],[],[],[],['Motorist loses control and strikes cyclist.'],['Driving Properly'],['Normal'],D11,False,"['unknown', '35 to 39']",3.0
1044584.0,2008-06-02 08:00:00,1146,2008,72 CORDELLA AVE,,,Local,Etobicoke York,43.680445,-79.48349,622236.4682,4837497.9799,,No Control,Clear,Daylight,Dry,111,Rockcliffe-Smythe,111,Rockcliffe-Smythe (111),Non-Fatal Injury,0,0,1,0,0,0,0,0,0,0,0,0,0,SMV Other,"['Vehicle Owner', 'Driver']",West,"['Other', 'Automobile, Station Wagon']",['Going Ahead'],['Lost control'],['Inattentive'],[],[],[],[],[],[],D12,False,"['unknown', '25 to 29']",3.0
1044627.0,2008-06-17 08:00:00,1614,2008,DOVERCOURT Rd,GEARY Ave,,Minor Arterial,Toronto and East York,43.670745,-79.43319,626311.2262,4836496.0257,At Intersection,Stop Sign,Clear,Daylight,Dry,171,Junction-Wallace Emerson,93,Dovercourt-Wallace Emerson-Junction (93),Non-Fatal Injury,0,0,1,0,0,0,0,1,0,1,0,0,0,Angle,"['Driver', 'Passenger']",East,"['Automobile, Station Wagon']",['Going Ahead'],"['Disobeyed Traffic Control', 'Driving Properly']",['Normal'],[],[],[],[],[],[],D13,False,"['70 to 74', '50 to 54']",3.0
1044659.0,2008-06-02 08:00:00,1455,2008,FINCH AVE E,BAYVIEW AVE,,Major Arterial,North York,43.785045,-79.39209,629378.2904,4849254.0986,At Intersection,Traffic Signal,Clear,Daylight,Dry,49,Bayview Woods-Steeles,49,Bayview Woods-Steeles (49),Non-Fatal Injury,0,0,1,0,0,0,0,1,0,0,0,0,0,Sideswipe,"['Driver', 'Vehicle Owner', 'Passenger', 'Other Property Owner']",East,"['Automobile, Station Wagon', 'Other']","['Stopped', 'Pulling Onto Shoulder or towardCurb', 'Going Ahead']","['Driving Properly', 'Lost control']","['Normal', 'Unknown']",[],[],[],[],[],[],D33,False,"['70 to 74', 'unknown', '60 to 64', '35 to 39', '45 to 49']",3.0
1044675.0,2008-06-03 08:00:00,1517,2008,HILDA AVE,CROSSEN DR,,Collector,North York,43.793245,-79.42739,626520.5962,4850110.2709,,No Control,Clear,Daylight,Dry,36,Newtonbrook West,36,Newtonbrook West (36),Non-Fatal Injury,1,0,1,0,0,0,0,0,0,0,0,0,0,Pedestrian Collisions,"['Driver', 'Pedestrian']",South,"['Automobile, Station Wagon', 'Other']",['Going Ahead'],['Driving Properly'],['Normal'],['Pedestrian hit at mid-block'],['Running onto Roadway'],['Inattentive'],[],[],[],D32,False,"['40 to 44', '15 to 19']",3.0
1044781.0,2008-06-04 08:00:00,1355,2008,FINCH AVE W,MILVAN DR,,Major Arterial,Etobicoke York,43.749945,-79.55229,616556.0693,4845117.824,At Intersection,Traffic Signal,Clear,Daylight,Dry,22,Humbermede,21,Humber Summit (21),Non-Fatal Injury,0,0,1,0,0,0,0,0,0,1,1,0,0,Angle,"['Vehicle Owner', 'Driver']",North,"['Other', 'Automobile, Station Wagon']","['Stopped', 'Going Ahead']","['Driving Properly', 'Disobeyed Traffic Control']",['Normal'],[],[],[],[],[],[],D31,False,"['unknown', '50 to 54', '25 to 29', '60 to 64']",3.0
1044815.0,2008-06-24 08:00:00,2226,2008,WILSON AVE,JETHRO RD,,Major Arterial,Etobicoke York,43.718745,-79.51839,619347.3607,4841700.8755,At Intersection,Traffic Signal,Clear,Dark,Dry,154,Oakdale-Beverley Heights,26,Downsview-Roding-CFB (26),Fatal,1,0,1,0,0,0,0,0,0,1,0,0,0,Pedestrian Collisions,"['Vehicle Owner', 'Driver', 'Pedestrian']",East,"['Other', 'Automobile, Station Wagon']",['Going Ahead'],['Driving Properly'],['Normal'],['Vehicle is going straight thru inter.while ped cross without ROW'],['Crossing without right of way'],['Unknown'],[],[],[],D31,True,"['unknown', '25 to 29', '75 to 79']",4.0
1044949.0,2008-06-25 08:00:00,2040,2008,136 NEAMES CRES,,,Local,Etobicoke York,43.728245,-79.51259,619795.6325,4842764.3525,,No Control,Clear,Daylight,Dry,154,Oakdale-Beverley Heights,26,Downsview-Roding-CFB (26),Non-Fatal Injury,0,1,1,0,0,0,0,1,0,0,0,0,0,Cyclist Collisions,"['Passenger', 'Driver', 'Cyclist']",North,"['Other', 'Automobile, Station Wagon', 'Bicycle']",['Going Ahead'],['Driving Properly'],['Normal'],[],[],[],['Insufficient information (to determine cyclist crash type).'],['Other'],['Inattentive'],D31,False,"['35 to 39', '5 to 9']",3.0
1045060.0,2020-06-07 08:00:00,15,2020,KEELE ST,CALVINGTON DR,,Major Arterial,North York,43.733508,-79.483684,622113.0374,4843391.0767,At Intersection,Traffic Signal,Clear,"Dark, artificial",Dry,155,Downsview,26,Downsview-Roding-CFB (26),Fatal,1,0,1,0,0,0,0,0,1,1,0,0,0,Pedestrian Collisions,"['Pedestrian', 'Driver']",North,"['Automobile, Station Wagon']",['Turning Left'],['Failed to Yield Right of Way'],['Unknown'],['Vehicle turns left while ped crosses with ROW at inter.'],['Crossing with right of way'],['Normal'],[],[],[],D31,True,"['15 to 19', '45 to 49']",4.0
1045157.0,2008-06-26 08:00:00,815,2008,VICTORIA PARK AVE,PEARD RD,,Major Arterial,Toronto and East York,43.710645,-79.29679,637216.4593,4841144.2187,At Intersection,No Control,Clear,Daylight,Dry,54,O'Connor-Parkview,54,O'Connor-Parkview (54),Non-Fatal Injury,1,0,1,0,0,0,0,0,0,1,0,0,0,Pedestrian Collisions,"['Driver', 'Pedestrian']",North,"['Automobile, Station Wagon', 'Other']","['Going Ahead', 'Unknown']",['Failed to Yield Right of Way'],['Normal'],['Pedestrian hit on sidewalk or shoulder'],['On Sidewalk or Shoulder'],['Normal'],[],[],[],D55,False,"['15 to 19', '20 to 24', '85 to 89']",3.0
1045205.0,2008-05-20 08:00:00,1840,2008,ST CLAIR AVE W,VAUGHAN RD,,Major Arterial,Toronto and East York,43.682745,-79.42019,627333.8707,4837848.6644,At Intersection,Traffic Signal,Clear,Daylight,Dry,94,Wychwood,94,Wychwood (94),Non-Fatal Injury,0,0,1,0,0,0,0,0,0,1,0,0,0,Rear End,"['Driver', 'Vehicle Owner']",East,"['Automobile, Station Wagon', 'Other']","['Stopped', 'Going Ahead']","['Driving Properly', 'Following too Close']","['Normal', 'Inattentive']",[],[],[],[],[],[],D13,False,"['50 to 54', '40 to 44', 'unknown']",3.0
1045221.0,2008-06-27 08:00:00,53,2008,FLEET ST,STADIUM RD,,Major Arterial,Toronto and East York,43.636045,-79.40189,628908.7791,4832690.2712,,No Control,Clear,Dark,Dry,163,Fort York-Liberty Village,82,Niagara (82),Fatal,0,0,1,0,0,1,0,1,1,1,0,1,0,Approaching,"['Vehicle Owner', 'Driver', 'Passenger']",East,"['Other', 'Municipal Transit Bus (TTC)', 'Automobile, Station Wagon']",['Going Ahead'],"['Driving Properly', 'Wrong Way on One Way Road']","['Normal', 'Ability Impaired, Alcohol']",[],[],[],[],[],[],D14,True,"['unknown', '30 to 34', '20 to 24']",4.0
1045558.0,2008-06-30 08:00:00,120,2008,F G GARDINER XY  W,ISLINGTON AVE,,,Etobicoke York,43.621145,-79.50979,620234.8364,4830873.532,,No Control,Clear,Dark,Dry,160,Mimico-Queensway,16,Stonegate-Queensway (16),Non-Fatal Injury,0,0,1,0,0,0,0,1,0,0,0,1,0,SMV Other,"['Passenger', 'Driver']",West,"['Other', 'Automobile, Station Wagon']",['Going Ahead'],['Lost control'],"['Ability Impaired, Alcohol']",[],[],[],[],[],[],D22,False,"['20 to 24', '25 to 29', '30 to 34']",3.0
1045598.0,2008-06-05 08:00:00,1220,2008,WESTON RD,WESTON ALBION RD RAMP RD,,Major Arterial,Etobicoke York,43.718045,-79.53779,617786.0022,4841595.3789,At Intersection,No Control,Clear,Daylight,Dry,23,Pelmo Park-Humberlea,23,Pelmo Park-Humberlea (23),Non-Fatal Injury,0,0,1,1,0,0,0,0,0,0,0,0,0,Sideswipe,"['Motorcycle Driver', 'Vehicle Owner', 'Driver']",South,"['Motorcycle', 'Other', 'Automobile, Station Wagon']","['Changing Lanes', 'Going Ahead']","['Improper Lane Change', 'Driving Properly']",['Normal'],[],[],[],[],[],[],D31,False,"['30 to 34', 'unknown', '60 to 64']",3.0
1045692.0,2008-06-30 08:00:00,1733,2008,YORK MILLS RD,FENN AVE,,Major Arterial,North York,43.747045,-79.38899,629709.8368,4845038.4717,At Intersection,Traffic Signal,Clear,Daylight,Dry,40,St.Andrew-Windfields,40,St.Andrew-Windfields (40),Non-Fatal Injury,1,0,1,0,0,0,0,0,0,1,1,0,0,Pedestrian Collisions,"['Vehicle Owner', 'Driver', 'Pedestrian']",East,"['Other', 'Automobile, Station Wagon']","['Going Ahead', 'Unknown']",['Disobeyed Traffic Control'],['Normal'],['Vehicle is going straight thru inter.while ped cross with ROW'],['Crossing with right of way'],['Normal'],[],[],[],D32,False,"['unknown', '25 to 29', '5 to 9', '15 to 19']",3.0
1045776.0,2008-05-25 08:00:00,1215,2008,2300 LAKE SHORE BLVD W,,,Major Arterial,Etobicoke York,43.618545,-79.48669,622103.8966,4830618.4797,,No Control,Clear,Daylight,Dry,160,Mimico-Queensway,17,Mimico (includes Humber Bay Shores) (17),Non-Fatal Injury,0,1,1,0,0,0,0,0,0,1,0,0,0,Cyclist Collisions,"['Driver', 'Cyclist']",North,"['Automobile, Station Wagon', 'Bicycle']","['Stopped', 'Going Ahead']",['Failed to Yield Right of Way'],['Unknown'],[],[],[],"['Motorist without ROW drives into path of cyclist at inter, lnwy, dwy-Driver not turn.']",['Driving Properly'],['Normal'],D22,False,"['20 to 24', '25 to 29']",3.0
1045778.0,2008-05-26 08:00:00,1410,2008,KING ST W,YORK ST,,Major Arterial,Toronto and East York,43.648345,-79.38179,630503.4934,4834087.7576,At Intersection,No Control,Clear,Daylight,Dry,170,Yonge-Bay Corridor,76,Bay Street Corridor (76),Non-Fatal Injury,0,1,1,0,0,0,0,1,0,0,0,0,0,Cyclist Collisions,"['Passenger', 'Vehicle Owner', 'Driver', 'Cyclist']",West,"['Other', 'Automobile, Station Wagon', 'Bicycle']","['Turning Left', 'Unknown']",['Other'],['Normal'],[],[],[],['Cyclist struck opened vehicle door'],['Driving Properly'],['Normal'],D52,False,"['40 to 44', 'unknown', '50 to 54', '20 to 24']",3.0
1046342.0,2008-06-11 08:00:00,550,2008,DUNDAS ST W,BAY ST,,Major Arterial,Toronto and East York,43.655745,-79.38379,630326.1909,4834906.4816,At Intersection,Traffic Signal,Clear,Daylight,Dry,170,Yonge-Bay Corridor,76,Bay Street Corridor (76),Non-Fatal Injury,0,0,0,0,0,1,0,1,0,0,0,0,0,Other,"['Passenger', 'Driver', 'Vehicle Owner']",East,"['Other', 'Municipal Transit Bus (TTC)']",['Going Ahead'],"['Driving Properly', 'Other']","['Normal', 'Inattentive']",[],[],[],[],[],[],D52,False,"['55 to 59', '35 to 39', '30 to 34', '40 to 44', '60 to 64', '50 to 54', 'unknown']",3.0
1046409.0,2008-06-24 08:00:00,1838,2008,F G GARDINER XY  W,LAKE SHORE BLVD E,,Major Arterial,Toronto and East York,43.653346,-79.341487,633742.7376,4834707.3544,,No Control,Clear,Daylight,Dry,70,South Riverdale,70,South Riverdale (70),Non-Fatal Injury,0,0,1,1,0,0,0,0,1,1,0,0,0,Sideswipe,"['Motorcycle Driver', 'Driver']",West,"['Motorcycle', 'Automobile, Station Wagon']","['Going Ahead', 'Changing Lanes']","['Driving Properly', 'Improper Lane Change']",['Normal'],[],[],[],[],[],[],D55,False,"['35 to 39', '50 to 54']",3.0
1046411.0,2008-07-04 08:00:00,1750,2008,EGLINTON AVE W,GABIAN WAY,,Major Arterial,Etobicoke York,43.691845,-79.46579,623639.7454,4838790.3425,,No Control,Clear,Daylight,Dry,110,Keelesdale-Eglinton West,110,Keelesdale-Eglinton West (110),Non-Fatal Injury,1,0,1,0,0,0,0,0,0,0,0,0,0,Pedestrian Collisions,"['Driver', 'Pedestrian']",East,"['Automobile, Station Wagon', 'Other']",['Changing Lanes'],['Lost control'],['Inattentive'],['Pedestrian hit on sidewalk or shoulder'],['On Sidewalk or Shoulder'],['Normal'],[],[],[],D12,False,"['50 to 54', '25 to 29']",3.0
1046412.0,2008-07-04 08:00:00,1345,2008,EGLINTON AVE E,BARBADOS BLVD,,Major Arterial,Scarborough,43.737945,-79.24239,641534.8549,4844267.7813,,No Control,Clear,Daylight,Dry,138,Eglinton East,138,Eglinton East (138),Fatal,0,0,1,0,0,0,0,0,0,1,0,0,0,Approaching,['Driver'],East,"['Automobile, Station Wagon']",['Going Ahead'],"['Driving Properly', 'Lost control']","['Normal', 'Unknown']",[],[],[],[],[],[],D43,True,"['25 to 29', '80 to 84']",4.0
1046554.0,2008-07-06 08:00:00,552,2008,633 SILVER STAR BLVD,,,Collector,Scarborough,43.821245,-79.29879,636802.9689,4853424.7429,,No Control,Clear,Daylight,Dry,130,Milliken,130,Milliken (130),Non-Fatal Injury,1,0,0,0,0,0,0,0,0,0,0,0,0,Pedestrian Collisions,['Pedestrian'],,['Other'],[],[],[],['Pedestrian hit at mid-block'],['Other'],['Had Been Drinking'],[],[],[],D42,False,['15 to 19'],3.0
1046603.0,2008-06-12 08:00:00,945,2008,AVENUE Road,BLOOR Stre W,,Major Arterial,Toronto and East York,43.668745,-79.39409,629467.6752,4836334.1782,At Intersection,Traffic Signal,Clear,Daylight,Dry,95,Annex,95,Annex (95),Non-Fatal Injury,0,1,1,0,0,0,0,0,0,0,0,0,0,Cyclist Collisions,"['Driver', 'Cyclist']",East,"['Automobile, Station Wagon', 'Bicycle']","['Going Ahead', 'Changing Lanes']",['Driving Properly'],['Normal'],[],[],[],"['Cyclist without ROW rides into path of motorist at inter, lnwy, dwy-Cyclist not turn.']",['Disobeyed Traffic Control'],['Inattentive'],D53,False,"['35 to 39', '20 to 24']",3.0
1046604.0,2008-06-12 08:00:00,902,2008,ST CLAIR AVE W,RUSSELL HILL RD,,Major Arterial,Toronto and East York,43.685345,-79.40789,628319.7262,4838156.388,At Intersection,Police Control,Clear,Daylight,Dry,96,Casa Loma,96,Casa Loma (96),Non-Fatal Injury,1,0,1,0,0,0,0,0,0,1,0,0,0,Pedestrian Collisions,"['Driver', 'Pedestrian']",Unknown,"['Automobile, Station Wagon', 'Other']",['Going Ahead'],['Failed to Yield Right of Way'],['Normal'],['Other / Undefined'],['Playing or Working on Highway'],['Normal'],[],[],[],D53,False,"['60 to 64', '35 to 39']",3.0
1046692.0,2008-06-12 08:00:00,2236,2008,ROSE VALLEY CRES,WOODGATE DR,,Local,Etobicoke York,43.676645,-79.50229,620728.7246,4837048.4041,,No Control,Clear,Dark,Dry,111,Rockcliffe-Smythe,111,Rockcliffe-Smythe (111),Non-Fatal Injury,0,0,0,1,0,0,0,0,0,0,0,0,0,Other,['Motorcycle Driver'],East,['Motorcycle'],['Going Ahead'],['Lost control'],['Unknown'],[],[],[],[],[],[],D12,False,['25 to 29'],3.0
1047021.0,2008-06-14 08:00:00,1340,2008,DUFFERIN Stre,SYLVAN Aven,,Major Arterial,Toronto and East York,43.655045,-79.43349,626319.9639,4834751.8766,,No Control,Clear,Daylight,Dry,83,Dufferin Grove,83,Dufferin Grove (83),Non-Fatal Injury,0,1,1,0,0,0,0,0,0,1,0,0,0,Cyclist Collisions,"['Driver', 'Cyclist']",South,"['Automobile, Station Wagon', 'Bicycle']","['Overtaking', 'Going Ahead']",['Improper Passing'],['Inattentive'],[],[],[],['Cyclist and Driver travelling in same direction. One vehicle sideswipes the other.'],['Driving Properly'],['Normal'],D14,False,"['40 to 44', '15 to 19']",3.0
1047045.0,2008-06-15 08:00:00,1840,2008,REXDALE BLVD,KIPLING AVE,,Major Arterial,Etobicoke York,43.711745,-79.56669,615470.0907,4840855.0139,At Intersection,Traffic Signal,Rain,Dark,Wet,4,Rexdale-Kipling,4,Rexdale-Kipling (4),Non-Fatal Injury,0,0,1,0,0,0,0,0,0,1,0,0,0,SMV Other,"['Driver', 'Other Property Owner']",East,"['Automobile, Station Wagon', 'Other']","['Going Ahead', 'Turning Left']","['Driving Properly', 'Failed to Yield Right of Way']",['Normal'],[],[],[],[],[],[],D23,False,"['25 to 29', '45 to 49', 'unknown']",3.0
1047170.0,2008-05-28 08:00:00,2310,2008,LAWRENCE AVE W,LAWRENCE W ALLEN X S RAMP,,Major Arterial,North York,43.715945,-79.44499,625265.7978,4841498.2065,At Intersection,Traffic Signal,Clear,Dark,Dry,31,Yorkdale-Glen Park,31,Yorkdale-Glen Park (31),Non-Fatal Injury,0,0,1,0,0,0,0,0,0,1,0,0,0,Turning Movement,"['Vehicle Owner', 'Driver']",East,"['Other', 'Automobile, Station Wagon']","['Turning Left', 'Going Ahead']","['Failed to Yield Right of Way', 'Driving Properly']","['Inattentive', 'Normal']",[],[],[],[],[],[],D32,False,"['unknown', '65 to 69', '35 to 39']",3.0
1047294.0,2008-06-17 08:00:00,1540,2008,130 THE QUEENSWAY,,,Major Arterial,Etobicoke York,43.630845,-79.48189,622466.2179,4831991.6168,At Intersection,No Control,Clear,Daylight,Dry,16,Stonegate-Queensway,16,Stonegate-Queensway (16),Non-Fatal Injury,1,0,1,0,0,0,0,0,0,0,0,0,0,Pedestrian Collisions,"['Vehicle Owner', 'Driver', 'Pedestrian']",South,"['Other', 'Automobile, Station Wagon']",['Going Ahead'],['Driving Properly'],['Normal'],['Pedestrian hit at mid-block'],"['Crossing, no Traffic Control']",['Normal'],[],[],[],D22,False,"['unknown', '45 to 49', '75 to 79']",3.0
1047410.0,2008-07-10 08:00:00,1348,2008,DON VALLEY PARKWAY  N,GERRARD ST E,,,Toronto and East York,43.669145,-79.35709,632449.7491,4836437.0143,,No Control,Clear,Daylight,Dry,68,North Riverdale,68,North Riverdale (68),Non-Fatal Injury,1,0,1,0,0,0,0,0,0,0,0,0,0,Pedestrian Collisions,"['Vehicle Owner', 'Driver', 'Pedestrian']",North,"['Other', 'Automobile, Station Wagon']",['Going Ahead'],['Driving Properly'],['Normal'],['Pedestrian hit at mid-block'],['Running onto Roadway'],"['Ability Impaired, Drugs']",[],[],[],D55,False,"['unknown', '25 to 29', '40 to 44']",3.0
1047657.0,2008-07-12 08:00:00,38,2008,688 SCARLETT RD,,,Major Arterial,Etobicoke York,43.694745,-79.51949,619306.3544,4839033.7612,,No Control,Clear,Dark,Dry,8,Humber Heights-Westmount,8,Humber Heights-Westmount (8),Fatal,0,0,1,0,0,0,0,0,1,1,0,0,0,SMV Other,"['Driver', 'Other']",West,"['Automobile, Station Wagon']","['Overtaking', 'Parked']",['Exceeding Speed Limit'],['Unknown'],[],[],[],[],[],[],D23,True,"['25 to 29', 'unknown']",4.0
1047683.0,2008-07-13 08:00:00,2018,2008,19 LYNDHURST CRT,,,Local,Toronto and East York,43.677645,-79.41219,627989.5267,4837294.5539,,No Control,Clear,Dusk,Dry,96,Casa Loma,96,Casa Loma (96),Fatal,1,0,1,0,0,0,0,0,0,0,0,0,0,Pedestrian Collisions,"['Driver', 'Pedestrian']",South,"['Automobile, Station Wagon', 'Other']",['Reversing'],['Other'],['Inattentive'],['Vehicle is reversing and hits pedestrian'],['Other'],['Unknown'],[],[],[],D13,True,"['60 to 64', '85 to 89']",4.0
1047910.0,2008-07-14 08:00:00,1337,2008,DANFORTH AVE,COXWELL AVE,,Major Arterial,Toronto and East York,43.683345,-79.32359,635118.6403,4838068.153,At Intersection,Traffic Signal,Clear,Daylight,Dry,64,Woodbine Corridor,64,Woodbine Corridor (64),Fatal,1,0,1,0,0,0,0,1,1,1,0,0,1,Pedestrian Collisions,"['Vehicle Owner', 'Driver', 'Passenger', 'Pedestrian']",North,"['Other', 'Automobile, Station Wagon']","['Going Ahead', 'Stopped']","['Driving Properly', 'Exceeding Speed Limit']","['Normal', 'Medical or Physical Disability']",['Vehicle is going straight thru inter.while ped cross with ROW'],['Crossing with right of way'],['Normal'],[],[],[],D55,True,"['unknown', '30 to 34', '60 to 64', '0 to 4', '10 to 14', '15 to 19', '50 to 54']",4.0
1047968.0,2008-07-11 08:00:00,2155,2008,STEELES AVE W,HIDDEN TRL,,Major Arterial,North York,43.788445,-79.46399,623585.899,4849521.8613,,No Control,Clear,Dark,Dry,35,Westminster-Branson,35,Westminster-Branson (35),Fatal,0,0,1,0,1,0,0,1,1,1,0,0,0,Approaching,"['Vehicle Owner', 'Truck Driver', 'Passenger', 'Driver']",West,"['Other', 'Truck - Open', 'Automobile, Station Wagon']",['Going Ahead'],"['Driving Properly', 'Lost control']","['Normal', 'Unknown']",[],[],[],[],[],[],D32,True,"['unknown', '25 to 29', '20 to 24', '55 to 59', '30 to 34']",4.0
1047995.0,2008-06-13 08:00:00,1400,2008,COLLEGE St,CRAWFORD St,,Major Arterial,Toronto and East York,43.655145,-79.41899,627489.0123,4834785.159,,No Control,Clear,Daylight,Dry,81,Trinity-Bellwoods,81,Trinity-Bellwoods (81),Non-Fatal Injury,0,1,1,0,0,0,0,0,0,0,0,0,0,Cyclist Collisions,"['Vehicle Owner', 'Driver', 'Cyclist']",West,"['Other', 'Taxi', 'Bicycle']","['Changing Lanes', 'Going Ahead']",['Improper Lane Change'],['Normal'],[],[],[],['Cyclist and Driver travelling in same direction. One vehicle sideswipes the other.'],['Driving Properly'],['Normal'],D14,False,"['unknown', '60 to 64', '50 to 54']",3.0
1048237.0,2008-06-22 08:00:00,1805,2008,WESTON Road,WALSH Aven,,Major Arterial,Etobicoke York,43.717045,-79.53729,617828.2392,4841485.0257,At Intersection,Traffic Signal,Clear,Daylight,Dry,23,Pelmo Park-Humberlea,23,Pelmo Park-Humberlea (23),Non-Fatal Injury,0,1,1,0,0,0,0,0,0,0,0,0,0,Cyclist Collisions,"['Vehicle Owner', 'Driver', 'Cyclist']",East,"['Other', 'Automobile, Station Wagon', 'Bicycle']",['Going Ahead'],['Driving Properly'],['Normal'],[],[],[],"['Cyclist without ROW rides into path of motorist at inter, lnwy, dwy-Cyclist not turn.']",['Failed to Yield Right of Way'],['Normal'],D31,False,"['unknown', '45 to 49', '35 to 39']",3.0
1048242.0,2008-06-23 08:00:00,950,2008,SPADINA Aven,HARBORD Stre,,Major Arterial,Toronto and East York,43.663045,-79.40209,628834.9059,4835688.6629,At Intersection,Traffic Signal,Clear,Daylight,Dry,79,University,79,University (79),Non-Fatal Injury,1,0,0,0,0,1,0,0,0,0,0,0,0,Pedestrian Collisions,"['Pedestrian', 'Vehicle Owner', 'Driver']",East,"['Other', 'Municipal Transit Bus (TTC)']",['Going Ahead'],['Driving Properly'],['Normal'],['Pedestrian involved in a collision with transit vehicle anywhere along roadway'],['Crossing without right of way'],['Inattentive'],[],[],[],D52,False,"['20 to 24', 'unknown', '40 to 44']",3.0
1048465.0,2008-07-16 08:00:00,1655,2008,YONGE Stre,KEMPFORD Boul,,Major Arterial,North York,43.776945,-79.41489,627560.9279,4848319.0874,At Intersection,Traffic Signal,Clear,Daylight,Dry,37,Willowdale West,37,Willowdale West (37),Non-Fatal Injury,0,0,1,0,0,0,0,0,0,1,1,0,1,Rear End,['Driver'],North,"['Automobile, Station Wagon']","['Going Ahead', 'Stopped']","['Disobeyed Traffic Control', 'Driving Properly']","['Medical or Physical Disability', 'Normal']",[],[],[],[],[],[],D32,False,"['65 to 69', '55 to 59']",3.0
1048611.0,2008-06-25 08:00:00,730,2008,MORNINGSIDE AVE,KINGSTON RD,,Major Arterial,Scarborough,43.770645,-79.18689,645924.6468,4847995.9366,At Intersection,Traffic Signal,Clear,Daylight,Dry,136,West Hill,136,West Hill (136),Non-Fatal Injury,1,0,1,0,0,0,0,0,0,0,0,0,0,Pedestrian Collisions,"['Vehicle Owner', 'Driver', 'Pedestrian']",North,"['Other', 'Automobile, Station Wagon']","['Turning Left', 'Unknown']",['Improper Turn'],['Normal'],['Vehicle turns left while ped crosses with ROW at inter.'],['Crossing with right of way'],['Normal'],[],[],[],D43,False,"['unknown', '40 to 44', '50 to 54']",3.0
1048845.0,2008-06-28 08:00:00,1601,2008,COLLEGE ST,SPADINA AVE,,Major Arterial,Toronto and East York,43.658045,-79.39949,629055.2509,4835137.3874,,No Control,Clear,Daylight,Dry,79,University,79,University (79),Non-Fatal Injury,1,0,1,0,0,0,0,0,0,0,0,0,0,Pedestrian Collisions,"['Vehicle Owner', 'Driver', 'Pedestrian']",Unknown,"['Other', 'Automobile, Station Wagon']",['Going Ahead'],['Driving Properly'],['Normal'],['Other / Undefined'],['Other'],['Medical or Physical Disability'],[],[],[],D52,False,"['unknown', '35 to 39', '25 to 29']",3.0
1049080.0,2008-07-20 08:00:00,300,2008,WESTON RD,ROGERS RD,,Major Arterial,Etobicoke York,43.681645,-79.47679,622774.0707,4837641.1522,At Intersection,Traffic Signal,Rain,Dark,Wet,111,Rockcliffe-Smythe,111,Rockcliffe-Smythe (111),Non-Fatal Injury,0,0,1,0,0,0,0,1,0,0,0,0,0,Turning Movement,"['Passenger', 'Vehicle Owner', 'Driver']",North,"['Other', 'Automobile, Station Wagon']","['Going Ahead', 'Turning Left']","['Driving Properly', 'Improper Turn']",['Normal'],[],[],[],[],[],[],D12,False,"['25 to 29', '35 to 39', '70 to 74', 'unknown', '30 to 34', '15 to 19']",3.0
1049124.0,2008-07-21 08:00:00,305,2008,STEELES AVE E,YONGE ST,,Major Arterial,North York,43.797945,-79.42009,627097.9409,4850643.4641,At Intersection,Traffic Signal,Clear,Dark,Dry,36,Newtonbrook West,36,Newtonbrook West (36),Fatal,1,0,1,0,0,0,0,1,0,0,0,0,0,Pedestrian Collisions,"['Passenger', 'Driver', 'Pedestrian']",North,"['Other', 'Automobile, Station Wagon']",['Going Ahead'],['Driving Properly'],['Normal'],['Vehicle is going straight thru inter.while ped cross without ROW'],['Crossing without right of way'],['Unknown'],[],[],[],D32,True,"['20 to 24', '30 to 34', '35 to 39']",4.0