accident_number,date,time,year,street1,street2,offset,road_class,district,latitude,longitude,x,y,accident_location,traffctl,visibility,light,road_surface_condition,hood_158,neighbourhood_new,hood_140,neighbourhood_old,accident_class,pedestrian,cyclist,automobile,motorcycle,truck,trsn_city_veh,emerg_veh,passenger,speeding,aggressive_driving,redlight,alcohol,disability,impact_type,involvement_type,initial_direction,vehicle_type,manoeuver,driver_action,driver_condition,pedestrian_type,pedestrian_action,pedestrian_condition,cyclist_type,cyclist_action,cyclist_condition,division,injury,involvement_age,injury_severity_score
1055774.0,2008-08-01 08:00:00,2307,2008,LAKE SHORE W BLVD E,YONGE ST,,Major Arterial,Toronto and East York,43.644045,-79.37579,630996.7261,4833619.6395,At Intersection,Traffic Signal,Clear,Dark,Dry,166,St Lawrence-East Bayfront-The Islands,77,Waterfront Communities-The Island (77),Non-Fatal Injury,1,0,1,0,0,0,0,1,0,1,0,1,0,Pedestrian Collisions,"['Passenger', 'Driver', 'Vehicle Owner', 'Pedestrian']",West,"['Other', 'Automobile, Station Wagon']","['Turning Left', 'Going Ahead']","['Driving Properly', 'Following too Close']","['Normal', 'Ability Impaired, Alcohol Over .08']",['Pedestrian hit on sidewalk or shoulder'],['On Sidewalk or Shoulder'],['Normal'],[],[],[],D52,False,"['15 to 19', '20 to 24', 'unknown', '25 to 29']",3.0
1055801.0,2008-08-01 08:00:00,1815,2008,LANSDOWNE Aven,BLOOR Stre W,,Minor Arterial,Toronto and East York,43.658645,-79.44279,625562.5214,4835137.5881,,No Control,Clear,Daylight,Dry,171,Junction-Wallace Emerson,93,Dovercourt-Wallace Emerson-Junction (93),Non-Fatal Injury,0,0,1,0,0,0,0,0,0,1,0,0,0,Turning Movement,"['Vehicle Owner', 'Driver']",East,"['Other', 'Automobile, Station Wagon']","['Going Ahead', 'Turning Left']","['Driving Properly', 'Failed to Yield Right of Way']",['Normal'],[],[],[],[],[],[],D11,False,"['unknown', '25 to 29', '20 to 24']",3.0
1055967.0,2008-09-03 08:00:00,1027,2008,VICTORIA PARK AVE,CASSANDRA BLVD,,Major Arterial,North York,43.754345,-79.31399,635731.9922,4845969.4197,,Traffic Signal,Clear,Daylight,Dry,119,Wexford/Maryvale,119,Wexford/Maryvale (119),Non-Fatal Injury,1,0,1,0,0,0,0,0,0,1,0,0,0,Pedestrian Collisions,"['Driver', 'Pedestrian']",South,"['Automobile, Station Wagon', 'Other']","['Going Ahead', 'Stopped']","['Following too Close', 'Driving Properly']",['Normal'],['Pedestrian hit on sidewalk or shoulder'],['On Sidewalk or Shoulder'],['Normal'],[],[],[],D41,False,"['40 to 44', '20 to 24', '70 to 74']",3.0
1056289.0,2008-08-02 08:00:00,2007,2008,CALEDONIA Road,JOYCE Park,,Minor Arterial,North York,43.709345,-79.46609,623579.6102,4840733.5119,At Intersection,Stop Sign,Clear,Daylight,Dry,31,Yorkdale-Glen Park,31,Yorkdale-Glen Park (31),Non-Fatal Injury,0,0,1,1,0,0,0,0,0,1,0,0,0,Turning Movement,"['Vehicle Owner', 'Motorcycle Driver', 'Driver']",North,"['Other', 'Motorcycle', 'Automobile, Station Wagon']","['Going Ahead', 'Turning Left']","['Driving Properly', 'Failed to Yield Right of Way']",['Normal'],[],[],[],[],[],[],D13,False,"['unknown', '35 to 39']",3.0
1056407.0,2008-09-03 08:00:00,1945,2008,1420 VICTORIA PARK AVE,,,Major Arterial,North York,43.721245,-79.30119,636837.8459,4842314.2281,,No Control,Clear,Daylight,Dry,120,Clairlea-Birchmount,120,Clairlea-Birchmount (120),Non-Fatal Injury,1,0,1,0,0,0,0,0,0,1,0,0,0,Pedestrian Collisions,"['Pedestrian', 'Driver']",South,"['Other', 'Automobile, Station Wagon']","['Unknown', 'Going Ahead']",['Failed to Yield Right of Way'],['Unknown'],['Pedestrian hit at mid-block'],"['Crossing, no Traffic Control']",['Normal'],[],[],[],D41,False,"['80 to 84', '45 to 49']",3.0
1056442.0,2008-08-03 08:00:00,1540,2008,68 NORSEMAN ST,,,Collector,Etobicoke York,43.635545,-79.51369,619891.5376,4832467.1902,,No Control,Clear,Daylight,Dry,16,Stonegate-Queensway,16,Stonegate-Queensway (16),Non-Fatal Injury,0,1,0,0,0,0,0,0,0,0,0,0,0,Cyclist Collisions,"['Cyclist', 'Other']",West,"['Bicycle', 'Other']","['Going Ahead', 'Parked']",[],[],[],[],[],['Cyclist strikes a parked vehicle.'],['Other'],['Inattentive'],D22,False,"['20 to 24', 'unknown']",3.0
1056625.0,2008-09-06 08:00:00,1134,2008,EGLINTON AVE W,ATLAS AVE,,Major Arterial,North York,43.698245,-79.43839,625834.5049,4839542.3696,,No Control,Clear,Daylight,Dry,107,Oakwood Village,107,Oakwood Village (107),Non-Fatal Injury,1,0,1,0,0,0,0,0,0,0,0,0,0,Pedestrian Collisions,"['Driver', 'Pedestrian']",East,"['Automobile, Station Wagon', 'Other']",['Going Ahead'],['Driving Properly'],['Normal'],['Pedestrian hit at mid-block'],"['Crossing, no Traffic Control']",['Inattentive'],[],[],[],D13,False,"['20 to 24', '60 to 64']",3.0
1056886.0,2008-09-04 08:00:00,1450,2008,AVENUE RD,HEATH ST W,,Major Arterial,Toronto and East York,43.690043,-79.402889,628712.7483,4838685.9157,,No Control,Clear,Daylight,Dry,96,Casa Loma,96,Casa Loma (96),Non-Fatal Injury,0,1,1,0,0,0,1,0,0,1,0,0,0,Cyclist Collisions,"['Driver', 'Vehicle Owner', 'Cyclist']",East,"['Automobile, Station Wagon', 'Police Vehicle']","['Changing Lanes', 'Going Ahead']",['Improper Passing'],['Inattentive'],[],[],[],['Cyclist and Driver travelling in same direction. One vehicle sideswipes the other.'],['Driving Properly'],['Normal'],D53,False,"['unknown', '35 to 39']",3.0
1057099.0,2008-09-08 08:00:00,859,2008,VALHALLA INN RD,427 C N VALHALLA INN RAMP,,Collector,Etobicoke York,43.641045,-79.55969,616170.37,4833012.6242,,No Control,Clear,Daylight,Dry,158,Islington,14,Islington-City Centre West (14),Non-Fatal Injury,1,0,1,0,0,0,0,0,0,0,0,0,0,Pedestrian Collisions,"['Vehicle Owner', 'Driver', 'Pedestrian']",East,"['Other', 'Automobile, Station Wagon']",['Going Ahead'],['Driving Properly'],['Normal'],['Pedestrian hit at mid-block'],['Running onto Roadway'],['Inattentive'],[],[],[],D22,False,"['unknown', '20 to 24']",3.0
1057151.0,2008-09-08 08:00:00,2150,2008,MARKHAM RD,NASHDENE RD,,Major Arterial,Scarborough,43.819445,-79.24579,641069.255,4853313.838,,No Control,Rain,Dark,Wet,144,Morningside Heights,131,Rouge (131),Fatal,1,0,1,0,0,0,0,0,0,0,0,0,0,Pedestrian Collisions,"['Driver', 'Pedestrian']",North,"['Automobile, Station Wagon', 'Other']",['Going Ahead'],['Driving Properly'],['Normal'],['Pedestrian hit at mid-block'],['Running onto Roadway'],['Unknown'],[],[],[],D42,True,"['25 to 29', '45 to 49']",4.0
1057170.0,2008-08-04 08:00:00,1737,2008,DANFORTH Road,DANFORTH Aven,,Major Arterial,Scarborough,43.693645,-79.27729,638826.6992,4839288.5907,At Intersection,Traffic Signal,Clear,Daylight,Dry,121,Oakridge,121,Oakridge (121),Non-Fatal Injury,0,0,1,0,0,0,0,1,0,1,0,0,1,Rear End,"['Passenger', 'Driver', 'Vehicle Owner']",South,"['Other', 'Automobile, Station Wagon']","['Stopped', 'Other', 'Going Ahead']","['Driving Properly', 'Following too Close']","['Normal', 'Medical or Physical Disability']",[],[],[],[],[],[],D41,False,"['35 to 39', '50 to 54', '15 to 19', '10 to 14', 'unknown', '30 to 34']",3.0
1057611.0,2008-08-15 08:00:00,1958,2008,DUPONT Stre,CHRISTIE Stre,,Major Arterial,Toronto and East York,43.671745,-79.42089,627300.7084,4836625.8914,,No Control,Rain,Daylight,Wet,95,Annex,95,Annex (95),Non-Fatal Injury,0,0,1,0,0,0,0,0,0,0,0,0,0,Sideswipe,"['Driver', 'Vehicle Owner']",West,"['Automobile, Station Wagon', 'Other']","['Stopped', 'Going Ahead']","['Driving Properly', 'Lost control']","['Normal', 'Unknown']",[],[],[],[],[],[],D14,False,"['35 to 39', '60 to 64', '40 to 44', 'unknown', '15 to 19', '30 to 34', '50 to 54']",3.0
1057630.0,2008-06-20 08:00:00,1030,2008,SEELEY DR,SHEPPARD AVE W,,Major Arterial,North York,43.743045,-79.49419,621247.7034,4844434.8689,At Intersection,No Control,Clear,Daylight,Dry,155,Downsview,26,Downsview-Roding-CFB (26),Non-Fatal Injury,1,0,1,0,0,0,0,0,0,1,0,0,0,Pedestrian Collisions,"['Driver', 'Pedestrian']",West,"['Automobile, Station Wagon', 'Other']",['Turning Left'],['Failed to Yield Right of Way'],['Unknown'],['Vehicle turns left while ped crosses with ROW at inter.'],['Crossing with right of way'],['Normal'],[],[],[],D31,False,"['unknown', '20 to 24']",3.0
1057794.0,2008-08-18 08:00:00,750,2008,3807 VICTORIA PARK Ave,,,Major Arterial,North York,43.809945,-79.33879,633611.5332,4852104.3233,,No Control,Clear,Daylight,Dry,116,Steeles,116,Steeles (116),Non-Fatal Injury,0,0,1,0,0,0,0,0,0,0,0,0,1,Approaching,['Driver'],North,"['Automobile, Station Wagon']",['Going Ahead'],"['Lost control', 'Driving Properly']","['Medical or Physical Disability', 'Normal']",[],[],[],[],[],[],D42,False,"['65 to 69', '50 to 54']",3.0
1057892.0,2008-09-10 08:00:00,806,2008,TRETHEWEY DR,TEDDER ST,,Minor Arterial,Etobicoke York,43.697345,-79.49899,620953.1256,4839352.2266,At Intersection,No Control,Clear,Daylight,Dry,30,Brookhaven-Amesbury,30,Brookhaven-Amesbury (30),Fatal,0,1,1,0,0,0,0,0,1,1,0,0,0,Cyclist Collisions,"['Driver', 'Cyclist']",East,"['Automobile, Station Wagon', 'Bicycle']",['Turning Left'],['Failed to Yield Right of Way'],['Inattentive'],[],[],[],['Motorist turned left across cyclists path.'],['Driving Properly'],['Normal'],D12,True,['50 to 54'],4.0
1057921.0,2008-09-10 08:00:00,2133,2008,F G GARDINER XY Expr E,SPADINA AVE,,,Toronto and East York,43.637745,-79.39849,629179.3942,4832884.3639,,No Control,Clear,Dark,Dry,165,Harbourfront-CityPlace,77,Waterfront Communities-The Island (77),Non-Fatal Injury,0,0,1,0,0,0,0,0,0,0,0,0,0,SMV Other,['Driver'],East,"['Automobile, Station Wagon']",['Going Ahead'],['Lost control'],['Unknown'],[],[],[],[],[],[],D14,False,['40 to 44'],3.0
1057950.0,2008-08-19 08:00:00,1220,2008,BAY ST,DAVENPORT RD,,Major Arterial,Toronto and East York,43.673145,-79.39079,629724.2425,4836828.013,At Intersection,Traffic Signal,Clear,Daylight,Dry,95,Annex,95,Annex (95),Non-Fatal Injury,1,0,0,0,1,0,0,0,0,1,0,0,0,Pedestrian Collisions,"['Truck Driver', 'Pedestrian']",East,"['Truck - Open', 'Other']",['Going Ahead'],['Failed to Yield Right of Way'],['Inattentive'],['Vehicle is going straight thru inter.while ped cross with ROW'],['Crossing with right of way'],['Unknown'],[],[],[],D53,False,"['55 to 59', '85 to 89']",3.0
1057990.0,2008-08-21 08:00:00,1755,2008,EGLINTON Aven W,LLOYD MANOR Road,,Major Arterial,Etobicoke York,43.676345,-79.55439,616529.5498,4836940.5737,,No Control,Clear,Daylight,Dry,10,Princess-Rosethorn,10,Princess-Rosethorn (10),Non-Fatal Injury,0,0,1,0,1,0,0,0,0,1,0,0,0,Rear End,"['Driver', 'Vehicle Owner', 'Truck Driver']",East,"['Automobile, Station Wagon', 'Other', 'Truck - Open']","['Stopped', 'Going Ahead']","['Driving Properly', 'Following too Close']",['Normal'],[],[],[],[],[],[],D22,False,"['25 to 29', 'unknown', '30 to 34', '60 to 64', '40 to 44']",3.0
1058134.0,2008-08-23 08:00:00,220,2008,SHAVER Aven S,BLOOR Stre W,,Collector,Etobicoke York,43.638345,-79.54769,617143.5024,4832729.6206,,No Control,Clear,Dark,Dry,158,Islington,14,Islington-City Centre West (14),Non-Fatal Injury,0,0,1,0,0,0,0,0,1,1,0,1,0,SMV Other,"['Vehicle Owner', 'Driver']",South,"['Other', 'Automobile, Station Wagon']",['Going Ahead'],['Lost control'],"['Ability Impaired, Alcohol']",[],[],[],[],[],[],D22,False,"['unknown', '25 to 29']",3.0
1058226.0,2008-08-20 08:00:00,1913,2008,BURNHAMTHORPE Road,RENFORTH Driv,,Major Arterial,Etobicoke York,43.643345,-79.57249,615133.5657,4833250.2327,At Intersection,Traffic Signal,Clear,Daylight,Dry,11,Eringate-Centennial-West Deane,11,Eringate-Centennial-West Deane (11),Non-Fatal Injury,0,0,1,0,0,0,0,0,0,1,1,0,0,Turning Movement,['Driver'],East,"['Automobile, Station Wagon']","['Turning Left', 'Going Ahead', 'Stopped']","['Improper Turn', 'Disobeyed Traffic Control', 'Driving Properly']",['Normal'],[],[],[],[],[],[],D22,False,"['50 to 54', '60 to 64']",3.0
1058363.0,2008-08-22 08:00:00,1355,2008,DUNDAS Stre W,WEST MALL Cres,,Major Arterial,Etobicoke York,43.627345,-79.56239,615978.9457,4831487.2944,At Intersection,Traffic Signal,Clear,Daylight,Dry,12,Markland Wood,12,Markland Wood (12),Non-Fatal Injury,0,0,1,0,0,0,0,0,0,1,0,0,0,Turning Movement,"['Vehicle Owner', 'Driver']",East,"['Other', 'Pick Up Truck', 'Automobile, Station Wagon']","['Turning Left', 'Stopped', 'Going Ahead']","['Failed to Yield Right of Way', 'Driving Properly']","['Inattentive', 'Normal']",[],[],[],[],[],[],D22,False,"['unknown', '15 to 19', '40 to 44', '25 to 29']",3.0
1058466.0,2008-08-26 08:00:00,745,2008,ST CLAIR AVE W,WINONA DR,,Major Arterial,Toronto and East York,43.680145,-79.43299,626307.6271,4837540.3265,,No Control,Clear,Daylight,Dry,94,Wychwood,94,Wychwood (94),Non-Fatal Injury,0,1,1,0,0,0,0,0,0,0,0,0,0,Cyclist Collisions,"['Driver', 'Cyclist']",West,"['Automobile, Station Wagon', 'Bicycle']","['Parked', 'Going Ahead']",['Other'],['Normal'],[],[],[],['Cyclist struck opened vehicle door'],['Driving Properly'],['Normal'],D13,False,"['30 to 34', '45 to 49']",3.0
1058507.0,2008-08-28 08:00:00,1402,2008,LAKE SHORE BLVD W,THIRTY SEVENTH ST,,Major Arterial,Etobicoke York,43.593345,-79.53819,617997.7582,4827745.2774,At Intersection,Traffic Signal,Clear,Daylight,Dry,19,Long Branch,19,Long Branch (19),Non-Fatal Injury,0,0,1,0,1,0,0,0,0,0,0,0,0,Turning Movement,"['Vehicle Owner', 'Truck Driver', 'Driver']",East,"['Other', 'Truck - Open', 'Automobile, Station Wagon']","['Going Ahead', 'Making U Turn']","['Driving Properly', 'Improper Turn']",['Normal'],[],[],[],[],[],[],D22,False,"['unknown', '50 to 54', '25 to 29']",3.0
1058523.0,2008-08-29 08:00:00,1440,2008,ST DENNIS DR,DEAUVILLE LANE,,Collector,North York,43.718345,-79.33139,634411.717,4841942.7196,At Intersection,Traffic Signal,Clear,Daylight,Dry,44,Flemingdon Park,44,Flemingdon Park (44),Non-Fatal Injury,0,0,1,0,1,0,0,1,0,1,1,0,0,Angle,"['Truck Driver', 'Passenger', 'Driver']",North,"['Truck - Open', 'Other', 'Automobile, Station Wagon']",['Going Ahead'],"['Disobeyed Traffic Control', 'Driving Properly']","['Inattentive', 'Normal']",[],[],[],[],[],[],D55,False,"['45 to 49', '55 to 59', '70 to 74']",3.0
1058658.0,2008-09-14 08:00:00,2152,2008,F G GARDINER Expr E,DON VALLEY PARKWAY  N,,,Toronto and East York,43.650945,-79.34839,633191.3799,4834429.5886,,No Control,Rain,Dark,Wet,166,St Lawrence-East Bayfront-The Islands,77,Waterfront Communities-The Island (77),Non-Fatal Injury,0,0,1,0,0,0,0,0,0,0,0,0,0,SMV Other,['Driver'],East,"['Automobile, Station Wagon']",['Going Ahead'],['Lost control'],['Normal'],[],[],[],[],[],[],D51,False,['30 to 34'],3.0
1058659.0,2008-09-14 08:00:00,2230,2008,F G GARDINER Expr W,CHERRY Stre,,Major Arterial,Toronto and East York,43.649145,-79.35609,632574.3794,4834217.3446,,No Control,Clear,Dark,Dry,166,St Lawrence-East Bayfront-The Islands,77,Waterfront Communities-The Island (77),Non-Fatal Injury,0,0,1,0,0,0,0,0,0,0,0,0,0,SMV Other,['Driver'],East,"['Automobile, Station Wagon']",['Going Ahead'],['Lost control'],['Normal'],[],[],[],[],[],[],D51,False,['30 to 34'],3.0
1058686.0,2008-08-27 08:00:00,723,2008,EGLINTON Aven W,ALAMEDA Aven,,Major Arterial,North York,43.697845,-79.44029,625682.2372,4839495.0622,At Intersection,Stop Sign,Clear,Daylight,Dry,108,Briar Hill-Belgravia,108,Briar Hill-Belgravia (108),Non-Fatal Injury,0,0,1,1,0,0,0,0,0,1,0,0,0,Turning Movement,"['Motorcycle Driver', 'Driver']",East,"['Motorcycle', 'Automobile, Station Wagon']","['Going Ahead', 'Turning Left']","['Improper Passing', 'Improper Turn']",['Normal'],[],[],[],[],[],[],D13,False,"['50 to 54', '55 to 59']",3.0
1058699.0,2008-08-27 08:00:00,1354,2008,VICTORIA PARK Aven,SLOANE Aven,,Major Arterial,North York,43.738745,-79.30849,636210.1533,4844245.8334,At Intersection,Stop Sign,Clear,Daylight,Dry,43,Victoria Village,43,Victoria Village (43),Non-Fatal Injury,1,0,0,1,0,0,0,0,0,0,0,0,0,Pedestrian Collisions,"['Motorcycle Driver', 'Pedestrian']",South,"['Motorcycle', 'Other']",['Going Ahead'],['Lost control'],['Normal'],['Vehicle is going straight thru inter.while ped cross without ROW'],['Crossing without right of way'],['Unknown'],[],[],[],D33,False,"['45 to 49', '40 to 44']",3.0
1058736.0,2008-08-30 08:00:00,308,2008,UNIVERSITY AVE,ELM ST,,Major Arterial,Toronto and East York,43.656345,-79.38899,629905.5807,4834964.9652,,Traffic Signal,Clear,Daylight,Dry,78,Kensington-Chinatown,78,Kensington-Chinatown (78),Non-Fatal Injury,0,0,1,0,0,0,0,1,0,0,0,0,0,Turning Movement,"['Vehicle Owner', 'Driver', 'Passenger']",South,"['Other', 'Automobile, Station Wagon']","['Going Ahead', 'Turning Left']","['Driving Properly', 'Improper Turn']",['Normal'],[],[],[],[],[],[],D52,False,"['unknown', '40 to 44', '20 to 24', '25 to 29']",3.0
1058820.0,2008-08-31 08:00:00,2240,2008,LESLIE ST,FINCH AVE E,,Major Arterial,North York,43.789345,-79.36789,631316.1125,4849769.788,,No Control,Clear,Dark,Dry,47,Don Valley Village,47,Don Valley Village (47),Non-Fatal Injury,0,0,1,0,0,0,0,0,1,1,0,0,0,SMV Other,"['Driver', 'Other Property Owner']",South,"['Automobile, Station Wagon', 'Other']",['Going Ahead'],['Lost control'],['Had Been Drinking'],[],[],[],[],[],[],D33,False,"['50 to 54', 'unknown']",3.0
1058854.0,2008-08-31 08:00:00,1825,2008,ALBION RD,BEATTIE AVE,,Major Arterial,Etobicoke York,43.725345,-79.55079,616724.6235,4842387.7543,,No Control,Clear,Daylight,Dry,5,Elms-Old Rexdale,5,Elms-Old Rexdale (5),Non-Fatal Injury,0,0,1,0,0,0,0,1,0,1,0,0,0,Rear End,"['Passenger', 'Driver']",North,"['Other', 'Automobile, Station Wagon']","['Stopped', 'Going Ahead']","['Driving Properly', 'Following too Close']",['Normal'],[],[],[],[],[],[],D23,False,"['40 to 44', '45 to 49', '30 to 34']",3.0
1058925.0,2008-09-04 08:00:00,2334,2008,YONGE Stre,BREADALBANE Stre,,Major Arterial,Toronto and East York,43.663845,-79.38419,630276.4162,4835805.466,At Intersection,Stop Sign,Clear,Daylight,Dry,169,Bay-Cloverhill,76,Bay Street Corridor (76),Non-Fatal Injury,1,0,1,0,0,0,0,0,0,1,0,1,0,Pedestrian Collisions,"['Vehicle Owner', 'Driver', 'Pedestrian']",East,"['Other', 'Automobile, Station Wagon']",['Turning Left'],['Failed to Yield Right of Way'],"['Ability Impaired, Alcohol Over .08']",['Vehicle turns left while ped crosses with ROW at inter.'],['Crossing with right of way'],['Had Been Drinking'],[],[],[],D52,False,"['unknown', '20 to 24', '35 to 39']",3.0
1058981.0,2008-09-15 08:00:00,2205,2008,FINCH Aven W,BATHURST Stre,,Major Arterial,North York,43.773945,-79.44239,625354.1283,4847943.8897,,,Other,Dark,Other,36,Newtonbrook West,36,Newtonbrook West (36),Non-Fatal Injury,0,0,1,0,0,0,0,0,0,0,0,0,0,SMV Other,['Driver'],,"['Automobile, Station Wagon']",['Going Ahead'],[],[],[],[],[],[],[],[],D32,False,['20 to 24'],3.0
1058993.0,2008-09-15 08:00:00,1003,2008,261 FINCH Aven W,,,Major Arterial,North York,43.774545,-79.43839,625674.7883,4848016.5925,,No Control,Clear,Daylight,Dry,37,Willowdale West,37,Willowdale West (37),Non-Fatal Injury,0,0,1,0,0,0,0,0,0,0,0,0,0,Angle,['Driver'],,"['Automobile, Station Wagon']",['Changing Lanes'],[],[],[],[],[],[],[],[],D32,False,['20 to 24'],3.0
1059047.0,2008-09-06 08:00:00,610,2008,BURNHAMTHORPE RD,THE WEST MALL,,Major Arterial,Etobicoke York,43.644545,-79.567188,615558.8926,4833390.8761,At Intersection,Traffic Signal,Rain,Dark,Wet,13,Etobicoke West Mall,13,Etobicoke West Mall (13),Non-Fatal Injury,1,0,1,0,0,0,0,0,0,0,0,0,0,Pedestrian Collisions,"['Driver', 'Pedestrian']",West,"['Automobile, Station Wagon', 'Other']","['Going Ahead', 'Other']",['Driving Properly'],['Normal'],['Vehicle is going straight thru inter.while ped cross without ROW'],['Crossing without right of way'],['Inattentive'],[],[],[],D22,False,"['45 to 49', '50 to 54']",3.0
1059152.0,2008-09-03 08:00:00,1445,2008,185 CARLINGVIEW Driv,,,Major Arterial,Etobicoke York,43.684845,-79.59469,613264.9788,4837828.785,,No Control,Clear,Daylight,Dry,1,West Humber-Clairville,1,West Humber-Clairville (1),Non-Fatal Injury,0,0,1,0,0,0,0,0,0,1,0,0,0,Rear End,['Driver'],South,"['Automobile, Station Wagon']","['Going Ahead', 'Stopped']","['Following too Close', 'Driving Properly']",['Normal'],[],[],[],[],[],[],D23,False,"['35 to 39', '45 to 49']",3.0
1059312.0,2008-08-07 08:00:00,151,2008,DANFORTH Aven,BASTEDO Aven,,Major Arterial,Toronto and East York,43.684345,-79.31919,635471.0333,4838186.3951,,No Control,Clear,Dark,Dry,66,Danforth,66,Danforth (66),Non-Fatal Injury,0,0,1,1,0,0,0,0,0,0,0,1,0,Sideswipe,"['Vehicle Owner', 'Motorcycle Driver', 'Driver']",East,"['Other', 'Motorcycle', 'Automobile, Station Wagon']","['Pulling Away from Shoulder or Curb', 'Going Ahead']","['Lost control', 'Driving Properly']","['Ability Impaired, Alcohol Over .08', 'Normal']",[],[],[],[],[],[],D55,False,"['unknown', '45 to 49', '35 to 39']",3.0
1059399.0,2008-09-17 08:00:00,1838,2008,KINGSTON RD,WOODBINE AVE,,Major Arterial,Toronto and East York,43.673945,-79.30789,636405.3742,4837049.8525,At Intersection,Traffic Signal,Clear,Daylight,Dry,63,The Beaches,63,The Beaches (63),Fatal,0,0,1,0,1,0,0,0,0,0,0,0,1,Approaching,"['Vehicle Owner', 'Truck Driver', 'Driver']",East,"['Other', 'Truck - Open', 'Automobile, Station Wagon']","['Going Ahead', 'Stopped']","['Lost control', 'Driving Properly']","['Medical or Physical Disability', 'Normal']",[],[],[],[],[],[],D55,True,"['unknown', '45 to 49', '50 to 54']",4.0
1059416.0,2008-09-03 08:00:00,1900,2008,ALBION RD,INDIAN LINE Aven W,,Major Arterial,Etobicoke York,43.749045,-79.63839,609625.7026,4844900.3237,,No Control,Clear,Daylight,Dry,1,West Humber-Clairville,1,West Humber-Clairville (1),Non-Fatal Injury,0,0,1,0,0,0,0,1,0,1,0,0,0,Rear End,"['Vehicle Owner', 'Driver', 'Passenger']",South,"['Other', 'Automobile, Station Wagon']","['Going Ahead', 'Pulling Onto Shoulder or towardCurb']","['Driving Properly', 'Following too Close']",['Normal'],[],[],[],[],[],[],D23,False,"['unknown', '45 to 49', '40 to 44', '25 to 29']",3.0
1059535.0,2008-08-29 08:00:00,1333,2008,RUNNYMEDE RD,GLENWOOD AVE,,Minor Arterial,Toronto and East York,43.657145,-79.47879,622662.761,4834917.1449,At Intersection,No Control,Clear,Daylight,Dry,88,High Park North,88,High Park North (88),Non-Fatal Injury,0,1,1,0,0,0,0,0,0,1,0,0,0,Cyclist Collisions,"['Driver', 'Cyclist']",North,"['Automobile, Station Wagon', 'Bicycle']",['Going Ahead'],['Failed to Yield Right of Way'],['Normal'],[],[],[],['Cyclist and Driver travelling in same direction. One vehicle rear-ended the other.'],['Driving Properly'],['Normal'],D11,False,"['80 to 84', '60 to 64']",3.0
1060516.0,2008-09-23 08:00:00,1652,2008,HIGHWAY 27  S,DIXON RD,,Major Arterial,Etobicoke York,43.683645,-79.58019,614435.9375,4837715.4136,,No Control,Clear,Daylight,Wet,1,West Humber-Clairville,1,West Humber-Clairville (1),Fatal,0,0,1,0,1,0,0,0,0,0,0,0,0,Approaching,"['Vehicle Owner', 'Truck Driver', 'Driver']",North,"['Other', 'Truck - Open', 'Automobile, Station Wagon']","['Going Ahead', 'Pulling Away from Shoulder or Curb']","['Driving Properly', 'Lost control']","['Normal', 'Unknown']",[],[],[],[],[],[],D23,True,"['unknown', '35 to 39', '25 to 29']",4.0
1060729.0,2008-09-08 08:00:00,1613,2008,FINCH AVE W,KEELE ST,,Major Arterial,Etobicoke York,43.763545,-79.49089,621471.9397,4846716.5302,At Intersection,Traffic Signal,Clear,Daylight,Dry,27,York University Heights,27,York University Heights (27),Non-Fatal Injury,1,0,1,0,0,0,0,0,0,0,0,0,0,Pedestrian Collisions,"['Vehicle Owner', 'Driver', 'Pedestrian']",South,"['Other', 'Automobile, Station Wagon']",['Going Ahead'],['Driving Properly'],['Normal'],['Vehicle is going straight thru inter.while ped cross without ROW'],"['Crossing, no Traffic Control']",['Normal'],[],[],[],D31,False,"['unknown', '20 to 24', '45 to 49']",3.0
1060768.0,2008-09-10 08:00:00,2047,2008,ST CLAIR Aven E,MIDLAND Aven,,Minor Arterial,Scarborough,43.718745,-79.25129,640863.1595,4842120.1699,At Intersection,Traffic Signal,Clear,Daylight,Dry,122,Birchcliffe-Cliffside,123,Cliffcrest (123),Non-Fatal Injury,0,1,1,0,0,0,0,0,0,1,0,0,0,Cyclist Collisions,"['Driver', 'Cyclist']",North,"['Automobile, Station Wagon', 'Bicycle']","['Turning Left', 'Going Ahead']",['Failed to Yield Right of Way'],['Normal'],[],[],[],['Motorist turned left across cyclists path.'],['Other'],['Had Been Drinking'],D41,False,"['65 to 69', '55 to 59']",3.0
1060815.0,2008-08-23 08:00:00,1425,2008,MILLWOOD Rd,REDWAY Rd,,Major Arterial,North York,43.701845,-79.35819,632289.1673,4840067.0451,At Intersection,Traffic Signal,Clear,Daylight,Dry,56,Leaside-Bennington,56,Leaside-Bennington (56),Non-Fatal Injury,0,1,1,0,0,0,0,0,0,0,0,0,0,Cyclist Collisions,"['Driver', 'Cyclist']",North,"['Automobile, Station Wagon', 'Bicycle']","['Turning Left', 'Going Ahead']",['Improper Turn'],['Normal'],[],[],[],['Motorist turned left across cyclists path.'],['Disobeyed Traffic Control'],['Normal'],D53,False,"['25 to 29', '45 to 49']",3.0
1061106.0,2008-09-25 08:00:00,2027,2008,JARVIS ST,CARLTON ST,,Major Arterial,Toronto and East York,43.664645,-79.377589,630806.897,4835904.7033,,No Control,Clear,Dark,Dry,71,Cabbagetown-South St.James Town,71,Cabbagetown-South St.James Town (71),Non-Fatal Injury,0,0,1,1,0,0,0,0,0,1,0,0,0,Turning Movement,"['Motorcycle Driver', 'Vehicle Owner', 'Driver']",South,"['Motorcycle', 'Other', 'Automobile, Station Wagon']","['Going Ahead', 'Making U Turn']","['Driving Properly', 'Failed to Yield Right of Way']","['Normal', 'Inattentive']",[],[],[],[],[],[],D51,False,"['45 to 49', 'unknown', '65 to 69']",3.0