accident_number,date,time,year,street1,street2,offset,road_class,district,latitude,longitude,x,y,accident_location,traffctl,visibility,light,road_surface_condition,hood_158,neighbourhood_new,hood_140,neighbourhood_old,accident_class,pedestrian,cyclist,automobile,motorcycle,truck,trsn_city_veh,emerg_veh,passenger,speeding,aggressive_driving,redlight,alcohol,disability,impact_type,involvement_type,initial_direction,vehicle_type,manoeuver,driver_action,driver_condition,pedestrian_type,pedestrian_action,pedestrian_condition,cyclist_type,cyclist_action,cyclist_condition,division,injury,involvement_age,injury_severity_score
1061341.0,2008-09-28 08:00:00,545,2008,WILSON AVE,HIGHWAY 400  S,,Major Arterial,Etobicoke York,43.718145,-79.52109,619131.0563,4841630.3528,At Intersection,No Control,Clear,Dark,Wet,154,Oakdale-Beverley Heights,26,Downsview-Roding-CFB (26),Fatal,0,0,1,0,0,0,0,0,1,1,0,0,0,SMV Other,['Driver'],East,"['Automobile, Station Wagon']",['Going Ahead'],['Exceeding Speed Limit'],['Had Been Drinking'],[],[],[],[],[],[],D31,True,['55 to 59'],4.0
1061541.0,2008-09-29 08:00:00,412,2008,DON VALLEY PARKWAY  S,BEECHWOOD DR,,,Toronto and East York,43.696845,-79.35299,632719.1943,4839520.0354,,No Control,Clear,Dark,Dry,57,Broadview North,57,Broadview North (57),Non-Fatal Injury,0,0,1,0,0,0,0,1,0,1,0,1,0,Approaching,"['Passenger', 'Driver', 'Vehicle Owner']",South,"['Other', 'Automobile, Station Wagon']",['Going Ahead'],"['Driving Properly', 'Wrong Way on One Way Road']","['Normal', 'Ability Impaired, Alcohol Over .08']",[],[],[],[],[],[],D55,False,"['50 to 54', 'unknown', '20 to 24', '25 to 29']",3.0
1061921.0,2008-09-30 08:00:00,707,2008,SHEPPARD AVE W,HAMMELL ST,,Major Arterial,North York,43.755145,-79.44049,625546.3597,4845858.7456,,No Control,Rain,Daylight,Wet,34,Bathurst Manor,34,Bathurst Manor (34),Non-Fatal Injury,1,0,1,0,0,0,0,0,0,0,0,0,0,Pedestrian Collisions,"['Vehicle Owner', 'Pedestrian', 'Driver']",East,"['Other', 'Automobile, Station Wagon']",['Going Ahead'],['Driving Properly'],['Normal'],['Vehicle is going straight thru inter.while ped cross without ROW'],['Running onto Roadway'],['Inattentive'],[],[],[],D32,False,"['unknown', '40 to 44', '55 to 59']",3.0
1062115.0,2008-09-02 08:00:00,920,2008,ST CLAIR AVE W,LAUGHTON AVE,,Major Arterial,Toronto and East York,43.674745,-79.45759,624335.8974,4836903.4155,At Intersection,Traffic Signal,Clear,Daylight,Dry,91,Weston-Pelham Park,91,Weston-Pellam Park (91),Non-Fatal Injury,1,0,1,0,0,0,0,0,0,1,0,0,0,Pedestrian Collisions,"['Vehicle Owner', 'Driver', 'Pedestrian']",North,"['Other', 'Automobile, Station Wagon']","['Turning Left', 'Unknown']",['Failed to Yield Right of Way'],['Inattentive'],['Vehicle turns left while ped crosses with ROW at inter.'],['Crossing with right of way'],['Normal'],[],[],[],D12,False,"['unknown', '20 to 24', '0 to 4', '30 to 34']",3.0
1062269.0,2008-09-18 08:00:00,1620,2008,BEVERLEY St,COLLEGE St,,Minor Arterial,Toronto and East York,43.657945,-79.39559,629369.9408,4835132.3546,,No Control,Clear,Daylight,Dry,78,Kensington-Chinatown,78,Kensington-Chinatown (78),Non-Fatal Injury,0,1,1,0,0,0,0,0,0,1,0,0,0,Cyclist Collisions,"['Driver', 'Cyclist']",South,"['Automobile, Station Wagon', 'Bicycle']","['Making U Turn', 'Going Ahead']",['Failed to Yield Right of Way'],['Inattentive'],[],[],[],['Motorist makes u-turn in-front of cyclist.'],['Driving Properly'],['Normal'],D52,False,"['55 to 59', '30 to 34']",3.0
1062414.0,2008-08-15 08:00:00,630,2008,LAWRENCE AVE W,CALEDONIA RD,,Major Arterial,North York,43.711345,-79.46719,623486.8805,4840954.0006,,No Control,Clear,Daylight,Dry,31,Yorkdale-Glen Park,31,Yorkdale-Glen Park (31),Non-Fatal Injury,0,0,1,0,0,0,0,0,0,0,0,0,1,Sideswipe,['Driver'],East,"['Automobile, Station Wagon']",['Going Ahead'],"['Driving Properly', 'Lost control']","['Normal', 'Medical or Physical Disability']",[],[],[],[],[],[],D13,False,"['40 to 44', '85 to 89']",3.0
1062415.0,2008-10-02 08:00:00,1025,2008,YONGE ST,BISHOP AVE,,Major Arterial,North York,43.783245,-79.41639,627426.8308,4849016.4892,,No Control,Clear,Daylight,Dry,50,Newtonbrook East,50,Newtonbrook East (50),Fatal,1,0,1,0,0,0,0,0,0,0,0,0,0,Pedestrian Collisions,"['Vehicle Owner', 'Driver', 'Pedestrian']",North,"['Other', 'Automobile, Station Wagon']",['Going Ahead'],['Driving Properly'],['Normal'],['Pedestrian hit at mid-block'],"['Crossing, no Traffic Control']",['Inattentive'],[],[],[],D32,True,"['unknown', '45 to 49', '85 to 89']",4.0
1062444.0,2008-10-02 08:00:00,2038,2008,FINCH Ave W,DUFFERIN St,,Major Arterial,North York,43.768145,-79.46989,623152.8547,4847258.4459,,No Control,Rain,Dark,Wet,27,York University Heights,27,York University Heights (27),Non-Fatal Injury,1,0,1,0,0,0,0,1,0,0,0,0,0,Pedestrian Collisions,"['Pedestrian', 'Passenger', 'Vehicle Owner', 'Driver']",North,"['Other', 'Automobile, Station Wagon']",['Going Ahead'],['Driving Properly'],['Normal'],['Pedestrian hit at mid-block'],"['Crossing, no Traffic Control']",['Normal'],[],[],[],D32,False,"['65 to 69', '15 to 19', 'unknown']",3.0
1062512.0,2008-09-13 08:00:00,1450,2008,ADELAIDE St E,POWER St,,Major Arterial,Toronto and East York,43.654345,-79.36229,632062.9722,4834784.987,,No Control,Clear,Daylight,Dry,73,Moss Park,73,Moss Park (73),Non-Fatal Injury,0,1,0,0,0,0,0,0,0,0,0,0,0,Cyclist Collisions,['Cyclist'],East,['Bicycle'],['Going Ahead'],[],[],[],[],[],"['Cyclist loses control and strikes object (pole, ttc track)']",['Lost control'],['Normal'],D51,False,['20 to 24'],3.0
1062586.0,2008-09-20 08:00:00,1025,2008,ISLINGTON AVE,DIXON RD,,Major Arterial,Etobicoke York,43.697045,-79.54669,617109.9585,4839250.4313,,No Control,Clear,Daylight,Dry,6,Kingsview Village-The Westway,6,Kingsview Village-The Westway (6),Non-Fatal Injury,0,0,1,0,0,0,0,0,0,1,0,0,0,Rear End,['Driver'],South,"['Automobile, Station Wagon']","['Going Ahead', 'Slowing or Stopping']","['Following too Close', 'Driving Properly']",['Normal'],[],[],[],[],[],[],D23,False,"['55 to 59', '45 to 49']",3.0
1062626.0,2008-10-03 08:00:00,2327,2008,F G GARDINER XY  E,ELLIS AVE,,,Toronto and East York,43.636344,-79.466892,623664.8413,4832624.5845,,No Control,Clear,Dark,Dry,85,South Parkdale,85,South Parkdale (85),Fatal,0,0,1,1,0,0,0,1,1,1,0,0,0,Rear End,"['Motorcycle Driver', 'Driver', 'Vehicle Owner', 'Passenger']",East,"['Motorcycle', 'Delivery Van', 'Automobile, Station Wagon']","['Merging', 'Stopped', 'Going Ahead']","['Exceeding Speed Limit', 'Driving Properly']","['Had Been Drinking', 'Normal']",[],[],[],[],[],[],D11,True,"['35 to 39', '40 to 44', 'unknown', '30 to 34']",4.0
1062738.0,2008-10-05 08:00:00,338,2008,SPADINA AVE,OXFORD ST,,Major Arterial,Toronto and East York,43.656745,-79.39959,629049.9722,4834992.8497,,No Control,Clear,Dark,Dry,78,Kensington-Chinatown,78,Kensington-Chinatown (78),Non-Fatal Injury,1,0,1,0,0,0,0,0,0,0,0,0,0,Pedestrian Collisions,"['Vehicle Owner', 'Driver', 'Pedestrian']",West,"['Other', 'Automobile, Station Wagon']",['Going Ahead'],['Driving Properly'],['Normal'],['Pedestrian involved in a collision with transit vehicle anywhere along roadway'],"['Crossing, no Traffic Control']",['Had Been Drinking'],[],[],[],D14,False,"['unknown', '45 to 49', '20 to 24']",3.0
1062955.0,2008-10-06 08:00:00,1428,2008,MARTIN GROVE RD,ALBION RD,,Minor Arterial,Etobicoke York,43.742369,-79.594417,613178.6508,4844217.9888,Non Intersection,No Control,Clear,Daylight,Dry,2,Mount Olive-Silverstone-Jamestown,2,Mount Olive-Silverstone-Jamestown (2),Non-Fatal Injury,0,0,1,0,0,0,0,0,0,0,0,0,0,SMV Other,['Driver'],South,['Passenger Van'],['Going Ahead'],['Other'],['Other'],[],[],[],[],[],[],D23,False,['75 to 79'],3.0
1063149.0,2008-10-07 08:00:00,2230,2008,MARKHAM RD,TUXEDO CRT,,Major Arterial,Scarborough,43.780944,-79.233592,642141.4755,4849058.5528,,No Control,Clear,Dark,Dry,142,Woburn North,137,Woburn (137),Non-Fatal Injury,0,0,1,1,0,0,0,0,0,1,0,0,0,Turning Movement,"['Motorcycle Driver', 'Driver']",East,"['Motorcycle', 'Pick Up Truck']","['Going Ahead', 'Turning Left']","['Driving Properly', 'Failed to Yield Right of Way']",['Normal'],[],[],[],[],[],[],D43,False,"['35 to 39', '25 to 29']",3.0
1063278.0,2008-09-16 08:00:00,1655,2008,JANE St,HOMEVIEW Ave,,Major Arterial,Etobicoke York,43.668645,-79.49239,621542.9071,4836174.3552,,No Control,Clear,Daylight,Dry,111,Rockcliffe-Smythe,111,Rockcliffe-Smythe (111),Non-Fatal Injury,1,0,0,0,0,1,0,0,0,0,0,0,0,Pedestrian Collisions,"['Vehicle Owner', 'Driver', 'Pedestrian']",North,"['Other', 'Municipal Transit Bus (TTC)']",['Going Ahead'],['Driving Properly'],['Normal'],['Pedestrian involved in a collision with transit vehicle anywhere along roadway'],['On Sidewalk or Shoulder'],['Inattentive'],[],[],[],D12,False,"['unknown', '50 to 54', '15 to 19']",3.0
1063404.0,2008-09-28 08:00:00,128,2008,YONGE ST,RANLEIGH AVE,,Major Arterial,North York,43.727845,-79.40289,628631.7789,4842884.3597,At Intersection,Traffic Signal,"Fog, Mist, Smoke, Dust",Dark,Wet,105,Lawrence Park North,105,Lawrence Park North (105),Non-Fatal Injury,1,0,1,0,0,0,0,0,0,0,0,0,0,Pedestrian Collisions,"['Driver', 'Pedestrian']",East,"['Automobile, Station Wagon', 'Other']",['Going Ahead'],['Driving Properly'],['Unknown'],['Vehicle is going straight thru inter.while ped cross with ROW'],['Crossing with right of way'],['Unknown'],[],[],[],D32,False,"['unknown', '50 to 54']",3.0
1063638.0,2008-09-24 08:00:00,2035,2008,319 KIPLING AVE,,,Major Arterial,Etobicoke York,43.599145,-79.51739,619665.2586,4828419.19,,No Control,Clear,Dark,Dry,18,New Toronto,18,New Toronto (18),Non-Fatal Injury,0,0,1,0,0,0,0,0,1,1,0,0,1,SMV Other,"['Driver', 'Other Property Owner']",South,"['Automobile, Station Wagon', 'Other']",['Going Ahead'],['Lost control'],['Medical or Physical Disability'],[],[],[],[],[],[],D22,False,"['25 to 29', 'unknown']",3.0
1063951.0,2008-10-13 08:00:00,145,2008,EGLINTON Ave E,MIDLAND Ave,,Major Arterial,Scarborough,43.734545,-79.25809,640278.507,4843863.4585,At Intersection,Traffic Signal,Clear,Dark,Dry,138,Eglinton East,138,Eglinton East (138),Non-Fatal Injury,0,0,1,0,0,0,0,0,0,1,1,0,0,Angle,"['Vehicle Owner', 'Driver']",South,"['Other', 'Automobile, Station Wagon']",['Going Ahead'],"['Driving Properly', 'Disobeyed Traffic Control']","['Normal', 'Unknown']",[],[],[],[],[],[],D41,False,"['unknown', '30 to 34', '35 to 39']",3.0
1064016.0,2008-10-08 08:00:00,1600,2008,ELIZABETH Stre,GERRARD Stre W,,Minor Arterial,Toronto and East York,43.658145,-79.38639,630111.349,4835168.9529,,No Control,Rain,Daylight,Wet,170,Yonge-Bay Corridor,76,Bay Street Corridor (76),Non-Fatal Injury,0,0,1,0,0,0,0,0,0,0,0,0,0,Approaching,"['Driver', 'Vehicle Owner']",North,"['Other', 'Automobile, Station Wagon']","['Unknown', 'Reversing', 'Parked']",[],[],[],[],[],[],[],[],D52,False,"['unknown', '25 to 29']",3.0
1064077.0,2008-09-14 08:00:00,2300,2008,SIMPSON AVE,BROADVIEW AVE,,Local,Toronto and East York,43.667145,-79.34859,633139.44,4836228.494,,No Control,Rain,Dark,Wet,68,North Riverdale,68,North Riverdale (68),Non-Fatal Injury,1,0,1,0,0,0,0,0,0,1,0,0,0,Pedestrian Collisions,"['Driver', 'Pedestrian']",West,"['Automobile, Station Wagon', 'Other']",['Going Ahead'],['Failed to Yield Right of Way'],['Normal'],['Pedestrian hit at mid-block'],"['Crossing, no Traffic Control']",['Had Been Drinking'],[],[],[],D55,False,"['unknown', '25 to 29']",3.0
1064117.0,2008-09-25 08:00:00,600,2008,CITY VIEW DR,DIXON RD,,Local,Etobicoke York,43.690545,-79.57729,614656.5313,4838485.7558,,No Control,Clear,Dawn,Dry,1,West Humber-Clairville,1,West Humber-Clairville (1),Non-Fatal Injury,1,0,1,0,0,0,0,0,0,1,0,0,0,Pedestrian Collisions,"['Driver', 'Pedestrian']",North,"['Automobile, Station Wagon', 'Other']",['Turning Left'],['Failed to Yield Right of Way'],['Normal'],['Pedestrian hit on sidewalk or shoulder'],['On Sidewalk or Shoulder'],['Normal'],[],[],[],D23,False,"['55 to 59', '50 to 54']",3.0
1064139.0,2008-09-25 08:00:00,2110,2008,WILMINGTON AVE,EVANSTON DR,,Minor Arterial,North York,43.766045,-79.45899,624034.5026,4847041.4777,,No Control,Clear,Dark,Dry,34,Bathurst Manor,34,Bathurst Manor (34),Non-Fatal Injury,0,0,1,0,0,0,0,1,0,1,0,1,0,Approaching,"['Driver', 'Passenger']",South,"['Automobile, Station Wagon', 'Other']",['Going Ahead'],"['Following too Close', 'Driving Properly']","['Ability Impaired, Alcohol Over .08', 'Normal']",[],[],[],[],[],[],D32,False,"['50 to 54', '25 to 29']",3.0
1064302.0,2020-06-09 08:00:00,2148,2020,DUFFERIN ST,BLOOR ST W,20 m South o,Major Arterial,Toronto and East York,43.659812,-79.435321,626162.3309,4835278.5287,Intersection Related,No Control,Clear,"Dark, artificial",Dry,83,Dufferin Grove,83,Dufferin Grove (83),Non-Fatal Injury,0,1,1,0,0,0,0,1,0,0,0,0,0,Cyclist Collisions,"['Driver', 'Cyclist', 'Passenger']",South,"['Automobile, Station Wagon', 'Bicycle']","['Making U Turn', 'Going Ahead']",['Improper Turn'],['Normal'],[],[],[],['Motorist makes u-turn in-front of cyclist.'],['Driving Properly'],['Normal'],D14,False,"['20 to 24', '50 to 54']",3.0
1064337.0,2008-09-19 08:00:00,840,2008,SILVERSTONE DR,MARTIN GROVE RD,,Minor Arterial,Etobicoke York,43.750845,-79.59859,612826.7108,4845153.6781,At Intersection,Traffic Signal,Clear,Daylight,Dry,1,West Humber-Clairville,1,West Humber-Clairville (1),Non-Fatal Injury,1,0,1,0,0,0,0,0,0,1,0,0,0,Pedestrian Collisions,"['Driver', 'Pedestrian']",East,"['Automobile, Station Wagon', 'Other']",['Turning Left'],['Failed to Yield Right of Way'],['Unknown'],['Vehicle turns left while ped crosses with ROW at inter.'],['Crossing with right of way'],['Normal'],[],[],[],D23,False,"['unknown', '10 to 14']",3.0
1064349.0,2008-08-26 08:00:00,235,2008,CARLAW Aven,LAKE SHORE Boul E,,Major Arterial,Toronto and East York,43.654945,-79.33739,634069.5657,4834891.5563,At Intersection,Traffic Signal,Clear,Dark,Dry,70,South Riverdale,70,South Riverdale (70),Non-Fatal Injury,0,0,1,0,0,0,0,1,0,1,1,1,0,Angle,"['Driver', 'Passenger']",South,"['Automobile, Station Wagon', 'Other']",['Going Ahead'],"['Disobeyed Traffic Control', 'Driving Properly']","['Ability Impaired, Alcohol', 'Normal']",[],[],[],[],[],[],D55,False,"['30 to 34', '25 to 29', '20 to 24']",3.0
1064375.0,2020-06-09 08:00:00,2201,2020,DANFORTH AV,BARRINGTON AV,27 m West of,Major Arterial,North York,43.688254,-79.301006,636927.7617,4838650.4095,Non Intersection,No Control,Clear,Dark,Dry,62,East End-Danforth,62,East End-Danforth (62),Non-Fatal Injury,0,0,1,1,0,0,0,0,0,0,0,0,0,Rear End,"['Motorcycle Driver', 'Driver', 'Other']",West,"['Motorcycle', 'Automobile, Station Wagon']","['Going Ahead', 'Stopped', 'Parked']","['Lost control', 'Driving Properly']","['Inattentive', 'Normal', 'Unknown']",[],[],[],[],[],[],D55,False,"['35 to 39', '25 to 29', 'unknown', '30 to 34']",3.0
1064422.0,2020-06-09 08:00:00,2211,2020,BRIMLEY RD,COMRIE TER,,Minor Arterial,Scarborough,43.726,-79.243617,641464.1696,4842939.0152,At Intersection,No Control,Clear,"Dark, artificial",Dry,123,Cliffcrest,123,Cliffcrest (123),Fatal,0,0,1,1,0,0,0,1,1,1,0,0,0,Turning Movement,"['Motorcycle Driver', 'Motorcycle Passenger', 'Driver']",North,"['Motorcycle', 'Pick Up Truck']","['Going Ahead', 'Turning Left']","['Exceeding Speed Limit', 'Driving Properly']",['Unknown'],[],[],[],[],[],[],D41,True,['20 to 24'],4.0
1064434.0,2008-09-27 08:00:00,2025,2008,BIRCHMOUNT RD,LAWRENCE AVE E,,Major Arterial,Scarborough,43.747545,-79.28479,638098.3994,4845262.444,At Intersection,Traffic Signal,Rain,Dark,Wet,126,Dorset Park,126,Dorset Park (126),Non-Fatal Injury,1,0,1,0,0,0,0,1,1,1,0,0,0,Pedestrian Collisions,"['Passenger', 'Vehicle Owner', 'Driver', 'Pedestrian']",East,"['Other', 'Automobile, Station Wagon']",['Going Ahead'],['Speed too Fast For Condition'],['Unknown'],['Vehicle is going straight thru inter.while ped cross without ROW'],['Crossing without right of way'],['Normal'],[],[],[],D41,False,"['20 to 24', 'unknown', '40 to 44']",3.0
1064595.0,2008-10-05 08:00:00,1445,2008,KIPLING Aven,BROOKMERE Road,,Major Arterial,Etobicoke York,43.728145,-79.57469,614794.2691,4842665.3494,At Intersection,Traffic Signal,Clear,Daylight,Dry,1,West Humber-Clairville,1,West Humber-Clairville (1),Non-Fatal Injury,0,1,1,0,0,0,0,0,0,0,0,0,0,Cyclist Collisions,"['Driver', 'Cyclist']",East,"['Automobile, Station Wagon', 'Bicycle']",['Going Ahead'],[],[],[],[],[],[],[],[],D23,False,"['unknown', '35 to 39']",3.0
1064702.0,2008-10-16 08:00:00,1150,2008,LAWRENCE AVE E,MIDLAND AVE,,Major Arterial,Scarborough,43.751545,-79.26509,639675.2383,4845739.7369,At Intersection,Traffic Signal,Other,Daylight,Dry,126,Dorset Park,126,Dorset Park (126),Non-Fatal Injury,1,0,0,0,1,0,0,0,0,1,0,0,0,Pedestrian Collisions,"['Vehicle Owner', 'Truck Driver', 'Pedestrian']",South,"['Other', 'Truck - Open']",['Turning Right'],['Failed to Yield Right of Way'],['Normal'],['Vehicle turns right while ped crosses with ROW at inter.'],['Crossing with right of way'],['Normal'],[],[],[],D41,False,"['unknown', '45 to 49', '35 to 39']",3.0
1064720.0,2008-09-30 08:00:00,1150,2008,BLOOR ST W,OLD MILL DR,,Major Arterial,Toronto and East York,43.647945,-79.48659,622052.437,4833883.8653,,No Control,Rain,Daylight,Wet,87,High Park-Swansea,87,High Park-Swansea (87),Non-Fatal Injury,0,0,1,0,0,0,0,0,0,1,0,0,0,Rear End,"['Driver', 'Vehicle Owner']",West,"['Automobile, Station Wagon', 'Other']","['Stopped', 'Going Ahead']","['Driving Properly', 'Following too Close']",['Normal'],[],[],[],[],[],[],D11,False,"['60 to 64', 'unknown', '15 to 19']",3.0
1064784.0,2008-09-28 08:00:00,1517,2008,EASTERN AVE,CARLAW AVE,,Major Arterial,Toronto and East York,43.658345,-79.33899,633932.9841,4835266.5876,At Intersection,Traffic Signal,Clear,Daylight,Dry,70,South Riverdale,70,South Riverdale (70),Non-Fatal Injury,0,0,0,1,0,0,0,1,0,0,0,0,0,SMV Other,"['Motorcycle Passenger', 'Motorcycle Driver']",East,"['Other', 'Motorcycle']",['Slowing or Stopping'],['Lost control'],['Normal'],[],[],[],[],[],[],D55,False,"['30 to 34', '35 to 39']",3.0
1064977.0,2008-10-17 08:00:00,1755,2008,LUMSDEN AVE,GLEDHILL AVE,,Minor Arterial,Toronto and East York,43.693645,-79.31159,636062.5595,4839231.7333,At Intersection,Pedestrian Crossover,Clear,Daylight,Dry,60,Woodbine-Lumsden,60,Woodbine-Lumsden (60),Fatal,1,0,1,0,0,0,0,0,0,1,0,0,0,Pedestrian Collisions,"['Driver', 'Pedestrian']",South,"['Automobile, Station Wagon', 'Other']",['Going Ahead'],['Failed to Yield Right of Way'],['Had Been Drinking'],['Pedestrian hit a PXO/ped. Mid-block signal'],"['Crossing, Pedestrian Crossover']",['Normal'],[],[],[],D55,True,"['80 to 84', '70 to 74']",4.0
1064978.0,2008-10-17 08:00:00,1956,2008,KEELE ST,VICTORY DR,,Major Arterial,North York,43.728545,-79.48249,622219.2886,4842841.6248,,No Control,Clear,Dark,Dry,155,Downsview,26,Downsview-Roding-CFB (26),Non-Fatal Injury,1,0,1,0,0,0,0,0,0,0,0,0,0,Pedestrian Collisions,"['Pedestrian', 'Driver']",North,"['Other', 'Automobile, Station Wagon']",['Going Ahead'],['Driving Properly'],['Normal'],['Vehicle is going straight thru inter.while ped cross without ROW'],"['Crossing, no Traffic Control']",['Normal'],[],[],[],D31,False,"['40 to 44', '25 to 29']",3.0
1065056.0,2008-10-18 08:00:00,915,2008,STEELES AVE E,WILLOWDALE AVE,,Major Arterial,North York,43.799245,-79.41449,627545.6781,4850796.4647,,Traffic Signal,Clear,Daylight,Other,50,Newtonbrook East,NSA,NSA,Non-Fatal Injury,1,0,1,0,0,0,0,0,0,1,0,0,0,Pedestrian Collisions,"['Vehicle Owner', 'Driver', 'Pedestrian']",North,"['Other', 'Automobile, Station Wagon']",['Turning Left'],['Failed to Yield Right of Way'],['Inattentive'],['Vehicle turns left while ped crosses with ROW at inter.'],['Crossing with right of way'],['Normal'],[],[],[],D32,False,"['unknown', '50 to 54', '75 to 79']",3.0
1065135.0,2008-10-18 08:00:00,1315,2008,BAYVIEW BLOOR S RAMP N,BLOOR RAMP,,,Toronto and East York,43.678245,-79.36889,631478.5607,4837428.9199,,No Control,Clear,Daylight,Dry,98,Rosedale-Moore Park,98,Rosedale-Moore Park (98),Fatal,0,0,1,1,0,0,0,1,0,0,0,0,0,Approaching,"['Passenger', 'Driver', 'Motorcycle Driver']",West,"['Other', 'Automobile, Station Wagon', 'Motorcycle']",['Going Ahead'],"['Driving Properly', 'Lost control']","['Normal', 'Unknown']",[],[],[],[],[],[],D53,True,"['50 to 54', '25 to 29', '30 to 34', '20 to 24']",4.0
1065141.0,2008-10-19 08:00:00,850,2008,MCCOWAN RD,401 C E MCCOWAN RD RAMP,,Major Arterial,Scarborough,43.779545,-79.25419,640487.2281,4848868.0101,At Intersection,Traffic Signal,Clear,Daylight,Dry,142,Woburn North,137,Woburn (137),Non-Fatal Injury,1,0,0,0,1,0,0,0,1,1,0,0,0,Pedestrian Collisions,"['Truck Driver', 'Other', 'Pedestrian']",South,"['Truck - Open', 'Other']","['Going Ahead', 'Parked']",['Speed too Fast For Condition'],['Inattentive'],['Other / Undefined'],['Pushing/Working on Vehicle'],['Unknown'],[],[],[],D43,False,"['55 to 59', '60 to 64']",3.0
1065143.0,2008-10-19 08:00:00,220,2008,BATHURST ST,MELROSE AVE,,Major Arterial,North York,43.727345,-79.43159,626321.3009,4842784.6779,,No Control,Clear,Dark,Dry,39,Bedford Park-Nortown,39,Bedford Park-Nortown (39),Non-Fatal Injury,1,0,0,0,0,0,0,0,0,0,0,0,0,Pedestrian Collisions,['Pedestrian'],East,['Other'],[],[],[],['Vehicle is going straight thru inter.while ped cross without ROW'],"['Crossing, no Traffic Control']",['Had Been Drinking'],[],[],[],D32,False,['30 to 34'],3.0
1065334.0,2008-10-14 08:00:00,2207,2008,KIPLING AVE,BURNHAMTHORPE RD,,Major Arterial,Etobicoke York,43.650945,-79.53939,617788.36,4834140.7564,At Intersection,Traffic Signal,Clear,Dark,Dry,158,Islington,14,Islington-City Centre West (14),Non-Fatal Injury,1,0,1,0,0,0,0,0,0,1,0,0,0,Pedestrian Collisions,"['Driver', 'Pedestrian']",East,"['Automobile, Station Wagon', 'Other']",['Turning Right'],['Failed to Yield Right of Way'],['Unknown'],['Vehicle turns right while ped crosses with ROW at inter.'],['Crossing with right of way'],['Normal'],[],[],[],D22,False,"['unknown', '80 to 84']",3.0
1065436.0,2008-09-21 08:00:00,2021,2008,BATHURST ST,BRIAR HILL AVE,,Major Arterial,North York,43.707945,-79.42709,626724.628,4840636.9017,,Traffic Signal,Clear,Dark,Dry,102,Forest Hill North,102,Forest Hill North (102),Non-Fatal Injury,0,0,1,0,0,0,0,0,0,0,0,1,0,Turning Movement,['Driver'],South,"['Automobile, Station Wagon']","['Going Ahead', 'Turning Right']","['Driving Properly', 'Improper Turn']","['Normal', 'Ability Impaired, Alcohol']",[],[],[],[],[],[],D13,False,"['65 to 69', '80 to 84']",3.0
1065481.0,2008-09-22 08:00:00,1305,2008,ROWATSON RD,FAREHAM CRES,,Local,Scarborough,43.748245,-79.20289,644690.8896,4845479.9937,,No Control,Clear,Daylight,Dry,140,Guildwood,140,Guildwood (140),Non-Fatal Injury,1,0,1,0,0,0,0,0,0,1,0,0,0,Pedestrian Collisions,"['Driver', 'Pedestrian']",South,"['Automobile, Station Wagon', 'Other']",['Going Ahead'],['Failed to Yield Right of Way'],['Inattentive'],['Pedestrian hit at mid-block'],['Other'],['Normal'],[],[],[],D43,False,"['75 to 79', '65 to 69']",3.0
1065571.0,2008-10-22 08:00:00,231,2008,BLOOR ST W,WILLARD AVE,,Major Arterial,Toronto and East York,43.649945,-79.48179,622435.4839,4834113.0614,At Intersection,No Control,Clear,Dark,Dry,89,Runnymede-Bloor West Village,89,Runnymede-Bloor West Village (89),Non-Fatal Injury,0,0,1,0,0,0,0,1,0,0,0,0,1,SMV Other,"['Passenger', 'Driver']",East,"['Other', 'Automobile, Station Wagon']",['Going Ahead'],['Lost control'],['Medical or Physical Disability'],[],[],[],[],[],[],D11,False,"['70 to 74', '75 to 79']",3.0
1065595.0,2008-10-21 08:00:00,545,2008,HIGHWAY 27 Ramp S,27 S DIXON W RAMP,,Major Arterial,Etobicoke York,43.690045,-79.58279,614214.2309,4838422.6345,,No Control,Clear,Dark,Dry,1,West Humber-Clairville,1,West Humber-Clairville (1),Fatal,0,0,0,0,1,0,0,0,1,1,0,0,0,SMV Other,"['Vehicle Owner', 'Truck Driver']",South,"['Other', 'Truck - Open']",['Going Ahead'],['Exceeding Speed Limit'],['Normal'],[],[],[],[],[],[],D23,True,"['unknown', '20 to 24']",4.0
1065860.0,2008-10-03 08:00:00,641,2008,BLOOR ST W,WINDERMERE AVE,,Major Arterial,Toronto and East York,43.650245,-79.48049,622539.7128,4834148.2991,At Intersection,Traffic Signal,Clear,Dawn,Dry,89,Runnymede-Bloor West Village,89,Runnymede-Bloor West Village (89),Non-Fatal Injury,1,0,1,0,0,0,0,0,0,0,0,0,0,Pedestrian Collisions,"['Driver', 'Pedestrian']",North,"['Automobile, Station Wagon', 'Other']",['Turning Right'],['Driving Properly'],['Normal'],['Vehicle turns right while ped crosses without ROW at inter.'],['Crossing without right of way'],['Normal'],[],[],[],D11,False,"['40 to 44', '55 to 59']",3.0
1066104.0,2008-10-23 08:00:00,1940,2008,BRENTCLIFFE RD,WICKSTEED AVE,,Minor Arterial,North York,43.711445,-79.35849,632243.8819,4841132.7826,At Intersection,Traffic Signal,Clear,Dark,Dry,55,Thorncliffe Park,55,Thorncliffe Park (55),Non-Fatal Injury,1,0,0,0,0,0,0,0,0,0,0,0,0,Pedestrian Collisions,['Pedestrian'],North,['Other'],['Going Ahead'],[],[],['Other / Undefined'],['Pushing/Working on Vehicle'],['Inattentive'],[],[],[],D53,False,['65 to 69'],3.0