accident_number,date,time,year,street1,street2,offset,road_class,district,latitude,longitude,x,y,accident_location,traffctl,visibility,light,road_surface_condition,hood_158,neighbourhood_new,hood_140,neighbourhood_old,accident_class,pedestrian,cyclist,automobile,motorcycle,truck,trsn_city_veh,emerg_veh,passenger,speeding,aggressive_driving,redlight,alcohol,disability,impact_type,involvement_type,initial_direction,vehicle_type,manoeuver,driver_action,driver_condition,pedestrian_type,pedestrian_action,pedestrian_condition,cyclist_type,cyclist_action,cyclist_condition,division,injury,involvement_age,injury_severity_score
1073722.0,2008-11-12 10:00:00,1819,2008,CALEDONIA RD,MARCIA AVE,,Minor Arterial,North York,43.710445,-79.46639,623553.1803,4840855.2351,At Intersection,Stop Sign,Clear,Dark,Dry,31,Yorkdale-Glen Park,31,Yorkdale-Glen Park (31),Non-Fatal Injury,1,0,1,0,0,0,0,0,0,0,0,0,0,Pedestrian Collisions,"['Driver', 'Pedestrian']",South,"['Automobile, Station Wagon', 'Other']",['Going Ahead'],['Driving Properly'],['Normal'],['Vehicle is going straight thru inter.while ped cross without ROW'],['Crossing without right of way'],['Inattentive'],[],[],[],D13,False,"['30 to 34', '25 to 29']",3.0
1073990.0,2008-11-10 10:00:00,1130,2008,WESTON RD,EGLINTON AVE W,,Major Arterial,Etobicoke York,43.686945,-79.48949,621739.6932,4838211.0671,At Intersection,Traffic Signal,Clear,Daylight,Dry,115,Mount Dennis,115,Mount Dennis (115),Non-Fatal Injury,1,0,1,0,0,0,0,0,0,1,1,0,0,Pedestrian Collisions,"['Driver', 'Pedestrian']",East,"['Automobile, Station Wagon', 'Other']",['Going Ahead'],['Disobeyed Traffic Control'],['Inattentive'],['Vehicle is going straight thru inter.while ped cross with ROW'],['Crossing with right of way'],['Normal'],[],[],[],D12,False,"['45 to 49', '35 to 39']",3.0
1073992.0,2008-11-10 10:00:00,1152,2008,DUFFERIN Stre,WHITLEY Aven,,Major Arterial,North York,43.729045,-79.45809,624183.4326,4842933.4332,,No Control,Clear,Daylight,Dry,33,Clanton Park,33,Clanton Park (33),Non-Fatal Injury,0,0,1,0,0,0,0,1,0,1,0,0,0,Rear End,"['Driver', 'Passenger']",South,"['Automobile, Station Wagon', 'Other']","['Going Ahead', 'Stopped']","['Following too Close', 'Driving Properly']","['Unknown', 'Normal']",[],[],[],[],[],[],D32,False,"['85 to 89', '50 to 54', '20 to 24']",3.0
1074035.0,2008-12-04 10:00:00,701,2008,HIGHWAY 27  S,ALBION RD,,Major Arterial,Etobicoke York,43.749345,-79.61029,611887.5395,4844971.2123,,No Control,Clear,Dark,Wet,1,West Humber-Clairville,1,West Humber-Clairville (1),Non-Fatal Injury,1,0,0,0,1,0,0,0,0,0,0,0,0,Pedestrian Collisions,"['Vehicle Owner', 'Truck Driver', 'Pedestrian']",East,"['Other', 'Truck - Open']",['Going Ahead'],['Driving Properly'],['Normal'],['Pedestrian hit at mid-block'],"['Crossing, no Traffic Control']",['Normal'],[],[],[],D23,False,"['unknown', '55 to 59', '15 to 19']",3.0
1074072.0,2008-11-13 10:00:00,1105,2008,VICTORIA PARK AVE,PAGET RD,,Major Arterial,North York,43.759945,-79.31619,635542.2346,4846587.7818,,No Control,Rain,Daylight,Wet,150,Fenside-Parkwoods,45,Parkwoods-Donalda (45),Non-Fatal Injury,1,0,1,0,0,0,0,0,0,0,0,0,0,Pedestrian Collisions,"['Vehicle Owner', 'Driver', 'Pedestrian']",North,"['Other', 'Automobile, Station Wagon']",['Going Ahead'],['Driving Properly'],['Normal'],['Vehicle is going straight thru inter.while ped cross without ROW'],['Running onto Roadway'],['Inattentive'],[],[],[],D33,False,"['unknown', '30 to 34', '15 to 19']",3.0
1074265.0,2008-12-05 10:00:00,1450,2008,KEELE ST,TORO RD W,,Major Arterial,Etobicoke York,43.762845,-79.49089,621473.3564,4846638.7848,At Intersection,No Control,Clear,Daylight,Dry,27,York University Heights,27,York University Heights (27),Non-Fatal Injury,1,0,1,0,0,0,0,0,0,1,0,0,0,Pedestrian Collisions,"['Driver', 'Vehicle Owner', 'Pedestrian']",East,"['Automobile, Station Wagon', 'Other']","['Going Ahead', 'Turning Right']","['Driving Properly', 'Failed to Yield Right of Way']",['Normal'],['Pedestrian hit on sidewalk or shoulder'],['On Sidewalk or Shoulder'],['Normal'],[],[],[],D31,False,"['35 to 39', 'unknown', '70 to 74', '40 to 44']",3.0
1074266.0,2008-12-05 10:00:00,1353,2008,SHEPPARD AVE W,YEOMANS RD,,Major Arterial,North York,43.754745,-79.44219,625410.3378,4845811.7442,,No Control,Clear,Daylight,Dry,33,Clanton Park,33,Clanton Park (33),Non-Fatal Injury,1,0,1,0,0,0,0,0,0,0,0,0,0,Pedestrian Collisions,"['Vehicle Owner', 'Driver', 'Pedestrian']",East,"['Other', 'Automobile, Station Wagon']",['Slowing or Stopping'],['Driving Properly'],['Normal'],['Pedestrian hit at mid-block'],"['Crossing, no Traffic Control']",['Inattentive'],[],[],[],D32,False,"['unknown', '40 to 44', '80 to 84']",3.0
1074689.0,2008-12-09 10:00:00,245,2008,F G GARDINER XY Expr W,WICKMAN RD,,,Etobicoke York,43.617245,-79.52979,618628.8288,4830411.6228,,No Control,Snow,Dark,Loose Snow,160,Mimico-Queensway,14,Islington-City Centre West (14),Non-Fatal Injury,0,0,1,0,0,0,0,1,0,0,0,0,0,SMV Other,"['Passenger', 'Vehicle Owner', 'Driver']",West,"['Other', 'Automobile, Station Wagon']",['Going Ahead'],['Lost control'],['Unknown'],[],[],[],[],[],[],D22,False,"['10 to 14', '45 to 49', 'unknown', '25 to 29']",3.0
1074830.0,2008-11-20 10:00:00,1445,2008,ROGERS Road,SCOTT Road,,Minor Arterial,Etobicoke York,43.682345,-79.46909,623393.2781,4837730.3237,,No Control,Clear,Daylight,Dry,110,Keelesdale-Eglinton West,110,Keelesdale-Eglinton West (110),Non-Fatal Injury,0,0,1,0,0,0,0,0,1,1,0,0,0,SMV Unattended Vehicle,"['Vehicle Owner', 'Driver', 'Other', 'Other Property Owner']",South,"['Other', 'Automobile, Station Wagon']","['Turning Left', 'Parked']",['Lost control'],['Unknown'],[],[],[],[],[],[],D12,False,"['unknown', '45 to 49']",3.0
1075169.0,2008-11-15 10:00:00,1020,2008,DUPONT ST,MADISON AVE,,Major Arterial,Toronto and East York,43.675145,-79.40599,628494.6346,4837026.4811,,No Control,Rain,Daylight,Wet,95,Annex,95,Annex (95),Non-Fatal Injury,0,0,1,0,0,0,0,1,0,1,0,0,0,Rear End,"['Vehicle Owner', 'Driver', 'Passenger']",West,"['Other', 'Automobile, Station Wagon']","['Going Ahead', 'Stopped']","['Following too Close', 'Driving Properly']","['Inattentive', 'Normal']",[],[],[],[],[],[],D53,False,"['unknown', '25 to 29', '50 to 54', '55 to 59']",3.0
1075399.0,2008-11-21 10:00:00,1810,2008,LAWRENCE Aven W,RALPH Stre,,Major Arterial,Etobicoke York,43.700945,-79.51279,619833.9249,4839732.0176,,No Control,Clear,Daylight,Dry,113,Weston,113,Weston (113),Non-Fatal Injury,0,0,1,0,0,0,0,0,0,1,0,0,0,Rear End,"['Vehicle Owner', 'Driver']",East,"['Other', 'Automobile, Station Wagon']","['Going Ahead', 'Stopped']","['Following too Close', 'Driving Properly']","['Inattentive', 'Normal']",[],[],[],[],[],[],D12,False,"['unknown', '80 to 84', '30 to 34']",3.0
1075633.0,2008-12-13 10:00:00,2101,2008,SHEPPARD AVE E,MORNINGSIDE AVE,,Major Arterial,Scarborough,43.802245,-79.19869,644898.557,4851484.8935,,No Control,Clear,Dark,Wet,144,Morningside Heights,131,Rouge (131),Fatal,0,0,1,0,0,0,0,0,0,0,0,0,0,Turning Movement,"['Driver', 'Vehicle Owner']",East,"['Automobile, Station Wagon', 'Other']","['Turning Left', 'Going Ahead']","['Improper Turn', 'Driving Properly']","['Unknown', 'Normal']",[],[],[],[],[],[],D42,True,"['30 to 34', 'unknown', '60 to 64']",4.0
1075796.0,2008-11-19 10:00:00,920,2008,BLOOR ST W,BROCK AVE,,Major Arterial,Toronto and East York,43.659245,-79.43869,625891.8659,4835210.4386,,No Control,Clear,Daylight,Dry,171,Junction-Wallace Emerson,93,Dovercourt-Wallace Emerson-Junction (93),Non-Fatal Injury,1,0,1,0,0,0,0,0,0,0,0,0,0,Pedestrian Collisions,"['Driver', 'Pedestrian']",South,"['Automobile, Station Wagon', 'Other']","['Turning Left', 'Other']",[],[],[],[],[],[],[],[],D11,False,"['30 to 34', 'unknown']",3.0
1075851.0,2008-11-23 10:00:00,1943,2008,NEILSON Rd,MCLEVIN Ave,,Minor Arterial,Scarborough,43.809145,-79.22169,643031.9298,4852211.2337,,Traffic Signal,Clear,Daylight,Dry,145,Malvern West,132,Malvern (132),Non-Fatal Injury,0,0,1,0,0,0,0,0,0,0,0,0,1,SMV Other,"['Driver', 'Other Property Owner']",South,"['Automobile, Station Wagon', 'Other']",['Turning Left'],['Lost control'],['Medical or Physical Disability'],[],[],[],[],[],[],D42,False,"['25 to 29', 'unknown']",3.0
1075854.0,2008-11-23 10:00:00,145,2008,COLLEGE ST,MARKHAM ST,,Major Arterial,Toronto and East York,43.656245,-79.40899,628293.055,4834922.7413,At Intersection,Stop Sign,Clear,Dark,Dry,80,Palmerston-Little Italy,80,Palmerston-Little Italy (80),Non-Fatal Injury,1,0,1,0,0,0,0,0,0,1,0,0,0,Pedestrian Collisions,"['Driver', 'Pedestrian']",East,"['Automobile, Station Wagon', 'Other']",['Turning Right'],['Failed to Yield Right of Way'],['Inattentive'],['Vehicle turns right while ped crosses with ROW at inter.'],['Crossing with right of way'],['Normal'],[],[],[],D14,False,"['45 to 49', '30 to 34']",3.0
1075887.0,2008-11-30 10:00:00,1930,2008,BARKWIN DR,ISLINGTON AVE,,Major Arterial,Etobicoke York,43.738145,-79.56569,615499.9085,4843788.4974,At Intersection,Stop Sign,Clear,Dark,Dry,3,Thistletown-Beaumond Heights,3,Thistletown-Beaumond Heights (3),Non-Fatal Injury,0,1,1,0,0,0,0,0,0,0,0,0,0,Cyclist Collisions,"['Driver', 'Cyclist']",South,"['Automobile, Station Wagon', 'Bicycle']","['Slowing or Stopping', 'Going Ahead']",['Driving Properly'],['Unknown'],[],[],[],"['Cyclist without ROW rides into path of motorist at inter, lnwy, dwy-Cyclist not turn.']",['Failed to Yield Right of Way'],['Inattentive'],D23,False,"['unknown', '45 to 49']",3.0
1075972.0,2008-11-24 10:00:00,46,2008,LAKE SHORE Blvd W,FORTIETH St,,Major Arterial,Etobicoke York,43.592545,-79.54179,617708.7222,4827651.321,,No Control,Clear,Dark,Dry,19,Long Branch,19,Long Branch (19),Non-Fatal Injury,0,0,1,0,0,1,0,0,0,0,0,0,0,Turning Movement,"['Driver', 'Vehicle Owner']",West,"['Automobile, Station Wagon', 'Other', 'Municipal Transit Bus (TTC)']","['Making U Turn', 'Going Ahead']","['Improper Turn', 'Driving Properly']",['Normal'],[],[],[],[],[],[],D22,False,"['15 to 19', 'unknown', '40 to 44']",3.0
1076080.0,2008-11-25 10:00:00,1814,2008,324 EASTERN AVE,,,Major Arterial,Toronto and East York,43.656645,-79.34669,633315.8617,4835065.3792,,No Control,Rain,Dark,Wet,70,South Riverdale,70,South Riverdale (70),Non-Fatal Injury,0,1,1,0,0,0,0,0,0,1,0,0,0,Cyclist Collisions,"['Driver', 'Cyclist']",East,"['Automobile, Station Wagon', 'Bicycle']","['Turning Right', 'Going Ahead']",['Failed to Yield Right of Way'],['Normal'],[],[],[],"['Motorist turns right at non-signal Inter.(stop, yield, no cont.,and dwy) and strikes cyclist.']",['Driving Properly'],['Normal'],D55,False,"['40 to 44', '35 to 39']",3.0
1076123.0,2008-11-24 10:00:00,1754,2008,RIVER ST,SHUTER ST,,Minor Arterial,Toronto and East York,43.659545,-79.35749,632438.6102,4835370.1668,At Intersection,Traffic Signal,Rain,Dark,Wet,72,Regent Park,72,Regent Park (72),Non-Fatal Injury,1,0,1,0,0,0,0,0,0,0,0,0,0,Pedestrian Collisions,"['Pedestrian', 'Driver']",North,"['Other', 'Automobile, Station Wagon']",['Turning Left'],['Improper Turn'],['Normal'],['Vehicle turns left while ped crosses with ROW at inter.'],['Crossing with right of way'],['Normal'],[],[],[],D51,False,"['50 to 54', '45 to 49']",3.0
1076502.0,2008-11-27 10:00:00,946,2008,MIDLAND AVE,HAVENDALE RD,,Major Arterial,Scarborough,43.793245,-79.28189,638226.5714,4850342.9772,At Intersection,Traffic Signal,Clear,Daylight,Dry,128,Agincourt South-Malvern West,128,Agincourt South-Malvern West (128),Non-Fatal Injury,1,0,1,0,0,0,0,0,0,1,0,0,0,Pedestrian Collisions,"['Driver', 'Pedestrian']",East,"['Automobile, Station Wagon', 'Other']",['Turning Left'],['Failed to Yield Right of Way'],['Inattentive'],['Vehicle turns left while ped crosses with ROW at inter.'],['Crossing with right of way'],['Normal'],[],[],[],D42,False,"['90 to 94', '55 to 59']",3.0
1077611.0,2008-12-24 10:00:00,1650,2008,YONGE ST,FINCH AVE W,,Major Arterial,North York,43.779745,-79.41559,627498.6438,4848628.9921,At Intersection,,Other,Daylight,Other,37,Willowdale West,37,Willowdale West (37),Non-Fatal Injury,1,0,1,0,0,0,0,0,0,1,0,0,0,Pedestrian Collisions,"['Driver', 'Pedestrian']",North,"['Automobile, Station Wagon', 'Other']","['Unknown', 'Other']",['Failed to Yield Right of Way'],[],[],[],[],[],[],[],D32,False,"['55 to 59', 'unknown']",3.0
1078367.0,2008-12-31 10:00:00,52,2008,DON VALLEY PARKWAY  S,GERRARD ST E,,,Toronto and East York,43.665345,-79.35619,632530.6697,4836016.4105,,No Control,Snow,Dark,Loose Snow,68,North Riverdale,68,North Riverdale (68),Non-Fatal Injury,0,0,1,0,0,0,0,1,1,1,0,0,0,SMV Other,"['Vehicle Owner', 'Driver', 'Passenger', 'Other']",South,"['Other', 'Automobile, Station Wagon']",['Going Ahead'],"['Driving Properly', 'Speed too Fast For Condition']",['Normal'],[],[],[],[],[],[],D55,False,"['unknown', '30 to 34', '20 to 24', '45 to 49', '40 to 44']",3.0
1078551.0,2009-01-01 10:00:00,259,2009,EGLINTON AVE E,DANFORTH RD,,Major Arterial,Scarborough,43.737045,-79.24619,641230.965,4844161.3379,At Intersection,Traffic Signal,Clear,Dark,Wet,138,Eglinton East,138,Eglinton East (138),Fatal,1,0,1,0,0,0,0,0,0,0,0,0,0,Pedestrian Collisions,"['Driver', 'Pedestrian']",North,"['Automobile, Station Wagon', 'Other']",['Going Ahead'],['Driving Properly'],['Normal'],['Vehicle is going straight thru inter.while ped cross without ROW'],['Crossing without right of way'],"['Ability Impaired, Alcohol Over .80']",[],[],[],D43,True,"['20 to 24', '50 to 54']",4.0
1078711.0,2008-12-01 10:00:00,1330,2008,BATHURST Stre,ULSTER Stre,,Major Arterial,Toronto and East York,43.659745,-79.40909,628277.538,4835311.3078,At Intersection,Traffic Signal,Freezing Rain,Daylight,Wet,80,Palmerston-Little Italy,80,Palmerston-Little Italy (80),Non-Fatal Injury,0,0,1,1,0,0,0,0,0,0,0,0,0,Sideswipe,"['Motorcycle Driver', 'Driver']",North,"['Motorcycle', 'Automobile, Station Wagon']","['Changing Lanes', 'Going Ahead']","['Improper Lane Change', 'Driving Properly']","['Inattentive', 'Normal']",[],[],[],[],[],[],D14,False,"['35 to 39', '20 to 24']",3.0
1078876.0,2009-01-02 10:00:00,2011,2009,BRIDLETOWNE CRCL,FINCH AVE E,,Minor Arterial,Scarborough,43.797945,-79.31249,635754.0495,4850814.3367,,No Control,Snow,Dark,Other,148,East L'Amoreaux,117,L'Amoreaux (117),Non-Fatal Injury,0,0,1,0,0,0,0,1,0,0,0,0,0,SMV Other,"['Passenger', 'Driver']",North,"['Other', 'Automobile, Station Wagon']",['Going Ahead'],['Lost control'],['Normal'],[],[],[],[],[],[],D42,False,"['70 to 74', '80 to 84']",3.0
1078881.0,2009-01-03 10:00:00,339,2009,JANE St,CHURCH St,,Major Arterial,Etobicoke York,43.709245,-79.50559,620397.4627,4840664.2787,,Traffic Controller,Clear,Dark,Wet,113,Weston,113,Weston (113),Non-Fatal Injury,0,0,1,0,0,0,0,0,0,1,0,0,0,Rear End,['Driver'],South,"['Automobile, Station Wagon']","['Stopped', 'Going Ahead']","['Driving Properly', 'Following too Close']",['Normal'],[],[],[],[],[],[],D12,False,"['25 to 29', '20 to 24']",3.0
1078999.0,2009-01-03 10:00:00,1937,2009,330 UNIVERSITY AVE,,,Major Arterial,Toronto and East York,43.651351,-79.386829,630090.6199,4834413.7013,Non Intersection,No Control,Clear,"Dark, artificial",Other,170,Yonge-Bay Corridor,76,Bay Street Corridor (76),Non-Fatal Injury,0,0,1,0,0,0,0,0,0,0,0,0,0,SMV Other,"['Vehicle Owner', 'Driver', 'Other Property Owner']",South,"['Automobile, Station Wagon']",['Unknown'],['Lost control'],['Unknown'],[],[],[],[],[],[],D52,False,"['unknown', '40 to 44']",3.0
1079383.0,2009-01-05 10:00:00,1247,2009,VICTORIA PARK AVE,CONSUMERS RD,,Major Arterial,North York,43.771945,-79.32149,635088.5787,4847911.9052,,Traffic Signal,Clear,Daylight,Dry,118,Tam O'Shanter-Sullivan,118,Tam O'Shanter-Sullivan (118),Non-Fatal Injury,1,0,1,0,0,0,0,0,0,0,0,0,0,Pedestrian Collisions,"['Driver', 'Other Property Owner', 'Pedestrian']",South,"['Automobile, Station Wagon', 'Other']",['Changing Lanes'],['Lost control'],['Normal'],['Other / Undefined'],['Other'],['Normal'],[],[],[],D42,False,"['70 to 74', 'unknown', '40 to 44', '25 to 29']",3.0
1079532.0,2008-12-03 10:00:00,1134,2008,EGLINTON AVE E,ST DENNIS EGLINTON E RAMP,,Major Arterial,North York,43.724945,-79.32319,635057.4284,4842689.0769,,No Control,Clear,Daylight,Dry,44,Flemingdon Park,44,Flemingdon Park (44),Non-Fatal Injury,1,0,0,0,1,0,0,0,0,0,0,0,0,Pedestrian Collisions,"['Vehicle Owner', 'Truck Driver', 'Other', 'Pedestrian']",East,"['Other', 'Truck - Open']","['Going Ahead', 'Unknown']",['Driving Properly'],['Normal'],['Pedestrian hit at mid-block'],['Running onto Roadway'],['Inattentive'],[],[],[],D55,False,"['unknown', '40 to 44', '50 to 54']",3.0
1079597.0,2008-12-04 10:00:00,706,2008,WILSON AVE,LEXFIELD AVE,,Major Arterial,North York,43.723345,-79.49679,621078.0421,4842243.0998,,No Control,Clear,Daylight,Wet,154,Oakdale-Beverley Heights,26,Downsview-Roding-CFB (26),Non-Fatal Injury,1,0,1,0,0,0,0,0,0,0,0,0,0,Pedestrian Collisions,"['Driver', 'Pedestrian']",South,"['Automobile, Station Wagon', 'Other']",['Going Ahead'],['Driving Properly'],['Normal'],['Vehicle is going straight thru inter.while ped cross without ROW'],['Running onto Roadway'],['Normal'],[],[],[],D31,False,"['50 to 54', '40 to 44']",3.0
1079671.0,2009-01-06 10:00:00,1349,2009,SHEPPARD AVE E,REAN DR,,Major Arterial,North York,43.767745,-79.38309,630139.9942,4847346.7733,At Intersection,Traffic Signal,Clear,Daylight,Dry,52,Bayview Village,52,Bayview Village (52),Fatal,1,0,1,0,0,0,0,0,0,1,0,0,0,Pedestrian Collisions,"['Driver', 'Pedestrian']",North,"['Automobile, Station Wagon', 'Other']",['Turning Left'],['Failed to Yield Right of Way'],['Inattentive'],['Vehicle turns left while ped crosses with ROW at inter.'],['Crossing with right of way'],['Unknown'],[],[],[],D33,True,"['50 to 54', '65 to 69']",4.0
1079815.0,2008-12-03 10:00:00,1905,2008,40 CLUNY DR,CRESCENT Road,,Local,Toronto and East York,43.676945,-79.38629,630078.7969,4837257.1019,,No Control,Clear,Dark,Dry,98,Rosedale-Moore Park,98,Rosedale-Moore Park (98),Non-Fatal Injury,1,0,1,0,0,0,0,0,0,0,0,0,0,Pedestrian Collisions,"['Vehicle Owner', 'Driver', 'Pedestrian']",East,"['Other', 'Automobile, Station Wagon']",['Going Ahead'],['Driving Properly'],['Normal'],['Pedestrian hit at mid-block'],"['Crossing, no Traffic Control']",['Inattentive'],[],[],[],D53,False,"['unknown', '40 to 44', '55 to 59']",3.0
1079931.0,2009-01-07 10:00:00,1640,2009,2160 EGLINTON AVE W,CALEDONIA Road,,Major Arterial,North York,43.693445,-79.46029,624079.6867,4838976.2597,,No Control,Snow,Daylight,Slush,109,Caledonia-Fairbank,109,Caledonia-Fairbank (109),Non-Fatal Injury,1,0,0,0,0,1,0,0,0,0,0,0,0,Pedestrian Collisions,"['Vehicle Owner', 'Driver', 'Pedestrian']",West,"['Other', 'Municipal Transit Bus (TTC)']",['Going Ahead'],['Driving Properly'],['Normal'],['Pedestrian involved in a collision with transit vehicle anywhere along roadway'],"['Crossing, no Traffic Control']",['Medical or Physical Disability'],[],[],[],D13,False,"['unknown', '50 to 54', '55 to 59']",3.0
1080111.0,2008-12-08 10:00:00,555,2008,FINCH Ave W,OAKDALE Rd,,Major Arterial,Etobicoke York,43.755945,-79.52429,618798.5119,4845823.9901,At Intersection,Traffic Signal,Clear,Dark,Wet,24,Black Creek,24,Black Creek (24),Non-Fatal Injury,0,0,1,0,0,0,0,1,0,1,1,0,0,Rear End,"['Driver', 'Passenger', 'Vehicle Owner']",East,"['Automobile, Station Wagon', 'Other']",['Going Ahead'],"['Driving Properly', 'Disobeyed Traffic Control']","['Normal', 'Inattentive']",[],[],[],[],[],[],D31,False,"['60 to 64', '45 to 49', 'unknown', '25 to 29']",3.0
1080314.0,2009-01-08 10:00:00,1430,2009,BATHURST ST,COLLEGE ST,,Major Arterial,Toronto and East York,43.656445,-79.40769,628397.4569,4834946.9648,,Traffic Signal,Clear,Daylight,Slush,78,Kensington-Chinatown,78,Kensington-Chinatown (78),Non-Fatal Injury,0,0,1,0,0,0,0,1,0,1,0,0,0,Rear End,"['Passenger', 'Driver']",South,"['Other', 'Automobile, Station Wagon']","['Stopped', 'Going Ahead']","['Driving Properly', 'Following too Close']",['Normal'],[],[],[],[],[],[],D14,False,"['unknown', '45 to 49', '25 to 29']",3.0
1080448.0,2009-01-08 10:00:00,1445,2009,STEELES AVE W,TANGREEN CRT,,Major Arterial,North York,43.796614,-79.426364,626596.0271,4850486.0198,,Stop Sign,Clear,Daylight,Slush,36,Newtonbrook West,36,Newtonbrook West (36),Non-Fatal Injury,1,0,1,0,0,0,0,0,0,0,0,0,0,Pedestrian Collisions,"['Vehicle Owner', 'Driver', 'Pedestrian']",South,"['Other', 'Automobile, Station Wagon']",['Turning Left'],['Improper Turn'],['Normal'],['Vehicle turns left while ped crosses without ROW at inter.'],"['Crossing, no Traffic Control']",['Normal'],[],[],[],D32,False,"['unknown', '20 to 24', '70 to 74']",3.0
1080485.0,2009-01-10 10:00:00,1848,2009,KEELE ST,NASHVILLE AVE,,Major Arterial,Etobicoke York,43.683745,-79.47229,623132.4876,4837881.0566,At Intersection,No Control,Clear,Dark,Dry,110,Keelesdale-Eglinton West,110,Keelesdale-Eglinton West (110),Non-Fatal Injury,0,0,1,0,0,0,0,0,0,0,0,0,1,Sideswipe,"['Vehicle Owner', 'Driver']",South,"['Other', 'Automobile, Station Wagon']",['Going Ahead'],"['Driving Properly', 'Lost control']","['Normal', 'Medical or Physical Disability']",[],[],[],[],[],[],D12,False,"['unknown', '25 to 29', '65 to 69']",3.0
1080622.0,2008-12-09 10:00:00,1830,2008,MACPHERSON AVE,SPADINA RD,,Minor Arterial,Toronto and East York,43.675845,-79.40749,628372.2243,4837101.9029,At Intersection,No Control,Rain,Dark,Wet,96,Casa Loma,96,Casa Loma (96),Non-Fatal Injury,1,0,1,0,0,0,0,0,0,0,0,0,0,Pedestrian Collisions,"['Vehicle Owner', 'Driver', 'Pedestrian']",North,"['Other', 'Automobile, Station Wagon']",['Turning Left'],['Driving Properly'],['Normal'],['Vehicle turns left while ped crosses without ROW at inter.'],['Crossing without right of way'],['Normal'],[],[],[],D13,False,"['unknown', '50 to 54', '55 to 59']",3.0
1081003.0,2008-12-10 10:00:00,1215,2008,LAKE SHORE BLVD E,LOWER JARVIS ST,,Major Arterial,Toronto and East York,43.645645,-79.36989,631469.0911,4833806.6699,,Traffic Signal,Clear,Daylight,Wet,166,St Lawrence-East Bayfront-The Islands,77,Waterfront Communities-The Island (77),Non-Fatal Injury,0,0,1,0,0,0,0,1,0,0,0,0,0,Turning Movement,"['Driver', 'Passenger']",East,"['Automobile, Station Wagon', 'Other']","['Turning Left', 'Going Ahead']","['Improper Turn', 'Driving Properly']","['Inattentive', 'Normal']",[],[],[],[],[],[],D51,False,"['55 to 59', '70 to 74']",3.0
1081341.0,2008-12-11 10:00:00,2350,2008,RICHMOND ST W,JOHN ST,,Major Arterial,Toronto and East York,43.649145,-79.39079,629775.9415,4834162.4942,At Intersection,Traffic Signal,Clear,Dark,Dry,164,Wellington Place,77,Waterfront Communities-The Island (77),Non-Fatal Injury,1,0,1,0,0,0,0,0,0,0,0,0,0,Pedestrian Collisions,"['Vehicle Owner', 'Driver', 'Pedestrian']",North,"['Other', 'Automobile, Station Wagon']",['Turning Left'],['Improper Turn'],['Inattentive'],['Vehicle turns left while ped crosses with ROW at inter.'],['Crossing with right of way'],['Normal'],[],[],[],D52,False,"['unknown', '30 to 34', '20 to 24']",3.0
1081545.0,2009-01-14 10:00:00,1108,2009,PASSMORE AVE,MIDLAND AVE,,Major Arterial,Scarborough,43.820745,-79.29489,637117.7356,4853375.6667,At Intersection,Traffic Signal,Clear,Daylight,Dry,130,Milliken,130,Milliken (130),Non-Fatal Injury,0,0,1,0,0,0,0,0,0,0,0,0,1,SMV Other,['Driver'],East,"['Automobile, Station Wagon']",['Going Ahead'],['Lost control'],['Medical or Physical Disability'],[],[],[],[],[],[],D42,False,['80 to 84'],3.0
1081583.0,2009-01-14 10:00:00,1355,2009,TAPSCOTT RD,FINCH AVE E,,Minor Arterial,Scarborough,43.814245,-79.23709,641781.2028,4852751.1653,At Intersection,Traffic Signal,Snow,Daylight,Wet,144,Morningside Heights,131,Rouge (131),Non-Fatal Injury,1,0,1,0,0,0,0,0,0,1,0,0,0,Pedestrian Collisions,"['Vehicle Owner', 'Driver', 'Pedestrian']",North,"['Other', 'Automobile, Station Wagon']",['Turning Left'],['Failed to Yield Right of Way'],['Normal'],['Vehicle turns left while ped crosses with ROW at inter.'],['Crossing with right of way'],['Normal'],[],[],[],D42,False,"['unknown', '35 to 39', '60 to 64']",3.0
1081813.0,2008-12-15 10:00:00,925,2008,EGLINTON AVE W,CHAPLIN CRES,,Major Arterial,North York,43.702745,-79.41739,627517.1604,4840074.2428,At Intersection,Traffic Signal,Rain,Daylight,Wet,102,Forest Hill North,102,Forest Hill North (102),Non-Fatal Injury,1,0,1,0,0,0,0,0,0,0,0,0,0,Pedestrian Collisions,"['Driver', 'Pedestrian']",South,"['Automobile, Station Wagon', 'Other']",['Turning Left'],['Driving Properly'],['Normal'],['Vehicle turns left while ped crosses without ROW at inter.'],['Running onto Roadway'],['Normal'],[],[],[],D53,False,"['25 to 29', '30 to 34']",3.0
1082425.0,2008-12-14 10:00:00,305,2008,FINCH AVE W,JANE ST,,Major Arterial,Etobicoke York,43.757245,-79.51769,619327.2492,4845977.8617,At Intersection,Traffic Signal,Freezing Rain,Dark,Wet,24,Black Creek,24,Black Creek (24),Non-Fatal Injury,1,0,1,0,0,0,0,0,0,1,0,0,0,Pedestrian Collisions,"['Driver', 'Pedestrian']",South,"['Automobile, Station Wagon', 'Other']",['Going Ahead'],['Failed to Yield Right of Way'],['Normal'],['Vehicle is going straight thru inter.while ped cross with ROW'],['Crossing with right of way'],['Normal'],[],[],[],D31,False,"['25 to 29', '30 to 34']",3.0