accident_number,date,time,year,street1,street2,offset,road_class,district,latitude,longitude,x,y,accident_location,traffctl,visibility,light,road_surface_condition,hood_158,neighbourhood_new,hood_140,neighbourhood_old,accident_class,pedestrian,cyclist,automobile,motorcycle,truck,trsn_city_veh,emerg_veh,passenger,speeding,aggressive_driving,redlight,alcohol,disability,impact_type,involvement_type,initial_direction,vehicle_type,manoeuver,driver_action,driver_condition,pedestrian_type,pedestrian_action,pedestrian_condition,cyclist_type,cyclist_action,cyclist_condition,division,injury,involvement_age,injury_severity_score
1083156.0,2008-12-17 10:00:00,2205,2008,QUEEN ST W,BAY ST,,Major Arterial,Toronto and East York,43.651845,-79.38169,630503.9776,4834476.6357,,Traffic Signal,Clear,Dark,Dry,170,Yonge-Bay Corridor,76,Bay Street Corridor (76),Non-Fatal Injury,1,0,1,0,0,0,0,0,0,0,0,0,0,Pedestrian Collisions,"['Driver', 'Pedestrian']",West,"['Automobile, Station Wagon', 'Other']",['Going Ahead'],['Driving Properly'],['Normal'],['Vehicle is going straight thru inter.while ped cross without ROW'],['Crossing without right of way'],"['Ability Impaired, Alcohol']",[],[],[],D52,False,"['40 to 44', '55 to 59']",3.0
1083196.0,2009-01-21 10:00:00,1532,2009,1317 PAPE Ave,,,Major Arterial,Toronto and East York,43.695323,-79.351032,632880.3372,4839354.132,,No Control,Clear,Dusk,Loose Snow,58,Old East York,58,Old East York (58),Non-Fatal Injury,0,0,1,0,0,0,0,1,0,0,0,0,0,Approaching,"['Passenger', 'Driver']",North,"['Other', 'Taxi', 'Automobile, Station Wagon']",['Going Ahead'],"['Driving Properly', 'Lost control']",['Normal'],[],[],[],[],[],[],D55,False,"['50 to 54', '65 to 69', '70 to 74']",3.0
1083356.0,2008-11-28 10:00:00,950,2008,MCCOWAN RD,TOWN CENTRE CRT,,Major Arterial,Scarborough,43.774545,-79.25219,640659.896,4848316.0775,At Intersection,Traffic Signal,Clear,Daylight,Wet,142,Woburn North,137,Woburn (137),Non-Fatal Injury,0,0,1,0,0,0,0,0,0,1,1,0,0,Angle,['Driver'],East,"['Automobile, Station Wagon']","['Going Ahead', 'Stopped']","['Disobeyed Traffic Control', 'Driving Properly']",['Normal'],[],[],[],[],[],[],D43,False,"['70 to 74', '35 to 39']",3.0
1083673.0,2008-12-22 10:00:00,1710,2008,SPADINA AVE,SULLIVAN ST,,Major Arterial,Toronto and East York,43.650845,-79.39719,629256.1566,4834341.3128,At Intersection,Traffic Signal,Snow,Dark,Loose Snow,78,Kensington-Chinatown,78,Kensington-Chinatown (78),Non-Fatal Injury,1,0,0,0,0,1,0,0,0,0,0,0,0,Pedestrian Collisions,"['Vehicle Owner', 'Driver', 'Pedestrian']",North,"['Other', 'Municipal Transit Bus (TTC)']",['Going Ahead'],['Driving Properly'],['Normal'],['Pedestrian involved in a collision with transit vehicle anywhere along roadway'],['Crossing without right of way'],['Inattentive'],[],[],[],D52,False,"['unknown', '45 to 49']",3.0
1083896.0,2009-01-24 10:00:00,1420,2009,COMMISSIONERS Stre,DON ROADWAY,,Collector,Toronto and East York,43.648545,-79.34499,633470.8864,4834168.4997,,No Control,Clear,Daylight,Dry,70,South Riverdale,70,South Riverdale (70),Non-Fatal Injury,0,0,1,0,0,0,0,1,0,0,0,0,0,SMV Other,"['Driver', 'Passenger']",West,"['Automobile, Station Wagon', 'Other']","['Going Ahead', 'Other']",[],[],[],[],[],[],[],[],D55,False,['25 to 29'],3.0
1084533.0,2008-12-26 10:00:00,1205,2008,VICTORIA PARK AVE,CASSANDRA BLVD,,Major Arterial,North York,43.754345,-79.31399,635731.9922,4845969.4197,At Intersection,Traffic Signal,Snow,Daylight,Slush,119,Wexford/Maryvale,119,Wexford/Maryvale (119),Non-Fatal Injury,0,0,1,0,0,0,0,0,0,1,0,0,0,Rear End,['Driver'],North,"['Automobile, Station Wagon']","['Going Ahead', 'Turning Left']","['Following too Close', 'Driving Properly']",['Normal'],[],[],[],[],[],[],D41,False,"['20 to 24', '35 to 39']",3.0
1084803.0,2008-12-29 10:00:00,920,2008,FINCH AVE W,VIRGILWOOD DR,,Major Arterial,North York,43.772845,-79.44819,624889.6388,4847812.9534,At Intersection,Traffic Signal,Clear,Daylight,Dry,35,Westminster-Branson,35,Westminster-Branson (35),Non-Fatal Injury,1,0,1,0,0,0,0,0,0,1,0,0,0,Pedestrian Collisions,"['Vehicle Owner', 'Driver', 'Pedestrian']",North,"['Other', 'Automobile, Station Wagon']",['Turning Left'],['Failed to Yield Right of Way'],['Normal'],['Vehicle turns left while ped crosses with ROW at inter.'],['Crossing with right of way'],['Normal'],[],[],[],D32,False,"['unknown', '40 to 44', '50 to 54']",3.0
1084902.0,2009-01-28 10:00:00,2119,2009,THE EAST MALL,EVANS Aven,,Major Arterial,Etobicoke York,43.611845,-79.54379,617509.6992,4829791.9824,,No Control,Clear,Dark,Loose Snow,20,Alderwood,20,Alderwood (20),Non-Fatal Injury,0,0,1,0,0,0,0,1,0,0,0,0,0,SMV Other,"['Passenger', 'Driver']",South,"['Automobile, Station Wagon']","['Going Ahead', 'Other']",[],[],[],[],[],[],[],[],D22,False,"['unknown', '75 to 79']",3.0
1085413.0,2009-01-02 10:00:00,2140,2009,MCLEVIN Aven,FAWCETT Trai,,Collector,Scarborough,43.808345,-79.20649,644256.4273,4852148.7694,At Intersection,Stop Sign,Other,Dark,Wet,146,Malvern East,132,Malvern (132),Non-Fatal Injury,0,0,1,0,0,0,0,0,0,1,0,0,0,Angle,['Driver'],North,"['Automobile, Station Wagon']",['Going Ahead'],"['Driving Properly', 'Failed to Yield Right of Way']",['Normal'],[],[],[],[],[],[],D42,False,['20 to 24'],3.0
1085958.0,2009-02-02 10:00:00,1430,2009,KINGSTON Road,SHARPE Stre,,Major Arterial,Scarborough,43.706345,-79.25129,640892.2152,4840742.9692,At Intersection,Traffic Signal,Clear,Daylight,Dry,122,Birchcliffe-Cliffside,122,Birchcliffe-Cliffside (122),Non-Fatal Injury,1,0,1,0,0,0,0,0,0,1,0,0,0,Pedestrian Collisions,"['Driver', 'Pedestrian']",North,"['Automobile, Station Wagon', 'Other']",['Turning Left'],['Failed to Yield Right of Way'],['Inattentive'],['Vehicle turns left while ped crosses with ROW at inter.'],['Crossing with right of way'],['Normal'],[],[],[],D41,False,"['50 to 54', '80 to 84']",3.0
1085959.0,2009-02-02 10:00:00,1610,2009,FINCH AVE W,WESTON RD,,Major Arterial,Etobicoke York,43.752045,-79.54239,617349.0263,4845365.037,At Intersection,Traffic Signal,Clear,Daylight,Dry,22,Humbermede,22,Humbermede (22),Fatal,1,0,0,0,1,0,0,0,0,1,0,0,0,Pedestrian Collisions,"['Vehicle Owner', 'Truck Driver', 'Pedestrian']",North,"['Other', 'Truck - Open']",['Turning Left'],['Failed to Yield Right of Way'],['Normal'],['Vehicle turns left while ped crosses with ROW at inter.'],['Crossing with right of way'],['Medical or Physical Disability'],[],[],[],D31,True,"['unknown', '55 to 59', '90 to 94']",4.0
1086335.0,2009-01-05 10:00:00,831,2009,380 CARLINGVIEW DR,,,Major Arterial,Etobicoke York,43.695345,-79.59939,612866.4708,4838988.5418,,No Control,Clear,Daylight,Dry,1,West Humber-Clairville,1,West Humber-Clairville (1),Non-Fatal Injury,0,0,1,0,0,0,0,0,0,1,0,0,0,Turning Movement,"['Vehicle Owner', 'Driver']",North,"['Other', 'Automobile, Station Wagon']","['Turning Left', 'Going Ahead']","['Improper Turn', 'Driving Properly']","['Inattentive', 'Normal']",[],[],[],[],[],[],D23,False,"['unknown', '45 to 49', '55 to 59']",3.0
1086605.0,2009-01-06 10:00:00,715,2009,MIDDLEFIELD RD,COMPASS CRT,,Minor Arterial,Scarborough,43.806645,-79.25519,640343.3031,4851876.2019,At Intersection,No Control,Clear,Daylight,Wet,129,Agincourt North,129,Agincourt North (129),Non-Fatal Injury,0,0,1,0,0,0,0,1,0,0,0,0,0,Angle,"['Passenger', 'Driver']",East,"['Automobile, Station Wagon']",['Going Ahead'],"['Driving Properly', 'Lost control']",['Normal'],[],[],[],[],[],[],D42,False,"['45 to 49', '60 to 64', '35 to 39']",3.0
1086962.0,2020-06-13 08:00:00,1040,2020,SHERBOURNE ST,QUEEN ST E,,Major Arterial,Toronto and East York,43.654452,-79.369418,631487.939,4834785.5508,At Intersection,Traffic Signal,Clear,Daylight,Dry,73,Moss Park,73,Moss Park (73),Non-Fatal Injury,0,1,1,0,0,0,0,0,0,0,0,0,0,Cyclist Collisions,"['Cyclist', 'Driver']",East,"['Bicycle', 'Pick Up Truck']",['Going Ahead'],['Driving Properly'],['Normal'],[],[],[],"['Cyclist without ROW rides into path of motorist at inter, lnwy, dwy-Cyclist not turn.']",['Disobeyed Traffic Control'],['Normal'],D51,False,"['55 to 59', '50 to 54']",3.0
1087565.0,2009-02-09 10:00:00,2,2009,PAPE Aven,LIPTON Aven,,Major Arterial,Toronto and East York,43.679945,-79.34529,633377.1351,4837655.4099,,No Control,Clear,Dark,Dry,67,Playter Estates-Danforth,67,Playter Estates-Danforth (67),Non-Fatal Injury,1,0,1,0,0,0,0,0,0,0,0,0,0,Pedestrian Collisions,"['Driver', 'Pedestrian']",North,"['Automobile, Station Wagon', 'Other']",['Going Ahead'],['Driving Properly'],['Normal'],['Pedestrian hit at mid-block'],"['Crossing, no Traffic Control']",['Unknown'],[],[],[],D55,False,"['35 to 39', '70 to 74']",3.0
1087632.0,2009-01-09 10:00:00,1640,2009,GERRARD ST E,PAPE AVE,,Minor Arterial,Toronto and East York,43.668145,-79.34039,633798.3232,4836352.7505,At Intersection,Traffic Signal,Clear,Daylight,Wet,70,South Riverdale,70,South Riverdale (70),Non-Fatal Injury,1,0,1,0,0,0,0,0,0,1,0,0,0,Pedestrian Collisions,"['Driver', 'Pedestrian']",East,"['Automobile, Station Wagon', 'Other']",['Turning Left'],['Failed to Yield Right of Way'],['Normal'],['Vehicle turns left while ped crosses with ROW at inter.'],['Crossing with right of way'],['Normal'],[],[],[],D55,False,"['65 to 69', '50 to 54']",3.0
1088222.0,2009-01-12 10:00:00,1116,2009,EGLINTON AVE E,SLOANE AVE,,Major Arterial,North York,43.726045,-79.31349,635836.23,4842827.1025,,Traffic Signal,Clear,Daylight,Dry,43,Victoria Village,43,Victoria Village (43),Non-Fatal Injury,1,0,1,0,0,0,0,0,0,1,0,0,0,Pedestrian Collisions,"['Driver', 'Pedestrian']",North,"['Automobile, Station Wagon', 'Other']",['Turning Left'],['Failed to Yield Right of Way'],['Inattentive'],['Vehicle turns left while ped crosses with ROW at inter.'],['Crossing with right of way'],['Normal'],[],[],[],D33,False,"['50 to 54', '40 to 44']",3.0
1088236.0,2009-01-12 10:00:00,850,2009,MILNER AVE,CINEMART DR,,Minor Arterial,Scarborough,43.797445,-79.20479,644419.4283,4850941.1121,,Stop Sign,Clear,Daylight,Dry,146,Malvern East,132,Malvern (132),Non-Fatal Injury,0,0,1,0,0,0,0,1,0,0,0,0,0,Turning Movement,"['Driver', 'Passenger']",East,"['Automobile, Station Wagon', 'Other']","['Turning Left', 'Going Ahead']","['Improper Turn', 'Driving Properly']",['Normal'],[],[],[],[],[],[],D42,False,"['45 to 49', 'unknown', '15 to 19']",3.0
1088275.0,2009-01-14 10:00:00,1315,2009,ISLINGTON Aven,SUMMITCREST Driv,,Major Arterial,Etobicoke York,43.683145,-79.54049,617636.7378,4837715.4249,At Intersection,Traffic Signal,Clear,Daylight,Dry,7,Willowridge-Martingrove-Richview,7,Willowridge-Martingrove-Richview (7),Non-Fatal Injury,1,0,1,0,0,0,0,0,0,1,0,0,0,Pedestrian Collisions,"['Driver', 'Pedestrian']",East,"['Automobile, Station Wagon', 'Other']",['Turning Left'],['Failed to Yield Right of Way'],['Inattentive'],['Vehicle turns left while ped crosses with ROW at inter.'],['Crossing with right of way'],['Normal'],[],[],[],D23,False,"['40 to 44', '15 to 19']",3.0
1088989.0,2009-02-13 10:00:00,125,2009,423 BRIMORTON DR,,,Collector,Scarborough,43.768945,-79.23769,641840.0762,4847718.8469,,No Control,Clear,Dark,Dry,142,Woburn North,137,Woburn (137),Fatal,0,0,1,0,0,0,0,1,0,0,0,1,0,SMV Other,"['Passenger', 'Driver']",West,"['Other', 'Automobile, Station Wagon']",['Going Ahead'],['Lost control'],"['Ability Impaired, Alcohol']",[],[],[],[],[],[],D43,True,['20 to 24'],4.0
1089504.0,2009-02-16 10:00:00,1621,2009,HOVE St,SHEPPARD Ave W,,Local,North York,43.755245,-79.44149,625465.6463,4845868.3368,,No Control,Clear,Daylight,Dry,34,Bathurst Manor,34,Bathurst Manor (34),Non-Fatal Injury,1,0,1,0,0,0,0,0,0,0,0,0,0,Pedestrian Collisions,"['Driver', 'Pedestrian']",East,"['Automobile, Station Wagon', 'Other']",['Reversing'],['Other'],['Normal'],['Pedestrian hit at private driveway'],['Other'],['Normal'],[],[],[],D32,False,"['55 to 59', '85 to 89']",3.0
1089526.0,2009-02-17 10:00:00,613,2009,MCNICOLL Aven,MIDLAND Aven,,Major Arterial,Scarborough,43.814645,-79.29219,637348.8465,4852702.6409,At Intersection,Traffic Controller,Clear,Dark,Dry,130,Milliken,130,Milliken (130),Non-Fatal Injury,1,0,1,0,0,0,0,0,0,0,0,0,0,Pedestrian Collisions,"['Pedestrian', 'Driver']",,"['Other', 'Automobile, Station Wagon']","['Other', 'Going Ahead']",[],[],[],[],[],[],[],[],D42,False,"['50 to 54', 'unknown']",3.0
1089527.0,2009-02-17 10:00:00,613,2009,MCNICOLL AVE,MIDLAND AVE,,Major Arterial,Scarborough,43.814545,-79.29219,637349.0758,4852691.5343,At Intersection,Traffic Signal,Clear,Dark,Dry,130,Milliken,130,Milliken (130),Non-Fatal Injury,1,0,1,0,0,0,0,0,0,1,0,0,0,Pedestrian Collisions,"['Driver', 'Pedestrian']",Unknown,"['Automobile, Station Wagon', 'Other']",['Turning Left'],['Failed to Yield Right of Way'],['Unknown'],['Vehicle turns left while ped crosses with ROW at inter.'],['Crossing with right of way'],['Unknown'],[],[],[],D42,False,"['55 to 59', '60 to 64']",3.0
1089553.0,2009-01-13 10:00:00,938,2009,LAWRENCE Aven E,MOSSBANK Driv,,Major Arterial,Scarborough,43.762645,-79.21169,643947.8314,4847064.0015,At Intersection,No Control,Snow,Daylight,Loose Snow,141,Golfdale-Cedarbrae-Woburn,137,Woburn (137),Non-Fatal Injury,1,0,1,0,0,0,0,0,0,0,0,0,0,Pedestrian Collisions,"['Driver', 'Pedestrian']",West,"['Automobile, Station Wagon', 'Other']","['Going Ahead', 'Other']",['Driving Properly'],['Normal'],['Pedestrian hit at mid-block'],['Running onto Roadway'],['Inattentive'],[],[],[],D43,False,"['80 to 84', '10 to 14']",3.0
1090371.0,2009-02-21 10:00:00,1105,2009,BROADWAY Aven,MOUNT PLEASANT Road,,Major Arterial,North York,43.711145,-79.39119,629610.1136,4841047.8135,At Intersection,Traffic Signal,Clear,Daylight,Dry,99,Mount Pleasant East,99,Mount Pleasant East (99),Non-Fatal Injury,0,0,1,0,0,0,0,0,0,0,0,0,1,SMV Other,['Driver'],West,"['Automobile, Station Wagon']",['Going Ahead'],['Lost control'],['Medical or Physical Disability'],[],[],[],[],[],[],D53,False,['80 to 84'],3.0
1090380.0,2009-02-17 10:00:00,955,2009,DON MILLS RD,OVERLEA BLVD,,Major Arterial,North York,43.709445,-79.334186,634206.3539,4840949.7159,,No Control,Clear,Daylight,Dry,44,Flemingdon Park,44,Flemingdon Park (44),Non-Fatal Injury,0,0,1,0,0,0,0,1,0,0,0,0,0,Other,"['Driver', 'Passenger']",South,"['Automobile, Station Wagon', 'Other']",['Slowing or Stopping'],['Driving Properly'],['Normal'],[],[],[],[],[],[],D55,False,"['50 to 54', '75 to 79']",3.0
1090381.0,2009-02-21 10:00:00,2001,2009,YORK MILLS RD,DON MILLS RD,,Major Arterial,North York,43.755845,-79.34699,633071.9794,4846082.4667,At Intersection,Traffic Signal,Snow,Dark,Loose Snow,40,St.Andrew-Windfields,40,St.Andrew-Windfields (40),Non-Fatal Injury,0,0,1,0,0,0,0,0,0,0,0,0,1,Approaching,['Driver'],East,"['Automobile, Station Wagon']","['Going Ahead', 'Slowing or Stopping']","['Lost control', 'Driving Properly']","['Medical or Physical Disability', 'Normal']",[],[],[],[],[],[],D33,False,"['85 to 89', '35 to 39']",3.0
1090599.0,2009-01-20 10:00:00,1320,2009,LAKE SHORE Boul E,LOWER SHERBOURNE Stre,,Major Arterial,Toronto and East York,43.646245,-79.36609,631774.2542,4833879.3345,At Intersection,Traffic Signal,Clear,Daylight,Wet,166,St Lawrence-East Bayfront-The Islands,77,Waterfront Communities-The Island (77),Non-Fatal Injury,0,0,1,0,1,0,0,1,0,0,0,0,0,Sideswipe,"['Passenger', 'Vehicle Owner', 'Truck Driver', 'Driver']",West,"['Other', 'Truck - Open', 'Automobile, Station Wagon']","['Going Ahead', 'Turning Left']","['Driving Properly', 'Improper Turn']",['Normal'],[],[],[],[],[],[],D51,False,"['30 to 34', 'unknown', '50 to 54', '25 to 29']",3.0
1090810.0,2009-02-23 10:00:00,1635,2009,F G GARDINER XY  E,YONGE ST,,Major Arterial,Toronto and East York,43.644645,-79.37469,631084.1399,4833688.0141,,No Control,Clear,Daylight,Dry,166,St Lawrence-East Bayfront-The Islands,77,Waterfront Communities-The Island (77),Non-Fatal Injury,0,0,1,0,0,0,0,0,0,1,0,0,0,Rear End,"['Vehicle Owner', 'Driver']",East,"['Other', 'Automobile, Station Wagon']","['Stopped', 'Going Ahead']","['Driving Properly', 'Following too Close']","['Normal', 'Had Been Drinking']",[],[],[],[],[],[],D51,False,"['unknown', '25 to 29', '55 to 59', '60 to 64']",3.0
1090872.0,2009-01-18 10:00:00,1528,2009,DUFFERIN ST,WINGOLD AVE,,Major Arterial,North York,43.703845,-79.45249,624686.708,4840143.0245,,Traffic Signal,Snow,Daylight,Slush,31,Yorkdale-Glen Park,31,Yorkdale-Glen Park (31),Non-Fatal Injury,0,0,1,0,0,1,0,0,0,1,1,0,0,Angle,"['Vehicle Owner', 'Driver']",East,"['Other', 'Municipal Transit Bus (TTC)', 'Automobile, Station Wagon']",['Going Ahead'],"['Driving Properly', 'Disobeyed Traffic Control']","['Normal', 'Inattentive']",[],[],[],[],[],[],D13,False,"['unknown', '45 to 49']",3.0
1091289.0,2009-02-25 10:00:00,1930,2009,HUMBER COLLEGE Boul,WINDWOOD Driv,,Minor Arterial,Etobicoke York,43.730745,-79.60669,612212.1216,4842910.2868,,Pedestrian Crossover,Rain,Dark,Wet,1,West Humber-Clairville,1,West Humber-Clairville (1),Non-Fatal Injury,1,0,1,0,0,0,0,0,0,0,0,0,0,Pedestrian Collisions,"['Driver', 'Pedestrian']",East,"['Automobile, Station Wagon', 'Other']",['Going Ahead'],['Driving Properly'],['Normal'],['Pedestrian hit a PXO/ped. Mid-block signal'],"['Crossing, Pedestrian Crossover']",['Normal'],[],[],[],D23,False,"['60 to 64', '20 to 24']",3.0
1092227.0,2009-01-31 10:00:00,1700,2009,BLACK CREEK DR,EGLINTON AVE W,,Major Arterial,Etobicoke York,43.688345,-79.48289,622268.7809,4838376.2658,At Intersection,Traffic Signal,Clear,Dusk,Dry,110,Keelesdale-Eglinton West,110,Keelesdale-Eglinton West (110),Non-Fatal Injury,0,0,1,0,0,0,0,0,0,1,0,0,0,Rear End,"['Driver', 'Vehicle Owner']",North,"['Automobile, Station Wagon', 'Other']","['Stopped', 'Going Ahead']","['Driving Properly', 'Failed to Yield Right of Way']","['Normal', 'Inattentive']",[],[],[],[],[],[],D12,False,"['40 to 44', 'unknown', '35 to 39']",3.0
1092352.0,2009-03-03 10:00:00,1042,2009,RELMAR RD,LONSDALE RD,,Local,Toronto and East York,43.688345,-79.41389,627829.7652,4838480.3128,At Intersection,Stop Sign,Clear,Daylight,Dry,101,Forest Hill South,101,Forest Hill South (101),Non-Fatal Injury,1,0,1,0,0,0,0,0,0,1,0,0,0,Pedestrian Collisions,"['Vehicle Owner', 'Driver', 'Pedestrian']",South,"['Other', 'Automobile, Station Wagon']","['Turning Left', 'Other']",['Disobeyed Traffic Control'],['Inattentive'],['Vehicle turns left while ped crosses with ROW at inter.'],['Crossing with right of way'],['Normal'],[],[],[],D13,False,"['unknown', '45 to 49', '85 to 89']",3.0
1092623.0,2009-03-04 10:00:00,804,2009,NEILSON Rd,MCLEVIN Ave,,Minor Arterial,Scarborough,43.808645,-79.22069,643113.5563,4852157.4297,At Intersection,No Control,Clear,Daylight,Dry,145,Malvern West,132,Malvern (132),Non-Fatal Injury,1,0,1,0,0,0,0,0,0,0,0,0,0,Pedestrian Collisions,"['Driver', 'Pedestrian']",South,"['Automobile, Station Wagon', 'Other']",['Slowing or Stopping'],['Driving Properly'],['Normal'],['Pedestrian hit at mid-block'],"['Crossing, no Traffic Control']",['Normal'],[],[],[],D42,False,"['35 to 39', '75 to 79']",3.0
1092716.0,2009-01-28 10:00:00,1352,2009,GERRARD St E,YONGE St,,Major Arterial,Toronto and East York,43.659045,-79.38209,630456.1285,4835275.6618,,No Control,Snow,Daylight,Packed Snow,168,Downtown Yonge East,75,Church-Yonge Corridor (75),Non-Fatal Injury,0,0,1,0,0,0,0,0,0,0,0,0,0,Rear End,"['Vehicle Owner', 'Driver']",East,"['Other', 'Automobile, Station Wagon']","['Stopped', 'Slowing or Stopping']","['Driving Properly', 'Lost control']",['Normal'],[],[],[],[],[],[],D51,False,"['unknown', '45 to 49', '20 to 24']",3.0
1092784.0,2009-02-02 10:00:00,930,2009,GREENWOOD Aven,DUNDAS Stre E,,Minor Arterial,Toronto and East York,43.667545,-79.32659,634912.2407,4836308.4629,At Intersection,Traffic Signal,Clear,Daylight,Dry,65,Greenwood-Coxwell,65,Greenwood-Coxwell (65),Non-Fatal Injury,1,0,1,0,0,0,0,0,0,1,0,0,0,Pedestrian Collisions,"['Driver', 'Pedestrian']",South,"['Automobile, Station Wagon', 'Other']",['Turning Left'],['Failed to Yield Right of Way'],['Normal'],['Vehicle turns left while ped crosses with ROW at inter.'],['Crossing with right of way'],['Normal'],[],[],[],D55,False,"['50 to 54', '35 to 39']",3.0
1092795.0,2009-02-02 10:00:00,1345,2009,3372 KEELE ST,,,Major Arterial,North York,43.747545,-79.48709,621810.2721,4844945.075,,No Control,Clear,Daylight,Dry,27,York University Heights,27,York University Heights (27),Non-Fatal Injury,0,0,1,0,0,0,0,1,0,0,0,0,0,Turning Movement,"['Vehicle Owner', 'Driver', 'Passenger']",East,"['Other', 'Automobile, Station Wagon']","['Going Ahead', 'Stopped', 'Turning Left']","['Driving Properly', 'Improper Turn']",['Normal'],[],[],[],[],[],[],D31,False,"['unknown', '20 to 24', '0 to 4', '45 to 49', '30 to 34']",3.0
1092879.0,2009-02-05 10:00:00,905,2009,YORK MILLS RD,HARRISON RD,,Major Arterial,North York,43.749745,-79.37879,630525.2248,4845354.369,At Intersection,Traffic Signal,Clear,Daylight,Dry,40,St.Andrew-Windfields,40,St.Andrew-Windfields (40),Non-Fatal Injury,1,0,1,0,0,0,0,0,0,0,0,0,0,Pedestrian Collisions,"['Vehicle Owner', 'Driver', 'Pedestrian']",North,"['Other', 'Automobile, Station Wagon']",['Turning Left'],['Improper Turn'],['Normal'],['Vehicle turns left while ped crosses with ROW at inter.'],['Crossing with right of way'],['Normal'],[],[],[],D33,False,"['unknown', '35 to 39', '20 to 24']",3.0
1092885.0,2009-03-04 10:00:00,2141,2009,MAIN Stre,DANFORTH Aven,,Major Arterial,Toronto and East York,43.688145,-79.30179,636864.8236,4838637.0092,,,Other,Dark,Other,62,East End-Danforth,62,East End-Danforth (62),Non-Fatal Injury,0,0,1,0,0,0,0,1,0,0,0,0,0,Other,"['Vehicle Owner', 'Driver', 'Passenger']",,"['Other', 'Automobile, Station Wagon']","['Other', 'Unknown']",[],[],[],[],[],[],[],[],D55,False,"['unknown', '50 to 54']",3.0
1092886.0,2009-03-04 10:00:00,2141,2009,DANFORTH Aven,MAIN Stre,,Major Arterial,Toronto and East York,43.688145,-79.30179,636864.8236,4838637.0092,,,Other,Dark,Other,62,East End-Danforth,62,East End-Danforth (62),Non-Fatal Injury,0,0,1,0,0,0,0,1,0,0,0,0,0,Other,"['Vehicle Owner', 'Driver', 'Passenger', 'Other Property Owner']",,"['Other', 'Automobile, Station Wagon']","['Other', 'Unknown']",[],[],[],[],[],[],[],[],D55,False,"['unknown', '50 to 54']",3.0
1093141.0,2009-03-07 10:00:00,440,2009,WILLIAM R ALLEN RD,TRANSIT RD,,Major Arterial,North York,43.741845,-79.45429,624462.9619,4844360.76,At Intersection,Traffic Signal,Clear,Dark,Wet,33,Clanton Park,33,Clanton Park (33),Fatal,0,0,1,0,0,0,0,0,0,0,0,0,0,SMV Other,"['Vehicle Owner', 'Driver']",North,"['Other', 'Automobile, Station Wagon']",['Going Ahead'],['Lost control'],['Unknown'],[],[],[],[],[],[],D32,True,"['unknown', '20 to 24']",4.0
1093202.0,2009-03-08 09:00:00,12,2009,BROWNS LINE Line,HORNER AVE,,Major Arterial,Etobicoke York,43.601645,-79.54519,617416.5674,4828657.171,,Traffic Signal,Rain,Dark,Wet,20,Alderwood,20,Alderwood (20),Non-Fatal Injury,0,0,1,0,0,1,0,1,0,1,0,1,0,Rear End,"['Driver', 'Vehicle Owner', 'Passenger']",South,"['Automobile, Station Wagon', 'Other', 'Municipal Transit Bus (TTC)']","['Going Ahead', 'Stopped']","['Following too Close', 'Driving Properly']","['Ability Impaired, Alcohol', 'Normal']",[],[],[],[],[],[],D22,False,"['50 to 54', 'unknown', '35 to 39']",3.0
1093203.0,2009-03-08 09:00:00,350,2009,HILL CRES,HEATHFIELD DR,,Collector,Scarborough,43.737845,-79.21059,644095.8818,4844311.4935,,No Control,Rain,Dark,Wet,139,Scarborough Village,139,Scarborough Village (139),Fatal,0,0,1,0,0,0,0,1,1,1,0,1,0,SMV Other,"['Other', 'Passenger', 'Driver']",East,"['Other', 'Automobile, Station Wagon']","['Parked', 'Going Ahead']",['Exceeding Speed Limit'],"['Ability Impaired, Alcohol Over .08']",[],[],[],[],[],[],D43,True,"['unknown', '20 to 24']",4.0
1093205.0,2009-03-07 10:00:00,420,2009,F G GARDINER XY Expr W,PARKSIDE DR,,,Toronto and East York,43.636345,-79.44239,625641.259,4832661.4907,,No Control,Clear,Dark,Dry,85,South Parkdale,85,South Parkdale (85),Non-Fatal Injury,0,0,1,0,0,0,0,1,0,1,0,0,0,Rear End,"['Vehicle Owner', 'Passenger', 'Driver']",West,"['Other', 'Automobile, Station Wagon']","['Stopped', 'Going Ahead']","['Driving Properly', 'Following too Close']",['Normal'],[],[],[],[],[],[],D14,False,"['unknown', '30 to 34', '25 to 29', '45 to 49']",3.0
1093260.0,2009-02-08 10:00:00,1856,2009,DUNDAS ST W,BERESFORD AVE,,Major Arterial,Toronto and East York,43.665545,-79.48289,622315.096,4835844.0217,,No Control,Clear,Dark,Dry,89,Runnymede-Bloor West Village,89,Runnymede-Bloor West Village (89),Non-Fatal Injury,0,1,1,0,0,0,0,0,0,0,0,0,0,Cyclist Collisions,"['Driver', 'Cyclist']",East,"['Automobile, Station Wagon', 'Bicycle']","['Going Ahead', 'Changing Lanes']",['Driving Properly'],['Normal'],[],[],[],['Insufficient information (to determine cyclist crash type).'],['Failed to Yield Right of Way'],['Had Been Drinking'],D11,False,"['50 to 54', '45 to 49']",3.0
1093334.0,2009-02-19 10:00:00,1945,2009,WESTON RD,CLOUSTON AVE,,Minor Arterial,Etobicoke York,43.694745,-79.50639,620362.0217,4839052.693,,Pedestrian Crossover,Clear,Dark,Dry,113,Weston,113,Weston (113),Non-Fatal Injury,1,0,1,0,0,0,0,0,0,1,0,0,0,Pedestrian Collisions,"['Driver', 'Wheelchair']",East,"['Automobile, Station Wagon', 'Other']",['Going Ahead'],['Failed to Yield Right of Way'],['Unknown'],['Pedestrian hit a PXO/ped. Mid-block signal'],"['Crossing, Pedestrian Crossover']",['Normal'],[],[],[],D12,False,"['unknown', '40 to 44']",3.0