accident_number,date,time,year,street1,street2,offset,road_class,district,latitude,longitude,x,y,accident_location,traffctl,visibility,light,road_surface_condition,hood_158,neighbourhood_new,hood_140,neighbourhood_old,accident_class,pedestrian,cyclist,automobile,motorcycle,truck,trsn_city_veh,emerg_veh,passenger,speeding,aggressive_driving,redlight,alcohol,disability,impact_type,involvement_type,initial_direction,vehicle_type,manoeuver,driver_action,driver_condition,pedestrian_type,pedestrian_action,pedestrian_condition,cyclist_type,cyclist_action,cyclist_condition,division,injury,involvement_age,injury_severity_score
1093819.0,2009-03-11 08:00:00,652,2009,STEELES AVE W,PINE VALLEY  DR,,Major Arterial,Etobicoke York,43.766535,-79.564769,615519.4416,4846942.9034,At Intersection,Traffic Signal,Rain,Dark,Wet,21,Humber Summit,21,Humber Summit (21),Fatal,1,0,0,0,1,0,0,0,0,0,0,0,0,Pedestrian Collisions,"['Vehicle Owner', 'Truck Driver', 'Pedestrian']",South,"['Other', 'Truck - Open']",['Turning Left'],['Driving Properly'],['Inattentive'],['Pedestrian hit at mid-block'],"['Crossing, no Traffic Control']",['Inattentive'],[],[],[],D31,True,"['unknown', '45 to 49', '55 to 59']",4.0
1093852.0,2009-02-12 10:00:00,1444,2009,DUFFERIN ST,BANK ST,,Minor Arterial,Toronto and East York,43.647745,-79.43069,626561.0842,4833945.383,,No Control,Clear,Daylight,Dry,84,Little Portugal,84,Little Portugal (84),Non-Fatal Injury,0,0,1,0,0,1,0,0,0,0,0,0,0,Approaching,"['Driver', 'Vehicle Owner']",North,"['Automobile, Station Wagon', 'Other', 'Municipal Transit Bus (TTC)']",['Going Ahead'],"['Lost control', 'Driving Properly']","['Inattentive', 'Normal']",[],[],[],[],[],[],D14,False,"['35 to 39', 'unknown', '45 to 49']",3.0
1093891.0,2009-02-12 10:00:00,1,2009,MIDDLEFIELD Road,PASSMORE Aven,,Minor Arterial,Scarborough,43.827345,-79.26519,639490.7361,4854158.3636,,No Control,Rain,Dark,Wet,130,Milliken,130,Milliken (130),Non-Fatal Injury,0,0,0,0,0,0,0,0,0,0,0,0,0,SMV Other,"['Driver', 'Other Property Owner']",South,['Other'],['Going Ahead'],['Lost control'],['Normal'],[],[],[],[],[],[],D42,False,['unknown'],3.0
1094001.0,2009-02-13 10:00:00,1725,2009,YONGE ST,HARLANDALE AVE W,,Major Arterial,North York,43.762345,-79.41119,627889.7996,4846703.243,,No Control,Clear,Daylight,Dry,38,Lansing-Westgate,38,Lansing-Westgate (38),Non-Fatal Injury,1,0,1,0,0,0,0,0,0,0,0,0,0,Pedestrian Collisions,"['Driver', 'Pedestrian']",East,"['Automobile, Station Wagon', 'Other']",['Going Ahead'],['Driving Properly'],['Normal'],['Vehicle is going straight thru inter.while ped cross without ROW'],['Running onto Roadway'],['Normal'],[],[],[],D32,False,"['30 to 34', '25 to 29']",3.0
1094026.0,2009-03-11 08:00:00,828,2009,LESMILL Road,DUNCAN MILL Road,,Collector,North York,43.760645,-79.35849,632135.6212,4846597.1664,At Intersection,No Control,Clear,Daylight,Dry,40,St.Andrew-Windfields,40,St.Andrew-Windfields (40),Non-Fatal Injury,1,0,0,0,0,1,0,0,0,1,0,0,0,Pedestrian Collisions,"['Vehicle Owner', 'Pedestrian', 'Driver']",North,"['Other', 'Municipal Transit Bus (TTC)']",['Turning Right'],['Failed to Yield Right of Way'],['Normal'],['Pedestrian involved in a collision with transit vehicle anywhere along roadway'],['Crossing with right of way'],['Normal'],[],[],[],D33,False,"['unknown', '20 to 24', '45 to 49']",3.0
1094123.0,2009-03-12 08:00:00,1535,2009,FIRGROVE CRES,NEEDLE FIRWAY,,Local,Etobicoke York,43.753745,-79.51859,619261.7503,4845587.8391,,No Control,Clear,Daylight,Dry,25,Glenfield-Jane Heights,25,Glenfield-Jane Heights (25),Non-Fatal Injury,1,0,1,0,0,0,0,0,0,0,0,0,1,Pedestrian Collisions,"['Driver', 'Pedestrian']",North,"['Automobile, Station Wagon', 'Other']",['Going Ahead'],['Driving Properly'],['Medical or Physical Disability'],['Pedestrian hit at mid-block'],['Running onto Roadway'],['Inattentive'],[],[],[],D31,False,"['80 to 84', '5 to 9']",3.0
1094299.0,2009-03-13 08:00:00,914,2009,GERRARD ST E,DE GRASSI ST,,Minor Arterial,Toronto and East York,43.666346,-79.348491,633149.1882,4836139.9131,At Intersection,Pedestrian Crossover,Other,Daylight,Other,70,South Riverdale,70,South Riverdale (70),Fatal,1,0,0,0,0,1,0,0,0,1,0,0,0,Pedestrian Collisions,"['Pedestrian', 'Driver']",South,"['Other', 'Municipal Transit Bus (TTC)']",['Going Ahead'],['Failed to Yield Right of Way'],['Normal'],['Pedestrian involved in a collision with transit vehicle anywhere along roadway'],"['Crossing, Pedestrian Crossover']",['Normal'],[],[],[],D55,True,"['85 to 89', '40 to 44']",4.0
1094623.0,2009-01-19 10:00:00,1805,2009,EGLINTON AVE E,RUMSEY RD,,Major Arterial,North York,43.712545,-79.36969,631339.1715,4841237.1457,At Intersection,Traffic Signal,Snow,Dark,Ice,56,Leaside-Bennington,56,Leaside-Bennington (56),Non-Fatal Injury,0,0,1,0,0,0,0,1,0,0,0,0,0,Turning Movement,"['Passenger', 'Driver']",East,"['Other', 'Automobile, Station Wagon']","['Going Ahead', 'Turning Left']","['Driving Properly', 'Improper Turn']","['Normal', 'Inattentive']",[],[],[],[],[],[],D53,False,"['65 to 69', '55 to 59', '35 to 39']",3.0
1094875.0,2009-01-26 10:00:00,17,2009,LAKE SHORE Boul E,CARLAW Aven,,Major Arterial,Toronto and East York,43.654945,-79.33739,634069.5657,4834891.5563,At Intersection,Traffic Signal,Clear,Dark,Dry,70,South Riverdale,70,South Riverdale (70),Non-Fatal Injury,0,0,1,0,0,0,0,0,0,1,0,0,0,Turning Movement,['Driver'],East,"['Automobile, Station Wagon']","['Going Ahead', 'Turning Left']","['Driving Properly', 'Failed to Yield Right of Way']","['Normal', 'Inattentive']",[],[],[],[],[],[],D55,False,"['55 to 59', '20 to 24']",3.0
1095072.0,2009-02-21 10:00:00,255,2009,STADACONA DR,WILSON AVE,,Major Arterial,North York,43.736845,-79.43669,625890.6319,4843832.0285,,Stop Sign,Clear,Dark,Wet,33,Clanton Park,33,Clanton Park (33),Non-Fatal Injury,1,0,1,0,0,0,0,0,0,1,0,1,0,Pedestrian Collisions,"['Driver', 'Pedestrian']",North,"['Automobile, Station Wagon', 'Other']","['Going Ahead', 'Other']",['Failed to Yield Right of Way'],"['Ability Impaired, Alcohol Over .08']",['Vehicle is going straight thru inter.while ped cross without ROW'],['Crossing without right of way'],['Had Been Drinking'],[],[],[],D32,False,"['35 to 39', '30 to 34']",3.0
1095081.0,2009-02-17 10:00:00,1438,2009,VICTORIA PARK AVE,MUSGRAVE ST,,Major Arterial,Toronto and East York,43.687945,-79.28699,638058.0816,4838639.3301,,Traffic Signal,Clear,Daylight,Dry,122,Birchcliffe-Cliffside,122,Birchcliffe-Cliffside (122),Non-Fatal Injury,1,0,1,0,0,0,0,0,0,0,0,0,0,Pedestrian Collisions,"['Driver', 'Pedestrian']",South,"['Automobile, Station Wagon', 'Other']","['Going Ahead', 'Other']",['Driving Properly'],['Normal'],['Vehicle is going straight thru inter.while ped cross without ROW'],['Crossing without right of way'],['Fatigue'],[],[],[],D41,False,"['60 to 64', '40 to 44']",3.0
1095383.0,2009-02-23 10:00:00,1925,2009,KING ST W,BAY ST,,Major Arterial,Toronto and East York,43.648638,-79.380267,630625.6847,4834122.6952,At Intersection,Traffic Signal,Clear,"Dark, artificial",Dry,170,Yonge-Bay Corridor,76,Bay Street Corridor (76),Non-Fatal Injury,1,0,0,0,0,1,0,0,0,0,0,0,0,Pedestrian Collisions,"['Vehicle Owner', 'Driver', 'Pedestrian']",East,"['Other', 'Municipal Transit Bus (TTC)']",['Turning Right'],['Improper Turn'],['Inattentive'],['Pedestrian involved in a collision with transit vehicle anywhere along roadway'],['On Sidewalk or Shoulder'],['Unknown'],[],[],[],D52,False,"['unknown', '60 to 64', '30 to 34']",3.0
1095466.0,2009-02-26 10:00:00,730,2009,KENNEDY RD,401 C W KENNEDY S RAMP RD,,Major Arterial,Scarborough,43.776305,-79.285159,638002.545,4848456.0687,At Intersection,Traffic Signal,Clear,Daylight,Dry,128,Agincourt South-Malvern West,128,Agincourt South-Malvern West (128),Non-Fatal Injury,0,0,1,0,0,0,0,1,0,0,0,0,0,Angle,"['Passenger', 'Driver', 'Vehicle Owner']",North,"['Other', 'Automobile, Station Wagon']",['Going Ahead'],"['Driving Properly', 'Lost control']","['Normal', 'Unknown']",[],[],[],[],[],[],D42,False,"['45 to 49', 'unknown', '55 to 59']",3.0
1095501.0,2009-03-20 08:00:00,852,2009,LAWRENCE AVE W,GOOD SHEPHERD CRT,,Major Arterial,North York,43.713745,-79.45619,624368.1105,4841236.9999,,No Control,Clear,Daylight,Other,31,Yorkdale-Glen Park,31,Yorkdale-Glen Park (31),Non-Fatal Injury,1,0,1,0,0,0,0,0,0,0,0,0,0,Pedestrian Collisions,"['Vehicle Owner', 'Driver', 'Pedestrian']",South,"['Other', 'Automobile, Station Wagon']",['Going Ahead'],['Driving Properly'],['Normal'],['Pedestrian hit at mid-block'],"['Crossing, no Traffic Control']",['Normal'],[],[],[],D13,False,"['unknown', '30 to 34', '70 to 74']",3.0
1095631.0,2009-03-21 08:00:00,2100,2009,REXDALE BLVD,QUEENS PLATE DR,,Major Arterial,Etobicoke York,43.719145,-79.60349,612491.5486,4841626.2832,At Intersection,No Control,Clear,Dark,Dry,1,West Humber-Clairville,1,West Humber-Clairville (1),Non-Fatal Injury,1,0,1,0,0,0,0,0,0,0,0,0,0,Pedestrian Collisions,"['Driver', 'Pedestrian']",East,"['Automobile, Station Wagon', 'Other']",['Going Ahead'],['Driving Properly'],['Normal'],['Pedestrian hit at mid-block'],['Crossing without right of way'],['Normal'],[],[],[],D23,False,"['80 to 84', '70 to 74']",3.0
1095732.0,2009-03-19 08:00:00,2320,2009,KINGSTON Road,MIDLAND Aven,,Major Arterial,Scarborough,43.711145,-79.24819,641130.7164,4841281.3525,,Traffic Signal,Clear,Dark,Dry,123,Cliffcrest,123,Cliffcrest (123),Non-Fatal Injury,1,0,1,0,0,0,0,0,0,0,0,0,0,Pedestrian Collisions,"['Driver', 'Pedestrian']",East,"['Automobile, Station Wagon', 'Other']",['Going Ahead'],['Driving Properly'],['Normal'],['Vehicle is going straight thru inter.while ped cross without ROW'],['Crossing without right of way'],['Normal'],[],[],[],D41,False,"['40 to 44', '15 to 19']",3.0
1095752.0,2009-02-26 10:00:00,2319,2009,QUEEN ST E,LESLIE ST,,Minor Arterial,Toronto and East York,43.663245,-79.33019,634631.6138,4835825.0414,,Traffic Signal,Clear,Dark,Dry,65,Greenwood-Coxwell,70,South Riverdale (70),Non-Fatal Injury,1,0,1,0,0,0,0,0,0,1,0,0,0,Pedestrian Collisions,"['Driver', 'Pedestrian']",West,"['Automobile, Station Wagon', 'Other']","['Turning Left', 'Other']",['Failed to Yield Right of Way'],['Inattentive'],['Vehicle turns left while ped crosses with ROW at inter.'],['Crossing with right of way'],['Normal'],[],[],[],D55,False,"['35 to 39', '25 to 29']",3.0
1096124.0,2009-03-02 10:00:00,1628,2009,130 DORIS Ave,,,Minor Arterial,North York,43.765769,-79.409107,628050.1647,4847086.7488,,Pedestrian Crossover,Clear,Daylight,Dry,151,Yonge-Doris,51,Willowdale East (51),Non-Fatal Injury,1,0,1,0,0,0,0,0,0,1,0,0,0,Pedestrian Collisions,"['Driver', 'Pedestrian']",East,"['Automobile, Station Wagon', 'Other']",['Going Ahead'],['Failed to Yield Right of Way'],['Inattentive'],['Pedestrian hit a PXO/ped. Mid-block signal'],"['Crossing, Pedestrian Crossover']",['Normal'],[],[],[],D32,False,"['45 to 49', '35 to 39']",3.0
1096330.0,2009-03-25 08:00:00,2128,2009,FRONT ST W,BLUE JAYS WAY,,Minor Arterial,Toronto and East York,43.643445,-79.39129,629747.8895,4833528.6532,At Intersection,Traffic Signal,Rain,Dark,Wet,164,Wellington Place,77,Waterfront Communities-The Island (77),Fatal,1,0,0,0,1,0,0,0,0,1,0,0,0,Pedestrian Collisions,"['Vehicle Owner', 'Truck Driver', 'Pedestrian']",South,"['Other', 'Truck - Open']",['Turning Right'],['Failed to Yield Right of Way'],['Inattentive'],['Vehicle turns right while ped crosses with ROW at inter.'],['Crossing with right of way'],['Inattentive'],[],[],[],D52,True,"['unknown', '30 to 34', '25 to 29']",4.0
1096493.0,2009-03-07 10:00:00,1318,2009,ROGERS RD,NORTHCLIFFE BLVD,,Minor Arterial,Toronto and East York,43.686145,-79.44329,625464.8879,4838191.0737,,No Control,Rain,Daylight,Wet,107,Oakwood Village,107,Oakwood Village (107),Non-Fatal Injury,1,0,1,0,0,0,0,0,0,0,0,0,0,Pedestrian Collisions,"['Driver', 'Pedestrian']",East,"['Automobile, Station Wagon', 'Other']","['Going Ahead', 'Other']",['Driving Properly'],['Normal'],['Vehicle hits the pedestrian walking or running out from between parked vehicles at mid-block'],['Coming From Behind Parked Vehicle'],['Inattentive'],[],[],[],D13,False,"['30 to 34', '10 to 14']",3.0
1096633.0,2009-03-27 08:00:00,2337,2009,1749 JANE ST,,,Major Arterial,Etobicoke York,43.704745,-79.50429,620511.2154,4840166.3804,At Intersection,No Control,Clear,Dark,Dry,28,Rustic,28,Rustic (28),Non-Fatal Injury,1,0,1,0,0,0,0,0,0,1,0,0,0,Pedestrian Collisions,"['Driver', 'Pedestrian']",North,"['Automobile, Station Wagon', 'Other']",['Going Ahead'],['Failed to Yield Right of Way'],['Unknown'],['Pedestrian hit at mid-block'],"['Crossing, no Traffic Control']",['Had Been Drinking'],[],[],[],D12,False,"['unknown', '35 to 39']",3.0
1097106.0,2009-03-10 08:00:00,1156,2009,GERRARD St E,CARLAW Ave,,Minor Arterial,Toronto and East York,43.667445,-79.343387,633558.2538,4836270.1766,,No Control,Clear,Daylight,Dry,70,South Riverdale,70,South Riverdale (70),Non-Fatal Injury,0,1,1,0,0,0,0,0,0,0,0,0,0,Cyclist Collisions,"['Driver', 'Cyclist']",West,"['Automobile, Station Wagon', 'Bicycle']","['Parked', 'Going Ahead']",['Other'],['Inattentive'],[],[],[],['Cyclist struck opened vehicle door'],['Driving Properly'],['Normal'],D55,False,"['50 to 54', '45 to 49']",3.0
1097142.0,2009-03-10 08:00:00,2051,2009,SHEPPARD Aven E,PROGRESS Aven,,Major Arterial,Scarborough,43.794645,-79.23489,642004.5749,4850578.0395,At Intersection,Traffic Signal,Rain,Dark,Wet,146,Malvern East,132,Malvern (132),Non-Fatal Injury,1,0,1,0,0,0,0,0,0,1,0,0,0,Pedestrian Collisions,"['Driver', 'Pedestrian']",North,"['Automobile, Station Wagon', 'Other']",['Turning Left'],['Failed to Yield Right of Way'],['Inattentive'],['Vehicle turns left while ped crosses with ROW at inter.'],['Crossing with right of way'],['Normal'],[],[],[],D42,False,"['15 to 19', '45 to 49']",3.0
1097174.0,2009-03-11 08:00:00,2128,2009,DUNDAS ST W,BLOOR ST W,,Major Arterial,Toronto and East York,43.656345,-79.45249,624785.138,4834867.5098,,No Control,Clear,Dark,Dry,88,High Park North,88,High Park North (88),Non-Fatal Injury,1,0,0,0,0,1,0,0,0,0,0,0,0,Pedestrian Collisions,"['Pedestrian', 'Driver']",North,"['Other', 'Municipal Transit Bus (TTC)']",['Going Ahead'],['Driving Properly'],['Normal'],['Pedestrian involved in a collision with transit vehicle anywhere along roadway'],['Running onto Roadway'],"['Ability Impaired, Alcohol Over .80']",[],[],[],D11,False,['40 to 44'],3.0
1097433.0,2009-04-02 08:00:00,1143,2009,VICTORIA PARK AVE,FARM GREENWAY,,Major Arterial,North York,43.763845,-79.31789,635396.5894,4847018.1555,,No Control,Clear,Daylight,Dry,119,Wexford/Maryvale,119,Wexford/Maryvale (119),Non-Fatal Injury,0,0,1,0,0,0,0,0,0,0,0,0,1,SMV Other,"['Vehicle Owner', 'Driver']",South,"['Other', 'Automobile, Station Wagon']",['Going Ahead'],['Lost control'],['Medical or Physical Disability'],[],[],[],[],[],[],D41,False,"['unknown', '80 to 84']",3.0
1097606.0,2009-03-03 10:00:00,1850,2009,SHEPPARD AVE E,GLEN WATFORD DR,,Major Arterial,Scarborough,43.786645,-79.27299,638957.9031,4849624.8449,,No Control,Clear,Dawn,Dry,128,Agincourt South-Malvern West,128,Agincourt South-Malvern West (128),Non-Fatal Injury,0,0,1,0,0,0,0,0,1,1,0,0,0,Rear End,"['Vehicle Owner', 'Driver']",West,"['Other', 'Pick Up Truck', 'Automobile, Station Wagon']",['Going Ahead'],"['Following too Close', 'Driving Properly']","['Unknown', 'Normal']",[],[],[],[],[],[],D42,False,"['unknown', '60 to 64', '45 to 49']",3.0
1097622.0,2009-03-13 08:00:00,500,2009,ATTWELL DR,CARLSON CRT,,Collector,Etobicoke York,43.689545,-79.58729,613852.5153,4838360.915,At Intersection,Stop Sign,Clear,Dark,Dry,1,West Humber-Clairville,1,West Humber-Clairville (1),Non-Fatal Injury,0,0,1,0,1,0,0,0,0,0,0,0,0,Turning Movement,"['Vehicle Owner', 'Truck Driver', 'Driver']",North,"['Other', 'Truck - Open', 'Automobile, Station Wagon']","['Turning Left', 'Going Ahead']","['Improper Turn', 'Driving Properly']",['Normal'],[],[],[],[],[],[],D23,False,"['unknown', '50 to 54', '45 to 49']",3.0
1097712.0,2009-04-04 08:00:00,228,2009,LIPPINCOTT ST,BLOOR ST W,,Major Arterial,Toronto and East York,43.665345,-79.40999,628193.0495,4835931.871,,No Control,Rain,Dark,Wet,79,University,79,University (79),Fatal,1,0,1,0,0,0,0,0,0,0,0,1,0,Pedestrian Collisions,"['Pedestrian', 'Driver']",North,"['Other', 'Automobile, Station Wagon']",['Going Ahead'],['Other'],"['Ability Impaired, Alcohol Over .08']",['Pedestrian hit at mid-block'],['Other'],['Had Been Drinking'],[],[],[],D14,True,"['25 to 29', '20 to 24']",4.0
1097979.0,2009-04-01 08:00:00,1245,2009,10 MARTHA EATON WAY,MARTHA EATON Way,,Other,Etobicoke York,43.696645,-79.48979,621695.8945,4839287.9436,,No Control,Clear,Daylight,Dry,30,Brookhaven-Amesbury,30,Brookhaven-Amesbury (30),Non-Fatal Injury,0,0,1,0,0,0,0,0,0,1,0,0,0,Rear End,['Driver'],East,"['Automobile, Station Wagon']","['Going Ahead', 'Stopped']","['Following too Close', 'Driving Properly']","['Inattentive', 'Normal']",[],[],[],[],[],[],D12,False,"['15 to 19', '40 to 44']",3.0
1098055.0,2009-03-14 08:00:00,1707,2009,BAY ST,WELLINGTON ST W,,Major Arterial,Toronto and East York,43.648045,-79.37999,630649.3097,4834057.2709,,No Control,Clear,Daylight,Dry,170,Yonge-Bay Corridor,76,Bay Street Corridor (76),Non-Fatal Injury,1,0,1,0,0,0,0,0,0,0,0,0,0,Pedestrian Collisions,"['Driver', 'Pedestrian']",East,"['Automobile, Station Wagon', 'Other']",['Going Ahead'],['Driving Properly'],['Normal'],['Pedestrian hit at mid-block'],"['Crossing, no Traffic Control']",['Normal'],[],[],[],D52,False,"['50 to 54', '15 to 19']",3.0
1098480.0,2009-04-08 08:00:00,1418,2009,552 PRINCE EDWARD DR N,,,Collector,Etobicoke York,43.659743,-79.510089,620133.7635,4835159.8936,,No Control,Clear,Daylight,Dry,15,Kingsway South,15,Kingsway South (15),Non-Fatal Injury,1,0,1,0,0,0,0,0,0,0,0,0,0,Pedestrian Collisions,"['Vehicle Owner', 'Driver', 'Wheelchair']",North,"['Other', 'Automobile, Station Wagon']",['Going Ahead'],['Driving Properly'],['Normal'],['Pedestrian hit at mid-block'],['On Sidewalk or Shoulder'],[],[],[],[],D22,False,"['unknown', '30 to 34', '65 to 69']",3.0
1098588.0,2009-03-17 08:00:00,1840,2009,BLACK CREEK DR,EGLINTON AVE W,,Major Arterial,Etobicoke York,43.690245,-79.48349,622216.5656,4838586.4021,At Intersection,No Control,Clear,Daylight,Dry,112,Beechborough-Greenbrook,112,Beechborough-Greenbrook (112),Non-Fatal Injury,0,0,1,0,0,0,0,0,0,1,0,0,0,Rear End,"['Driver', 'Vehicle Owner']",South,"['Automobile, Station Wagon', 'Other']","['Stopped', 'Going Ahead']","['Driving Properly', 'Following too Close']","['Normal', 'Inattentive']",[],[],[],[],[],[],D12,False,"['65 to 69', 'unknown', '20 to 24']",3.0
1098792.0,2009-04-10 08:00:00,910,2009,DOVERCOURT RD,BLOOR ST W,,Major Arterial,Toronto and East York,43.661145,-79.42939,626637.7581,4835435.6115,At Intersection,Traffic Signal,Clear,Daylight,Dry,80,Palmerston-Little Italy,80,Palmerston-Little Italy (80),Non-Fatal Injury,1,0,1,0,0,0,0,0,0,1,0,0,0,Pedestrian Collisions,"['Driver', 'Pedestrian']",North,"['Automobile, Station Wagon', 'Other']",['Turning Left'],['Failed to Yield Right of Way'],['Inattentive'],['Vehicle turns left while ped crosses with ROW at inter.'],['Crossing with right of way'],['Normal'],[],[],[],D14,False,['75 to 79'],3.0
1098793.0,2009-04-03 08:00:00,1429,2009,JARVIS ST,WELLESLEY ST E,,Major Arterial,Toronto and East York,43.666245,-79.37829,630746.9046,4836081.2997,At Intersection,Traffic Signal,Rain,Daylight,Wet,71,Cabbagetown-South St.James Town,71,Cabbagetown-South St.James Town (71),Fatal,1,0,1,0,0,0,0,0,0,0,0,0,0,Pedestrian Collisions,"['Vehicle Owner', 'Driver', 'Pedestrian']",East,"['Other', 'Automobile, Station Wagon']",['Turning Left'],['Driving Properly'],['Unknown'],['Vehicle turns left while ped crosses without ROW at inter.'],['Crossing without right of way'],['Inattentive'],[],[],[],D51,True,"['unknown', '15 to 19', '90 to 94']",4.0
1098951.0,2009-04-13 08:00:00,2302,2009,SHEPPARD AVE E,MCCOWAN RD,,Major Arterial,Scarborough,43.789645,-79.25879,640093.4608,4849981.979,At Intersection,Traffic Signal,Clear,Dark,Dry,128,Agincourt South-Malvern West,128,Agincourt South-Malvern West (128),Non-Fatal Injury,1,0,1,0,0,0,0,0,0,0,0,0,0,Pedestrian Collisions,"['Driver', 'Pedestrian']",North,"['Automobile, Station Wagon', 'Other']",['Going Ahead'],['Driving Properly'],['Normal'],['Vehicle is going straight thru inter.while ped cross without ROW'],['Crossing without right of way'],['Inattentive'],[],[],[],D42,False,"['60 to 64', '30 to 34']",3.0
1099302.0,2009-02-24 10:00:00,308,2009,YONGE ST,WILLIAM CARSON CRES,,Major Arterial,North York,43.752145,-79.40809,628161.1077,4845575.1723,,No Control,Clear,Dark,Dry,40,St.Andrew-Windfields,40,St.Andrew-Windfields (40),Non-Fatal Injury,1,0,0,0,0,1,0,0,0,0,0,0,0,Pedestrian Collisions,"['Vehicle Owner', 'Driver', 'Pedestrian']",South,"['Other', 'Municipal Transit Bus (TTC)']",['Pulling Away from Shoulder or Curb'],['Driving Properly'],['Unknown'],['Pedestrian involved in a collision with transit vehicle anywhere along roadway'],['Person Getting on/off Vehicle'],['Had Been Drinking'],[],[],[],D32,False,"['unknown', '55 to 59']",3.0
1099856.0,2009-04-17 08:00:00,1045,2009,TOWNSLEY ST,OLD WESTON RD,,Minor Arterial,Toronto and East York,43.674045,-79.46319,623885.9095,4836817.2923,,Stop Sign,Clear,Daylight,Dry,91,Weston-Pelham Park,91,Weston-Pellam Park (91),Fatal,1,0,1,0,0,0,0,0,0,0,0,0,0,Pedestrian Collisions,"['Driver', 'Pedestrian']",East,"['Automobile, Station Wagon', 'Other']",['Reversing'],['Other'],['Normal'],['Vehicle is reversing and hits pedestrian'],['Other'],['Normal'],[],[],[],D12,True,"['20 to 24', '65 to 69']",4.0
1099908.0,2009-04-18 08:00:00,1534,2009,YONGE ST,LAKE SHORE W BLVD E,,Major Arterial,Toronto and East York,43.644045,-79.37579,630996.7261,4833619.6395,At Intersection,Traffic Signal,Clear,Daylight,Dry,166,St Lawrence-East Bayfront-The Islands,77,Waterfront Communities-The Island (77),Non-Fatal Injury,0,0,1,0,0,0,0,1,0,1,1,0,0,Angle,"['Passenger', 'Driver']",North,"['Other', 'Automobile, Station Wagon']","['Stopped', 'Going Ahead']","['Driving Properly', 'Disobeyed Traffic Control']","['Normal', 'Inattentive']",[],[],[],[],[],[],D52,False,"['35 to 39', '55 to 59', '40 to 44', '0 to 4', '25 to 29']",3.0
1100023.0,2009-04-18 08:00:00,2250,2009,HIGHWAY 27  N,HUMBER COLLEGE BLVD,,Major Arterial,Etobicoke York,43.731145,-79.60169,612614.0564,4842961.4951,,No Control,Clear,Dark,Dry,1,West Humber-Clairville,1,West Humber-Clairville (1),Non-Fatal Injury,0,0,1,0,0,0,0,0,0,0,0,0,0,Rear End,['Driver'],,"['Automobile, Station Wagon']","['Going Ahead', 'Stopped']",[],[],[],[],[],[],[],[],D23,False,"['40 to 44', 'unknown']",3.0
1100116.0,2009-03-27 08:00:00,1900,2009,185 FIFTH ST,,,Local,Etobicoke York,43.603245,-79.50389,620746.6861,4828894.0808,,No Control,Clear,Daylight,Dry,18,New Toronto,18,New Toronto (18),Non-Fatal Injury,0,0,0,1,0,0,0,0,0,0,0,0,0,SMV Other,"['Vehicle Owner', 'Motorcycle Driver']",West,"['Other', 'Motorcycle']",['Turning Right'],['Lost control'],['Normal'],[],[],[],[],[],[],D22,False,"['unknown', '40 to 44']",3.0
1100162.0,2009-03-29 08:00:00,215,2009,ST CLAIR Aven W,HOUNSLOW HEATH Road,,Major Arterial,Toronto and East York,43.674143,-79.459987,624143.9113,4836832.9652,At Intersection,Traffic Signal,Clear,Dark,Dry,91,Weston-Pelham Park,91,Weston-Pellam Park (91),Non-Fatal Injury,0,0,1,0,0,0,0,1,0,0,0,0,0,Approaching,"['Passenger', 'Driver']",East,"['Other', 'Automobile, Station Wagon']","['Other', 'Stopped', 'Turning Left']",['Driving Properly'],['Normal'],[],[],[],[],[],[],D11,False,"['20 to 24', '30 to 34', 'unknown']",3.0
1100239.0,2009-04-20 08:00:00,1330,2009,RONCESVALLES AVE,HIGH PARK BLVD,,Minor Arterial,Toronto and East York,43.646327,-79.449046,625083.6458,4833760.0661,,Traffic Signal,Rain,Daylight,Wet,86,Roncesvalles,86,Roncesvalles (86),Fatal,1,0,0,0,0,1,0,0,0,1,0,0,0,Pedestrian Collisions,"['Pedestrian', 'Vehicle Owner', 'Driver']",East,"['Other', 'Municipal Transit Bus (TTC)']",['Turning Left'],['Failed to Yield Right of Way'],['Inattentive'],['Vehicle turns left while ped crosses with ROW at inter.'],['Crossing with right of way'],['Normal'],[],[],[],D11,True,"['85 to 89', 'unknown', '40 to 44']",4.0
1100641.0,2009-04-22 08:00:00,541,2009,FINCH AVE W,KIPLING AVE,,Major Arterial,Etobicoke York,43.743245,-79.58209,614169.572,4844332.1945,,Traffic Signal,Clear,Dawn,Dry,3,Thistletown-Beaumond Heights,3,Thistletown-Beaumond Heights (3),Non-Fatal Injury,1,0,1,0,0,0,0,0,0,0,0,0,0,Pedestrian Collisions,"['Vehicle Owner', 'Driver', 'Pedestrian']",South,"['Other', 'Automobile, Station Wagon']",['Going Ahead'],['Driving Properly'],['Normal'],['Vehicle is going straight thru inter.while ped cross without ROW'],['Crossing without right of way'],['Medical or Physical Disability'],[],[],[],D23,False,"['unknown', '40 to 44', '55 to 59']",3.0
1100690.0,2009-04-06 08:00:00,2150,2009,ALBION RD,STEINWAY BLVD,,Major Arterial,Etobicoke York,43.747645,-79.62659,610578.3255,4844760.5166,,No Control,Freezing Rain,Dark,Ice,1,West Humber-Clairville,1,West Humber-Clairville (1),Non-Fatal Injury,0,0,1,0,0,0,0,0,1,1,0,1,0,Rear End,['Driver'],West,"['Automobile, Station Wagon']",['Going Ahead'],"['Speed too Fast For Condition', 'Driving Properly']","['Ability Impaired, Alcohol', 'Normal']",[],[],[],[],[],[],D23,False,"['40 to 44', '35 to 39']",3.0