accident_number,date,time,year,street1,street2,offset,road_class,district,latitude,longitude,x,y,accident_location,traffctl,visibility,light,road_surface_condition,hood_158,neighbourhood_new,hood_140,neighbourhood_old,accident_class,pedestrian,cyclist,automobile,motorcycle,truck,trsn_city_veh,emerg_veh,passenger,speeding,aggressive_driving,redlight,alcohol,disability,impact_type,involvement_type,initial_direction,vehicle_type,manoeuver,driver_action,driver_condition,pedestrian_type,pedestrian_action,pedestrian_condition,cyclist_type,cyclist_action,cyclist_condition,division,injury,involvement_age,injury_severity_score
1108205.0,2009-06-04 08:00:00,2128,2009,PARKSIDE DR,CONSTANCE ST,,Major Arterial,Toronto and East York,43.648245,-79.45769,624382.5463,4833960.0929,,No Control,Clear,Dark,Dry,87,High Park-Swansea,87,High Park-Swansea (87),Non-Fatal Injury,1,0,1,0,0,0,0,1,0,0,0,0,0,Pedestrian Collisions,"['Passenger', 'Driver', 'Pedestrian']",North,"['Other', 'Automobile, Station Wagon']","['Slowing or Stopping', 'Turning Left']","['Driving Properly', 'Lost control']",['Normal'],['Pedestrian hit on sidewalk or shoulder'],['On Sidewalk or Shoulder'],['Normal'],[],[],[],D11,False,"['5 to 9', '35 to 39', '30 to 34', '25 to 29']",3.0
1108321.0,2009-05-29 08:00:00,2110,2009,DANFORTH Road,ST CLAIR Aven E,,Major Arterial,Scarborough,43.716845,-79.25989,640174.8292,4841894.5658,At Intersection,Traffic Signal,Rain,Dark,Wet,120,Clairlea-Birchmount,120,Clairlea-Birchmount (120),Non-Fatal Injury,1,0,1,0,0,0,0,0,0,1,0,0,0,Pedestrian Collisions,"['Driver', 'Pedestrian']",North,"['Automobile, Station Wagon', 'Other']",['Turning Left'],['Failed to Yield Right of Way'],['Normal'],['Vehicle turns left while ped crosses with ROW at inter.'],['Crossing with right of way'],['Had Been Drinking'],[],[],[],D41,False,"['45 to 49', '55 to 59']",3.0
1108349.0,2009-05-17 08:00:00,1623,2009,YORK MILLS Road,CHIPSTEAD Road,,Major Arterial,North York,43.751445,-79.37049,631189.7582,4845556.2917,At Intersection,Traffic Signal,Clear,Daylight,Dry,42,Banbury-Don Mills,40,St.Andrew-Windfields (40),Non-Fatal Injury,0,0,1,0,0,0,0,1,0,0,0,0,0,Turning Movement,"['Passenger', 'Driver', 'Vehicle Owner']",East,"['Other', 'Automobile, Station Wagon']","['Going Ahead', 'Turning Left']","['Driving Properly', 'Improper Turn']","['Normal', 'Inattentive']",[],[],[],[],[],[],D33,False,"['10 to 14', '80 to 84', 'unknown', '15 to 19']",3.0
1108724.0,2009-06-10 08:00:00,1546,2009,EGLINTON AVE W,OLD PARK RD,,Major Arterial,North York,43.699845,-79.43099,626427.4395,4839731.3292,,Traffic Signal,Clear,Daylight,Dry,102,Forest Hill North,102,Forest Hill North (102),Non-Fatal Injury,1,0,1,0,0,0,0,0,0,0,0,0,0,Pedestrian Collisions,"['Vehicle Owner', 'Driver', 'Pedestrian']",West,"['Other', 'Automobile, Station Wagon']",['Going Ahead'],['Driving Properly'],['Normal'],['Vehicle is going straight thru inter.while ped cross without ROW'],['Running onto Roadway'],[],[],[],[],D13,False,"['unknown', '50 to 54', '40 to 44']",3.0
1109010.0,2009-05-19 08:00:00,1646,2009,KINGSTON Road,OLD KINGSTON Road,,Minor Arterial,Scarborough,43.784545,-79.16879,647347.2601,4849571.8132,At Intersection,Traffic Signal,Clear,Daylight,Dry,134,Highland Creek,134,Highland Creek (134),Non-Fatal Injury,0,0,1,0,0,0,0,1,0,0,0,0,0,Turning Movement,"['Driver', 'Passenger']",East,"['Automobile, Station Wagon', 'Other']","['Turning Left', 'Going Ahead']","['Improper Turn', 'Driving Properly']",['Normal'],[],[],[],[],[],[],D43,False,"['35 to 39', '20 to 24']",3.0
1109028.0,2009-06-11 08:00:00,1030,2009,SOUTH KINGSWAY,THE QUEENSWAY,,Minor Arterial,Toronto and East York,43.634945,-79.47299,623175.813,4832460.1412,,No Control,Clear,Daylight,Dry,87,High Park-Swansea,87,High Park-Swansea (87),Non-Fatal Injury,0,0,1,0,0,0,0,1,0,0,0,0,0,Rear End,"['Passenger', 'Driver', 'Vehicle Owner']",South,"['Other', 'Automobile, Station Wagon']","['Slowing or Stopping', 'Stopped']","['Lost control', 'Driving Properly']",['Normal'],[],[],[],[],[],[],D11,False,"['55 to 59', 'unknown', '50 to 54']",3.0
1109154.0,2009-06-13 08:00:00,852,2009,WILLIAM R ALLEN RD S,ELM RIDGE DR,,,North York,43.703345,-79.43799,625856.0657,4840109.4025,,No Control,Clear,Daylight,Dry,102,Forest Hill North,102,Forest Hill North (102),Non-Fatal Injury,0,0,1,0,0,0,0,1,0,1,0,0,0,Rear End,"['Driver', 'Passenger']",South,"['Automobile, Station Wagon', 'Other']","['Slowing or Stopping', 'Stopped', 'Unknown']","['Driving Properly', 'Following too Close']","['Normal', 'Inattentive']",[],[],[],[],[],[],D13,False,"['45 to 49', '40 to 44', '15 to 19', '65 to 69']",3.0
1109235.0,2009-06-09 08:00:00,1613,2009,CUMMER Aven,BAYVIEW Aven,,Major Arterial,North York,43.792245,-79.39359,629242.0747,4850051.4275,At Intersection,Traffic Signal,Clear,Daylight,Dry,50,Newtonbrook East,50,Newtonbrook East (50),Non-Fatal Injury,1,0,1,0,0,0,0,0,0,0,0,0,0,Pedestrian Collisions,"['Pedestrian', 'Vehicle Owner', 'Driver']",North,"['Other', 'Automobile, Station Wagon']",['Going Ahead'],['Driving Properly'],['Normal'],['Vehicle is going straight thru inter.while ped cross without ROW'],['Crossing without right of way'],['Inattentive'],[],[],[],D32,False,"['60 to 64', 'unknown', '20 to 24']",3.0
1109297.0,2009-06-14 08:00:00,2206,2009,THE QUEENSWAY,STEPHEN DR,,Major Arterial,Etobicoke York,43.630445,-79.48349,622337.9559,4831944.8327,,No Control,Clear,Dark,Dry,16,Stonegate-Queensway,16,Stonegate-Queensway (16),Non-Fatal Injury,0,0,1,0,0,0,0,1,0,0,0,1,0,SMV Other,"['Passenger', 'Driver']",East,"['Other', 'Automobile, Station Wagon']",['Going Ahead'],['Lost control'],"['Ability Impaired, Alcohol']",[],[],[],[],[],[],D22,False,['30 to 34'],3.0
1109447.0,2009-05-11 08:00:00,722,2009,FRONT ST W,SPADINA AVE,,Minor Arterial,Toronto and East York,43.642245,-79.39569,629395.5871,4833388.5084,,No Control,Clear,Daylight,Dry,165,Harbourfront-CityPlace,77,Waterfront Communities-The Island (77),Non-Fatal Injury,1,0,0,0,1,0,0,0,0,0,0,0,0,Pedestrian Collisions,"['Vehicle Owner', 'Truck Driver', 'Pedestrian']",West,"['Other', 'Truck - Open']",['Going Ahead'],['Driving Properly'],['Normal'],['Pedestrian hit at mid-block'],['Running onto Roadway'],['Other'],[],[],[],D14,False,"['unknown', '50 to 54', '30 to 34']",3.0
1109820.0,2009-06-17 08:00:00,1708,2009,KEELE ST,DUNDAS ST W,,Major Arterial,Toronto and East York,43.664945,-79.46439,623807.8822,4835804.8252,,No Control,Rain,Daylight,Wet,90,Junction Area,90,Junction Area (90),Fatal,1,0,0,0,1,0,0,0,0,0,0,0,0,Pedestrian Collisions,"['Vehicle Owner', 'Truck Driver', 'Pedestrian']",North,"['Other', 'Truck - Open']",['Going Ahead'],['Driving Properly'],['Normal'],['Pedestrian hit at mid-block'],['Other'],['Normal'],[],[],[],D11,True,"['unknown', '60 to 64', '85 to 89']",4.0
1109990.0,2020-06-16 08:00:00,2107,2020,DUNDAS ST W,ROYAL YORK RD,34 m West of,Major Arterial,Etobicoke York,43.658034,-79.51675,619600.0656,4834960.4644,Overpass or Bridge,No Control,Clear,Dark,Dry,15,Kingsway South,15,Kingsway South (15),Non-Fatal Injury,0,0,1,0,0,0,0,0,0,0,0,0,1,Rear End,['Driver'],West,"['Automobile, Station Wagon']","['Reversing', 'Going Ahead']",['Other'],"['Medical or Physical Disability', 'Normal']",[],[],[],[],[],[],D22,False,"['25 to 29', '50 to 54']",3.0
1110013.0,2009-06-18 08:00:00,2213,2009,EGLINTON AVE W,MARTIN GROVE RD,,Major Arterial,Etobicoke York,43.674445,-79.56319,615823.8381,4836717.2289,,Traffic Controller,Clear,Dark,Dry,11,Eringate-Centennial-West Deane,11,Eringate-Centennial-West Deane (11),Non-Fatal Injury,0,0,1,0,0,0,0,0,0,1,0,0,0,Turning Movement,['Driver'],East,"['Automobile, Station Wagon']","['Turning Left', 'Going Ahead']","['Failed to Yield Right of Way', 'Driving Properly']",['Normal'],[],[],[],[],[],[],D22,False,"['40 to 44', '20 to 24']",3.0
1110059.0,2009-05-21 08:00:00,2159,2009,KING ST W,SHAW ST,,Major Arterial,Toronto and East York,43.641345,-79.41519,627824.7076,4833258.3352,,No Control,Clear,Dark,Dry,162,West Queen West,82,Niagara (82),Non-Fatal Injury,0,0,1,0,0,0,0,0,0,0,0,0,1,SMV Unattended Vehicle,"['Driver', 'Other']",West,"['Automobile, Station Wagon', 'Other']","['Going Ahead', 'Parked']",['Lost control'],['Medical or Physical Disability'],[],[],[],[],[],[],D14,False,"['40 to 44', 'unknown']",3.0
1110181.0,2009-06-19 08:00:00,1844,2009,PARLIAMENT ST,OAK ST,,Minor Arterial,Toronto and East York,43.660645,-79.36649,631710.5104,4835478.0097,At Intersection,Pedestrian Crossover,Clear,Daylight,Dry,72,Regent Park,72,Regent Park (72),Non-Fatal Injury,0,1,1,0,0,0,0,1,0,1,0,0,0,Cyclist Collisions,"['Passenger', 'Driver', 'Cyclist']",South,"['Other', 'Automobile, Station Wagon', 'Bicycle']",['Going Ahead'],['Disobeyed Traffic Control'],['Inattentive'],[],[],[],['Cyclist struck at PXO(cyclist either travel in same dir. as veh. or ride across xwalk)'],['Other'],['Normal'],D51,False,"['30 to 34', '25 to 29', '5 to 9']",3.0
1110376.0,2009-06-21 08:00:00,1600,2009,WARDEN AVE,KINGSTON RD,,Major Arterial,Scarborough,43.687745,-79.27089,639356.1216,4838644.0479,At Intersection,Traffic Signal,Clear,Daylight,Dry,122,Birchcliffe-Cliffside,122,Birchcliffe-Cliffside (122),Non-Fatal Injury,0,1,1,0,0,0,0,0,0,1,0,0,0,Cyclist Collisions,"['Driver', 'Cyclist']",South,"['Automobile, Station Wagon', 'Bicycle']","['Going Ahead', 'Turning Right']",['Following too Close'],['Unknown'],[],[],[],['Cyclist and Driver travelling in same direction. One vehicle rear-ended the other.'],['Driving Properly'],['Had Been Drinking'],D41,False,"['unknown', '45 to 49']",3.0
1110532.0,2009-06-22 08:00:00,802,2009,22 ELINOR AVE,,,Local,Scarborough,43.746045,-79.30139,636765.2685,4845068.3053,,No Control,Clear,Daylight,Dry,119,Wexford/Maryvale,119,Wexford/Maryvale (119),Non-Fatal Injury,0,0,1,0,0,0,0,1,0,1,0,0,0,Rear End,"['Passenger', 'Driver', 'Vehicle Owner']",South,"['Other', 'Automobile, Station Wagon']",['Going Ahead'],['Following too Close'],['Normal'],[],[],[],[],[],[],D41,False,"['0 to 4', '25 to 29', 'unknown']",3.0
1110560.0,2009-06-22 08:00:00,2350,2009,F G GARDINER Expr W,DUFFERIN Stre,,,Toronto and East York,43.634945,-79.42139,627338.1526,4832538.0034,,No Control,Clear,Dark,Dry,163,Fort York-Liberty Village,82,Niagara (82),Non-Fatal Injury,0,0,1,0,0,0,0,0,0,1,0,0,0,Rear End,"['Vehicle Owner', 'Driver']",West,"['Automobile, Station Wagon']","['Stopped', 'Going Ahead']","['Driving Properly', 'Following too Close']","['Normal', 'Unknown']",[],[],[],[],[],[],D14,False,"['unknown', '45 to 49', '35 to 39', '25 to 29']",3.0
1110609.0,2009-05-22 08:00:00,1845,2009,JANE Stre,ALLIANCE Aven,,Major Arterial,Etobicoke York,43.676145,-79.49569,621261.7548,4837002.4999,At Intersection,Traffic Signal,Clear,Daylight,Dry,111,Rockcliffe-Smythe,111,Rockcliffe-Smythe (111),Non-Fatal Injury,0,0,1,0,0,0,0,1,0,1,0,0,0,Rear End,"['Vehicle Owner', 'Driver', 'Passenger']",North,"['Other', 'Automobile, Station Wagon']","['Stopped', 'Going Ahead']","['Driving Properly', 'Following too Close']","['Normal', 'Inattentive']",[],[],[],[],[],[],D12,False,"['unknown', '40 to 44', '65 to 69', '45 to 49', '50 to 54']",3.0
1110667.0,2009-05-22 08:00:00,2135,2009,675 ANNETTE Stre,,,Minor Arterial,Toronto and East York,43.659045,-79.48429,622215.4099,4835120.0487,,No Control,Clear,Dark,Dry,89,Runnymede-Bloor West Village,89,Runnymede-Bloor West Village (89),Non-Fatal Injury,0,1,1,0,0,0,0,0,0,1,0,0,0,Cyclist Collisions,"['Driver', 'Cyclist']",East,"['Automobile, Station Wagon', 'Bicycle']","['Going Ahead', 'Turning Left']",['Following too Close'],['Normal'],[],[],[],['Cyclist and Driver travelling in same direction. One vehicle rear-ended the other.'],['Other'],['Normal'],D11,False,"['35 to 39', '15 to 19']",3.0
1110725.0,2009-06-23 08:00:00,1449,2009,BLOOR ST W,ST HELENS AVE,,Major Arterial,Toronto and East York,43.658045,-79.44399,625467.0105,4835069.1349,At Intersection,Stop Sign,Clear,Daylight,Dry,83,Dufferin Grove,83,Dufferin Grove (83),Fatal,1,0,0,0,1,0,0,0,0,1,0,0,0,Pedestrian Collisions,"['Vehicle Owner', 'Truck Driver', 'Pedestrian']",North,"['Other', 'Truck - Open']",['Turning Left'],['Failed to Yield Right of Way'],['Normal'],['Vehicle turns left while ped crosses with ROW at inter.'],['Crossing with right of way'],['Normal'],[],[],[],D11,True,"['unknown', '30 to 34', '75 to 79']",4.0
1110888.0,2009-06-11 08:00:00,835,2009,WELLINGTON ST W,YORK ST,,Minor Arterial,Toronto and East York,43.646545,-79.38299,630410.6115,4833885.9577,At Intersection,Traffic Signal,Clear,Daylight,Dry,170,Yonge-Bay Corridor,76,Bay Street Corridor (76),Non-Fatal Injury,0,1,1,0,0,0,0,0,0,0,0,0,0,Cyclist Collisions,"['Driver', 'Cyclist']",West,"['Automobile, Station Wagon', 'Bicycle']","['Going Ahead', 'Slowing or Stopping']",['Driving Properly'],['Normal'],[],[],[],['Cyclist and Driver travelling in same direction. One vehicle sideswipes the other.'],['Lost control'],['Normal'],D52,False,"['unknown', '40 to 44']",3.0
1110977.0,2009-06-24 08:00:00,2144,2009,WILLIAM R ALLEN RD S,RIDELLE AVE,,,North York,43.705745,-79.43909,625762.4158,4840374.2867,,No Control,Clear,Dark,Dry,31,Yorkdale-Glen Park,31,Yorkdale-Glen Park (31),Non-Fatal Injury,0,0,1,1,0,0,0,0,0,1,0,0,0,Rear End,"['Motorcycle Driver', 'Driver']",South,"['Motorcycle', 'Automobile, Station Wagon']","['Slowing or Stopping', 'Going Ahead']","['Driving Properly', 'Following too Close']",['Normal'],[],[],[],[],[],[],D13,False,"['35 to 39', '25 to 29']",3.0
1111004.0,2009-06-17 08:00:00,1915,2009,ST CLAIR AVE W,TWEEDSMUIR AVE,,Major Arterial,Toronto and East York,43.684145,-79.41339,627878.9865,4838014.6162,,Traffic Signal,Rain,Dark,Wet,96,Casa Loma,96,Casa Loma (96),Non-Fatal Injury,1,0,1,0,0,0,0,0,0,0,0,0,0,Pedestrian Collisions,"['Driver', 'Pedestrian']",East,"['Automobile, Station Wagon', 'Other']",['Reversing'],['Other'],['Unknown'],['Vehicle is reversing and hits pedestrian'],['Crossing with right of way'],['Normal'],[],[],[],D13,False,"['unknown', '80 to 84']",3.0
1111047.0,2009-05-15 08:00:00,1205,2009,KENNEDY RD,ANTRIM CRES,,Major Arterial,Scarborough,43.771745,-79.28329,638163.4564,4847952.7268,At Intersection,Traffic Signal,Clear,Daylight,Dry,126,Dorset Park,126,Dorset Park (126),Non-Fatal Injury,1,0,1,0,0,0,0,0,0,1,0,0,0,Pedestrian Collisions,"['Driver', 'Pedestrian']",East,"['Automobile, Station Wagon', 'Other']",['Turning Left'],['Failed to Yield Right of Way'],['Inattentive'],['Vehicle turns left while ped crosses with ROW at inter.'],['Crossing with right of way'],['Normal'],[],[],[],D41,False,"['55 to 59', '20 to 24']",3.0
1111516.0,2009-05-22 08:00:00,252,2009,BARTON Ave,CHRISTIE St,,Minor Arterial,Toronto and East York,43.666545,-79.41959,627416.5121,4836050.3578,,No Control,Clear,Dark,Dry,95,Annex,95,Annex (95),Non-Fatal Injury,0,0,1,0,0,0,0,0,0,0,0,0,0,SMV Other,"['Vehicle Owner', 'Driver', 'Other Property Owner']",West,"['Other', 'Taxi']",['Pulling Onto Shoulder or towardCurb'],['Lost control'],['Normal'],[],[],[],[],[],[],D14,False,"['unknown', '30 to 34']",3.0
1111585.0,2009-05-24 08:00:00,1345,2009,BRIMLEY RD,ELLESMERE RD,,Major Arterial,Scarborough,43.770045,-79.26129,639938.0352,4847800.862,At Intersection,Traffic Signal,Clear,Daylight,Dry,156,Bendale-Glen Andrew,127,Bendale (127),Non-Fatal Injury,0,0,1,0,0,0,0,1,0,1,1,0,0,Angle,"['Passenger', 'Driver']",East,"['Other', 'Automobile, Station Wagon']",['Going Ahead'],"['Driving Properly', 'Disobeyed Traffic Control']",['Normal'],[],[],[],[],[],[],D43,False,"['80 to 84', '15 to 19', '40 to 44', '45 to 49', '55 to 59', '60 to 64']",3.0
1111668.0,2009-06-29 08:00:00,1011,2009,SHEPPARD AVE W,YEOMANS RD,,Major Arterial,North York,43.754545,-79.44319,625330.2503,4845788.0176,,No Control,Clear,Daylight,Dry,33,Clanton Park,33,Clanton Park (33),Non-Fatal Injury,1,0,1,0,0,0,0,0,0,0,0,0,0,Pedestrian Collisions,"['Vehicle Owner', 'Driver', 'Pedestrian']",East,"['Other', 'Automobile, Station Wagon']",['Going Ahead'],['Driving Properly'],['Normal'],['Vehicle is going straight thru inter.while ped cross without ROW'],"['Crossing, no Traffic Control']",['Inattentive'],[],[],[],D32,False,"['unknown', '20 to 24', '80 to 84']",3.0
1111784.0,2009-05-25 08:00:00,1720,2009,FINCH Aven W,ALNESS Stre,,Major Arterial,North York,43.768145,-79.46959,623177.0008,4847258.8921,,No Control,Clear,Daylight,Dry,27,York University Heights,27,York University Heights (27),Non-Fatal Injury,0,0,1,1,0,0,0,0,0,1,0,0,0,Turning Movement,"['Motorcycle Driver', 'Driver']",East,"['Motorcycle', 'Automobile, Station Wagon']","['Going Ahead', 'Turning Left']","['Improper Passing', 'Driving Properly']","['Inattentive', 'Normal']",[],[],[],[],[],[],D32,False,"['35 to 39', '25 to 29']",3.0
1111945.0,2009-06-30 08:00:00,1930,2009,5050 SHEPPARD AVE E,,,Major Arterial,Scarborough,43.793045,-79.24249,641396.9151,4850387.3216,,No Control,Clear,Daylight,Dry,128,Agincourt South-Malvern West,128,Agincourt South-Malvern West (128),Fatal,1,0,0,0,0,1,0,0,0,1,0,0,0,Pedestrian Collisions,"['Vehicle Owner', 'Driver', 'Pedestrian']",East,"['Other', 'Municipal Transit Bus (TTC)']",['Turning Left'],['Failed to Yield Right of Way'],['Inattentive'],['Pedestrian involved in a collision with transit vehicle anywhere along roadway'],['On Sidewalk or Shoulder'],['Normal'],[],[],[],D42,True,"['unknown', '50 to 54', '70 to 74']",4.0
1112065.0,2009-05-28 08:00:00,1500,2009,EGLINTON Aven E,BERMONDSEY Road,,Major Arterial,North York,43.726045,-79.31349,635836.23,4842827.1025,At Intersection,Traffic Signal,Rain,Daylight,Wet,43,Victoria Village,43,Victoria Village (43),Non-Fatal Injury,0,0,1,0,0,0,0,0,0,1,0,0,0,Rear End,['Driver'],East,"['Automobile, Station Wagon']","['Going Ahead', 'Stopped']","['Following too Close', 'Driving Properly']","['Inattentive', 'Normal']",[],[],[],[],[],[],D33,False,"['40 to 44', '50 to 54', '30 to 34']",3.0
1112152.0,2009-05-27 08:00:00,1352,2009,COXWELL Aven,QUEEN Stre E,,Minor Arterial,Toronto and East York,43.666345,-79.31659,635721.1661,4836191.4984,At Intersection,Traffic Signal,Clear,Daylight,Dry,65,Greenwood-Coxwell,65,Greenwood-Coxwell (65),Non-Fatal Injury,0,0,1,0,0,0,0,0,0,0,0,0,1,Turning Movement,"['Vehicle Owner', 'Driver']",North,"['Other', 'Automobile, Station Wagon']","['Going Ahead', 'Stopped', 'Turning Left']","['Driving Properly', 'Improper Turn']","['Normal', 'Medical or Physical Disability']",[],[],[],[],[],[],D55,False,"['unknown', '35 to 39', '45 to 49']",3.0
1112683.0,2009-07-06 08:00:00,2030,2009,DON VALLEY PARKWAY  N,ST DENNIS DR,,,North York,43.718745,-79.32799,634684.7043,4841992.6651,,No Control,Clear,Daylight,Dry,44,Flemingdon Park,44,Flemingdon Park (44),Fatal,0,0,1,0,0,0,0,1,1,1,0,0,0,SMV Other,"['Passenger', 'Vehicle Owner', 'Driver']",North,"['Other', 'Automobile, Station Wagon']",['Changing Lanes'],['Exceeding Speed Limit'],['Unknown'],[],[],[],[],[],[],D55,True,"['20 to 24', 'unknown']",4.0
1112907.0,2009-06-01 08:00:00,1641,2009,EASTERN AVE,QUEEN ST E,,Minor Arterial,Toronto and East York,43.666745,-79.31479,635865.3863,4836238.8702,At Intersection,Stop Sign,Clear,Daylight,Dry,63,The Beaches,63,The Beaches (63),Non-Fatal Injury,1,0,1,0,0,0,0,0,0,1,0,0,0,Pedestrian Collisions,"['Driver', 'Pedestrian']",North,"['Automobile, Station Wagon', 'Other']",['Turning Right'],['Failed to Yield Right of Way'],['Inattentive'],['Vehicle turns right while ped crosses with ROW at inter.'],['Crossing with right of way'],['Normal'],[],[],[],D55,False,['35 to 39'],3.0
1113026.0,2009-05-27 08:00:00,2353,2009,MCCOWAN Road,LAWRENCE Aven E,,Major Arterial,Scarborough,43.755545,-79.24539,641251.8657,4846217.408,At Intersection,Traffic Signal,Rain,Dark,Wet,157,Bendale South,127,Bendale (127),Non-Fatal Injury,1,0,1,0,0,0,0,0,0,1,0,0,0,Pedestrian Collisions,"['Vehicle Owner', 'Driver', 'Pedestrian']",North,"['Other', 'Automobile, Station Wagon']",['Turning Left'],['Failed to Yield Right of Way'],['Normal'],['Vehicle turns left while ped crosses with ROW at inter.'],['Crossing with right of way'],['Normal'],[],[],[],D43,False,"['unknown', '30 to 34', '40 to 44']",3.0
1113047.0,2009-06-02 08:00:00,1256,2009,PRITCHARD Aven,MOULD Aven,,Local,Etobicoke York,43.670545,-79.48809,621885.7285,4836391.6842,At Intersection,Stop Sign,Clear,Daylight,Dry,111,Rockcliffe-Smythe,111,Rockcliffe-Smythe (111),Non-Fatal Injury,1,0,0,0,0,0,0,0,0,0,0,0,0,Pedestrian Collisions,['In-Line Skater'],West,['Other'],['Going Ahead'],[],[],['Other / Undefined'],['Crossing with right of way'],['Normal'],[],[],[],D12,False,['15 to 19'],3.0
1113420.0,2009-06-04 08:00:00,1258,2009,FINCH Aven W,CLARKHILL Stre,,Major Arterial,North York,43.775445,-79.43499,625946.5255,4848121.7176,At Intersection,Stop Sign,Clear,Daylight,Dry,37,Willowdale West,37,Willowdale West (37),Non-Fatal Injury,0,0,1,1,0,0,0,0,0,0,0,0,0,Turning Movement,"['Motorcycle Driver', 'Vehicle Owner', 'Driver']",East,"['Motorcycle', 'Other', 'Automobile, Station Wagon']","['Going Ahead', 'Making U Turn']","['Driving Properly', 'Improper Turn']",['Normal'],[],[],[],[],[],[],D32,False,"['45 to 49', 'unknown', '65 to 69']",3.0
1113423.0,2009-06-05 08:00:00,1830,2009,1183 FINCH Ave W,,,Major Arterial,North York,43.765245,-79.48289,622112.4254,4846917.106,,Traffic Signal,Clear,Daylight,Dry,27,York University Heights,27,York University Heights (27),Non-Fatal Injury,0,0,1,0,0,0,0,0,0,1,0,0,0,Rear End,"['Vehicle Owner', 'Driver']",East,"['Other', 'Automobile, Station Wagon']","['Going Ahead', 'Stopped']","['Following too Close', 'Driving Properly']",['Normal'],[],[],[],[],[],[],D31,False,"['unknown', '20 to 24', '65 to 69']",3.0
1113455.0,2009-06-05 08:00:00,1206,2009,THE QUEENSWAY,CHARTWELL Road,,Major Arterial,Etobicoke York,43.624545,-79.51049,620171.5835,4831250.1304,At Intersection,No Control,Clear,Daylight,Dry,16,Stonegate-Queensway,16,Stonegate-Queensway (16),Non-Fatal Injury,0,0,1,1,0,0,0,0,0,0,0,0,0,Turning Movement,"['Driver', 'Motorcycle Driver']",East,"['Automobile, Station Wagon', 'Motorcycle']","['Turning Left', 'Going Ahead']","['Improper Turn', 'Driving Properly']",['Normal'],[],[],[],[],[],[],D22,False,"['80 to 84', '20 to 24']",3.0
1113557.0,2009-07-10 08:00:00,1900,2009,KEELE ST,VICTORY DR,,Major Arterial,North York,43.728545,-79.48249,622219.2886,4842841.6248,,No Control,Clear,Daylight,Dry,155,Downsview,26,Downsview-Roding-CFB (26),Non-Fatal Injury,1,0,1,0,0,0,0,0,0,1,0,0,0,Pedestrian Collisions,"['Vehicle Owner', 'Driver', 'Pedestrian']",East,"['Other', 'Automobile, Station Wagon']",['Going Ahead'],['Failed to Yield Right of Way'],['Inattentive'],['Vehicle is going straight thru inter.while ped cross with ROW'],['Crossing with right of way'],['Inattentive'],[],[],[],D31,False,"['unknown', '40 to 44', '15 to 19']",3.0
1113770.0,2009-06-06 08:00:00,2009,2009,COXWELL Ave,ROBBINS Ave,,Minor Arterial,Toronto and East York,43.670645,-79.31829,635574.4241,4836666.292,,No Control,Clear,Daylight,Dry,64,Woodbine Corridor,64,Woodbine Corridor (64),Non-Fatal Injury,0,1,1,0,0,0,0,0,0,0,0,0,0,Cyclist Collisions,"['Driver', 'Cyclist']",South,"['Automobile, Station Wagon', 'Bicycle']","['Parked', 'Going Ahead']",['Other'],['Inattentive'],[],[],[],['Cyclist struck opened vehicle door'],['Driving Properly'],['Normal'],D55,False,"['40 to 44', '50 to 54']",3.0
1113871.0,2009-07-04 08:00:00,300,2009,EGLINTON AVE W,DUFFERIN ST,,Major Arterial,North York,43.695945,-79.44909,624977.0693,4839270.7394,,No Control,Clear,Dark,Dry,107,Oakwood Village,108,Briar Hill-Belgravia (108),Non-Fatal Injury,1,0,1,0,0,0,0,0,0,1,0,0,0,Pedestrian Collisions,"['Driver', 'Pedestrian']",North,"['Automobile, Station Wagon', 'Other']",['Going Ahead'],['Failed to Yield Right of Way'],['Unknown'],['Pedestrian hit at mid-block'],"['Crossing, no Traffic Control']",['Normal'],[],[],[],D13,False,"['unknown', '45 to 49']",3.0
1113959.0,2009-07-13 08:00:00,1825,2009,FRONT ST W,SPADINA AVE,,Major Arterial,Toronto and East York,43.642745,-79.39389,629539.693,4833446.8477,At Intersection,Traffic Signal,Clear,Daylight,Dry,165,Harbourfront-CityPlace,77,Waterfront Communities-The Island (77),Non-Fatal Injury,0,1,1,0,0,0,0,0,0,0,0,0,0,Cyclist Collisions,"['Driver', 'Cyclist']",North,"['Automobile, Station Wagon', 'Bicycle']",['Going Ahead'],['Driving Properly'],['Normal'],[],[],[],"['Cyclist without ROW rides into path of motorist at inter, lnwy, dwy-Cyclist not turn.']",['Disobeyed Traffic Control'],['Normal'],D52,False,['30 to 34'],3.0
1113980.0,2009-06-07 08:00:00,1631,2009,ISLINGTON Ave,ABERLADY Rd,,Major Arterial,Etobicoke York,43.630045,-79.51739,619603.9881,4831851.0095,,No Control,Clear,Daylight,Dry,16,Stonegate-Queensway,16,Stonegate-Queensway (16),Non-Fatal Injury,0,0,0,1,0,0,0,0,0,0,0,0,0,SMV Other,['Motorcycle Driver'],North,['Motorcycle'],['Going Ahead'],['Lost control'],['Normal'],[],[],[],[],[],[],D22,False,['35 to 39'],3.0
1114016.0,2009-04-17 08:00:00,1859,2009,MCCULLOCH AVE,1 AUTUMN AVE,,Local,Etobicoke York,43.701445,-79.57249,615022.5263,4839702.9953,,No Control,Clear,Daylight,Dry,1,West Humber-Clairville,1,West Humber-Clairville (1),Non-Fatal Injury,0,0,0,1,1,0,0,1,0,1,0,0,0,Sideswipe,"['Passenger', 'Motorcycle Driver', 'Vehicle Owner', 'Truck Driver']",South,"['Other', 'Motorcycle', 'Truck - Open']","['Overtaking', 'Turning Left']","['Improper Passing', 'Driving Properly']",['Normal'],[],[],[],[],[],[],D23,False,"['20 to 24', '35 to 39', 'unknown', '40 to 44']",3.0