accident_number,date,time,year,street1,street2,offset,road_class,district,latitude,longitude,x,y,accident_location,traffctl,visibility,light,road_surface_condition,hood_158,neighbourhood_new,hood_140,neighbourhood_old,accident_class,pedestrian,cyclist,automobile,motorcycle,truck,trsn_city_veh,emerg_veh,passenger,speeding,aggressive_driving,redlight,alcohol,disability,impact_type,involvement_type,initial_direction,vehicle_type,manoeuver,driver_action,driver_condition,pedestrian_type,pedestrian_action,pedestrian_condition,cyclist_type,cyclist_action,cyclist_condition,division,injury,involvement_age,injury_severity_score
1114459.0,2009-07-16 08:00:00,8,2009,SHEPPARD AVE E,MCCOWAN RD,,Major Arterial,Scarborough,43.791045,-79.25189,640645.3401,4850149.1732,,No Control,Clear,Dark,Dry,128,Agincourt South-Malvern West,128,Agincourt South-Malvern West (128),Non-Fatal Injury,0,0,1,1,0,0,0,0,1,1,0,0,0,Turning Movement,"['Vehicle Owner', 'Driver', 'Motorcycle Driver']",East,"['Other', 'Automobile, Station Wagon', 'Motorcycle']","['Turning Left', 'Going Ahead']","['Improper Turn', 'Exceeding Speed Limit']","['Had Been Drinking', 'Normal']",[],[],[],[],[],[],D42,False,"['unknown', '35 to 39']",3.0
1114683.0,2009-06-12 08:00:00,1725,2009,AMSTERDAM AVE,O CONNOR DR,,Major Arterial,Toronto and East York,43.714245,-79.30599,636467.0958,4841528.8621,,No Control,Clear,Daylight,Dry,54,O'Connor-Parkview,54,O'Connor-Parkview (54),Non-Fatal Injury,0,0,1,1,0,0,0,0,0,0,0,0,0,Approaching,"['Motorcycle Driver', 'Driver']",North,"['Motorcycle', 'Automobile, Station Wagon']",['Going Ahead'],"['Improper Turn', 'Driving Properly']",['Normal'],[],[],[],[],[],[],D55,False,"['35 to 39', '45 to 49']",3.0
1114902.0,2009-07-18 08:00:00,1137,2009,WOODBINE AVE,MORTIMER AVE,,Major Arterial,Toronto and East York,43.692745,-79.31589,635718.065,4839124.7285,At Intersection,Traffic Signal,Clear,Daylight,Dry,59,Danforth East York,59,Danforth East York (59),Fatal,1,0,1,0,0,0,0,1,0,0,0,0,0,Pedestrian Collisions,"['Passenger', 'Vehicle Owner', 'Driver', 'Pedestrian']",South,"['Other', 'Automobile, Station Wagon']",['Going Ahead'],['Driving Properly'],['Unknown'],['Vehicle is going straight thru inter.while ped cross without ROW'],['Crossing without right of way'],['Inattentive'],[],[],[],D55,True,"['20 to 24', 'unknown', '40 to 44', '85 to 89']",4.0
1114984.0,2009-06-13 08:00:00,1818,2009,DUPONT ST,SHAW ST,,Major Arterial,Toronto and East York,43.670545,-79.42659,626843.7236,4836483.8838,,No Control,Clear,Daylight,Dry,172,Dovercourt Village,93,Dovercourt-Wallace Emerson-Junction (93),Non-Fatal Injury,0,0,1,1,0,0,0,0,0,0,0,0,0,Turning Movement,"['Motorcycle Driver', 'Vehicle Owner', 'Driver']",East,"['Motorcycle', 'Other', 'Automobile, Station Wagon']","['Slowing or Stopping', 'Making U Turn']","['Driving Properly', 'Improper Turn']","['Normal', 'Inattentive']",[],[],[],[],[],[],D14,False,"['35 to 39', 'unknown', '15 to 19']",3.0
1115566.0,2009-07-21 08:00:00,1720,2009,BENTWORTH AVE,DUFFERIN ST,,Major Arterial,North York,43.721845,-79.45649,624327.1894,4842136.1693,At Intersection,Traffic Signal,Rain,Daylight,Wet,31,Yorkdale-Glen Park,31,Yorkdale-Glen Park (31),Non-Fatal Injury,1,0,1,0,0,0,0,0,0,1,0,0,0,Pedestrian Collisions,"['Driver', 'Pedestrian']",East,"['Automobile, Station Wagon', 'Other']",['Turning Left'],['Failed to Yield Right of Way'],['Normal'],['Vehicle turns left while ped crosses with ROW at inter.'],['Crossing with right of way'],['Normal'],[],[],[],D32,False,"['45 to 49', '80 to 84']",3.0
1115921.0,2009-06-19 08:00:00,1030,2009,MANNING AVE,BLOOR ST W,,Major Arterial,Toronto and East York,43.664245,-79.41609,627703.5703,4835800.2937,,Traffic Signal,Clear,Daylight,Dry,95,Annex,95,Annex (95),Non-Fatal Injury,1,0,1,0,0,0,0,0,0,0,0,0,0,Pedestrian Collisions,"['Other', 'Driver', 'Pedestrian']",South,"['Other', 'Automobile, Station Wagon']","['Parked', 'Reversing']",['Other'],['Normal'],['Vehicle is reversing and hits pedestrian'],['Playing or Working on Highway'],['Normal'],[],[],[],D14,False,"['unknown', '70 to 74', '40 to 44']",3.0
1115922.0,2009-06-19 08:00:00,1430,2009,COLLINGSBROOK BLVD,SOLWAY CRT,,Collector,Scarborough,43.790845,-79.31619,635472.4379,4850019.7064,At Intersection,Stop Sign,Clear,Daylight,Dry,147,L'Amoreaux West,117,L'Amoreaux (117),Non-Fatal Injury,0,0,1,0,0,0,0,0,0,0,0,1,0,Approaching,"['Driver', 'Vehicle Owner']",North,"['Automobile, Station Wagon', 'Other']",['Going Ahead'],"['Driving Properly', 'Improper Lane Change']","['Normal', 'Ability Impaired, Alcohol Over .08']",[],[],[],[],[],[],D42,False,"['60 to 64', 'unknown', '35 to 39']",3.0
1115973.0,2009-06-20 08:00:00,2130,2009,JANE ST,MACDONALD AVE,,Major Arterial,Etobicoke York,43.704445,-79.50419,620519.8738,4840133.2066,,No Control,Clear,Dark,Dry,28,Rustic,28,Rustic (28),Non-Fatal Injury,1,0,1,0,0,0,0,0,0,0,0,0,0,Pedestrian Collisions,"['Vehicle Owner', 'Driver', 'Pedestrian']",South,"['Other', 'Automobile, Station Wagon']",['Going Ahead'],['Driving Properly'],['Normal'],['Other / Undefined'],['Running onto Roadway'],['Inattentive'],[],[],[],D12,False,"['unknown', '35 to 39', '0 to 4']",3.0
1116001.0,2009-06-20 08:00:00,2152,2009,COSBURN AVE,GREENWOOD AVE,,Minor Arterial,Toronto and East York,43.692045,-79.33779,633954.7396,4839011.3713,At Intersection,Traffic Signal,Clear,Dark,Wet,58,Old East York,58,Old East York (58),Non-Fatal Injury,1,0,1,0,0,0,0,0,0,0,0,0,0,Pedestrian Collisions,"['Driver', 'Pedestrian']",West,"['Automobile, Station Wagon', 'Other']",['Going Ahead'],['Driving Properly'],['Normal'],['Vehicle is going straight thru inter.while ped cross without ROW'],['Running onto Roadway'],['Inattentive'],[],[],[],D55,False,"['45 to 49', '15 to 19']",3.0
1116081.0,2009-07-25 08:00:00,351,2009,JANE ST,GORDON MACKAY RD,,Major Arterial,Etobicoke York,43.717045,-79.50769,620212.6785,4841527.5296,,No Control,Clear,Dark,Dry,23,Pelmo Park-Humberlea,23,Pelmo Park-Humberlea (23),Non-Fatal Injury,0,0,1,0,0,0,0,1,0,1,0,0,0,Approaching,"['Driver', 'Passenger', 'Vehicle Owner']",North,"['Pick Up Truck', 'Other', 'Automobile, Station Wagon']",['Going Ahead'],"['Lost control', 'Driving Properly']","['Fatigue', 'Normal']",[],[],[],[],[],[],D12,False,"['30 to 34', '15 to 19', 'unknown']",3.0
1116082.0,2009-07-25 08:00:00,350,2009,VICTORIA PARK AVE,LAWRENCE AVE E,,Major Arterial,North York,43.742145,-79.30979,636097.7645,4844621.3176,,Traffic Signal,Rain,Dark,Wet,119,Wexford/Maryvale,119,Wexford/Maryvale (119),Non-Fatal Injury,0,0,1,0,0,0,0,1,1,1,0,0,0,SMV Other,"['Passenger', 'Driver']",North,"['Other', 'Automobile, Station Wagon']",['Going Ahead'],['Exceeding Speed Limit'],['Had Been Drinking'],[],[],[],[],[],[],D41,False,"['20 to 24', 'unknown']",3.0
1116367.0,2009-06-21 08:00:00,1838,2009,DANFORTH AVE,WOODYCREST AVE,,Major Arterial,Toronto and East York,43.679545,-79.34179,633660.1423,4837616.619,,No Control,Clear,Daylight,Dry,69,Blake-Jones,69,Blake-Jones (69),Non-Fatal Injury,0,1,1,0,0,0,0,0,0,0,0,0,0,Cyclist Collisions,"['Driver', 'Cyclist']",East,"['Automobile, Station Wagon', 'Bicycle']","['Parked', 'Overtaking']",['Other'],['Inattentive'],[],[],[],['Cyclist struck opened vehicle door'],['Driving Properly'],['Normal'],D55,False,"['30 to 34', '35 to 39']",3.0
1116589.0,2009-06-22 08:00:00,2218,2009,DANFORTH AVE,GREENWOOD AVE,,Major Arterial,Toronto and East York,43.681445,-79.33239,634413.5955,4837842.8318,At Intersection,Traffic Signal,Clear,Dark,Dry,69,Blake-Jones,69,Blake-Jones (69),Non-Fatal Injury,0,0,1,1,0,0,0,1,0,0,0,0,0,Turning Movement,"['Passenger', 'Motorcycle Driver', 'Vehicle Owner', 'Driver']",East,"['Other', 'Motorcycle', 'Automobile, Station Wagon']","['Going Ahead', 'Turning Left']","['Driving Properly', 'Improper Turn']","['Normal', 'Inattentive']",[],[],[],[],[],[],D55,False,"['25 to 29', '30 to 34', 'unknown', '40 to 44']",3.0
1116599.0,2009-06-22 08:00:00,1600,2009,ST CLAIR AVE W,JANE ST,,Major Arterial,Etobicoke York,43.667145,-79.49179,621594.3079,4836008.6397,,Traffic Signal,Clear,Daylight,Dry,111,Rockcliffe-Smythe,111,Rockcliffe-Smythe (111),Non-Fatal Injury,1,0,1,0,0,0,0,0,0,1,0,0,0,Pedestrian Collisions,"['Driver', 'Pedestrian']",North,"['Automobile, Station Wagon', 'Other']",['Turning Left'],['Failed to Yield Right of Way'],['Unknown'],['Vehicle turns left while ped crosses with ROW at inter.'],['Crossing with right of way'],['Normal'],[],[],[],D11,False,"['65 to 69', '55 to 59']",3.0
1116707.0,2009-06-23 08:00:00,1900,2009,PALMERSTON AVE,DUNDAS ST W,,Major Arterial,Toronto and East York,43.651745,-79.40849,628342.9591,4834423.7305,,Stop Sign,Clear,Daylight,Dry,81,Trinity-Bellwoods,81,Trinity-Bellwoods (81),Non-Fatal Injury,1,1,0,0,0,0,0,0,0,0,0,0,0,Pedestrian Collisions,"['Pedestrian', 'Cyclist']",East,"['Other', 'Bicycle']",['Turning Left'],[],[],['Vehicle turns left while ped crosses with ROW at inter.'],['Crossing with right of way'],['Normal'],['Cyclist strikes pedestrian.'],['Failed to Yield Right of Way'],['Normal'],D14,False,"['90 to 94', '15 to 19']",3.0
1116959.0,2009-08-02 08:00:00,2138,2009,LAKE SHORE BLVD E,CHERRY ST,,Major Arterial,Toronto and East York,43.648645,-79.35259,632857.7451,4834167.4105,,No Control,Clear,Dark,Dry,166,St Lawrence-East Bayfront-The Islands,77,Waterfront Communities-The Island (77),Non-Fatal Injury,0,0,1,0,0,0,0,1,1,1,0,0,0,SMV Other,"['Passenger', 'Driver']",East,"['Other', 'Automobile, Station Wagon']",['Going Ahead'],['Lost control'],['Normal'],[],[],[],[],[],[],D51,False,"['35 to 39', '25 to 29']",3.0
1117084.0,2009-08-03 08:00:00,1240,2009,ROSEDALE VALLEY RD,BAYVIEW S ROSEDALE VL RAMP,,Minor Arterial,Toronto and East York,43.670045,-79.36089,632141.4186,4836530.9112,,No Control,Clear,Daylight,Dry,71,Cabbagetown-South St.James Town,71,Cabbagetown-South St.James Town (71),Non-Fatal Injury,0,0,1,0,0,0,0,1,0,0,0,0,0,Approaching,"['Passenger', 'Driver']",East,"['Other', 'Automobile, Station Wagon']",['Going Ahead'],['Other'],['Normal'],[],[],[],[],[],[],D51,False,"['40 to 44', '50 to 54']",3.0
1117245.0,2009-06-25 08:00:00,1806,2009,GLENHURST AVE,ROSENEATH GDNS,,Local,Toronto and East York,43.682245,-79.43459,626174.257,4837771.1246,,Stop Sign,Clear,Daylight,Dry,107,Oakwood Village,107,Oakwood Village (107),Non-Fatal Injury,1,0,1,0,0,0,0,0,0,0,0,0,0,Pedestrian Collisions,"['Driver', 'Pedestrian']",East,"['Automobile, Station Wagon', 'Other']",['Going Ahead'],['Driving Properly'],['Normal'],['Vehicle is going straight thru inter.while ped cross without ROW'],['Running onto Roadway'],['Inattentive'],[],[],[],D13,False,"['15 to 19', '5 to 9']",3.0
1117715.0,2009-08-06 08:00:00,1535,2009,2330 KENNEDY RD,,,Major Arterial,Scarborough,43.784145,-79.28869,637700.3832,4849320.9439,,No Control,Clear,Daylight,Dry,128,Agincourt South-Malvern West,128,Agincourt South-Malvern West (128),Non-Fatal Injury,1,1,0,0,0,0,0,0,0,0,0,0,0,Pedestrian Collisions,"['Pedestrian', 'Cyclist']",North,"['Other', 'Bicycle']",['Going Ahead'],[],[],['Pedestrian hit on sidewalk or shoulder'],['On Sidewalk or Shoulder'],['Normal'],['Cyclist strikes pedestrian.'],['Failed to Yield Right of Way'],['Normal'],D42,False,"['55 to 59', '15 to 19']",3.0
1117851.0,2009-08-07 08:00:00,1731,2009,3221 DUFFERIN St,,,Major Arterial,North York,43.719245,-79.45589,624380.8987,4841848.3027,,No Control,Clear,Daylight,Dry,31,Yorkdale-Glen Park,31,Yorkdale-Glen Park (31),Non-Fatal Injury,0,1,1,0,0,0,0,0,0,0,0,0,0,Cyclist Collisions,"['Vehicle Owner', 'Driver', 'Cyclist']",North,"['Other', 'Automobile, Station Wagon', 'Bicycle']","['Turning Right', 'Going Ahead']",['Driving Properly'],['Normal'],[],[],[],"['Cyclist without ROW rides into path of motorist at inter, lnwy, dwy-Cyclist not turn.']",['Failed to Yield Right of Way'],['Inattentive'],D32,False,"['unknown', '60 to 64', '50 to 54']",3.0
1117854.0,2009-08-07 08:00:00,1448,2009,179 FALLINGBROOK RD,,,Collector,Scarborough,43.684645,-79.28029,638605.6675,4838283.9953,,No Control,Clear,Daylight,Dry,122,Birchcliffe-Cliffside,122,Birchcliffe-Cliffside (122),Fatal,1,0,1,0,0,0,0,0,0,0,0,0,0,Pedestrian Collisions,"['Pedestrian', 'Driver']",East,"['Other', 'Automobile, Station Wagon']",['Reversing'],['Other'],['Inattentive'],['Pedestrian hit at private driveway'],['Other'],['Medical or Physical Disability'],[],[],[],D41,True,"['80 to 84', '55 to 59']",4.0
1117940.0,2009-07-13 08:00:00,1440,2009,STANLEY AVE,QUEENS AVE,,Local,Etobicoke York,43.614845,-79.49209,621675.647,4830199.6229,,No Control,Clear,Daylight,Dry,160,Mimico-Queensway,17,Mimico (includes Humber Bay Shores) (17),Non-Fatal Injury,1,0,1,0,0,0,0,0,0,0,0,0,0,Pedestrian Collisions,"['Driver', 'Pedestrian']",East,"['Automobile, Station Wagon', 'Other']",['Going Ahead'],['Driving Properly'],['Normal'],['Pedestrian hit at mid-block'],['Other'],['Normal'],[],[],[],D22,False,['20 to 24'],3.0
1117988.0,2009-07-26 08:00:00,2300,2009,WARDEN AVE,ELLESMERE RD,,Major Arterial,Scarborough,43.761145,-79.30079,636779.1725,4846746.3802,At Intersection,Traffic Signal,Rain,Dark,Wet,119,Wexford/Maryvale,119,Wexford/Maryvale (119),Non-Fatal Injury,1,0,1,0,0,0,0,0,0,1,0,0,0,Pedestrian Collisions,"['Vehicle Owner', 'Driver', 'Pedestrian']",East,"['Other', 'Automobile, Station Wagon']",['Turning Right'],['Failed to Yield Right of Way'],['Normal'],['Vehicle turns right while ped crosses with ROW at inter.'],['Crossing with right of way'],['Normal'],[],[],[],D41,False,"['unknown', '40 to 44']",3.0
1118031.0,2009-08-09 08:00:00,1851,2009,ROYAL YORK Road,JUDSON Stre,,Minor Arterial,Etobicoke York,43.615945,-79.49829,621173.1453,4830312.7254,At Intersection,No Control,Clear,Daylight,Dry,160,Mimico-Queensway,17,Mimico (includes Humber Bay Shores) (17),Non-Fatal Injury,0,1,0,0,0,0,0,0,0,0,0,0,0,Cyclist Collisions,['Cyclist'],South,['Bicycle'],['Going Ahead'],[],[],[],[],[],"['Cyclist loses control and strikes object (pole, ttc track)']",['Lost control'],['Normal'],D22,False,['50 to 54'],3.0
1118326.0,2009-06-29 08:00:00,1542,2009,QUEEN ST W,CAMERON ST,,Major Arterial,Toronto and East York,43.648545,-79.39739,629244.9609,4834085.5562,,No Control,Clear,Daylight,Wet,164,Wellington Place,78,Kensington-Chinatown (78),Non-Fatal Injury,0,0,1,1,0,0,0,0,0,0,0,0,0,Angle,"['Motorcycle Driver', 'Vehicle Owner', 'Driver']",East,"['Motorcycle', 'Other', 'Automobile, Station Wagon']","['Going Ahead', 'Reversing']","['Driving Properly', 'Other']",['Normal'],[],[],[],[],[],[],D14,False,"['50 to 54', 'unknown']",3.0
1118330.0,2009-06-29 08:00:00,648,2009,ALBION RD,WESTON RD,,Major Arterial,Etobicoke York,43.717445,-79.53839,617738.8449,4841527.8881,,No Control,Clear,Daylight,Dry,23,Pelmo Park-Humberlea,23,Pelmo Park-Humberlea (23),Non-Fatal Injury,0,0,1,0,0,0,0,0,0,0,0,0,1,SMV Other,"['Driver', 'Other Property Owner']",East,"['Automobile, Station Wagon', 'Other']",['Going Ahead'],['Lost control'],['Medical or Physical Disability'],[],[],[],[],[],[],D31,False,"['30 to 34', 'unknown']",3.0
1118389.0,2009-06-30 08:00:00,1158,2009,AVENUE RD,GLENVIEW AVE,,Major Arterial,North York,43.717445,-79.41399,627759.8775,4841712.1204,,No Control,Clear,Daylight,Dry,103,Lawrence Park South,103,Lawrence Park South (103),Non-Fatal Injury,0,0,1,0,0,0,0,1,0,0,0,0,0,Angle,"['Passenger', 'Vehicle Owner', 'Driver']",North,"['Other', 'Automobile, Station Wagon']",['Going Ahead'],"['Driving Properly', 'Lost control']",['Normal'],[],[],[],[],[],[],D53,False,"['35 to 39', 'unknown', '45 to 49', '50 to 54']",3.0
1118576.0,2009-08-12 08:00:00,1433,2009,TODD BAYLIS Boul,BLACK CREEK Driv,,Collector,Etobicoke York,43.691345,-79.48479,622109.5645,4838706.6569,,No Control,Clear,Daylight,Dry,112,Beechborough-Greenbrook,112,Beechborough-Greenbrook (112),Non-Fatal Injury,0,0,1,0,0,0,0,0,0,0,0,0,0,Approaching,"['Vehicle Owner', 'Driver']",North,"['Other', 'Automobile, Station Wagon']",['Going Ahead'],['Lost control'],['Normal'],[],[],[],[],[],[],D12,False,"['unknown', '40 to 44', '50 to 54']",3.0
1118840.0,2009-08-13 08:00:00,2101,2009,YONGE ST,ST CLAIR AVE W,,Major Arterial,Toronto and East York,43.688545,-79.39429,629408.9786,4838532.9252,,No Control,Clear,Dark,Dry,98,Rosedale-Moore Park,98,Rosedale-Moore Park (98),Non-Fatal Injury,1,0,1,0,0,0,0,0,0,0,0,0,0,Pedestrian Collisions,"['Driver', 'Pedestrian']",South,"['Automobile, Station Wagon', 'Other']","['Going Ahead', 'Other']",[],['Unknown'],[],[],['Unknown'],[],[],[],D53,False,"['20 to 24', 'unknown']",3.0
1118884.0,2009-08-15 08:00:00,1400,2009,LAWRENCE Aven E,MORNINGSIDE Aven,,Major Arterial,Scarborough,43.768445,-79.18619,645986.3383,4847752.8259,At Intersection,Traffic Signal,Clear,Daylight,Dry,136,West Hill,136,West Hill (136),Non-Fatal Injury,0,0,1,0,0,0,0,0,0,1,1,0,0,Angle,"['Vehicle Owner', 'Driver']",North,"['Other', 'Automobile, Station Wagon']",['Going Ahead'],"['Disobeyed Traffic Control', 'Driving Properly']",['Normal'],[],[],[],[],[],[],D43,False,"['unknown', '65 to 69', '55 to 59']",3.0
1118939.0,2009-08-16 08:00:00,200,2009,KEELE ST,DUNDAS ST W,,Major Arterial,Toronto and East York,43.665345,-79.46459,623790.935,4835848.9521,At Intersection,Traffic Signal,Other,Dark,Dry,90,Junction Area,90,Junction Area (90),Non-Fatal Injury,1,0,1,0,0,0,0,0,0,0,0,0,0,Pedestrian Collisions,"['Driver', 'Pedestrian']",East,"['Automobile, Station Wagon']",['Going Ahead'],['Driving Properly'],['Normal'],['Vehicle is going straight thru inter.while ped cross without ROW'],['Crossing without right of way'],['Inattentive'],[],[],[],D11,False,"['40 to 44', '65 to 69']",3.0
1118994.0,2009-08-16 08:00:00,1455,2009,YONGE ST,CHAPLIN CRES,,Major Arterial,Toronto and East York,43.698245,-79.39659,629202.7808,4839606.6579,,Traffic Signal,Clear,Daylight,Dry,174,South Eglinton-Davisville,104,Mount Pleasant West (104),Non-Fatal Injury,1,1,0,0,0,0,0,0,0,0,0,0,0,Pedestrian Collisions,"['Pedestrian', 'Cyclist']",East,"['Other', 'Bicycle']",['Going Ahead'],[],[],['Vehicle is going straight thru inter.while ped cross without ROW'],['Crossing without right of way'],['Normal'],['Cyclist strikes pedestrian.'],['Driving Properly'],['Normal'],D53,False,"['75 to 79', '30 to 34']",3.0
1119005.0,2009-08-16 08:00:00,1919,2009,LANSDOWNE AVE,DUNDAS ST W,,Minor Arterial,Toronto and East York,43.650145,-79.43969,625830.2372,4834198.2481,At Intersection,Traffic Signal,Clear,Daylight,Dry,84,Little Portugal,84,Little Portugal (84),Non-Fatal Injury,1,0,1,0,0,0,0,0,0,1,0,0,0,Pedestrian Collisions,"['Pedestrian', 'Driver']",East,"['Other', 'Automobile, Station Wagon']",['Turning Left'],['Failed to Yield Right of Way'],['Normal'],['Vehicle turns left while ped crosses with ROW at inter.'],['Crossing with right of way'],['Normal'],[],[],[],D11,False,"['80 to 84', '20 to 24']",3.0
1119631.0,2009-07-01 08:00:00,2120,2009,BAYVIEW AVE,BAYVIEW MEWS LANE,,Major Arterial,North York,43.769345,-79.38869,629685.8056,4847515.6918,At Intersection,Traffic Signal,Clear,Dark,Dry,152,East Willowdale,51,Willowdale East (51),Non-Fatal Injury,1,0,1,0,0,0,0,1,0,1,1,0,0,Pedestrian Collisions,"['Vehicle Owner', 'Driver', 'Passenger', 'Other Property Owner', 'Pedestrian']",North,"['Other', 'Automobile, Station Wagon']","['Turning Left', 'Going Ahead']","['Failed to Yield Right of Way', 'Disobeyed Traffic Control']",['Normal'],['Pedestrian hit on sidewalk or shoulder'],['On Sidewalk or Shoulder'],['Normal'],[],[],[],D32,False,"['unknown', '65 to 69', '20 to 24', '50 to 54']",3.0
1119725.0,2009-07-26 08:00:00,236,2009,3330 PHARMACY Aven,,,Minor Arterial,Scarborough,43.804445,-79.33099,634251.2167,4851506.0851,,No Control,Clear,Dark,Dry,116,Steeles,116,Steeles (116),Non-Fatal Injury,1,0,1,0,0,0,0,0,0,0,0,0,0,Pedestrian Collisions,"['Vehicle Owner', 'Driver', 'Pedestrian']",South,"['Other', 'Automobile, Station Wagon']","['Going Ahead', 'Other']",[],[],[],[],[],[],[],[],D42,False,['unknown'],3.0
1119919.0,2020-06-18 08:00:00,958,2020,WOODBINE AVE,CORLEY AVE,,Major Arterial,Toronto and East York,43.67639,-79.308925,636316.4028,4837319.7019,At Intersection,Traffic Signal,Clear,Daylight,Dry,62,East End-Danforth,62,East End-Danforth (62),Non-Fatal Injury,1,0,1,0,0,0,0,0,0,1,0,0,0,Pedestrian Collisions,"['Driver', 'Pedestrian']",East,"['Automobile, Station Wagon']",['Turning Left'],['Failed to Yield Right of Way'],['Normal'],['Vehicle turns left while ped crosses with ROW at inter.'],['Crossing with right of way'],['Normal'],[],[],[],D55,False,['60 to 64'],3.0
1119932.0,2009-07-06 08:00:00,2235,2009,BRIMLEY RD S,BLUFFERS PARK RD,,Collector,Scarborough,43.709545,-79.23849,641915.9617,4841120.2109,,No Control,Clear,Dark,Dry,123,Cliffcrest,123,Cliffcrest (123),Non-Fatal Injury,0,1,1,0,0,0,0,0,0,0,0,0,0,Cyclist Collisions,"['Driver', 'Cyclist']",North,"['Automobile, Station Wagon', 'Bicycle']",['Going Ahead'],['Driving Properly'],['Normal'],[],[],[],['Cyclist falls off bike - no contact with motorist.'],['Lost control'],['Inattentive'],D43,False,"['20 to 24', '15 to 19']",3.0
1120053.0,2009-08-04 08:00:00,1010,2009,VICTORIA PARK AVE,BIGGIN CRT,,Major Arterial,North York,43.728845,-79.30439,636562.8143,4843153.0407,At Intersection,Stop Sign,Clear,Daylight,Dry,43,Victoria Village,43,Victoria Village (43),Non-Fatal Injury,0,0,1,0,0,0,0,0,0,0,0,0,0,Turning Movement,"['Vehicle Owner', 'Driver']",South,"['Other', 'Automobile, Station Wagon']","['Turning Left', 'Going Ahead']","['Lost control', 'Driving Properly']",['Normal'],[],[],[],[],[],[],D33,False,"['unknown', '45 to 49', '30 to 34', '40 to 44']",3.0
1120071.0,2009-07-06 08:00:00,2030,2009,FINCH AVE W,WILMINGTON AVE,,Major Arterial,North York,43.770245,-79.46069,623888.9988,4847505.4061,At Intersection,Traffic Signal,Clear,Daylight,Dry,34,Bathurst Manor,34,Bathurst Manor (34),Non-Fatal Injury,0,0,1,1,0,0,0,0,1,1,1,0,0,Turning Movement,"['Driver', 'Motorcycle Driver']",East,"['Automobile, Station Wagon', 'Motorcycle']","['Turning Left', 'Going Ahead']","['Improper Turn', 'Disobeyed Traffic Control']",['Normal'],[],[],[],[],[],[],D32,False,"['75 to 79', '20 to 24']",3.0
1120288.0,2009-07-10 08:00:00,2355,2009,1144 ROYAL YORK RD,,,Minor Arterial,Etobicoke York,43.661045,-79.51739,619542.4842,4835293.9526,,No Control,Clear,Dark,Dry,9,Edenbridge-Humber Valley,9,Edenbridge-Humber Valley (9),Non-Fatal Injury,1,0,1,0,0,0,0,0,0,0,0,0,0,Pedestrian Collisions,"['Driver', 'Pedestrian']",East,"['Automobile, Station Wagon', 'Other']",['Going Ahead'],['Driving Properly'],['Normal'],['Pedestrian hit at mid-block'],"['Crossing, no Traffic Control']","['Ability Impaired, Alcohol Over .80']",[],[],[],D22,False,"['60 to 64', '50 to 54']",3.0
1120462.0,2009-07-11 08:00:00,559,2009,WILSON AVE,ALLARD AVE,,Major Arterial,North York,43.737745,-79.42999,626428.282,4843942.1886,,No Control,Clear,Daylight,Dry,39,Bedford Park-Nortown,39,Bedford Park-Nortown (39),Non-Fatal Injury,0,0,1,0,0,0,0,0,0,0,0,0,0,SMV Other,['Driver'],East,"['Automobile, Station Wagon']",['Going Ahead'],['Lost control'],['Fatigue'],[],[],[],[],[],[],D32,False,['60 to 64'],3.0
1120474.0,2009-07-13 08:00:00,1743,2009,GERRARD ST E,MALVERN AVE,,Minor Arterial,Toronto and East York,43.685145,-79.29469,637443.8965,4838315.5602,At Intersection,Traffic Signal,Clear,Daylight,Dry,62,East End-Danforth,62,East End-Danforth (62),Non-Fatal Injury,1,0,1,0,0,0,0,0,0,0,0,0,0,Pedestrian Collisions,"['Driver', 'Pedestrian']",North,"['Automobile, Station Wagon', 'Other']",['Turning Right'],['Improper Turn'],['Normal'],['Vehicle turns right while ped crosses with ROW at inter.'],['Crossing with right of way'],['Normal'],[],[],[],D55,False,"['45 to 49', '15 to 19']",3.0
1120536.0,2009-07-13 08:00:00,2028,2009,EGLINTON AVE W,BATHURST ST,,Major Arterial,North York,43.700945,-79.42559,626860.244,4839861.748,,Traffic Signal,Clear,Daylight,Dry,106,Humewood-Cedarvale,106,Humewood-Cedarvale (106),Non-Fatal Injury,0,1,1,0,0,0,0,0,0,0,0,0,0,Cyclist Collisions,"['Vehicle Owner', 'Driver', 'Cyclist']",North,"['Other', 'Automobile, Station Wagon', 'Bicycle']","['Turning Left', 'Going Ahead']",['Driving Properly'],['Normal'],[],[],[],"['Cyclist without ROW rides into path of motorist at inter, lnwy, dwy-Cyclist not turn.']",['Disobeyed Traffic Control'],['Normal'],D13,False,"['unknown', '20 to 24']",3.0
1120870.0,2009-08-24 08:00:00,539,2009,JANE ST,WILLIAM CRAGG DR,,Major Arterial,Etobicoke York,43.722345,-79.50899,620097.3672,4842114.2845,At Intersection,No Control,Clear,Dark,Dry,154,Oakdale-Beverley Heights,26,Downsview-Roding-CFB (26),Non-Fatal Injury,1,0,1,0,0,0,0,0,0,0,0,0,0,Pedestrian Collisions,"['Vehicle Owner', 'Driver', 'Pedestrian']",North,"['Other', 'Automobile, Station Wagon']",['Going Ahead'],['Driving Properly'],['Normal'],['Vehicle is going straight thru inter.while ped cross without ROW'],"['Crossing, no Traffic Control']",['Inattentive'],[],[],[],D31,False,"['unknown', '65 to 69', '20 to 24']",3.0
1121120.0,2009-07-17 08:00:00,1009,2009,HARBORD ST,SPADINA AVE,,Major Arterial,Toronto and East York,43.663045,-79.40209,628834.9059,4835688.6629,At Intersection,Traffic Signal,Clear,Daylight,Dry,79,University,79,University (79),Non-Fatal Injury,0,1,1,0,0,0,0,0,0,0,0,0,0,Cyclist Collisions,"['Driver', 'Cyclist']",East,"['Automobile, Station Wagon', 'Bicycle']","['Turning Right', 'Going Ahead']",['Improper Turn'],['Normal'],[],[],[],['Motorist turning right on red at signalized intersection strikes cyclist.'],['Driving Properly'],['Normal'],D52,False,"['35 to 39', '25 to 29']",3.0