accident_number,date,time,year,street1,street2,offset,road_class,district,latitude,longitude,x,y,accident_location,traffctl,visibility,light,road_surface_condition,hood_158,neighbourhood_new,hood_140,neighbourhood_old,accident_class,pedestrian,cyclist,automobile,motorcycle,truck,trsn_city_veh,emerg_veh,passenger,speeding,aggressive_driving,redlight,alcohol,disability,impact_type,involvement_type,initial_direction,vehicle_type,manoeuver,driver_action,driver_condition,pedestrian_type,pedestrian_action,pedestrian_condition,cyclist_type,cyclist_action,cyclist_condition,division,injury,involvement_age,injury_severity_score
1121287.0,2009-07-18 08:00:00,242,2009,RIVER ST,DUNDAS ST E,,Major Arterial,Toronto and East York,43.661145,-79.35819,632378.6509,4835546.751,At Intersection,Traffic Signal,Clear,Dark,Dry,72,Regent Park,72,Regent Park (72),Non-Fatal Injury,0,1,1,0,0,0,0,0,0,0,0,0,0,Cyclist Collisions,"['Vehicle Owner', 'Driver', 'Cyclist']",East,"['Other', 'Automobile, Station Wagon', 'Bicycle']",['Going Ahead'],['Driving Properly'],['Normal'],[],[],[],"['Cyclist without ROW rides into path of motorist at inter, lnwy, dwy-Cyclist not turn.']",['Disobeyed Traffic Control'],['Inattentive'],D51,False,"['unknown', '50 to 54', '20 to 24']",3.0
1121495.0,2009-07-20 08:00:00,1050,2009,BLOOR ST W,PALMERSTON BLVD,,Major Arterial,Toronto and East York,43.664745,-79.41309,627944.3871,4835860.4476,,No Control,Clear,Daylight,Dry,95,Annex,95,Annex (95),Non-Fatal Injury,0,1,1,0,0,0,0,0,0,0,0,0,0,Cyclist Collisions,"['Driver', 'Cyclist']",East,"['Automobile, Station Wagon', 'Bicycle']","['Parked', 'Going Ahead']",['Other'],['Normal'],[],[],[],['Cyclist struck opened vehicle door'],['Driving Properly'],['Normal'],D14,False,"['45 to 49', '35 to 39']",3.0
1121596.0,2009-07-18 08:00:00,1653,2009,QUEEN ST E,SCARBORO BEACH BLVD,,Minor Arterial,Toronto and East York,43.671345,-79.29349,637572.1502,4836784.8686,At Intersection,Stop Sign,Clear,Daylight,Dry,63,The Beaches,63,The Beaches (63),Non-Fatal Injury,0,0,1,1,0,0,0,0,0,1,0,0,0,Turning Movement,"['Vehicle Owner', 'Driver', 'Other', 'Motorcycle Driver']",West,"['Other', 'Automobile, Station Wagon', 'Motorcycle']","['Turning Left', 'Parked', 'Going Ahead']","['Failed to Yield Right of Way', 'Driving Properly']","['Inattentive', 'Normal']",[],[],[],[],[],[],D55,False,"['unknown', '65 to 69', '55 to 59']",3.0
1121597.0,2009-07-18 08:00:00,2110,2009,CHURCH ST,LOMBARD ST,,Minor Arterial,Toronto and East York,43.651845,-79.37519,631028.1572,4834486.8788,At Intersection,Stop Sign,Clear,Dark,Dry,168,Downtown Yonge East,75,Church-Yonge Corridor (75),Non-Fatal Injury,1,0,1,0,0,0,0,1,0,1,0,0,0,Pedestrian Collisions,"['Vehicle Owner', 'Driver', 'Passenger', 'Pedestrian']",South,"['Other', 'Automobile, Station Wagon']",['Going Ahead'],"['Failed to Yield Right of Way', 'Driving Properly']",['Normal'],['Vehicle is going straight thru inter.while ped cross with ROW'],['Crossing with right of way'],['Normal'],[],[],[],D51,False,"['unknown', '55 to 59', '20 to 24', '25 to 29']",3.0
1121624.0,2009-08-27 08:00:00,947,2009,LAWRENCE AVE W,MARLEE AVE,,Major Arterial,North York,43.715644,-79.446491,625145.5083,4841462.5088,At Intersection,Traffic Signal,Clear,Daylight,Dry,31,Yorkdale-Glen Park,31,Yorkdale-Glen Park (31),Fatal,1,0,1,0,0,0,0,0,0,1,0,0,0,Pedestrian Collisions,"['Driver', 'Pedestrian']",North,"['Automobile, Station Wagon', 'Other']",['Turning Left'],['Failed to Yield Right of Way'],['Inattentive'],['Vehicle turns left while ped crosses with ROW at inter.'],['Crossing with right of way'],['Normal'],[],[],[],D32,True,"['30 to 34', '85 to 89']",4.0
1121910.0,2009-07-23 08:00:00,128,2009,DUNDAS ST W,SPADINA AVE,,Major Arterial,Toronto and East York,43.652945,-79.39799,629187.1386,4834573.2995,,Traffic Signal,Rain,Dark,Wet,78,Kensington-Chinatown,78,Kensington-Chinatown (78),Non-Fatal Injury,1,0,1,0,0,0,0,0,0,0,0,0,0,Pedestrian Collisions,"['Driver', 'Pedestrian']",East,"['Automobile, Station Wagon', 'Other']",['Going Ahead'],['Driving Properly'],['Normal'],['Vehicle is going straight thru inter.while ped cross without ROW'],['Running onto Roadway'],['Had Been Drinking'],[],[],[],D52,False,['30 to 34'],3.0
1121922.0,2009-08-31 08:00:00,2150,2009,BLOOR ST W,AVENUE RD,,Major Arterial,Toronto and East York,43.668845,-79.393192,629539.8572,4836346.6865,,No Control,Clear,Dark,Dry,169,Bay-Cloverhill,76,Bay Street Corridor (76),Fatal,1,0,1,0,0,0,0,0,0,0,0,0,0,Pedestrian Collisions,"['Driver', 'Pedestrian']",West,"['Automobile, Station Wagon']",['Going Ahead'],['Lost control'],['Normal'],['Other / Undefined'],['Other'],['Had Been Drinking'],[],[],[],D52,True,"['40 to 44', '30 to 34']",4.0
1122151.0,2009-09-01 08:00:00,1024,2009,MC CAUL St,ORDE St,,Collector,Toronto and East York,43.658445,-79.39319,629562.3889,4835191.631,At Intersection,No Control,Clear,Daylight,Dry,78,Kensington-Chinatown,78,Kensington-Chinatown (78),Non-Fatal Injury,0,1,1,0,0,0,0,0,0,0,0,0,0,Cyclist Collisions,"['Driver', 'Cyclist']",North,"['Automobile, Station Wagon', 'Bicycle']","['Going Ahead', 'Parked']","['Driving Properly', 'Other']","['Normal', 'Inattentive']",[],[],[],['Cyclist struck opened vehicle door'],['Driving Properly'],['Normal'],D52,False,"['40 to 44', '65 to 69', '30 to 34']",3.0
1122153.0,2009-09-01 08:00:00,2357,2009,KIPLING AVE,EVANS AVE,,Major Arterial,Etobicoke York,43.615845,-79.52459,619051.1744,4830263.5777,,Traffic Signal,Clear,Dark,Dry,160,Mimico-Queensway,17,Mimico (includes Humber Bay Shores) (17),Non-Fatal Injury,0,0,1,0,0,0,0,0,0,1,1,0,0,Turning Movement,['Driver'],North,"['Automobile, Station Wagon']","['Turning Left', 'Going Ahead']","['Driving Properly', 'Disobeyed Traffic Control']",['Normal'],[],[],[],[],[],[],D22,False,['20 to 24'],3.0
1122274.0,2009-07-25 08:00:00,731,2009,MARTIN GROVE RD,BETHRIDGE RD,,Major Arterial,Etobicoke York,43.712245,-79.58039,614365.4348,4840891.5535,,No Control,Clear,Daylight,Dry,1,West Humber-Clairville,1,West Humber-Clairville (1),Non-Fatal Injury,0,0,1,0,0,0,0,0,0,0,0,0,0,Approaching,"['Vehicle Owner', 'Driver']",North,"['Other', 'Automobile, Station Wagon']",['Going Ahead'],"['Driving Properly', 'Other']","['Normal', 'Inattentive']",[],[],[],[],[],[],D23,False,"['unknown', '30 to 34', '40 to 44']",3.0
1122296.0,2009-07-24 08:00:00,1647,2009,WOODBINE AVE,MILVERTON BLVD,,Major Arterial,Toronto and East York,43.689045,-79.31429,635855.3603,4838716.4117,At Intersection,Pedestrian Crossover,Clear,Daylight,Dry,59,Danforth East York,59,Danforth East York (59),Non-Fatal Injury,1,0,1,0,0,0,0,0,0,1,0,0,0,Pedestrian Collisions,"['Driver', 'Pedestrian']",East,"['Automobile, Station Wagon', 'Other']",['Turning Left'],['Failed to Yield Right of Way'],['Inattentive'],['Pedestrian hit a PXO/ped. Mid-block signal'],"['Crossing, Pedestrian Crossover']",['Normal'],[],[],[],D55,False,"['40 to 44', '55 to 59']",3.0
1122417.0,2009-09-01 08:00:00,1203,2009,SPADINA AVE,NASSAU ST,,Major Arterial,Toronto and East York,43.655845,-79.39919,629084.1552,4834893.5151,,Traffic Signal,Clear,Daylight,Dry,78,Kensington-Chinatown,78,Kensington-Chinatown (78),Fatal,0,1,0,0,0,1,0,0,0,0,0,0,0,Cyclist Collisions,"['Driver', 'Cyclist']",South,"['Municipal Transit Bus (TTC)', 'Bicycle']","['Going Ahead', 'Turning Left']",['Driving Properly'],['Unknown'],[],[],[],['Cyclist turned left across motorists path.'],['Disobeyed Traffic Control'],['Normal'],D52,True,"['45 to 49', '65 to 69']",4.0
1122431.0,2009-09-02 08:00:00,1715,2009,BATHURST ST,BANNOCKBURN AVE,,Major Arterial,North York,43.731245,-79.43249,626240.6198,4843216.4575,At Intersection,No Control,Clear,Daylight,Dry,39,Bedford Park-Nortown,39,Bedford Park-Nortown (39),Non-Fatal Injury,1,0,1,0,0,0,0,0,0,0,0,0,0,Pedestrian Collisions,"['Driver', 'Pedestrian']",South,"['Automobile, Station Wagon', 'Other']",['Going Ahead'],['Driving Properly'],['Normal'],['Vehicle is going straight thru inter.while ped cross without ROW'],"['Crossing, no Traffic Control']",['Normal'],[],[],[],D32,False,"['35 to 39', '10 to 14']",3.0
1122468.0,2009-07-28 08:00:00,1230,2009,WINCOTT DR,SHEFFLEY CRES,,Collector,Etobicoke York,43.686445,-79.54919,616929.0997,4838069.6309,,No Control,Clear,Daylight,Dry,7,Willowridge-Martingrove-Richview,7,Willowridge-Martingrove-Richview (7),Non-Fatal Injury,0,1,1,0,0,0,0,0,0,0,0,0,0,Cyclist Collisions,"['Driver', 'Cyclist']",North,"['Automobile, Station Wagon', 'Bicycle']","['Going Ahead', 'Other']",['Driving Properly'],['Normal'],[],[],[],"['Cyclist loses control and strikes object (pole, ttc track)']",['Lost control'],['Normal'],D23,False,"['30 to 34', '35 to 39']",3.0
1122545.0,2009-07-31 08:00:00,812,2009,KINGSTON RD,MAIN ST,,Major Arterial,Toronto and East York,43.678845,-79.29799,637192.2809,4837610.3935,At Intersection,Traffic Signal,Clear,Daylight,Dry,63,The Beaches,63,The Beaches (63),Non-Fatal Injury,1,0,1,0,0,0,0,0,0,0,0,0,0,Pedestrian Collisions,"['Vehicle Owner', 'Driver', 'Pedestrian']",South,"['Other', 'Automobile, Station Wagon']",['Going Ahead'],['Driving Properly'],['Normal'],['Vehicle is going straight thru inter.while ped cross without ROW'],['Crossing without right of way'],['Normal'],[],[],[],D55,False,"['unknown', '35 to 39', '40 to 44']",3.0
1122576.0,2009-07-30 08:00:00,725,2009,JOHN ST,WELLINGTON ST W,,Minor Arterial,Toronto and East York,43.645245,-79.38919,629913.3833,4833731.8517,At Intersection,Traffic Signal,Clear,Daylight,Dry,164,Wellington Place,77,Waterfront Communities-The Island (77),Non-Fatal Injury,0,0,1,0,0,0,0,0,0,1,1,0,0,Angle,"['Vehicle Owner', 'Driver']",North,"['Other', 'Automobile, Station Wagon']",['Going Ahead'],"['Disobeyed Traffic Control', 'Driving Properly']","['Inattentive', 'Normal']",[],[],[],[],[],[],D52,False,"['unknown', '35 to 39', '30 to 34']",3.0
1122728.0,2009-08-01 08:00:00,636,2009,ISLINGTON AVE,THE WESTWAY,,Major Arterial,Etobicoke York,43.688645,-79.54289,617432.5637,4838322.8721,At Intersection,Traffic Signal,Clear,Daylight,Dry,6,Kingsview Village-The Westway,6,Kingsview Village-The Westway (6),Non-Fatal Injury,0,0,1,0,0,0,0,1,0,1,1,0,0,Angle,"['Passenger', 'Driver']",East,"['Other', 'Automobile, Station Wagon']",['Going Ahead'],"['Disobeyed Traffic Control', 'Driving Properly']",['Normal'],[],[],[],[],[],[],D23,False,"['50 to 54', '45 to 49', '40 to 44']",3.0
1122738.0,2009-08-01 08:00:00,1310,2009,JANE ST,FALSTAFF AVE,,Major Arterial,Etobicoke York,43.715445,-79.50719,620256.1566,4841350.5525,At Intersection,Traffic Signal,Clear,Daylight,Dry,28,Rustic,28,Rustic (28),Non-Fatal Injury,1,0,1,0,0,0,0,0,0,1,0,0,0,Pedestrian Collisions,"['Driver', 'Pedestrian']",East,"['Automobile, Station Wagon', 'Other']",['Turning Left'],['Failed to Yield Right of Way'],['Normal'],['Vehicle turns left while ped crosses with ROW at inter.'],['Crossing with right of way'],['Normal'],[],[],[],D12,False,"['55 to 59', '70 to 74']",3.0
1122739.0,2009-08-01 08:00:00,703,2009,QUEEN ST E,EASTERN AVE,,Major Arterial,Toronto and East York,43.667245,-79.31259,636041.6277,4836298.0075,At Intersection,Traffic Signal,Clear,Daylight,Dry,63,The Beaches,64,Woodbine Corridor (64),Non-Fatal Injury,0,0,1,0,0,0,0,0,1,1,0,1,0,SMV Other,['Driver'],East,"['Automobile, Station Wagon']",['Going Ahead'],['Exceeding Speed Limit'],"['Ability Impaired, Alcohol']",[],[],[],[],[],[],D55,False,['25 to 29'],3.0
1122772.0,2009-08-05 08:00:00,1230,2009,BAYVIEW AVE,401 C W BAYVIEW RAMP,,Major Arterial,North York,43.764545,-79.38749,629792.7694,4846984.4589,At Intersection,Traffic Signal,Clear,Daylight,Dry,52,Bayview Village,52,Bayview Village (52),Non-Fatal Injury,1,0,1,0,0,0,0,0,0,1,0,0,0,Pedestrian Collisions,"['Driver', 'Pedestrian']",South,"['Automobile, Station Wagon', 'Other']",['Turning Right'],['Failed to Yield Right of Way'],['Normal'],['Vehicle turns right while ped crosses with ROW at inter.'],['Crossing with right of way'],['Normal'],[],[],[],D33,False,"['30 to 34', '40 to 44']",3.0
1122775.0,2009-08-01 08:00:00,740,2009,MERTON ST,PAILTON CRES,,Collector,Toronto and East York,43.697645,-79.38879,629832.6061,4839552.204,,No Control,Clear,Daylight,Dry,174,South Eglinton-Davisville,104,Mount Pleasant West (104),Non-Fatal Injury,0,0,1,0,0,0,0,0,0,1,0,0,0,SMV Unattended Vehicle,"['Driver', 'Other']",East,"['Automobile, Station Wagon', 'Other']","['Going Ahead', 'Parked']",['Following too Close'],['Inattentive'],[],[],[],[],[],[],D53,False,"['60 to 64', 'unknown']",3.0
1123169.0,2009-09-07 08:00:00,430,2009,48 ISABELLA ST,,,Collector,Toronto and East York,43.667945,-79.38349,630323.9823,4836261.9253,,No Control,Clear,Dark,Dry,167,Church-Wellesley,75,Church-Yonge Corridor (75),Non-Fatal Injury,1,0,1,0,0,0,0,0,0,0,0,0,0,Pedestrian Collisions,"['Driver', 'Pedestrian']",East,"['Automobile, Station Wagon', 'Other']",['Going Ahead'],['Driving Properly'],['Unknown'],['Pedestrian hit at mid-block'],"['Crossing, no Traffic Control']",['Unknown'],[],[],[],D51,False,"['unknown', '35 to 39']",3.0
1123411.0,2009-08-07 08:00:00,1540,2009,HOVE ST,SHEPPARD AVE W,,Local,North York,43.755345,-79.44159,625457.3869,4845879.2918,,No Control,Clear,Daylight,Dry,34,Bathurst Manor,34,Bathurst Manor (34),Non-Fatal Injury,1,0,1,0,0,0,0,0,0,1,0,0,0,Pedestrian Collisions,"['Driver', 'Pedestrian']",East,"['Automobile, Station Wagon', 'Other']",['Turning Right'],['Failed to Yield Right of Way'],['Normal'],['Pedestrian hit at mid-block'],"['Crossing, no Traffic Control']",['Unknown'],[],[],[],D32,False,"['80 to 84', '60 to 64']",3.0
1123704.0,2009-09-09 08:00:00,1452,2009,KINGSTON Rd,LEE Ave,,Major Arterial,Toronto and East York,43.678145,-79.30119,636935.9309,4837527.3605,At Intersection,Pedestrian Crossover,Clear,Daylight,Dry,62,East End-Danforth,62,East End-Danforth (62),Non-Fatal Injury,1,0,1,0,0,0,0,0,0,1,0,0,0,Pedestrian Collisions,"['Wheelchair', 'Vehicle Owner', 'Driver']",South,"['Other', 'Automobile, Station Wagon']",['Going Ahead'],['Failed to Yield Right of Way'],['Inattentive'],['Pedestrian hit a PXO/ped. Mid-block signal'],"['Crossing, Pedestrian Crossover']",['Normal'],[],[],[],D55,False,"['80 to 84', 'unknown', '60 to 64']",3.0
1123824.0,2009-08-11 08:00:00,856,2009,EASTERN AVE,BOOTH AVE,,Major Arterial,Toronto and East York,43.657645,-79.34249,633652.3169,4835183.1994,At Intersection,Stop Sign,Clear,Daylight,Dry,70,South Riverdale,70,South Riverdale (70),Non-Fatal Injury,1,0,1,0,0,0,0,0,0,0,0,0,0,Pedestrian Collisions,"['Vehicle Owner', 'Driver', 'Pedestrian']",West,"['Other', 'Automobile, Station Wagon']",['Going Ahead'],['Driving Properly'],['Normal'],['Vehicle is going straight thru inter.while ped cross without ROW'],['Crossing without right of way'],['Inattentive'],[],[],[],D55,False,"['unknown', '45 to 49', '20 to 24']",3.0
1123907.0,2009-08-11 08:00:00,2242,2009,SHEPPARD Aven E,MEADOWVALE Road,,Major Arterial,Scarborough,43.808345,-79.17079,647127.9019,4852211.6322,At Intersection,Traffic Signal,Clear,Dark,Dry,143,West Rouge,131,Rouge (131),Non-Fatal Injury,0,0,1,0,0,0,0,1,0,1,1,0,0,Angle,"['Passenger', 'Driver', 'Other Property Owner']",South,"['Other', 'Automobile, Station Wagon']",['Going Ahead'],"['Driving Properly', 'Disobeyed Traffic Control']",['Normal'],[],[],[],[],[],[],D42,False,"['35 to 39', '40 to 44', '20 to 24', 'unknown']",3.0
1124210.0,2009-08-17 08:00:00,745,2009,YONGE ST,MILL ST,,Major Arterial,North York,43.740345,-79.40589,628363.446,4844268.0143,At Intersection,Traffic Signal,Clear,Daylight,Dry,41,Bridle Path-Sunnybrook-York Mills,41,Bridle Path-Sunnybrook-York Mills (41),Non-Fatal Injury,0,1,0,0,0,0,0,0,0,0,0,0,0,SMV Other,['Moped Driver'],North,['Moped'],['Going Ahead'],['Lost control'],['Normal'],[],[],[],[],[],[],D32,False,['55 to 59'],3.0
1124219.0,2009-09-11 08:00:00,1253,2009,SHEPPARD Ave W,WELBECK Rd,,Major Arterial,North York,43.759545,-79.41979,627203.4779,4846379.0161,,No Control,Clear,Daylight,Dry,38,Lansing-Westgate,38,Lansing-Westgate (38),Non-Fatal Injury,1,0,1,0,0,0,0,0,0,0,0,0,1,Pedestrian Collisions,"['Driver', 'Vehicle Owner', 'Pedestrian']",West,"['Automobile, Station Wagon', 'Other']",['Going Ahead'],"['Lost control', 'Driving Properly']","['Medical or Physical Disability', 'Normal']",['Pedestrian hit on sidewalk or shoulder'],['On Sidewalk or Shoulder'],['Normal'],[],[],[],D32,False,"['45 to 49', 'unknown', '50 to 54', '55 to 59']",3.0
1124221.0,2009-09-11 08:00:00,2009,2009,VICTORIA PARK AVE,ARNCLIFFE CRES,,Major Arterial,North York,43.731845,-79.30559,636459.3529,4843484.258,At Intersection,Traffic Signal,Clear,Dark,Dry,119,Wexford/Maryvale,119,Wexford/Maryvale (119),Fatal,1,0,1,0,0,0,0,0,0,0,0,0,0,Pedestrian Collisions,"['Driver', 'Pedestrian']",East,"['Automobile, Station Wagon', 'Other']",['Going Ahead'],['Driving Properly'],['Normal'],['Vehicle is going straight thru inter.while ped cross without ROW'],['Crossing without right of way'],['Inattentive'],[],[],[],D41,True,"['35 to 39', '15 to 19']",4.0
1124459.0,2009-08-10 08:00:00,10,2009,FINCH Aven E,DON MILLS Road,,Major Arterial,North York,43.792645,-79.35469,632370.8812,4850157.3308,At Intersection,Traffic Signal,Clear,Dark,Wet,47,Don Valley Village,47,Don Valley Village (47),Non-Fatal Injury,0,1,1,0,0,0,0,0,0,0,0,0,0,Cyclist Collisions,"['Vehicle Owner', 'Driver', 'Cyclist']",East,"['Other', 'Automobile, Station Wagon', 'Bicycle']",['Going Ahead'],['Driving Properly'],['Normal'],[],[],[],"['Cyclist without ROW rides into path of motorist at inter, lnwy, dwy-Cyclist not turn.']",['Disobeyed Traffic Control'],['Had Been Drinking'],D33,False,"['unknown', '45 to 49', '25 to 29']",3.0
1124595.0,2009-09-14 08:00:00,2103,2009,KINGSTON RD,CLIFFSIDE DR,,Major Arterial,Scarborough,43.703945,-79.25279,640776.9779,4840473.8662,At Intersection,Traffic Signal,Clear,Dark,Dry,122,Birchcliffe-Cliffside,122,Birchcliffe-Cliffside (122),Non-Fatal Injury,0,1,1,0,0,0,0,1,0,0,0,0,0,Cyclist Collisions,"['Driver', 'Passenger', 'Cyclist']",West,"['Automobile, Station Wagon', 'Other', 'Bicycle']","['Going Ahead', 'Other']",['Driving Properly'],['Normal'],[],[],[],"['Cyclist without ROW rides into path of motorist at inter, lnwy, dwy-Cyclist not turn.']",['Disobeyed Traffic Control'],"['Ability Impaired, Alcohol Over .80']",D41,False,"['30 to 34', '50 to 54', '45 to 49']",3.0
1124647.0,2009-08-14 08:00:00,1800,2009,164 STERLING Road,,,Local,Toronto and East York,43.655145,-79.44549,625352.0926,4834744.785,,No Control,Clear,Daylight,Dry,83,Dufferin Grove,83,Dufferin Grove (83),Non-Fatal Injury,0,0,1,0,0,0,0,1,0,0,0,0,0,SMV Other,"['Passenger', 'Driver', 'Other Property Owner']",North,"['Other', 'Automobile, Station Wagon']",['Turning Left'],['Lost control'],['Normal'],[],[],[],[],[],[],D11,False,"['20 to 24', 'unknown']",3.0
1124865.0,2009-09-15 08:00:00,1400,2009,KIPLING AVE,ALBION RD,,Major Arterial,Etobicoke York,43.738945,-79.57999,614346.8495,4843857.5142,,No Control,Clear,Daylight,Dry,3,Thistletown-Beaumond Heights,3,Thistletown-Beaumond Heights (3),Fatal,1,0,1,0,0,0,0,0,0,0,0,0,0,Pedestrian Collisions,"['Driver', 'Pedestrian']",East,"['Automobile, Station Wagon', 'Other']",['Going Ahead'],['Driving Properly'],['Normal'],['Pedestrian hit at mid-block'],"['Crossing, no Traffic Control']",['Inattentive'],[],[],[],D23,True,"['40 to 44', '75 to 79']",4.0
1124992.0,2009-08-17 08:00:00,1826,2009,SOUTH KINGSWAY,RIPLEY AVE,,Minor Arterial,Toronto and East York,43.636745,-79.47529,622986.6105,4832656.6435,At Intersection,Stop Sign,Clear,Daylight,Dry,87,High Park-Swansea,87,High Park-Swansea (87),Non-Fatal Injury,0,0,1,1,0,0,0,0,0,1,0,0,0,Turning Movement,"['Motorcycle Driver', 'Driver']",North,"['Motorcycle', 'Automobile, Station Wagon']","['Going Ahead', 'Turning Left']","['Driving Properly', 'Failed to Yield Right of Way']",['Normal'],[],[],[],[],[],[],D11,False,"['50 to 54', '55 to 59']",3.0
1125153.0,2009-08-17 08:00:00,1350,2009,YONGE ST,STEELES AVE E,,Major Arterial,North York,43.797945,-79.42009,627097.9409,4850643.4641,At Intersection,Traffic Signal,Clear,Daylight,Dry,36,Newtonbrook West,36,Newtonbrook West (36),Non-Fatal Injury,1,0,1,0,0,0,0,0,0,1,0,0,0,Pedestrian Collisions,"['Vehicle Owner', 'Driver', 'Pedestrian']",East,"['Other', 'Automobile, Station Wagon']",['Turning Right'],['Failed to Yield Right of Way'],['Inattentive'],['Vehicle turns right while ped crosses with ROW at inter.'],['Crossing with right of way'],['Normal'],[],[],[],D32,False,"['unknown', '20 to 24', '50 to 54']",3.0
1125395.0,2009-09-16 08:00:00,833,2009,2680 KEELE ST,,,Major Arterial,North York,43.724445,-79.48159,622300.118,4842387.5892,At Intersection,No Control,Clear,Daylight,Dry,154,Oakdale-Beverley Heights,26,Downsview-Roding-CFB (26),Non-Fatal Injury,0,0,1,0,1,0,0,0,0,0,0,0,0,Turning Movement,"['Vehicle Owner', 'Truck Driver', 'Driver', 'Other']",North,"['Other', 'Truck - Open', 'Automobile, Station Wagon']","['Going Ahead', 'Turning Left']","['Driving Properly', 'Improper Turn']","['Normal', 'Inattentive']",[],[],[],[],[],[],D31,False,"['unknown', '50 to 54', '85 to 89']",3.0
1125430.0,2009-09-17 08:00:00,1349,2009,KEELE ST,MURRAY ROSS PKWY,,Major Arterial,Etobicoke York,43.767345,-79.49199,621375.712,4847136.9641,At Intersection,Traffic Signal,Clear,Daylight,Dry,27,York University Heights,27,York University Heights (27),Non-Fatal Injury,0,0,1,0,0,0,0,0,0,0,0,0,1,SMV Other,"['Vehicle Owner', 'Driver']",North,"['Other', 'Automobile, Station Wagon']",['Going Ahead'],['Lost control'],['Medical or Physical Disability'],[],[],[],[],[],[],D31,False,"['unknown', '45 to 49']",3.0
1125601.0,2009-09-17 08:00:00,1520,2009,MARKHAM Road,TUXEDO Cour,,Major Arterial,Scarborough,43.779545,-79.23299,642193.2352,4848904.2056,,Traffic Signal,Clear,Daylight,Dry,142,Woburn North,137,Woburn (137),Non-Fatal Injury,1,0,1,0,0,0,0,0,0,0,0,0,0,Pedestrian Collisions,"['Driver', 'Pedestrian']",South,"['Automobile, Station Wagon', 'Other']",['Going Ahead'],['Driving Properly'],['Normal'],['Vehicle is going straight thru inter.while ped cross without ROW'],['Crossing without right of way'],['Normal'],[],[],[],D43,False,"['35 to 39', '75 to 79']",3.0
1125793.0,2009-09-20 08:00:00,244,2009,DUNDAS ST W,DOVERCOURT RD,,Minor Arterial,Toronto and East York,43.649445,-79.42469,627041.3906,4834143.3578,At Intersection,Traffic Signal,Clear,Dark,Dry,81,Trinity-Bellwoods,81,Trinity-Bellwoods (81),Non-Fatal Injury,0,0,1,0,0,0,0,0,1,1,0,1,0,Rear End,['Driver'],East,"['Automobile, Station Wagon']",['Going Ahead'],"['Driving Properly', 'Exceeding Speed Limit']","['Normal', 'Ability Impaired, Alcohol Over .08']",[],[],[],[],[],[],D14,False,"['45 to 49', '65 to 69', '15 to 19']",3.0
1125794.0,2009-09-20 08:00:00,244,2009,DUNDAS ST W,COOLMINE RD,,Minor Arterial,Toronto and East York,43.649445,-79.42559,626968.8091,4834141.9804,At Intersection,No Control,Clear,Dark,Dry,84,Little Portugal,84,Little Portugal (84),Non-Fatal Injury,0,0,1,0,0,0,0,0,1,1,0,1,0,Rear End,['Driver'],West,"['Automobile, Station Wagon']",['Going Ahead'],"['Exceeding Speed Limit', 'Driving Properly']","['Ability Impaired, Alcohol Over .08', 'Normal']",[],[],[],[],[],[],D14,False,"['65 to 69', '40 to 44', '30 to 34']",3.0
1125870.0,2009-08-19 08:00:00,29,2009,QUEEN ST E,KINGSTON RD,,Major Arterial,Toronto and East York,43.667245,-79.31259,636041.6277,4836298.0075,At Intersection,Traffic Signal,Clear,Dark,Dry,63,The Beaches,64,Woodbine Corridor (64),Non-Fatal Injury,0,0,1,0,0,0,0,0,0,1,0,0,0,Turning Movement,"['Vehicle Owner', 'Driver']",East,"['Other', 'Automobile, Station Wagon']","['Turning Left', 'Going Ahead']","['Failed to Yield Right of Way', 'Driving Properly']",['Normal'],[],[],[],[],[],[],D55,False,"['unknown', '30 to 34', '60 to 64']",3.0
1125917.0,2009-08-19 08:00:00,1057,2009,3150 PHARMACY AVE,,,Minor Arterial,Scarborough,43.798709,-79.328235,634485.6945,4850873.4841,,Pedestrian Crossover,Clear,Daylight,Dry,147,L'Amoreaux West,117,L'Amoreaux (117),Non-Fatal Injury,1,0,1,0,0,0,0,0,0,1,0,0,0,Pedestrian Collisions,"['Driver', 'Pedestrian']",East,"['Automobile, Station Wagon', 'Other']",['Going Ahead'],['Failed to Yield Right of Way'],['Normal'],['Pedestrian hit a PXO/ped. Mid-block signal'],"['Crossing, Pedestrian Crossover']",['Normal'],[],[],[],D42,False,"['45 to 49', '55 to 59']",3.0
1126015.0,2009-09-22 08:00:00,52,2009,MURRAY ROSS PKWY,LEITCH AVE,,Collector,Etobicoke York,43.765945,-79.49609,621048.5351,4846975.4719,,No Control,Clear,Dark,Wet,27,York University Heights,27,York University Heights (27),Non-Fatal Injury,1,0,1,0,0,0,0,1,1,1,0,0,0,Pedestrian Collisions,"['Passenger', 'Driver', 'Pedestrian']",West,"['Other', 'Automobile, Station Wagon']",['Going Ahead'],['Exceeding Speed Limit'],['Unknown'],['Pedestrian hit on sidewalk or shoulder'],['On Sidewalk or Shoulder'],['Normal'],[],[],[],D31,False,"['20 to 24', '25 to 29']",3.0