accident_number,date,time,year,street1,street2,offset,road_class,district,latitude,longitude,x,y,accident_location,traffctl,visibility,light,road_surface_condition,hood_158,neighbourhood_new,hood_140,neighbourhood_old,accident_class,pedestrian,cyclist,automobile,motorcycle,truck,trsn_city_veh,emerg_veh,passenger,speeding,aggressive_driving,redlight,alcohol,disability,impact_type,involvement_type,initial_direction,vehicle_type,manoeuver,driver_action,driver_condition,pedestrian_type,pedestrian_action,pedestrian_condition,cyclist_type,cyclist_action,cyclist_condition,division,injury,involvement_age,injury_severity_score
1126056.0,2009-08-20 08:00:00,2034,2009,VICTORIA PARK AVE,MCNICOLL AVE,,Major Arterial,North York,43.804045,-79.33629,633825.7862,4851453.0737,,Traffic Signal,Rain,Dark,Wet,116,Steeles,116,Steeles (116),Non-Fatal Injury,0,0,1,0,0,0,0,0,0,1,0,0,0,Angle,['Driver'],East,"['Automobile, Station Wagon']",['Going Ahead'],"['Failed to Yield Right of Way', 'Driving Properly']",['Normal'],[],[],[],[],[],[],D42,False,"['45 to 49', '40 to 44']",3.0
1126214.0,2009-09-22 08:00:00,2220,2009,YONGE Stre,GROSVENOR Stre,,Major Arterial,Toronto and East York,43.663045,-79.38379,630310.3978,4835717.2435,At Intersection,Traffic Signal,Clear,Dark,Dry,167,Church-Wellesley,75,Church-Yonge Corridor (75),Non-Fatal Injury,1,0,1,0,0,0,0,0,0,0,0,0,0,Pedestrian Collisions,"['Driver', 'Vehicle Owner', 'Pedestrian']",South,"['Automobile, Station Wagon', 'Other']",['Going Ahead'],['Driving Properly'],['Normal'],['Vehicle is going straight thru inter.while ped cross without ROW'],['Other'],['Unknown'],[],[],[],D51,False,"['40 to 44', 'unknown', '20 to 24', '30 to 34']",3.0
1126375.0,2009-09-19 08:00:00,2315,2009,DON MILLS RD,HAVENBROOK BLVD,,Major Arterial,North York,43.769545,-79.34649,633081.85,4847604.8637,At Intersection,Traffic Signal,Clear,Dark,Dry,53,Henry Farm,53,Henry Farm (53),Non-Fatal Injury,1,0,1,0,0,0,0,0,0,1,0,0,0,Pedestrian Collisions,"['Driver', 'Pedestrian']",South,"['Automobile, Station Wagon', 'Other']",['Going Ahead'],['Failed to Yield Right of Way'],['Unknown'],['Vehicle is going straight thru inter.while ped cross with ROW'],['Crossing with right of way'],['Normal'],[],[],[],D33,False,"['unknown', '15 to 19']",3.0
1126613.0,2009-08-25 08:00:00,1806,2009,LAWRENCE AVE E,WEST HILL DR,,Minor Arterial,Scarborough,43.769845,-79.17989,646489.9887,4847919.4451,,No Control,Clear,Daylight,Dry,136,West Hill,136,West Hill (136),Non-Fatal Injury,0,0,1,1,0,0,0,0,0,1,0,0,0,Rear End,"['Motorcycle Driver', 'Driver']",East,"['Motorcycle', 'Automobile, Station Wagon']",['Going Ahead'],"['Following too Close', 'Driving Properly']",['Normal'],[],[],[],[],[],[],D43,False,"['40 to 44', '30 to 34']",3.0
1126624.0,2009-08-16 08:00:00,2040,2009,4660 KINGSTON Road,,,Major Arterial,Scarborough,43.775445,-79.17509,646862.6083,4848549.9175,,No Control,Clear,Dark,Dry,136,West Hill,136,West Hill (136),Non-Fatal Injury,0,1,1,0,0,0,0,0,0,1,0,0,0,Cyclist Collisions,"['Driver', 'Cyclist']",East,"['Automobile, Station Wagon', 'Bicycle']",['Going Ahead'],['Failed to Yield Right of Way'],['Unknown'],[],[],[],"['Motorist without ROW drives into path of cyclist at inter, lnwy, dwy-Driver not turn.']",['Driving Properly'],['Unknown'],D43,False,"['unknown', '55 to 59']",3.0
1126950.0,2009-09-25 08:00:00,1340,2009,80 AUTO MALL DR,,,Local,Scarborough,43.802344,-79.191989,645437.3562,4851507.6449,,No Control,Clear,Daylight,Dry,144,Morningside Heights,131,Rouge (131),Non-Fatal Injury,0,0,1,1,0,0,0,0,0,1,0,0,0,Sideswipe,"['Driver', 'Motorcycle Driver']",North,"['Passenger Van', 'Motorcycle']","['Turning Left', 'Overtaking']","['Driving Properly', 'Improper Passing']","['Normal', 'Inattentive']",[],[],[],[],[],[],D42,False,"['50 to 54', '30 to 34']",3.0
1127178.0,2009-08-26 08:00:00,715,2009,ELLESMERE RD,BRIMLEY RD,,Major Arterial,Scarborough,43.770045,-79.26129,639938.0352,4847800.862,At Intersection,Traffic Signal,Rain,Daylight,Wet,156,Bendale-Glen Andrew,127,Bendale (127),Non-Fatal Injury,0,0,1,0,0,0,0,0,0,0,0,0,0,Turning Movement,['Driver'],South,"['Automobile, Station Wagon']","['Turning Left', 'Stopped']","['Lost control', 'Driving Properly']","['Unknown', 'Normal']",[],[],[],[],[],[],D43,False,"['50 to 54', '40 to 44']",3.0
1127576.0,2009-09-29 08:00:00,1122,2009,JANE ST,WILSON AVE,,Major Arterial,Etobicoke York,43.720945,-79.50859,620132.3845,4841959.3745,At Intersection,Traffic Signal,Rain,Daylight,Wet,154,Oakdale-Beverley Heights,26,Downsview-Roding-CFB (26),Fatal,1,0,0,0,1,0,0,0,0,0,0,0,0,Pedestrian Collisions,"['Truck Driver', 'Vehicle Owner', 'Pedestrian']",East,"['Truck - Open', 'Other']",['Turning Right'],['Improper Turn'],['Inattentive'],['Pedestrian hit on sidewalk or shoulder'],['On Sidewalk or Shoulder'],['Medical or Physical Disability'],[],[],[],D31,True,"['45 to 49', 'unknown', '85 to 89']",4.0
1127732.0,2009-08-29 08:00:00,1800,2009,SHEPPARD AVE E,MEADOWVALE RD,,Major Arterial,Scarborough,43.808345,-79.17079,647127.9019,4852211.6322,At Intersection,Traffic Signal,Clear,Daylight,Dry,143,West Rouge,131,Rouge (131),Non-Fatal Injury,0,0,1,1,0,0,0,0,0,1,1,0,0,Turning Movement,"['Motorcycle Driver', 'Vehicle Owner', 'Driver']",East,"['Motorcycle', 'Other', 'Automobile, Station Wagon']","['Turning Left', 'Going Ahead']","['Disobeyed Traffic Control', 'Driving Properly']",['Normal'],[],[],[],[],[],[],D42,False,"['60 to 64', 'unknown', '25 to 29']",3.0
1127797.0,2009-08-29 08:00:00,2111,2009,OVERLEA Boul,THORNCLIFFE PARK Driv,,Major Arterial,North York,43.707645,-79.34289,633509.1047,4840735.745,,No Control,Clear,Dark,Dry,55,Thorncliffe Park,55,Thorncliffe Park (55),Non-Fatal Injury,1,0,1,0,0,0,0,0,0,0,0,0,0,Pedestrian Collisions,"['Vehicle Owner', 'Driver', 'Pedestrian']",East,"['Other', 'Automobile, Station Wagon']",['Going Ahead'],['Driving Properly'],['Normal'],['Pedestrian hit at mid-block'],['Running onto Roadway'],['Inattentive'],[],[],[],D53,False,"['unknown', '50 to 54', '45 to 49']",3.0
1128059.0,2009-09-02 08:00:00,2203,2009,FINCH AVE W,JAYZEL DR,,Major Arterial,Etobicoke York,43.751745,-79.54409,617212.7477,4845329.3106,,No Control,Clear,Dark,Dry,22,Humbermede,21,Humber Summit (21),Non-Fatal Injury,1,0,1,0,0,0,0,0,1,1,0,1,0,Pedestrian Collisions,"['Driver', 'Pedestrian']",East,"['Automobile, Station Wagon', 'Other']",['Going Ahead'],['Exceeding Speed Limit'],"['Ability Impaired, Alcohol Over .08']",['Pedestrian hit at mid-block'],['Person Getting on/off Vehicle'],['Normal'],[],[],[],D31,False,['25 to 29'],3.0
1128125.0,2009-09-01 08:00:00,1440,2009,UNIVERSITY AVE,COLLEGE ST,,Major Arterial,Toronto and East York,43.659845,-79.39049,629777.0849,4835351.3392,At Intersection,Traffic Signal,Clear,Daylight,Dry,78,Kensington-Chinatown,78,Kensington-Chinatown (78),Non-Fatal Injury,0,1,1,0,0,0,0,0,0,0,0,0,0,Cyclist Collisions,"['Driver', 'Cyclist']",East,"['Automobile, Station Wagon', 'Bicycle']",['Going Ahead'],['Driving Properly'],['Normal'],[],[],[],"['Cyclist without ROW rides into path of motorist at inter, lnwy, dwy-Cyclist not turn.']",['Disobeyed Traffic Control'],['Inattentive'],D52,False,"['25 to 29', '45 to 49']",3.0
1128166.0,2009-09-04 08:00:00,1142,2009,741 KENNEDY RD,,,Major Arterial,Scarborough,43.731145,-79.26759,639521.3449,4843469.7972,,No Control,Clear,Daylight,Dry,125,Ionview,125,Ionview (125),Non-Fatal Injury,1,0,0,0,1,0,0,0,0,1,0,0,0,Pedestrian Collisions,"['Truck Driver', 'Pedestrian']",South,"['Truck - Open', 'Other']",['Turning Right'],['Failed to Yield Right of Way'],['Inattentive'],['Pedestrian hit at private driveway'],['On Sidewalk or Shoulder'],['Normal'],[],[],[],D41,False,['20 to 24'],3.0
1128196.0,2009-09-01 08:00:00,2020,2009,4777 YONGE ST,,,Major Arterial,North York,43.760345,-79.41069,627934.3098,4846481.8852,,No Control,Clear,Dark,Dry,38,Lansing-Westgate,38,Lansing-Westgate (38),Non-Fatal Injury,1,0,1,0,0,0,0,0,0,1,0,0,0,Pedestrian Collisions,"['Vehicle Owner', 'Driver', 'Pedestrian']",North,"['Other', 'Automobile, Station Wagon']",['Going Ahead'],['Failed to Yield Right of Way'],['Inattentive'],['Pedestrian hit on sidewalk or shoulder'],['On Sidewalk or Shoulder'],['Normal'],[],[],[],D32,False,"['unknown', '55 to 59', '25 to 29']",3.0
1128218.0,2009-10-01 08:00:00,1039,2009,HORNER AVE,BROWNS LINE Line,,Major Arterial,Etobicoke York,43.602245,-79.54549,617391.1875,4828723.384,At Intersection,No Control,Clear,Daylight,Dry,20,Alderwood,20,Alderwood (20),Non-Fatal Injury,1,0,1,0,0,0,0,0,0,1,0,0,0,Pedestrian Collisions,"['Driver', 'Wheelchair']",East,"['Automobile, Station Wagon', 'Other']","['Turning Right', 'Disabled']",['Failed to Yield Right of Way'],['Normal'],['Pedestrian hit on sidewalk or shoulder'],['On Sidewalk or Shoulder'],['Normal'],[],[],[],D22,False,"['80 to 84', '70 to 74']",3.0
1128346.0,2009-09-08 08:00:00,1501,2009,QUEEN ST E,MUNRO PARK AVE,,Minor Arterial,Toronto and East York,43.673445,-79.283489,638373.5749,4837034.7379,At Intersection,No Control,Clear,Daylight,Dry,63,The Beaches,63,The Beaches (63),Non-Fatal Injury,0,0,1,1,0,0,0,0,0,0,0,0,0,Turning Movement,"['Motorcycle Driver', 'Driver']",East,"['Motorcycle', 'Automobile, Station Wagon']","['Going Ahead', 'Making U Turn']","['Driving Properly', 'Improper Turn']","['Normal', 'Had Been Drinking']",[],[],[],[],[],[],D55,False,"['45 to 49', '30 to 34']",3.0
1128465.0,2009-10-02 08:00:00,2057,2009,EGLINTON AVE W,MARLEE AVE,,Major Arterial,North York,43.698045,-79.43939,625754.3422,4839518.6396,At Intersection,Traffic Signal,Rain,Dark,Wet,102,Forest Hill North,108,Briar Hill-Belgravia (108),Non-Fatal Injury,1,0,1,0,0,0,0,0,0,0,0,0,0,Pedestrian Collisions,"['Driver', 'Pedestrian']",East,"['Automobile, Station Wagon', 'Other']",['Going Ahead'],['Driving Properly'],['Normal'],['Vehicle is going straight thru inter.while ped cross without ROW'],['Crossing without right of way'],['Inattentive'],[],[],[],D13,False,"['50 to 54', '90 to 94']",3.0
1128816.0,2009-09-23 08:00:00,1230,2009,LAKE SHORE BLVD E,LOWER JARVIS ST,,Major Arterial,Toronto and East York,43.645945,-79.36809,631613.6083,4833842.8418,,No Control,Clear,Daylight,Dry,166,St Lawrence-East Bayfront-The Islands,77,Waterfront Communities-The Island (77),Non-Fatal Injury,0,0,1,0,0,0,0,1,0,0,0,0,0,Sideswipe,"['Driver', 'Passenger']",West,"['Automobile, Station Wagon', 'Other']","['Changing Lanes', 'Going Ahead']","['Improper Lane Change', 'Driving Properly']",['Normal'],[],[],[],[],[],[],D51,False,"['25 to 29', '50 to 54']",3.0
1128823.0,2009-09-11 08:00:00,1132,2009,CASTLEFIELD AVE,WOODBOROUGH AVE,,Collector,Etobicoke York,43.696345,-79.46869,623396.8069,4839285.8093,At Intersection,No Control,Clear,Daylight,Dry,112,Beechborough-Greenbrook,112,Beechborough-Greenbrook (112),Non-Fatal Injury,0,1,1,0,0,0,0,0,0,0,0,0,0,Cyclist Collisions,"['Driver', 'Cyclist']",East,"['Automobile, Station Wagon', 'Bicycle']","['Turning Left', 'Going Ahead']",['Improper Turn'],['Inattentive'],[],[],[],['Motorist turned left across cyclists path.'],['Driving Properly'],['Normal'],D12,False,"['75 to 79', '55 to 59']",3.0
1129154.0,2009-10-06 08:00:00,935,2009,CENTRE AVE,WILLOWDALE AVE,,Minor Arterial,North York,43.793045,-79.41189,627768.049,4850111.8679,At Intersection,Stop Sign,Clear,Daylight,Dry,50,Newtonbrook East,50,Newtonbrook East (50),Non-Fatal Injury,1,0,1,0,0,0,0,0,0,1,0,0,0,Pedestrian Collisions,"['Driver', 'Pedestrian']",East,"['Automobile, Station Wagon', 'Other']",['Turning Left'],['Failed to Yield Right of Way'],['Normal'],['Vehicle turns left while ped crosses with ROW at inter.'],['Crossing with right of way'],['Normal'],[],[],[],D32,False,"['55 to 59', '85 to 89']",3.0
1129211.0,2009-09-09 08:00:00,1400,2009,GERRARD ST E,BERKELEY ST,,Minor Arterial,Toronto and East York,43.662045,-79.36849,631546.1903,4835630.3253,,No Control,Clear,Daylight,Dry,73,Moss Park,73,Moss Park (73),Non-Fatal Injury,0,0,1,1,0,0,0,0,0,0,0,0,0,Turning Movement,"['Motorcycle Driver', 'Vehicle Owner', 'Driver']",West,"['Motorcycle', 'Other', 'Automobile, Station Wagon']","['Going Ahead', 'Making U Turn']","['Driving Properly', 'Improper Turn']","['Normal', 'Inattentive']",[],[],[],[],[],[],D51,False,"['25 to 29', 'unknown', '20 to 24']",3.0
1129232.0,2009-08-05 08:00:00,1216,2009,230 ISLAND Rd,,,Local,Scarborough,43.799345,-79.13299,650190.8437,4851279.9458,,No Control,Clear,Daylight,Dry,143,West Rouge,131,Rouge (131),Non-Fatal Injury,0,0,1,0,0,0,0,0,0,0,0,0,1,SMV Other,"['Driver', 'Other Property Owner']",East,"['Automobile, Station Wagon', 'Other']",['Going Ahead'],['Lost control'],['Medical or Physical Disability'],[],[],[],[],[],[],D43,False,"['75 to 79', 'unknown']",3.0
1129305.0,2009-09-08 08:00:00,1941,2009,KING ST W,BATHURST ST,,Major Arterial,Toronto and East York,43.644045,-79.40199,628883.6064,4833578.6189,,No Control,Clear,Dark,Dry,164,Wellington Place,77,Waterfront Communities-The Island (77),Non-Fatal Injury,0,0,1,1,0,0,0,1,0,1,0,0,0,Sideswipe,"['Passenger', 'Motorcycle Driver', 'Driver']",East,"['Other', 'Motorcycle', 'Automobile, Station Wagon']","['Going Ahead', 'Turning Right']","['Improper Passing', 'Failed to Yield Right of Way']",['Normal'],[],[],[],[],[],[],D14,False,"['20 to 24', '30 to 34', '40 to 44']",3.0
1129523.0,2009-09-14 08:00:00,1413,2009,150 GRAYDON HALL DR,,,Collector,North York,43.764945,-79.34349,633333.5262,4847098.7893,,No Control,Clear,Daylight,Dry,150,Fenside-Parkwoods,45,Parkwoods-Donalda (45),Non-Fatal Injury,0,0,1,1,0,0,0,0,1,1,0,0,0,Turning Movement,"['Motorcycle Driver', 'Driver']",East,"['Motorcycle', 'Automobile, Station Wagon']","['Going Ahead', 'Turning Left']","['Exceeding Speed Limit', 'Driving Properly']","['Had Been Drinking', 'Normal']",[],[],[],[],[],[],D33,False,"['30 to 34', '20 to 24']",3.0
1130210.0,2009-09-16 08:00:00,950,2009,BAY ST,ST JOSEPH ST,,Major Arterial,Toronto and East York,43.665645,-79.38769,629990.3368,4835999.89,At Intersection,Traffic Signal,Clear,Daylight,Dry,169,Bay-Cloverhill,76,Bay Street Corridor (76),Non-Fatal Injury,0,0,1,1,0,0,0,0,1,1,0,0,0,Rear End,"['Motorcycle Driver', 'Driver']",South,"['Motorcycle', 'Automobile, Station Wagon']","['Slowing or Stopping', 'Stopped']","['Following too Close', 'Driving Properly']","['Inattentive', 'Normal']",[],[],[],[],[],[],D52,False,"['25 to 29', '50 to 54']",3.0
1130310.0,2009-09-16 08:00:00,2320,2009,QUEENS PARK CRES E,GROSVENOR ST,,Major Arterial,Toronto and East York,43.661745,-79.38989,629821.3691,4835563.2981,,No Control,Clear,Dark,Dry,169,Bay-Cloverhill,76,Bay Street Corridor (76),Non-Fatal Injury,0,0,0,1,0,0,0,0,1,1,0,0,0,SMV Other,['Motorcycle Driver'],North,['Motorcycle'],['Going Ahead'],['Lost control'],['Inattentive'],[],[],[],[],[],[],D52,False,['20 to 24'],3.0
1130393.0,2009-10-13 08:00:00,656,2009,KENNEDY RD,ELLESMERE RD,,Major Arterial,Scarborough,43.765745,-79.28109,638354.3515,4847290.0073,,Traffic Signal,Rain,Dawn,Wet,126,Dorset Park,126,Dorset Park (126),Fatal,0,0,1,0,0,0,0,1,0,0,0,0,0,SMV Other,"['Passenger', 'Vehicle Owner', 'Driver', 'Other Property Owner']",South,"['Other', 'Automobile, Station Wagon']",['Going Ahead'],['Lost control'],['Unknown'],[],[],[],[],[],[],D41,True,"['35 to 39', 'unknown', '25 to 29']",4.0
1130411.0,2009-09-19 08:00:00,1418,2009,ELLESMERE RD,DEWEY DR,,Major Arterial,Scarborough,43.760345,-79.30449,636483.1542,4846651.4235,At Intersection,Stop Sign,Clear,Daylight,Dry,119,Wexford/Maryvale,119,Wexford/Maryvale (119),Fatal,0,0,1,0,0,0,0,0,0,1,0,0,0,Turning Movement,['Driver'],East,"['Automobile, Station Wagon']","['Going Ahead', 'Turning Left']","['Driving Properly', 'Failed to Yield Right of Way']","['Normal', 'Inattentive']",[],[],[],[],[],[],D41,True,"['30 to 34', '85 to 89']",4.0
1130482.0,2009-09-18 08:00:00,45,2009,KINGSTON Rd,BIRCHCLIFF Ave,,Major Arterial,Scarborough,43.691245,-79.26519,639807.3813,4839042.3672,,No Control,Clear,Dark,Dry,122,Birchcliffe-Cliffside,122,Birchcliffe-Cliffside (122),Non-Fatal Injury,1,0,1,0,0,0,0,0,0,0,0,0,0,Pedestrian Collisions,"['Driver', 'Pedestrian']",East,"['Automobile, Station Wagon', 'Other']",['Going Ahead'],['Driving Properly'],['Normal'],['Pedestrian hit at mid-block'],['Running onto Roadway'],"['Ability Impaired, Alcohol']",[],[],[],D41,False,"['40 to 44', '15 to 19']",3.0
1130499.0,2009-09-18 08:00:00,2302,2009,DON MILLS RD,OVERLEA BLVD,,Major Arterial,North York,43.709945,-79.33439,634188.8026,4841004.9178,At Intersection,Traffic Signal,Clear,Dark,Dry,44,Flemingdon Park,44,Flemingdon Park (44),Non-Fatal Injury,1,0,1,0,0,0,0,0,0,0,0,0,0,Pedestrian Collisions,"['Driver', 'Pedestrian']",West,"['Automobile, Station Wagon', 'Other']",['Turning Left'],['Driving Properly'],['Normal'],['Vehicle turns left while ped crosses with ROW at inter.'],['Crossing with right of way'],['Inattentive'],[],[],[],D55,False,"['50 to 54', '25 to 29']",3.0
1130539.0,2009-10-09 08:00:00,2145,2009,ISLINGTON AVE,ALBION RD,,Major Arterial,Etobicoke York,43.737245,-79.56529,615533.8501,4843689.0973,,Traffic Signal,Rain,"Dark, artificial",Wet,3,Thistletown-Beaumond Heights,3,Thistletown-Beaumond Heights (3),Non-Fatal Injury,1,0,1,0,0,0,0,0,0,1,0,0,0,Pedestrian Collisions,"['Pedestrian', 'Driver']",North,"['Other', 'Automobile, Station Wagon']",['Turning Left'],['Failed to Yield Right of Way'],['Unknown'],['Vehicle turns left while ped crosses with ROW at inter.'],['Crossing with right of way'],['Normal'],[],[],[],D23,False,"['20 to 24', 'unknown']",3.0
1130772.0,2009-09-19 08:00:00,2047,2009,DANFORTH Aven,DAWES Road,,Major Arterial,Toronto and East York,43.689245,-79.29679,637265.2869,4838767.4443,At Intersection,Traffic Signal,Clear,Dark,Dry,62,East End-Danforth,62,East End-Danforth (62),Non-Fatal Injury,1,0,1,0,0,0,0,0,1,1,0,0,0,Pedestrian Collisions,"['Driver', 'Pedestrian']",North,"['Automobile, Station Wagon', 'Other']",['Turning Left'],['Failed to Yield Right of Way'],['Normal'],['Vehicle turns left while ped crosses with ROW at inter.'],['Crossing with right of way'],['Normal'],[],[],[],D55,False,"['20 to 24', '55 to 59']",3.0
1131025.0,2009-10-16 08:00:00,220,2009,225 QUEEN ST W,QUEEN Stre W,,Major Arterial,Toronto and East York,43.650545,-79.38799,629998.7315,4834322.365,At Intersection,No Control,Clear,Dark,Dry,164,Wellington Place,77,Waterfront Communities-The Island (77),Non-Fatal Injury,1,0,1,0,0,0,0,0,1,1,0,1,0,Pedestrian Collisions,"['Vehicle Owner', 'Driver', 'Pedestrian']",East,"['Automobile, Station Wagon', 'Other']","['Going Ahead', 'Stopped']","['Exceeding Speed Limit', 'Driving Properly']","['Ability Impaired, Alcohol Over .08', 'Normal']",['Pedestrian hit at mid-block'],['Person Getting on/off Vehicle'],['Had Been Drinking'],[],[],[],D52,False,"['unknown', '15 to 19', '35 to 39', '45 to 49']",3.0
1131172.0,2009-10-16 08:00:00,1301,2009,STEELES AVE W,TANGREEN CRT,,Major Arterial,North York,43.796645,-79.42629,626601.9149,4850489.576,,No Control,Clear,Daylight,Dry,NSA,NSA,NSA,NSA,Fatal,1,0,1,0,0,0,0,0,0,0,0,0,0,Pedestrian Collisions,"['Vehicle Owner', 'Driver', 'Pedestrian']",South,"['Other', 'Automobile, Station Wagon']",['Going Ahead'],['Driving Properly'],['Normal'],['Vehicle is going straight thru inter.while ped cross without ROW'],"['Crossing, no Traffic Control']",['Inattentive'],[],[],[],D32,True,"['unknown', '50 to 54', '80 to 84']",4.0
1131255.0,2009-10-17 08:00:00,207,2009,BATHURST ST,DUPONT ST,,Major Arterial,Toronto and East York,43.673145,-79.41439,627821.7421,4836791.3758,At Intersection,Traffic Signal,Clear,Dark,Dry,95,Annex,95,Annex (95),Non-Fatal Injury,1,0,1,0,0,0,0,0,0,0,0,0,0,Pedestrian Collisions,"['Driver', 'Pedestrian']",South,"['Automobile, Station Wagon', 'Other']",['Going Ahead'],['Driving Properly'],['Normal'],['Vehicle is going straight thru inter.while ped cross without ROW'],['Crossing without right of way'],['Normal'],[],[],[],D14,False,"['30 to 34', '25 to 29']",3.0
1131264.0,2009-10-17 08:00:00,2352,2009,FINCH AVE W,TOBERMORY DR,,Major Arterial,Etobicoke York,43.759245,-79.50789,620112.162,4846214.1568,At Intersection,Traffic Signal,Clear,Dark,Dry,25,Glenfield-Jane Heights,25,Glenfield-Jane Heights (25),Fatal,0,0,1,0,0,0,0,1,1,1,0,1,0,Turning Movement,"['Passenger', 'Driver']",East,"['Other', 'Automobile, Station Wagon']","['Turning Left', 'Going Ahead']","['Driving Properly', 'Exceeding Speed Limit']","['Normal', 'Ability Impaired, Alcohol']",[],[],[],[],[],[],D31,True,"['60 to 64', '35 to 39', '40 to 44', '20 to 24']",4.0
1131365.0,2009-10-18 08:00:00,306,2009,ADELAIDE ST E,VICTORIA ST,,Major Arterial,Toronto and East York,43.650645,-79.37729,630861.413,4834350.2892,,Traffic Signal,Clear,Dark,Dry,168,Downtown Yonge East,75,Church-Yonge Corridor (75),Non-Fatal Injury,1,0,0,0,0,0,0,0,0,0,0,0,0,Pedestrian Collisions,['Pedestrian'],,['Other'],['Other'],[],[],['Unknown'],['Other'],['Normal'],[],[],[],D51,False,['25 to 29'],3.0
1131662.0,2009-09-22 08:00:00,1320,2009,SUNNYSIDE Aven,MARION Stre,,Collector,Toronto and East York,43.639945,-79.44889,625109.4738,4833051.4984,,No Control,Clear,Daylight,Dry,87,High Park-Swansea,87,High Park-Swansea (87),Non-Fatal Injury,1,0,1,0,0,0,0,0,0,0,0,0,0,Pedestrian Collisions,"['Vehicle Owner', 'Driver', 'Pedestrian']",North,"['Other', 'Automobile, Station Wagon']",['Going Ahead'],['Driving Properly'],['Normal'],['Vehicle hits the pedestrian walking or running out from between parked vehicles at mid-block'],['Coming From Behind Parked Vehicle'],['Normal'],[],[],[],D11,False,"['unknown', '65 to 69', '40 to 44']",3.0
1131878.0,2009-10-05 08:00:00,1203,2009,WILLIAM R ALLEN RD,SHEPPARD AVE W,,Major Arterial,North York,43.750245,-79.46339,623712.9046,4845280.0721,,Traffic Signal,Clear,Daylight,Dry,155,Downsview,27,York University Heights (27),Non-Fatal Injury,0,0,1,0,0,0,0,1,0,1,0,0,0,Turning Movement,"['Driver', 'Passenger', 'Vehicle Owner']",East,"['Automobile, Station Wagon', 'Other']","['Turning Left', 'Stopped', 'Going Ahead']","['Failed to Yield Right of Way', 'Driving Properly']",['Normal'],[],[],[],[],[],[],D32,False,"['70 to 74', '25 to 29', '45 to 49', '30 to 34', 'unknown', '40 to 44']",3.0
1131978.0,2009-09-24 08:00:00,1730,2009,DUPONT ST,OSLER ST,,Major Arterial,Toronto and East York,43.664545,-79.45659,624437.586,4835772.0696,,No Control,Clear,Daylight,Dry,171,Junction-Wallace Emerson,93,Dovercourt-Wallace Emerson-Junction (93),Non-Fatal Injury,0,1,1,0,0,0,0,0,0,0,0,0,0,Cyclist Collisions,"['Driver', 'Cyclist']",East,"['Automobile, Station Wagon', 'Bicycle']","['Turning Left', 'Going Ahead']",['Improper Turn'],['Normal'],[],[],[],['Motorist turned left across cyclists path.'],['Driving Properly'],['Normal'],D11,False,"['35 to 39', '30 to 34']",3.0
1132051.0,2009-09-24 08:00:00,1010,2009,CHURCH ST,GOULD ST,,Minor Arterial,Toronto and East York,43.658745,-79.37809,630779.3132,4835248.6399,,No Control,Clear,Daylight,Dry,168,Downtown Yonge East,75,Church-Yonge Corridor (75),Non-Fatal Injury,0,1,1,0,0,0,0,0,0,0,0,0,0,Cyclist Collisions,"['Driver', 'Cyclist']",South,"['Automobile, Station Wagon', 'Bicycle']","['Parked', 'Slowing or Stopping']",['Other'],['Inattentive'],[],[],[],['Cyclist struck opened vehicle door'],['Driving Properly'],['Normal'],D51,False,"['unknown', '20 to 24']",3.0
1132060.0,2009-09-25 08:00:00,2315,2009,LAWRENCE AVE E,BIRCHMOUNT RD,,Major Arterial,Scarborough,43.747645,-79.28399,638162.5813,4845274.8846,,No Control,Clear,Dark,Dry,126,Dorset Park,126,Dorset Park (126),Non-Fatal Injury,1,0,0,0,0,1,0,0,0,0,0,0,0,Pedestrian Collisions,"['Pedestrian', 'Vehicle Owner', 'Driver']",East,"['Other', 'Municipal Transit Bus (TTC)']",['Pulling Away from Shoulder or Curb'],['Driving Properly'],['Normal'],['Pedestrian involved in a collision with transit vehicle anywhere along roadway'],['Running onto Roadway'],['Had Been Drinking'],[],[],[],D41,False,"['50 to 54', 'unknown']",3.0
1132092.0,2009-09-25 08:00:00,1700,2009,O CONNOR DR,COXWELL AVE,,Major Arterial,Toronto and East York,43.697745,-79.32949,634610.8758,4839657.8784,,Traffic Signal,Clear,Daylight,Dry,58,Old East York,58,Old East York (58),Non-Fatal Injury,0,0,1,0,0,0,0,1,0,1,0,0,0,Turning Movement,"['Driver', 'Passenger']",East,"['Automobile, Station Wagon', 'Other']","['Going Ahead', 'Turning Left']","['Driving Properly', 'Failed to Yield Right of Way']",['Normal'],[],[],[],[],[],[],D55,False,"['30 to 34', '25 to 29', '20 to 24']",3.0
1132126.0,2009-10-21 08:00:00,2023,2009,1549 ALBION RD,,,Major Arterial,Etobicoke York,43.740745,-79.58679,613795.8634,4844048.0677,,No Control,Clear,Dark,Dry,2,Mount Olive-Silverstone-Jamestown,2,Mount Olive-Silverstone-Jamestown (2),Non-Fatal Injury,1,0,0,0,0,1,0,0,0,0,0,0,0,Pedestrian Collisions,"['Vehicle Owner', 'Driver', 'Pedestrian']",East,"['Other', 'Municipal Transit Bus (TTC)']",['Going Ahead'],['Driving Properly'],['Normal'],['Pedestrian involved in a collision with transit vehicle anywhere along roadway'],"['Crossing, no Traffic Control']",['Had Been Drinking'],[],[],[],D23,False,"['unknown', '25 to 29', '40 to 44']",3.0
1132127.0,2009-10-21 08:00:00,1255,2009,WESTON RD,FENMAR DR,,Major Arterial,Etobicoke York,43.756345,-79.54349,617252.0694,4845841.057,At Intersection,No Control,Rain,Daylight,Wet,21,Humber Summit,21,Humber Summit (21),Fatal,1,0,0,0,1,0,0,0,0,0,0,0,0,Pedestrian Collisions,"['Other', 'Vehicle Owner', 'Truck Driver', 'Pedestrian']",South,"['Other', 'Truck - Open']","['Parked', 'Slowing or Stopping']",['Other'],['Normal'],['Other / Undefined'],['Pushing/Working on Vehicle'],['Unknown'],[],[],[],D31,True,"['unknown', '20 to 24', '50 to 54']",4.0