accident_number,date,time,year,street1,street2,offset,road_class,district,latitude,longitude,x,y,accident_location,traffctl,visibility,light,road_surface_condition,hood_158,neighbourhood_new,hood_140,neighbourhood_old,accident_class,pedestrian,cyclist,automobile,motorcycle,truck,trsn_city_veh,emerg_veh,passenger,speeding,aggressive_driving,redlight,alcohol,disability,impact_type,involvement_type,initial_direction,vehicle_type,manoeuver,driver_action,driver_condition,pedestrian_type,pedestrian_action,pedestrian_condition,cyclist_type,cyclist_action,cyclist_condition,division,injury,involvement_age,injury_severity_score
1137499.0,2009-10-25 08:00:00,116,2009,DUFFERIN ST,ASCOT AVE,,Major Arterial,Toronto and East York,43.680645,-79.44419,625403.8096,4837578.863,,Stop Sign,Clear,Dark,Dry,92,Corso Italia-Davenport,92,Corso Italia-Davenport (92),Non-Fatal Injury,0,0,1,0,0,0,0,1,0,1,0,0,0,Approaching,"['Driver', 'Passenger', 'Vehicle Owner']",North,"['Automobile, Station Wagon', 'Other']","['Going Ahead', 'Stopped']","['Driving Properly', 'Following too Close', 'Lost control']","['Normal', 'Unknown']",[],[],[],[],[],[],D13,False,"['45 to 49', '15 to 19', '25 to 29', '40 to 44', 'unknown', '55 to 59', '20 to 24']",3.0
1137502.0,2009-11-17 10:00:00,1607,2009,RONALD AVE,SCHELL AVE,,Collector,North York,43.698145,-79.45909,624166.6906,4839500.0556,,No Control,Clear,Daylight,Dry,108,Briar Hill-Belgravia,108,Briar Hill-Belgravia (108),Non-Fatal Injury,1,0,1,0,0,0,0,0,0,1,0,0,0,Pedestrian Collisions,"['Driver', 'Wheelchair']",South,"['Automobile, Station Wagon', 'Other']",['Going Ahead'],['Failed to Yield Right of Way'],['Unknown'],['Pedestrian hit at mid-block'],['Crossing with right of way'],['Normal'],[],[],[],D13,False,['75 to 79'],3.0
1137620.0,2009-10-27 08:00:00,848,2009,BATHURST ST,STEELES AVE W,,Major Arterial,North York,43.792245,-79.44569,625050.3866,4849971.3948,At Intersection,No Control,Clear,Daylight,Dry,36,Newtonbrook West,36,Newtonbrook West (36),Non-Fatal Injury,1,0,1,0,0,0,0,0,0,0,0,0,0,Pedestrian Collisions,"['Driver', 'Pedestrian']",North,"['Automobile, Station Wagon', 'Other']",['Going Ahead'],['Driving Properly'],['Normal'],['Vehicle is going straight thru inter.while ped cross without ROW'],['Running onto Roadway'],['Normal'],[],[],[],D32,False,"['45 to 49', '35 to 39']",3.0
1137628.0,2009-10-28 08:00:00,1100,2009,QUEEN Stre W,BATHURST Stre,,Major Arterial,Toronto and East York,43.647145,-79.40399,628715.6785,4833919.8102,,Traffic Signal,Clear,Daylight,Dry,164,Wellington Place,77,Waterfront Communities-The Island (77),Non-Fatal Injury,1,0,1,0,0,0,0,0,0,0,0,0,0,Pedestrian Collisions,"['Driver', 'Pedestrian', 'Vehicle Owner']",East,"['Automobile, Station Wagon', 'Other']",['Going Ahead'],['Driving Properly'],['Normal'],['Vehicle is going straight thru inter.while ped cross without ROW'],['Crossing without right of way'],['Unknown'],[],[],[],D14,False,"['65 to 69', '45 to 49', 'unknown']",3.0
1137790.0,2009-11-07 10:00:00,422,2009,MOUNT PLEASANT RD,SOUTH DR,,Major Arterial,Toronto and East York,43.676245,-79.38069,630531.7271,4837188.155,,No Control,Clear,Dark,Dry,98,Rosedale-Moore Park,98,Rosedale-Moore Park (98),Non-Fatal Injury,0,0,1,0,0,0,0,0,0,1,0,0,0,SMV Other,"['Vehicle Owner', 'Driver']",South,"['Other', 'Automobile, Station Wagon']",['Going Ahead'],['Lost control'],['Had Been Drinking'],[],[],[],[],[],[],D53,False,"['unknown', '20 to 24']",3.0
1137816.0,2009-11-19 10:00:00,1232,2009,LAWRENCE Ave W,CULFORD Rd,,Major Arterial,Etobicoke York,43.706345,-79.48769,621845.4676,4840368.3465,At Intersection,Traffic Signal,Rain,Daylight,Wet,30,Brookhaven-Amesbury,30,Brookhaven-Amesbury (30),Non-Fatal Injury,1,0,1,0,0,0,0,0,0,0,0,0,0,Pedestrian Collisions,"['Driver', 'Pedestrian']",East,"['Automobile, Station Wagon', 'Other']",['Going Ahead'],['Driving Properly'],['Normal'],['Vehicle is going straight thru inter.while ped cross without ROW'],['Crossing without right of way'],['Normal'],[],[],[],D12,False,"['60 to 64', '10 to 14']",3.0
1138159.0,2009-11-21 10:00:00,1758,2009,DANFORTH RD,HORTON BLVD,,Major Arterial,Scarborough,43.735845,-79.24689,641177.4148,4844026.8669,At Intersection,No Control,Clear,Dark,Dry,138,Eglinton East,138,Eglinton East (138),Non-Fatal Injury,1,0,1,0,0,0,0,0,0,0,0,0,0,Pedestrian Collisions,"['Vehicle Owner', 'Driver', 'Pedestrian']",East,"['Other', 'Automobile, Station Wagon']",['Going Ahead'],['Driving Properly'],['Normal'],['Vehicle is going straight thru inter.while ped cross without ROW'],['Running onto Roadway'],['Had Been Drinking'],[],[],[],D43,False,"['unknown', '25 to 29', '50 to 54']",3.0
1138372.0,2009-10-30 08:00:00,1950,2009,MIDLAND AVE,WOLFE AVE,,Minor Arterial,Scarborough,43.727445,-79.25509,640536.7104,4843079.9815,,No Control,Clear,Dark,Dry,124,Kennedy Park,124,Kennedy Park (124),Non-Fatal Injury,1,0,1,0,0,0,0,0,0,0,0,0,0,Pedestrian Collisions,"['Pedestrian', 'Vehicle Owner', 'Driver', 'Other Property Owner']",East,"['Other', 'Automobile, Station Wagon']",['Reversing'],['Lost control'],['Normal'],['Vehicle is reversing and hits pedestrian'],['Other'],['Normal'],[],[],[],D41,False,"['15 to 19', 'unknown', '50 to 54']",3.0
1138618.0,2009-11-24 10:00:00,630,2009,WARDEN AVE,CATARAQUI CRES,,Minor Arterial,Scarborough,43.702545,-79.27699,638830.333,4840277.5648,At Intersection,No Control,Rain,Dark,Wet,120,Clairlea-Birchmount,120,Clairlea-Birchmount (120),Fatal,1,0,1,0,0,0,0,0,0,0,0,0,0,Pedestrian Collisions,"['Vehicle Owner', 'Driver', 'Pedestrian']",East,"['Other', 'Automobile, Station Wagon']",['Going Ahead'],['Driving Properly'],['Normal'],['Pedestrian hit at mid-block'],"['Crossing, no Traffic Control']",['Unknown'],[],[],[],D41,True,"['unknown', '55 to 59', '45 to 49']",4.0
1138973.0,2009-11-25 10:00:00,1144,2009,ELLESMERE RD,MIDLAND AVE,,Major Arterial,Scarborough,43.767945,-79.27109,639154.1548,4847551.1082,,Traffic Signal,Rain,Daylight,Wet,156,Bendale-Glen Andrew,127,Bendale (127),Non-Fatal Injury,1,0,1,0,0,0,0,0,0,0,0,0,0,Pedestrian Collisions,"['Pedestrian', 'Driver']",East,"['Other', 'Automobile, Station Wagon']",['Going Ahead'],['Driving Properly'],['Normal'],['Vehicle is going straight thru inter.while ped cross without ROW'],['Crossing without right of way'],['Had Been Drinking'],[],[],[],D41,False,"['30 to 34', '65 to 69']",3.0
1139022.0,2009-11-02 10:00:00,1758,2009,ST CLAIR Aven E,SELWYN Aven,,Major Arterial,Toronto and East York,43.706945,-79.30589,636491.7221,4840718.2567,At Intersection,Traffic Signal,Rain,Dark,Wet,54,O'Connor-Parkview,54,O'Connor-Parkview (54),Non-Fatal Injury,1,0,1,0,0,0,0,0,0,1,0,0,0,Pedestrian Collisions,"['Driver', 'Pedestrian']",North,"['Pick Up Truck', 'Other']",['Turning Left'],['Failed to Yield Right of Way'],['Normal'],['Vehicle turns left while ped crosses with ROW at inter.'],['Crossing with right of way'],['Normal'],[],[],[],D55,False,"['60 to 64', '15 to 19']",3.0
1139055.0,2009-11-02 10:00:00,1823,2009,JANE ST,ANNETTE ST,,Major Arterial,Toronto and East York,43.658245,-79.48809,621910.6228,4835025.6081,,Traffic Signal,Clear,Dark,Wet,89,Runnymede-Bloor West Village,89,Runnymede-Bloor West Village (89),Non-Fatal Injury,0,0,1,0,0,0,0,0,0,1,0,0,0,Turning Movement,"['Vehicle Owner', 'Driver']",North,"['Other', 'Automobile, Station Wagon']","['Turning Left', 'Going Ahead']","['Failed to Yield Right of Way', 'Driving Properly']",['Normal'],[],[],[],[],[],[],D11,False,"['unknown', '40 to 44', '55 to 59']",3.0
1139232.0,2009-11-26 10:00:00,10,2009,HIGHWAY 27  N,HUMBER COLLEGE Boul,,Major Arterial,Etobicoke York,43.730445,-79.60139,612639.5294,4842884.158,,Traffic Signal,Clear,Dark,Wet,1,West Humber-Clairville,1,West Humber-Clairville (1),Non-Fatal Injury,1,0,1,0,0,0,0,1,0,0,0,0,0,Pedestrian Collisions,"['Passenger', 'Vehicle Owner', 'Driver', 'Pedestrian']",East,"['Other', 'Automobile, Station Wagon']","['Going Ahead', 'Other']",['Driving Properly'],['Normal'],['Vehicle is going straight thru inter.while ped cross without ROW'],['Crossing without right of way'],['Inattentive'],[],[],[],D23,False,"['25 to 29', 'unknown', '20 to 24']",3.0
1139402.0,2009-11-06 10:00:00,600,2009,3655 KEELE ST,,,Major Arterial,Etobicoke York,43.753045,-79.48839,621694.4562,4845554.0198,,No Control,Clear,Dark,Dry,27,York University Heights,27,York University Heights (27),Non-Fatal Injury,0,1,1,0,0,0,0,0,0,0,0,0,0,Turning Movement,"['Driver', 'Moped Driver']",North,"['Pick Up Truck', 'Moped']","['Turning Left', 'Going Ahead']","['Improper Turn', 'Driving Properly']",['Normal'],[],[],[],[],[],[],D31,False,"['25 to 29', '55 to 59']",3.0
1139418.0,2009-11-27 10:00:00,655,2009,MARKHAM RD,TUXEDO CRT,,Major Arterial,Scarborough,43.779545,-79.23299,642193.2352,4848904.2056,At Intersection,Traffic Signal,Clear,Daylight,Dry,142,Woburn North,137,Woburn (137),Non-Fatal Injury,1,0,1,0,0,0,0,0,0,0,0,0,0,Pedestrian Collisions,"['Driver', 'Pedestrian']",South,"['Automobile, Station Wagon', 'Other']",['Going Ahead'],['Driving Properly'],['Normal'],['Vehicle is going straight thru inter.while ped cross without ROW'],['Crossing without right of way'],['Normal'],[],[],[],D43,False,"['60 to 64', '70 to 74']",3.0
1139528.0,2009-11-28 10:00:00,1810,2009,F G GARDINER Expr E,REES Stre,,Major Arterial,Toronto and East York,43.639545,-79.38649,630143.4503,4833103.0229,,No Control,Clear,Dark,Dry,165,Harbourfront-CityPlace,77,Waterfront Communities-The Island (77),Non-Fatal Injury,0,0,0,1,0,0,0,0,1,1,0,0,0,SMV Other,['Motorcycle Driver'],East,['Motorcycle'],['Going Ahead'],['Speed too Fast For Condition'],['Normal'],[],[],[],[],[],[],D52,False,['25 to 29'],3.0
1139818.0,2009-11-30 10:00:00,1716,2009,LAWRENCE AVE W,BRUCEWOOD CRES,,Major Arterial,North York,43.718945,-79.43099,626387.2884,4841852.6526,At Intersection,No Control,Clear,Dark,Dry,32,Englemount-Lawrence,32,Englemount-Lawrence (32),Non-Fatal Injury,1,0,1,0,0,0,0,0,0,0,0,0,0,Pedestrian Collisions,"['Driver', 'Pedestrian']",East,"['Automobile, Station Wagon', 'Other']",['Going Ahead'],['Driving Properly'],['Normal'],['Pedestrian hit at mid-block'],"['Crossing, no Traffic Control']",['Normal'],[],[],[],D13,False,"['60 to 64', '50 to 54']",3.0
1140459.0,2009-12-05 10:00:00,2211,2009,PHARMACY AVE,FINCH AVE E,,Major Arterial,Scarborough,43.794345,-79.32599,634676.0998,4850392.4433,,Traffic Signal,Clear,Dark,Dry,147,L'Amoreaux West,117,L'Amoreaux (117),Non-Fatal Injury,1,0,1,0,0,0,0,0,0,1,0,0,0,Pedestrian Collisions,"['Driver', 'Pedestrian']",North,"['Automobile, Station Wagon', 'Other']",['Turning Left'],['Failed to Yield Right of Way'],['Normal'],['Vehicle turns left while ped crosses with ROW at inter.'],['Crossing with right of way'],['Normal'],[],[],[],D42,False,"['45 to 49', '50 to 54']",3.0
1140607.0,2009-11-06 10:00:00,1033,2009,GROSVENOR ST,BAY ST,,Collector,Toronto and East York,43.662245,-79.38739,630021.8641,4835622.7447,,No Control,Clear,Daylight,Dry,169,Bay-Cloverhill,76,Bay Street Corridor (76),Non-Fatal Injury,0,1,1,0,0,0,0,0,0,1,0,0,0,Sideswipe,"['Moped Driver', 'Driver']",West,"['Moped', 'Automobile, Station Wagon']","['Overtaking', 'Pulling Away from Shoulder or Curb']","['Improper Passing', 'Failed to Yield Right of Way']",['Normal'],[],[],[],[],[],[],D52,False,"['35 to 39', '55 to 59']",3.0
1140679.0,2009-11-09 10:00:00,609,2009,DANFORTH AVE,DRAYTON AVE,,Major Arterial,Toronto and East York,43.684045,-79.32019,635391.1087,4838151.4429,At Intersection,No Control,Clear,Dark,Dry,64,Woodbine Corridor,64,Woodbine Corridor (64),Non-Fatal Injury,1,0,0,1,0,0,0,0,0,0,0,0,0,Pedestrian Collisions,"['Motorcycle Driver', 'Pedestrian']",North,"['Motorcycle', 'Other']",['Going Ahead'],['Driving Properly'],['Normal'],['Vehicle is going straight thru inter.while ped cross without ROW'],"['Crossing, no Traffic Control']",['Inattentive'],[],[],[],D55,False,"['60 to 64', '40 to 44']",3.0
1140739.0,2009-11-09 10:00:00,1255,2009,QUEEN Stre W,ST PATRICK Stre,,Major Arterial,Toronto and East York,43.650445,-79.38869,629942.4959,4834310.1624,At Intersection,Traffic Signal,Clear,Daylight,Dry,78,Kensington-Chinatown,78,Kensington-Chinatown (78),Non-Fatal Injury,1,1,0,0,0,0,0,0,0,0,0,0,0,Pedestrian Collisions,"['Pedestrian', 'Cyclist']",East,"['Other', 'Bicycle']",['Going Ahead'],[],[],['Vehicle is going straight thru inter.while ped cross without ROW'],['Crossing without right of way'],['Inattentive'],['Cyclist strikes pedestrian.'],['Driving Properly'],['Normal'],D52,False,"['35 to 39', '25 to 29']",3.0
1140944.0,2009-12-08 10:00:00,540,2009,FINCH AVE W,KIPLING AVE,,Major Arterial,Etobicoke York,43.743245,-79.58209,614169.572,4844332.1945,At Intersection,Traffic Signal,Clear,Dark,Dry,3,Thistletown-Beaumond Heights,3,Thistletown-Beaumond Heights (3),Fatal,1,0,1,0,0,0,0,0,0,0,0,0,0,Pedestrian Collisions,"['Vehicle Owner', 'Driver', 'Pedestrian']",North,"['Other', 'Automobile, Station Wagon']",['Turning Left'],['Other'],['Inattentive'],['Other / Undefined'],['Other'],['Normal'],[],[],[],D23,True,"['unknown', '60 to 64', '70 to 74']",4.0
1140988.0,2009-12-08 10:00:00,1456,2009,FINCH AVE E,DON MILLS RD,,Major Arterial,North York,43.792645,-79.35469,632370.8812,4850157.3308,,Traffic Signal,Clear,Daylight,Dry,47,Don Valley Village,47,Don Valley Village (47),Fatal,0,0,1,0,0,0,0,1,0,0,0,0,0,Turning Movement,"['Passenger', 'Driver', 'Vehicle Owner']",East,"['Other', 'Automobile, Station Wagon']","['Turning Left', 'Stopped', 'Going Ahead']","['Improper Turn', 'Driving Properly']",['Normal'],[],[],[],[],[],[],D33,True,"['85 to 89', '70 to 74', '20 to 24', 'unknown']",4.0
1141084.0,2009-11-11 10:00:00,1303,2009,HIGHWAY 27  N,STEELES AVE W,,Major Arterial,Etobicoke York,43.755445,-79.61409,611570.2592,4845643.5798,At Intersection,Traffic Signal,Clear,Daylight,Dry,1,West Humber-Clairville,1,West Humber-Clairville (1),Non-Fatal Injury,0,0,1,0,0,0,0,0,0,1,0,0,0,Rear End,['Driver'],North,"['Automobile, Station Wagon']",['Turning Right'],"['Driving Properly', 'Following too Close']","['Normal', 'Fatigue']",[],[],[],[],[],[],D23,False,"['50 to 54', '55 to 59']",3.0
1141277.0,2009-12-05 10:00:00,2320,2009,FINCH AVE W,BATHURST ST,,Major Arterial,North York,43.773845,-79.44299,625306.0497,4847931.875,,Traffic Signal,Clear,Dark,Dry,37,Willowdale West,37,Willowdale West (37),Non-Fatal Injury,1,0,1,0,0,0,0,0,0,1,1,0,0,Pedestrian Collisions,"['Pedestrian', 'Driver']",East,"['Other', 'Automobile, Station Wagon']",['Going Ahead'],['Disobeyed Traffic Control'],['Unknown'],['Vehicle is going straight thru inter.while ped cross with ROW'],['Crossing with right of way'],['Normal'],[],[],[],D32,False,"['30 to 34', 'unknown']",3.0
1141415.0,2009-11-13 10:00:00,1439,2009,NEILSON RD,MCLEVIN AVE,,Minor Arterial,Scarborough,43.809145,-79.22169,643031.9298,4852211.2337,At Intersection,Traffic Signal,Clear,Daylight,Dry,145,Malvern West,132,Malvern (132),Non-Fatal Injury,1,0,1,0,0,0,0,0,0,1,0,0,0,Pedestrian Collisions,"['Vehicle Owner', 'Driver', 'Pedestrian']",East,"['Other', 'Automobile, Station Wagon']",['Turning Left'],['Failed to Yield Right of Way'],['Normal'],['Vehicle turns left while ped crosses with ROW at inter.'],['Crossing with right of way'],['Normal'],[],[],[],D42,False,"['unknown', '35 to 39', '75 to 79']",3.0
1141420.0,2009-11-13 10:00:00,1558,2009,DEWSON ST,DOVERCOURT RD,,Minor Arterial,Toronto and East York,43.656145,-79.42739,626809.5441,4834883.3503,At Intersection,Traffic Signal,Clear,Daylight,Dry,80,Palmerston-Little Italy,80,Palmerston-Little Italy (80),Non-Fatal Injury,0,0,1,1,0,0,0,0,0,0,0,0,0,Turning Movement,"['Motorcycle Driver', 'Driver']",North,"['Motorcycle', 'Automobile, Station Wagon']","['Stopped', 'Turning Right']","['Driving Properly', 'Improper Turn']","['Normal', 'Inattentive']",[],[],[],[],[],[],D14,False,"['45 to 49', '75 to 79']",3.0
1141450.0,2009-11-14 10:00:00,1707,2009,WARDEN Aven,ARKONA Driv,,Major Arterial,Scarborough,43.773045,-79.30539,636381.8401,4848060.4712,At Intersection,Traffic Signal,Clear,Dark,Dry,118,Tam O'Shanter-Sullivan,118,Tam O'Shanter-Sullivan (118),Non-Fatal Injury,0,0,1,0,0,0,0,1,0,0,0,0,0,Turning Movement,"['Passenger', 'Driver', 'Other Property Owner']",North,"['Other', 'Automobile, Station Wagon']","['Going Ahead', 'Turning Left']","['Driving Properly', 'Improper Turn']",['Normal'],[],[],[],[],[],[],D42,False,"['55 to 59', '60 to 64', '20 to 24', 'unknown']",3.0
1141557.0,2009-11-16 10:00:00,2120,2009,ELLESMERE Road,BRIMLEY Road,,Major Arterial,Scarborough,43.770045,-79.26129,639938.0352,4847800.862,At Intersection,Traffic Signal,Clear,Dark,Dry,156,Bendale-Glen Andrew,127,Bendale (127),Non-Fatal Injury,1,0,1,0,0,0,0,0,0,1,0,0,0,Pedestrian Collisions,"['Driver', 'Pedestrian']",East,"['Automobile, Station Wagon', 'Other']","['Turning Left', 'Other']",['Failed to Yield Right of Way'],[],[],[],[],[],[],[],D43,False,"['25 to 29', 'unknown']",3.0
1141576.0,2009-11-18 10:00:00,1050,2009,COLLEGE Stre,BEVERLEY Stre,,Major Arterial,Toronto and East York,43.658845,-79.39529,629392.198,4835232.7793,,No Control,Clear,Daylight,Dry,79,University,79,University (79),Non-Fatal Injury,0,1,1,0,0,0,0,0,0,1,0,0,0,Cyclist Collisions,"['Driver', 'Cyclist']",East,"['Automobile, Station Wagon', 'Bicycle']","['Turning Right', 'Going Ahead']",['Failed to Yield Right of Way'],['Inattentive'],[],[],[],"['Motorist turns right at non-signal Inter.(stop, yield, no cont.,and dwy) and strikes cyclist.']",['Driving Properly'],['Normal'],D52,False,['30 to 34'],3.0
1141818.0,2009-12-12 10:00:00,1125,2009,BROWNS LINE,RIMILTON AVE,,Major Arterial,Etobicoke York,43.603845,-79.54619,617331.5809,4828900.0939,,No Control,Clear,Daylight,Dry,20,Alderwood,20,Alderwood (20),Non-Fatal Injury,0,1,0,0,0,0,0,0,0,0,0,0,0,Cyclist Collisions,['Cyclist'],South,['Bicycle'],['Going Ahead'],[],[],[],[],[],['Cyclist falls off bike - no contact with motorist.'],['Lost control'],['Medical or Physical Disability'],D22,False,['65 to 69'],3.0
1142007.0,2009-12-13 10:00:00,1805,2009,WARDEN AVE,MCNICOLL AVE,,Major Arterial,Scarborough,43.809145,-79.32229,634940.4472,4852042.2472,,No Control,Rain,Dark,Wet,116,Steeles,116,Steeles (116),Non-Fatal Injury,1,0,1,0,0,0,0,0,0,0,0,0,0,Pedestrian Collisions,"['Driver', 'Pedestrian']",North,"['Automobile, Station Wagon', 'Other']",['Slowing or Stopping'],['Driving Properly'],['Normal'],['Pedestrian hit at mid-block'],"['Crossing, no Traffic Control']",['Inattentive'],[],[],[],D42,False,"['50 to 54', '20 to 24']",3.0
1142168.0,2009-12-15 10:00:00,122,2009,WILSON AVE,DUFFERIN ST,,Major Arterial,North York,43.732245,-79.45799,624184.8729,4843288.989,At Intersection,No Control,Clear,Dark,Wet,33,Clanton Park,33,Clanton Park (33),Fatal,0,0,1,0,0,0,0,0,0,0,0,0,0,SMV Unattended Vehicle,"['Driver', 'Other']",West,"['Automobile, Station Wagon', 'Other']","['Going Ahead', 'Parked']",['Lost control'],['Had Been Drinking'],[],[],[],[],[],[],D32,True,"['25 to 29', 'unknown']",4.0
1142399.0,2009-12-15 10:00:00,1943,2009,505 KINGSTON RD,,,Major Arterial,Toronto and East York,43.677545,-79.30259,636824.4436,4837458.4117,,No Control,Clear,Dark,Dry,63,The Beaches,62,East End-Danforth (62),Non-Fatal Injury,0,1,1,0,0,0,0,0,0,0,0,0,0,Cyclist Collisions,"['Driver', 'Cyclist']",West,"['Automobile, Station Wagon', 'Bicycle']","['Parked', 'Going Ahead']",['Other'],['Unknown'],[],[],[],['Cyclist strikes a parked vehicle.'],['Improper Passing'],"['Ability Impaired, Alcohol']",D55,False,"['unknown', '40 to 44']",3.0
1142556.0,2009-11-20 10:00:00,1835,2009,THE QUEENSWAY,THE WEST MALL,,Major Arterial,Etobicoke York,43.613645,-79.56039,616166.6765,4829968.5392,,Traffic Signal,Clear,Dark,Dry,159,Etobicoke City Centre,14,Islington-City Centre West (14),Non-Fatal Injury,1,0,1,0,0,0,0,0,0,1,0,0,0,Pedestrian Collisions,"['Pedestrian', 'Driver']",North,"['Other', 'Automobile, Station Wagon']",['Turning Left'],['Failed to Yield Right of Way'],['Inattentive'],['Vehicle turns left while ped crosses with ROW at inter.'],['Crossing with right of way'],['Normal'],[],[],[],D22,False,"['50 to 54', '55 to 59']",3.0
1142865.0,2009-12-17 10:00:00,1950,2009,BLOOR ST E,CASTLE FRANK CRES,,Major Arterial,Toronto and East York,43.672945,-79.36929,631457.8902,4836839.6488,At Intersection,No Control,Clear,Dark,Dry,71,Cabbagetown-South St.James Town,71,Cabbagetown-South St.James Town (71),Fatal,1,0,1,0,0,0,0,0,0,0,0,0,0,Pedestrian Collisions,"['Driver', 'Pedestrian']",North,"['Automobile, Station Wagon', 'Other']",['Going Ahead'],['Driving Properly'],['Normal'],['Pedestrian hit at mid-block'],['Running onto Roadway'],['Inattentive'],[],[],[],D51,True,"['35 to 39', '60 to 64']",4.0
1142942.0,2009-12-10 10:00:00,2010,2009,BLOOR Stre W,SHAVER Aven N,,Major Arterial,Etobicoke York,43.639045,-79.54779,617134.0762,4832807.2232,,Traffic Signal,Rain,Dark,Wet,158,Islington,14,Islington-City Centre West (14),Non-Fatal Injury,0,0,1,0,0,0,0,0,1,1,1,0,0,Angle,"['Driver', 'Vehicle Owner']",East,"['Automobile, Station Wagon', 'Other']",['Going Ahead'],"['Driving Properly', 'Disobeyed Traffic Control']","['Normal', 'Unknown']",[],[],[],[],[],[],D22,False,"['65 to 69', '55 to 59', 'unknown']",3.0
1143058.0,2009-11-26 10:00:00,630,2009,1050 ELLESMERE Rd,,,Major Arterial,Scarborough,43.767445,-79.27329,638978.2402,4847491.8806,,No Control,Rain,Dark,Wet,126,Dorset Park,126,Dorset Park (126),Non-Fatal Injury,0,1,1,0,0,0,0,0,0,1,0,0,0,Cyclist Collisions,"['Driver', 'Cyclist']",East,"['Automobile, Station Wagon', 'Bicycle']",['Going Ahead'],['Failed to Yield Right of Way'],['Inattentive'],[],[],[],['Cyclist and Driver travelling in same direction. One vehicle rear-ended the other.'],['Driving Properly'],['Normal'],D41,False,"['70 to 74', '40 to 44']",3.0
1143126.0,2009-12-18 10:00:00,700,2009,ST CLAIR Aven E,BRIMLEY Road,,Minor Arterial,Scarborough,43.720845,-79.24149,641647.6359,4842370.1095,At Intersection,Traffic Signal,Clear,Daylight,Wet,123,Cliffcrest,123,Cliffcrest (123),Non-Fatal Injury,0,0,1,0,0,0,0,0,0,1,1,0,0,Angle,['Driver'],North,"['Automobile, Station Wagon']",['Going Ahead'],"['Disobeyed Traffic Control', 'Driving Properly']",['Normal'],[],[],[],[],[],[],D41,False,"['40 to 44', '35 to 39']",3.0
1143325.0,2009-11-24 10:00:00,1310,2009,WARDEN AVE,HUNTINGWOOD DR,,Major Arterial,Scarborough,43.78493,-79.310741,635924.2537,4849371.6856,,No Control,Rain,Daylight,Wet,118,Tam O'Shanter-Sullivan,118,Tam O'Shanter-Sullivan (118),Non-Fatal Injury,0,0,1,0,1,0,0,0,0,1,0,0,0,Turning Movement,"['Vehicle Owner', 'Truck Driver', 'Driver']",North,"['Other', 'Truck - Open', 'Automobile, Station Wagon']","['Going Ahead', 'Turning Right']","['Driving Properly', 'Failed to Yield Right of Way']","['Normal', 'Inattentive']",[],[],[],[],[],[],D42,False,"['unknown', '35 to 39', '40 to 44']",3.0
1143343.0,2009-11-25 10:00:00,1920,2009,MAGNETIC Driv,ALNESS Stre,,Minor Arterial,North York,43.782545,-79.47929,622366.9033,4848843.847,At Intersection,Stop Sign,Clear,Dark,Wet,27,York University Heights,27,York University Heights (27),Non-Fatal Injury,0,0,1,0,0,0,0,1,0,0,0,0,0,Turning Movement,"['Passenger', 'Driver']",West,"['Other', 'Automobile, Station Wagon']",['Turning Left'],['Improper Turn'],['Normal'],[],[],[],[],[],[],D32,False,"['20 to 24', '25 to 29']",3.0
1143350.0,2009-11-27 10:00:00,1510,2009,LOWER JARVIS Stre,LAKE SHORE Boul E,,Major Arterial,Toronto and East York,43.646145,-79.37009,631451.8703,4833861.8846,,No Control,Clear,Daylight,Dry,166,St Lawrence-East Bayfront-The Islands,77,Waterfront Communities-The Island (77),Non-Fatal Injury,0,0,1,0,0,0,0,0,0,1,0,0,0,Rear End,"['Vehicle Owner', 'Driver']",South,"['Other', 'Automobile, Station Wagon']","['Stopped', 'Going Ahead']","['Driving Properly', 'Following too Close']","['Normal', 'Inattentive']",[],[],[],[],[],[],D51,False,"['unknown', '35 to 39', '20 to 24']",3.0
1143363.0,2009-11-27 10:00:00,1725,2009,SHEPPARD AVE E,ROUGE RIVER DR,,Major Arterial,Scarborough,43.804945,-79.18659,645865.3291,4851806.0319,,No Control,Rain,Dark,Wet,143,West Rouge,131,Rouge (131),Non-Fatal Injury,1,0,1,0,0,0,0,0,0,0,0,0,0,Pedestrian Collisions,"['Driver', 'Pedestrian']",North,"['Automobile, Station Wagon', 'Other']",['Going Ahead'],['Driving Properly'],['Normal'],['Vehicle is going straight thru inter.while ped cross without ROW'],"['Crossing, no Traffic Control']",['Normal'],[],[],[],D42,False,"['50 to 54', '45 to 49']",3.0
1143613.0,2009-11-28 10:00:00,2002,2009,KIPLING AVE,BELFIELD RD,,Major Arterial,Etobicoke York,43.704845,-79.56349,615741.1695,4840093.1367,At Intersection,Traffic Signal,Clear,Dark,Dry,1,West Humber-Clairville,1,West Humber-Clairville (1),Non-Fatal Injury,0,0,1,0,0,0,0,0,1,1,1,0,1,Angle,['Driver'],South,"['Automobile, Station Wagon']",['Going Ahead'],"['Disobeyed Traffic Control', 'Driving Properly']","['Medical or Physical Disability', 'Normal']",[],[],[],[],[],[],D23,False,"['60 to 64', '45 to 49']",3.0