accident_number,date,time,year,street1,street2,offset,road_class,district,latitude,longitude,x,y,accident_location,traffctl,visibility,light,road_surface_condition,hood_158,neighbourhood_new,hood_140,neighbourhood_old,accident_class,pedestrian,cyclist,automobile,motorcycle,truck,trsn_city_veh,emerg_veh,passenger,speeding,aggressive_driving,redlight,alcohol,disability,impact_type,involvement_type,initial_direction,vehicle_type,manoeuver,driver_action,driver_condition,pedestrian_type,pedestrian_action,pedestrian_condition,cyclist_type,cyclist_action,cyclist_condition,division,injury,involvement_age,injury_severity_score
1184792.0,2020-06-27 08:00:00,1643,2020,EGLINTON AVE W,SCARLETT RD,,Major Arterial,Etobicoke York,43.68389,-79.511417,619978.56,4837839.8142,At Intersection,Traffic Signal,Clear,Daylight,Dry,9,Edenbridge-Humber Valley,9,Edenbridge-Humber Valley (9),Non-Fatal Injury,0,1,1,0,0,0,0,0,0,1,0,0,0,Cyclist Collisions,"['Driver', 'Cyclist']",East,"['Pick Up Truck', 'Bicycle']","['Turning Right', 'Going Ahead']",['Failed to Yield Right of Way'],['Normal'],[],[],[],['Motorist turning right on green or amber at signalized intersection strikes cyclist.'],['Driving Properly'],['Normal'],D22,False,"['35 to 39', '10 to 14']",3.0
1185601.0,2010-08-21 08:00:00,1338,2010,GERRARD ST E,NASMITH AVE,,Minor Arterial,Toronto and East York,43.662945,-79.36229,632044.1193,4835740.1315,,No Control,Rain,Daylight,Wet,72,Regent Park,72,Regent Park (72),Non-Fatal Injury,0,0,1,1,0,0,0,0,0,1,0,0,0,Rear End,"['Motorcycle Driver', 'Other', 'Driver']",East,"['Motorcycle', 'Other', 'Automobile, Station Wagon']","['Going Ahead', 'Parked']","['Driving Properly', 'Following too Close']","['Normal', 'Unknown']",[],[],[],[],[],[],D51,False,"['55 to 59', 'unknown']",3.0
1185727.0,2010-07-20 08:00:00,2141,2010,FLEET ST,FLEET LAKE SHORE BLVD RAMP ST,,Major Arterial,Toronto and East York,43.636045,-79.40209,628892.6463,4832689.9606,,Traffic Signal,Clear,Dark,Dry,163,Fort York-Liberty Village,82,Niagara (82),Non-Fatal Injury,0,1,0,0,0,1,0,0,0,0,0,0,0,Cyclist Collisions,"['Vehicle Owner', 'Driver', 'Cyclist']",North,"['Other', 'Municipal Transit Bus (TTC)', 'Bicycle']",['Going Ahead'],['Driving Properly'],['Normal'],[],[],[],"['Cyclist without ROW rides into path of motorist at inter, lnwy, dwy-Cyclist not turn.']",['Disobeyed Traffic Control'],['Normal'],D14,False,"['unknown', '50 to 54']",3.0
1185756.0,2010-07-22 08:00:00,1234,2010,KING ST W,UNIVERSITY AVE,,Major Arterial,Toronto and East York,43.647643,-79.384792,630262.9066,4834005.0748,At Intersection,Traffic Signal,Clear,Daylight,Dry,170,Yonge-Bay Corridor,76,Bay Street Corridor (76),Non-Fatal Injury,0,1,1,0,0,0,0,0,0,0,0,0,0,Cyclist Collisions,"['Vehicle Owner', 'Driver', 'Cyclist']",East,"['Automobile, Station Wagon', 'Bicycle']","['Stopped', 'Going Ahead']",['Driving Properly'],['Normal'],[],[],[],['Cyclist and Driver travelling in same direction. One vehicle rear-ended the other.'],['Improper Passing'],['Inattentive'],D52,False,"['unknown', '25 to 29', '15 to 19']",3.0
1185844.0,2010-08-27 08:00:00,128,2010,DUNDAS ST W,BURNHAMTHORPE RD,,Major Arterial,Etobicoke York,43.648945,-79.52929,618606.8,4833933.0161,,No Control,Clear,Dark,Dry,158,Islington,14,Islington-City Centre West (14),Non-Fatal Injury,1,0,1,0,0,0,0,0,0,0,0,0,0,Pedestrian Collisions,"['Driver', 'Pedestrian']",East,"['Automobile, Station Wagon', 'Other']",['Going Ahead'],['Other'],['Had Been Drinking'],['Pedestrian hit at mid-block'],"['Crossing, no Traffic Control']",['Had Been Drinking'],[],[],[],D22,False,"['20 to 24', '85 to 89']",3.0
1185970.0,2010-07-22 08:00:00,823,2010,OAKWOOD AVE,ROGERS RD,,Minor Arterial,Toronto and East York,43.687145,-79.43869,625833.5428,4838309.1069,At Intersection,Traffic Signal,Clear,Daylight,Dry,107,Oakwood Village,107,Oakwood Village (107),Non-Fatal Injury,1,0,1,0,0,0,0,0,0,1,0,0,0,Pedestrian Collisions,"['Driver', 'Pedestrian', 'Vehicle Owner']",East,"['Automobile, Station Wagon', 'Other']",['Turning Left'],['Failed to Yield Right of Way'],['Inattentive'],['Vehicle turns left while ped crosses with ROW at inter.'],['Crossing with right of way'],['Normal'],[],[],[],D13,False,"['25 to 29', '20 to 24', 'unknown']",3.0
1186032.0,2010-07-24 08:00:00,309,2010,DUFFERIN ST,WALLACE AVE,,Major Arterial,Toronto and East York,43.664245,-79.43719,626002.3554,4835768.0315,,No Control,Clear,Daylight,Dry,172,Dovercourt Village,93,Dovercourt-Wallace Emerson-Junction (93),Non-Fatal Injury,0,0,1,0,0,0,0,0,1,1,0,1,0,SMV Unattended Vehicle,"['Other', 'Vehicle Owner', 'Driver']",Unknown,"['Other', 'Automobile, Station Wagon']","['Parked', 'Going Ahead']",['Lost control'],"['Ability Impaired, Alcohol']",[],[],[],[],[],[],D14,False,"['unknown', '25 to 29']",3.0
1186269.0,2010-07-25 08:00:00,1340,2010,MAPLEBRANCH PATH,DIXON RD,,Major Arterial,Etobicoke York,43.697445,-79.54519,617230.0522,4839296.9764,At Intersection,Stop Sign,Clear,Daylight,Dry,6,Kingsview Village-The Westway,6,Kingsview Village-The Westway (6),Non-Fatal Injury,0,1,1,0,0,0,0,0,0,1,0,0,0,Cyclist Collisions,"['Driver', 'Cyclist']",East,"['Automobile, Station Wagon', 'Bicycle']","['Turning Right', 'Going Ahead']",['Failed to Yield Right of Way'],['Inattentive'],[],[],[],"['Motorist turns right at non-signal Inter.(stop, yield, no cont.,and dwy) and strikes cyclist.']",['Failed to Yield Right of Way'],['Inattentive'],D23,False,"['55 to 59', '15 to 19']",3.0
1186302.0,2010-07-26 08:00:00,1947,2010,YONGE ST,DUNDAS ST E,,Major Arterial,Toronto and East York,43.656345,-79.38089,630558.7401,4834977.6785,,Traffic Signal,Clear,Daylight,Dry,168,Downtown Yonge East,75,Church-Yonge Corridor (75),Non-Fatal Injury,0,1,0,0,0,0,0,0,0,0,0,0,0,Cyclist Collisions,"['Driver', 'Vehicle Owner', 'Cyclist']",North,"['Other', 'Bicycle']","['Going Ahead', 'Turning Left']",['Driving Properly'],['Normal'],[],[],[],['Cyclist turned left across motorists path.'],['Improper Turn'],['Had Been Drinking'],D51,False,"['30 to 34', 'unknown', '40 to 44']",3.0
1186370.0,2010-07-18 08:00:00,427,2010,QUEEN ST W,UNIVERSITY AVE,,Major Arterial,Toronto and East York,43.650845,-79.38659,630110.9864,4834357.8781,,Traffic Signal,Clear,Dark,Dry,170,Yonge-Bay Corridor,76,Bay Street Corridor (76),Non-Fatal Injury,1,0,1,0,0,0,0,0,0,1,1,0,0,Pedestrian Collisions,"['Vehicle Owner', 'Driver', 'Pedestrian']",East,"['Other', 'Automobile, Station Wagon']",['Going Ahead'],['Disobeyed Traffic Control'],['Inattentive'],['Vehicle is going straight thru inter.while ped cross with ROW'],['Crossing with right of way'],['Had Been Drinking'],[],[],[],D52,False,"['unknown', '35 to 39', '25 to 29']",3.0
1186516.0,2010-07-23 08:00:00,1737,2010,DANFORTH AVE,GREENWOOD AVE,,Major Arterial,Toronto and East York,43.681245,-79.33319,634349.5592,4837819.3228,,No Control,Clear,Daylight,Dry,69,Blake-Jones,69,Blake-Jones (69),Non-Fatal Injury,0,0,1,1,0,0,0,0,0,0,0,0,0,Turning Movement,"['Motorcycle Driver', 'Other', 'Vehicle Owner', 'Driver']",East,"['Motorcycle', 'Other', 'Automobile, Station Wagon']","['Going Ahead', 'Parked', 'Making U Turn']","['Driving Properly', 'Improper Turn']","['Normal', 'Inattentive']",[],[],[],[],[],[],D55,False,"['25 to 29', 'unknown', '35 to 39']",3.0
118659.0,2020-01-17 10:00:00,2140,2020,THE EAST MALL,CORONET RD,,Minor Arterial,Etobicoke York,43.622786,-79.549739,617008.4153,4830998.7122,At Intersection,No Control,Clear,"Dark, artificial",Dry,159,Etobicoke City Centre,14,Islington-City Centre West (14),Non-Fatal Injury,0,0,1,0,0,0,0,0,0,0,0,1,0,Sideswipe,['Driver'],South,"['Automobile, Station Wagon']","['Changing Lanes', 'Going Ahead']","['Improper Lane Change', 'Driving Properly']","['Ability Impaired, Alcohol Over .08', 'Normal']",[],[],[],[],[],[],D22,False,"['30 to 34', '40 to 44']",3.0
1186795.0,2010-08-28 08:00:00,2030,2010,WESTMORE DR,COUNTRYMAN CRCL,,Collector,Etobicoke York,43.733645,-79.600589,612698.0378,4843240.6521,At Intersection,Stop Sign,Clear,Dark,Dry,1,West Humber-Clairville,1,West Humber-Clairville (1),Non-Fatal Injury,1,0,1,0,0,0,0,0,0,0,0,0,0,Pedestrian Collisions,"['Driver', 'Pedestrian']",North,"['Automobile, Station Wagon', 'Other']",['Going Ahead'],['Driving Properly'],['Unknown'],['Pedestrian hit at mid-block'],"['Crossing, no Traffic Control']",['Inattentive'],[],[],[],D23,False,"['unknown', '15 to 19']",3.0
1186908.0,2010-09-02 08:00:00,1040,2010,MILLWOOD Rd,VILLAGE STATION Rd,,Major Arterial,North York,43.701845,-79.35809,632297.2249,4840067.2046,At Intersection,No Control,Clear,Daylight,Dry,56,Leaside-Bennington,56,Leaside-Bennington (56),Non-Fatal Injury,0,0,1,0,0,0,0,0,0,0,0,0,0,Angle,['Driver'],East,"['Automobile, Station Wagon']",['Going Ahead'],"['Driving Properly', 'Lost control']","['Normal', 'Unknown']",[],[],[],[],[],[],D53,False,"['45 to 49', '85 to 89']",3.0
1186961.0,2010-07-29 08:00:00,1420,2010,AVENUE RD,PEARS AVE,,Major Arterial,Toronto and East York,43.675545,-79.39689,629227.3429,4837085.0437,At Intersection,No Control,Clear,Daylight,Dry,95,Annex,95,Annex (95),Non-Fatal Injury,0,0,1,0,0,0,0,0,0,1,0,0,0,Rear End,"['Vehicle Owner', 'Driver']",North,"['Other', 'Automobile, Station Wagon']","['Going Ahead', 'Stopped']","['Following too Close', 'Driving Properly']","['Inattentive', 'Normal']",[],[],[],[],[],[],D53,False,"['unknown', '25 to 29', '40 to 44']",3.0
1186968.0,2020-06-27 08:00:00,2256,2020,DREWRY AVE,GRANTBROOK ST,,Minor Arterial,North York,43.783492,-79.433727,626031.2599,4849017.3821,At Intersection,No Control,Rain,Dark,Wet,36,Newtonbrook West,36,Newtonbrook West (36),Non-Fatal Injury,0,0,1,0,0,0,0,0,0,0,0,0,0,Rear End,['Driver'],West,"['Automobile, Station Wagon']","['Going Ahead', 'Stopped']","['Lost control', 'Driving Properly']",['Normal'],[],[],[],[],[],[],D32,False,['35 to 39'],3.0
1187617.0,2010-07-30 08:00:00,505,2010,BATHURST ST,ARDMORE RD,,Major Arterial,Toronto and East York,43.693745,-79.42259,627117.1886,4839066.683,At Intersection,Stop Sign,Clear,Dark,Dry,101,Forest Hill South,101,Forest Hill South (101),Non-Fatal Injury,0,0,1,0,0,0,0,0,0,1,0,0,0,Turning Movement,"['Vehicle Owner', 'Driver', 'Other Property Owner']",North,"['Other', 'Automobile, Station Wagon']","['Turning Right', 'Going Ahead']","['Failed to Yield Right of Way', 'Driving Properly']","['Inattentive', 'Normal']",[],[],[],[],[],[],D13,False,"['unknown', '55 to 59', '25 to 29']",3.0
1187629.0,2010-07-30 08:00:00,2015,2010,THE ESPLANADE,CHURCH ST,,Collector,Toronto and East York,43.647245,-79.37329,631191.3935,4833978.9903,At Intersection,Traffic Signal,Clear,Daylight,Dry,166,St Lawrence-East Bayfront-The Islands,77,Waterfront Communities-The Island (77),Non-Fatal Injury,0,0,1,1,0,0,0,1,0,1,0,0,0,Turning Movement,"['Passenger', 'Motorcycle Driver', 'Driver']",East,"['Other', 'Motorcycle', 'Automobile, Station Wagon']","['Going Ahead', 'Turning Left']","['Other', 'Failed to Yield Right of Way']","['Had Been Drinking', 'Normal']",[],[],[],[],[],[],D51,False,"['15 to 19', '25 to 29']",3.0
1187759.0,2010-07-08 08:00:00,1429,2010,1048 BLOOR ST W,,,Major Arterial,Toronto and East York,43.660545,-79.43229,626405.189,4835364.5513,,No Control,Clear,Daylight,Dry,172,Dovercourt Village,93,Dovercourt-Wallace Emerson-Junction (93),Non-Fatal Injury,1,0,1,0,0,0,0,0,0,0,0,0,0,Pedestrian Collisions,"['Driver', 'Pedestrian']",East,"['Automobile, Station Wagon', 'Other']",['Going Ahead'],['Driving Properly'],['Normal'],['Vehicle is going straight thru inter.while ped cross without ROW'],['Running onto Roadway'],[],[],[],[],D14,False,"['20 to 24', '10 to 14']",3.0
1187943.0,2010-08-02 08:00:00,850,2010,SPADINA Rd,MACPHERSON Ave,,Minor Arterial,Toronto and East York,43.675845,-79.40749,628372.2243,4837101.9029,At Intersection,Stop Sign,Clear,Daylight,Dry,96,Casa Loma,96,Casa Loma (96),Non-Fatal Injury,0,0,1,0,0,0,0,1,0,1,0,0,0,Angle,"['Passenger', 'Driver']",South,"['Other', 'Automobile, Station Wagon']",['Going Ahead'],"['Driving Properly', 'Failed to Yield Right of Way']","['Normal', 'Inattentive']",[],[],[],[],[],[],D13,False,"['55 to 59', '30 to 34', '25 to 29']",3.0
1188020.0,2010-08-17 08:00:00,1400,2010,MORNINGSIDE AVE,OLD FINCH AVE,,Pending,Scarborough,43.819245,-79.21619,643450.1207,4853342.5276,,No Control,Clear,Daylight,Dry,146,Malvern East,132,Malvern (132),Non-Fatal Injury,1,0,1,0,0,0,0,0,0,0,0,0,0,Pedestrian Collisions,"['Driver', 'Pedestrian']",South,"['Automobile, Station Wagon', 'Other']",['Going Ahead'],['Other'],['Unknown'],['Pedestrian hit on sidewalk or shoulder'],['On Sidewalk or Shoulder'],"['Ability Impaired, Drugs']",[],[],[],D42,False,"['unknown', '40 to 44']",3.0
1188104.0,2010-07-17 08:00:00,240,2010,HARBORD ST,BATHURST ST,,Major Arterial,Toronto and East York,43.661545,-79.40979,628217.2638,4835510.1396,At Intersection,Traffic Signal,Clear,Dark,Dry,80,Palmerston-Little Italy,80,Palmerston-Little Italy (80),Non-Fatal Injury,1,0,1,0,0,0,0,0,1,1,0,0,0,Pedestrian Collisions,"['Driver', 'Pedestrian']",Unknown,"['Automobile, Station Wagon', 'Other']","['Going Ahead', 'Turning Left']","['Exceeding Speed Limit', 'Failed to Yield Right of Way']","['Normal', 'Unknown']",['Pedestrian hit on sidewalk or shoulder'],['On Sidewalk or Shoulder'],"['Inattentive', 'Normal']",[],[],[],D14,False,"['25 to 29', '20 to 24', '50 to 54']",3.0
1188309.0,2010-07-24 08:00:00,200,2010,COLLEGE ST,BATHURST ST,,Major Arterial,Toronto and East York,43.656445,-79.40769,628397.4569,4834946.9648,At Intersection,Traffic Signal,Clear,Dark,Dry,78,Kensington-Chinatown,78,Kensington-Chinatown (78),Non-Fatal Injury,1,0,1,0,0,0,0,0,0,0,0,0,0,Pedestrian Collisions,"['Vehicle Owner', 'Driver', 'Pedestrian']",North,"['Other', 'Taxi']",['Going Ahead'],['Driving Properly'],['Normal'],['Vehicle is going straight thru inter.while ped cross without ROW'],['Crossing without right of way'],['Inattentive'],[],[],[],D14,False,"['unknown', '50 to 54', '60 to 64']",3.0
1188456.0,2010-08-04 08:00:00,1530,2010,5785 YONGE ST,,,Major Arterial,North York,43.783745,-79.41659,627409.6753,4849071.7141,,No Control,Clear,Daylight,Dry,36,Newtonbrook West,36,Newtonbrook West (36),Non-Fatal Injury,0,0,1,1,0,0,0,0,0,0,0,0,0,Turning Movement,"['Motorcycle Driver', 'Driver']",North,"['Motorcycle', 'Automobile, Station Wagon']","['Going Ahead', 'Turning Left']","['Driving Properly', 'Improper Turn']",['Normal'],[],[],[],[],[],[],D32,False,"['20 to 24', '35 to 39']",3.0
1188695.0,2010-08-06 08:00:00,1538,2010,AVENUE Rd,GLENVIEW Ave,,Major Arterial,North York,43.717845,-79.41449,627718.7501,4841755.7755,,No Control,Rain,Daylight,Wet,103,Lawrence Park South,103,Lawrence Park South (103),Non-Fatal Injury,0,1,0,0,0,0,0,0,0,0,0,0,0,SMV Other,['Moped Driver'],South,['Moped'],['Going Ahead'],['Lost control'],['Normal'],[],[],[],[],[],[],D53,False,['45 to 49'],3.0
1188699.0,2010-08-06 08:00:00,1230,2010,LESLIE St,FARMSTEAD Rd,,Major Arterial,North York,43.754845,-79.36039,631995.4293,4845949.9591,,No Control,Clear,Daylight,Dry,40,St.Andrew-Windfields,40,St.Andrew-Windfields (40),Non-Fatal Injury,1,0,1,0,0,0,0,0,0,0,0,0,0,Pedestrian Collisions,"['Driver', 'Pedestrian']",North,"['Automobile, Station Wagon', 'Other']","['Going Ahead', 'Unknown']",['Driving Properly'],['Normal'],['Vehicle is going straight thru inter.while ped cross without ROW'],"['Crossing, no Traffic Control']",['Inattentive'],[],[],[],D33,False,"['45 to 49', '20 to 24']",3.0
1188832.0,2010-09-13 08:00:00,639,2010,MARKHAM RD,ELLESMERE RD,,Major Arterial,Scarborough,43.776445,-79.23179,642297.1555,4848561.9635,At Intersection,Traffic Signal,Rain,Dawn,Wet,142,Woburn North,137,Woburn (137),Non-Fatal Injury,1,0,1,0,0,0,0,0,0,0,0,0,0,Pedestrian Collisions,"['Driver', 'Pedestrian']",East,"['Automobile, Station Wagon', 'Other']",['Turning Left'],['Driving Properly'],['Normal'],['Vehicle turns left while ped crosses without ROW at inter.'],['Crossing without right of way'],['Unknown'],[],[],[],D43,False,"['35 to 39', '20 to 24']",3.0
1188873.0,2010-08-07 08:00:00,1820,2010,BLOOR ST E,CASTLE FRANK RD,,Major Arterial,Toronto and East York,43.674045,-79.36779,631576.4084,4836964.1971,,No Control,Clear,Daylight,Dry,71,Cabbagetown-South St.James Town,71,Cabbagetown-South St.James Town (71),Non-Fatal Injury,1,1,0,0,0,0,0,0,0,0,0,0,0,Pedestrian Collisions,"['Pedestrian', 'Cyclist']",East,"['Other', 'Bicycle']",['Going Ahead'],[],[],['Other / Undefined'],['Other'],"['Ability Impaired, Alcohol']",['Cyclist strikes pedestrian.'],['Driving Properly'],['Unknown'],D51,False,"['20 to 24', '55 to 59']",3.0
1188927.0,2010-08-07 08:00:00,2000,2010,DANFORTH AVE,MOBERLY AVE,,Major Arterial,Toronto and East York,43.685345,-79.31409,635879.8334,4838305.8028,,No Control,Clear,Dusk,Dry,64,Woodbine Corridor,64,Woodbine Corridor (64),Non-Fatal Injury,0,1,1,0,0,0,0,0,0,0,0,0,0,Cyclist Collisions,"['Driver', 'Cyclist']",East,"['Automobile, Station Wagon', 'Bicycle']",['Going Ahead'],['Lost control'],['Unknown'],[],[],[],['Motorist loses control and strikes cyclist.'],['Driving Properly'],['Normal'],D55,False,"['70 to 74', '20 to 24']",3.0
1189019.0,2010-09-14 08:00:00,20,2010,LAKE SHORE Boul W,ISLINGTON Aven,,Major Arterial,Etobicoke York,43.600845,-79.50469,620686.9184,4828626.3695,,No Control,Clear,Dark,Dry,18,New Toronto,18,New Toronto (18),Non-Fatal Injury,0,0,1,0,0,0,0,1,0,0,0,0,1,SMV Unattended Vehicle,"['Passenger', 'Driver', 'Vehicle Owner']",West,"['Other', 'Automobile, Station Wagon']",['Going Ahead'],['Lost control'],['Medical or Physical Disability'],[],[],[],[],[],[],D22,False,"['25 to 29', '60 to 64', 'unknown']",3.0
1189134.0,2010-09-14 08:00:00,1055,2010,SPADINA AVE,SULLIVAN ST,,Major Arterial,Toronto and East York,43.650945,-79.39729,629247.8777,4834352.2633,,No Control,Clear,Daylight,Dry,78,Kensington-Chinatown,78,Kensington-Chinatown (78),Fatal,1,0,0,0,0,1,0,0,0,0,0,0,0,Pedestrian Collisions,"['Vehicle Owner', 'Driver', 'Pedestrian']",North,"['Other', 'Municipal Transit Bus (TTC)']",['Going Ahead'],['Driving Properly'],['Normal'],['Pedestrian involved in a collision with transit vehicle anywhere along roadway'],"['Crossing, no Traffic Control']",['Unknown'],[],[],[],D14,True,"['unknown', '35 to 39', '80 to 84']",4.0
1189140.0,2010-09-14 08:00:00,1100,2010,KINGSTON RD,LAKESIDE AVE,,Major Arterial,Scarborough,43.690745,-79.26609,639736.0111,4838985.318,At Intersection,Stop Sign,Clear,Daylight,Dry,122,Birchcliffe-Cliffside,122,Birchcliffe-Cliffside (122),Non-Fatal Injury,0,0,1,1,0,0,0,0,0,1,0,0,0,Turning Movement,"['Motorcycle Driver', 'Driver']",East,"['Motorcycle', 'Automobile, Station Wagon']","['Turning Left', 'Going Ahead']","['Failed to Yield Right of Way', 'Driving Properly']",['Normal'],[],[],[],[],[],[],D41,False,['70 to 74'],3.0
1189375.0,2010-09-15 08:00:00,418,2010,WESTON RD,CHURCH ST,,Minor Arterial,Etobicoke York,43.703245,-79.52599,618765.7675,4839968.4703,,No Control,Clear,Dark,Dry,113,Weston,113,Weston (113),Fatal,0,0,1,0,0,0,0,0,1,1,0,0,0,SMV Unattended Vehicle,"['Other', 'Vehicle Owner', 'Driver', 'Other Property Owner']",North,"['Other', 'Automobile, Station Wagon']","['Parked', 'Going Ahead']",['Lost control'],['Had Been Drinking'],[],[],[],[],[],[],D12,True,"['unknown', '25 to 29']",4.0
1189642.0,2010-08-12 08:00:00,1116,2010,EGLINTON Ave E,GILDER Dr,,Major Arterial,Scarborough,43.735545,-79.25319,640670.7741,4843982.8314,At Intersection,Traffic Signal,Clear,Daylight,Dry,124,Kennedy Park,124,Kennedy Park (124),Non-Fatal Injury,0,0,1,0,0,1,0,1,0,1,0,0,0,Rear End,"['Passenger', 'Driver', 'Vehicle Owner']",West,"['Other', 'Automobile, Station Wagon', 'Municipal Transit Bus (TTC)']","['Stopped', 'Slowing or Stopping']","['Driving Properly', 'Following too Close']",['Normal'],[],[],[],[],[],[],D41,False,"['70 to 74', '55 to 59', '5 to 9', 'unknown']",3.0
1189933.0,2010-08-13 08:00:00,904,2010,DUNCAN ST,NELSON ST,,Collector,Toronto and East York,43.648845,-79.38889,629929.8169,4834132.1483,At Intersection,Stop Sign,Clear,Daylight,Dry,164,Wellington Place,77,Waterfront Communities-The Island (77),Non-Fatal Injury,0,0,1,0,0,0,0,0,0,1,0,0,0,Angle,['Driver'],East,"['Automobile, Station Wagon', 'Other']",['Going Ahead'],"['Disobeyed Traffic Control', 'Driving Properly']","['Inattentive', 'Unknown']",[],[],[],[],[],[],D52,False,"['35 to 39', '45 to 49']",3.0
1190214.0,2010-08-15 08:00:00,2035,2010,FINCH AVE E,MIDLAND AVE,,Major Arterial,Scarborough,43.803745,-79.28629,637848.4268,4851501.8312,At Intersection,Traffic Signal,Rain,Dusk,Wet,128,Agincourt South-Malvern West,128,Agincourt South-Malvern West (128),Non-Fatal Injury,0,0,1,0,0,0,0,0,0,1,0,0,0,Turning Movement,"['Driver', 'Vehicle Owner']",East,"['Automobile, Station Wagon', 'Other']","['Going Ahead', 'Turning Left']","['Driving Properly', 'Failed to Yield Right of Way']","['Normal', 'Inattentive']",[],[],[],[],[],[],D42,False,"['35 to 39', 'unknown', '20 to 24']",3.0
1190299.0,2010-09-20 08:00:00,1008,2010,PINEWAY BLVD,FINCH AVE E,,Major Arterial,North York,43.789145,-79.37329,630882.0723,4849739.0222,At Intersection,Traffic Signal,Clear,Daylight,Dry,52,Bayview Village,49,Bayview Woods-Steeles (49),Non-Fatal Injury,1,0,1,0,0,0,0,0,0,1,0,0,0,Pedestrian Collisions,"['Driver', 'Pedestrian']",North,"['Automobile, Station Wagon', 'Other']",['Turning Left'],['Failed to Yield Right of Way'],['Normal'],['Vehicle turns left while ped crosses with ROW at inter.'],['Crossing with right of way'],['Normal'],[],[],[],D33,False,"['30 to 34', '70 to 74']",3.0
1191013.0,2010-09-23 08:00:00,902,2010,KENNEDY Road,BERTRAND Aven,,Major Arterial,Scarborough,43.737445,-79.27009,639305.3933,4844165.2996,At Intersection,Traffic Signal,Clear,Daylight,Dry,125,Ionview,125,Ionview (125),Non-Fatal Injury,0,1,1,0,0,0,0,0,0,1,1,0,0,Cyclist Collisions,"['Driver', 'Cyclist']",North,"['Automobile, Station Wagon', 'Bicycle']","['Going Ahead', 'Turning Left']",['Disobeyed Traffic Control'],['Inattentive'],[],[],[],"['Motorist without ROW drives into path of cyclist at inter, lnwy, dwy-Driver not turn.']",['Driving Properly'],['Normal'],D41,False,"['25 to 29', '50 to 54']",3.0
1191325.0,2010-09-24 08:00:00,2225,2010,ALBION RD,TODD BROOK DR,,Major Arterial,Etobicoke York,43.738245,-79.57159,615024.6076,4843791.3962,,No Control,Clear,Dark,Dry,3,Thistletown-Beaumond Heights,3,Thistletown-Beaumond Heights (3),Non-Fatal Injury,0,0,1,1,0,0,0,0,1,1,0,0,0,Rear End,"['Motorcycle Driver', 'Driver']",East,"['Motorcycle', 'Automobile, Station Wagon']",['Going Ahead'],"['Exceeding Speed Limit', 'Driving Properly']",['Normal'],[],[],[],[],[],[],D23,False,"['20 to 24', '50 to 54']",3.0
1191508.0,2010-09-26 08:00:00,1550,2010,ROSEDALE VALLEY RD,BLOOR ST E,,Minor Arterial,Toronto and East York,43.671045,-79.36419,631873.1869,4836636.7232,,No Control,Clear,Daylight,Dry,71,Cabbagetown-South St.James Town,71,Cabbagetown-South St.James Town (71),Non-Fatal Injury,0,0,0,1,0,0,0,1,0,1,0,0,0,SMV Other,"['Motorcycle Passenger', 'Motorcycle Driver']",West,"['Other', 'Motorcycle']",['Overtaking'],['Improper Passing'],['Unknown'],[],[],[],[],[],[],D51,False,"['20 to 24', '35 to 39']",3.0
1191546.0,2010-09-26 08:00:00,2235,2010,HIGHWAY 27  N,VICE REGENT BLVD,,Major Arterial,Etobicoke York,43.711345,-79.59279,613368.1665,4840774.5634,At Intersection,Stop Sign,Clear,Dark,Dry,1,West Humber-Clairville,1,West Humber-Clairville (1),Fatal,0,0,1,0,0,0,0,1,1,1,0,1,0,Turning Movement,"['Vehicle Owner', 'Driver', 'Passenger']",North,"['Other', 'Automobile, Station Wagon']","['Going Ahead', 'Turning Left']","['Exceeding Speed Limit', 'Driving Properly']","['Ability Impaired, Alcohol Over .08', 'Normal']",[],[],[],[],[],[],D23,True,"['unknown', '45 to 49', '5 to 9', '25 to 29', '30 to 34']",4.0
1191582.0,2010-09-26 08:00:00,2309,2010,LAKE SHORE BLVD W,COLBORNE LODGE DR,,Major Arterial,Toronto and East York,43.637945,-79.45899,624298.9439,4832814.1987,At Intersection,Traffic Signal,Clear,Dark,Dry,85,South Parkdale,85,South Parkdale (85),Fatal,0,1,1,0,0,0,0,0,0,0,0,0,0,Cyclist Collisions,"['Driver', 'Cyclist']",East,"['Automobile, Station Wagon', 'Bicycle']",['Going Ahead'],['Driving Properly'],['Normal'],[],[],[],"['Cyclist without ROW rides into path of motorist at inter, lnwy, dwy-Cyclist not turn.']",['Disobeyed Traffic Control'],['Had Been Drinking'],D11,True,"['30 to 34', '60 to 64', '25 to 29']",4.0
1192115.0,2010-08-25 08:00:00,855,2010,BATHURST ST,SHEPPARD AVE W,,Major Arterial,North York,43.755445,-79.43849,625706.7404,4845895.0985,At Intersection,Traffic Signal,Clear,Daylight,Dry,33,Clanton Park,33,Clanton Park (33),Non-Fatal Injury,0,0,1,0,0,0,0,1,0,1,1,0,0,Turning Movement,"['Vehicle Owner', 'Driver', 'Passenger']",East,"['Other', 'Automobile, Station Wagon']","['Turning Left', 'Stopped', 'Going Ahead']","['Driving Properly', 'Disobeyed Traffic Control']",['Normal'],[],[],[],[],[],[],D32,False,"['unknown', '20 to 24', '35 to 39', '5 to 9', '30 to 34']",3.0
1192130.0,2010-08-25 08:00:00,2344,2010,CHESSWOOD DR,CHAMPAGNE DR,,Minor Arterial,North York,43.764345,-79.47659,622621.3563,4846826.4565,At Intersection,Stop Sign,Clear,Dark,Dry,27,York University Heights,27,York University Heights (27),Non-Fatal Injury,0,0,1,1,0,0,0,0,0,1,0,0,0,Angle,"['Vehicle Owner', 'Motorcycle Driver', 'Driver']",North,"['Other', 'Motorcycle', 'Automobile, Station Wagon']",['Going Ahead'],"['Disobeyed Traffic Control', 'Other']",['Had Been Drinking'],[],[],[],[],[],[],D32,False,"['unknown', '30 to 34', '50 to 54']",3.0