accident_number,date,time,year,street1,street2,offset,road_class,district,latitude,longitude,x,y,accident_location,traffctl,visibility,light,road_surface_condition,hood_158,neighbourhood_new,hood_140,neighbourhood_old,accident_class,pedestrian,cyclist,automobile,motorcycle,truck,trsn_city_veh,emerg_veh,passenger,speeding,aggressive_driving,redlight,alcohol,disability,impact_type,involvement_type,initial_direction,vehicle_type,manoeuver,driver_action,driver_condition,pedestrian_type,pedestrian_action,pedestrian_condition,cyclist_type,cyclist_action,cyclist_condition,division,injury,involvement_age,injury_severity_score
1192613.0,2010-10-01 08:00:00,1232,2010,KING ST W,FRASER AVE,,Major Arterial,Toronto and East York,43.639445,-79.42479,627054.4054,4833032.5758,At Intersection,Stop Sign,Clear,Daylight,Dry,85,South Parkdale,85,South Parkdale (85),Non-Fatal Injury,0,0,1,1,0,0,0,0,0,0,0,0,0,Turning Movement,"['Motorcycle Driver', 'Driver']",East,"['Motorcycle', 'Automobile, Station Wagon']","['Going Ahead', 'Turning Left']","['Driving Properly', 'Improper Turn']","['Normal', 'Inattentive']",[],[],[],[],[],[],D14,False,"['30 to 34', '55 to 59']",3.0
1192618.0,2010-09-01 08:00:00,1810,2010,FINCH AVE W,PEARLDALE AVE,,Major Arterial,Etobicoke York,43.747745,-79.56239,615747.1465,4844859.3207,At Intersection,Traffic Signal,Clear,Daylight,Dry,22,Humbermede,22,Humbermede (22),Non-Fatal Injury,1,0,1,0,0,0,0,0,0,1,0,0,0,Pedestrian Collisions,"['Pedestrian', 'Driver']",South,"['Other', 'Automobile, Station Wagon']",['Turning Left'],['Failed to Yield Right of Way'],['Normal'],['Vehicle turns left while ped crosses with ROW at inter.'],['Crossing with right of way'],['Normal'],[],[],[],D31,False,"['0 to 4', '25 to 29', '35 to 39']",3.0
1192624.0,2010-09-01 08:00:00,1905,2010,SHAFTESBURY ST,CODSELL AVE,,Local,North York,43.754843,-79.456088,624291.2771,4845801.6793,,Stop Sign,Clear,Dusk,Dry,34,Bathurst Manor,34,Bathurst Manor (34),Non-Fatal Injury,0,1,0,0,0,0,0,0,0,0,0,0,0,SMV Other,['Moped Driver'],South,['Moped'],['Going Ahead'],[],[],[],[],[],[],[],[],D32,False,['55 to 59'],3.0
1192726.0,2010-10-02 08:00:00,2017,2010,DANFORTH RD,BIRCHMOUNT RD,,Minor Arterial,Scarborough,43.706445,-79.26849,639506.1756,4840724.9856,,No Control,Clear,Dark,Dry,120,Clairlea-Birchmount,120,Clairlea-Birchmount (120),Non-Fatal Injury,1,0,1,0,0,0,0,1,0,0,0,0,0,Pedestrian Collisions,"['Passenger', 'Driver', 'Pedestrian']",East,"['Other', 'Automobile, Station Wagon']",['Slowing or Stopping'],['Driving Properly'],['Normal'],['Pedestrian hit at mid-block'],"['Crossing, no Traffic Control']",['Unknown'],[],[],[],D41,False,"['0 to 4', '5 to 9', '10 to 14', '35 to 39', '75 to 79']",3.0
1193019.0,2010-10-04 08:00:00,1619,2010,FRONT ST W,BLUE JAYS WAY,,Minor Arterial,Toronto and East York,43.643445,-79.39129,629747.8895,4833528.6532,At Intersection,Traffic Signal,Rain,Daylight,Wet,164,Wellington Place,77,Waterfront Communities-The Island (77),Non-Fatal Injury,0,0,1,0,0,0,0,0,0,1,0,0,0,Turning Movement,['Driver'],East,"['Automobile, Station Wagon']","['Going Ahead', 'Turning Left']","['Driving Properly', 'Failed to Yield Right of Way']",['Normal'],[],[],[],[],[],[],D52,False,"['30 to 34', '35 to 39']",3.0
1193206.0,2010-09-02 08:00:00,1715,2010,MCLEVIN AVE,HUPFIELD TRL,,Minor Arterial,Scarborough,43.810045,-79.22049,643126.2987,4852313.2686,,No Control,Clear,Daylight,Dry,146,Malvern East,132,Malvern (132),Non-Fatal Injury,0,0,1,0,0,0,0,1,1,1,0,0,0,Rear End,"['Driver', 'Passenger']",West,"['Other', 'Automobile, Station Wagon']","['Parked', 'Going Ahead']","['Driving Properly', 'Speed too Fast For Condition']","['Unknown', 'Normal']",[],[],[],[],[],[],D42,False,"['45 to 49', '25 to 29', '20 to 24']",3.0
1193217.0,2010-09-02 08:00:00,1640,2010,COLLEGE ST,GLADSTONE AVE,,Major Arterial,Toronto and East York,43.652845,-79.43109,626518.1163,4834511.1943,At Intersection,No Control,Clear,Daylight,Dry,84,Little Portugal,83,Dufferin Grove (83),Non-Fatal Injury,0,1,1,0,0,0,0,0,0,0,0,0,0,Cyclist Collisions,"['Driver', 'Cyclist']",North,"['Automobile, Station Wagon', 'Bicycle']",['Going Ahead'],['Driving Properly'],['Normal'],[],[],[],"['Cyclist without ROW rides into path of motorist at inter, lnwy, dwy-Cyclist not turn.']",['Other'],['Normal'],D14,False,"['40 to 44', '45 to 49']",3.0
1193686.0,2010-08-27 08:00:00,1103,2010,EGLINTON AVE E,HOLLY ST,,Major Arterial,Toronto and East York,43.707045,-79.39669,629175.8215,4840583.8654,,No Control,Clear,Daylight,Dry,174,South Eglinton-Davisville,104,Mount Pleasant West (104),Non-Fatal Injury,1,0,0,0,1,0,0,0,1,1,0,0,0,Pedestrian Collisions,"['Truck Driver', 'Other', 'Pedestrian']",Unknown,"['Truck - Open', 'Other']",['Going Ahead'],['Speed too Fast For Condition'],['Inattentive'],['Pedestrian hit at mid-block'],['Playing or Working on Highway'],['Normal'],[],[],[],D53,False,"['45 to 49', 'unknown', '40 to 44']",3.0
1193747.0,2010-10-07 08:00:00,2044,2010,DORIS AVE,HOLLYWOOD AVE,,Minor Arterial,North York,43.765745,-79.40909,628051.5843,4847084.1095,,Pedestrian Crossover,Clear,Dark,Dry,151,Yonge-Doris,51,Willowdale East (51),Fatal,1,0,1,0,0,0,0,0,0,1,0,0,0,Pedestrian Collisions,"['Driver', 'Pedestrian']",South,"['Automobile, Station Wagon', 'Other']",['Going Ahead'],['Failed to Yield Right of Way'],['Normal'],['Pedestrian hit a PXO/ped. Mid-block signal'],"['Crossing, Pedestrian Crossover']",['Normal'],[],[],[],D32,True,['40 to 44'],4.0
1193861.0,2010-10-08 08:00:00,815,2010,ALBION RD,SANAGAN RD,,Major Arterial,Etobicoke York,43.738945,-79.57619,614652.848,4843862.7655,At Intersection,Traffic Signal,Clear,Daylight,Dry,3,Thistletown-Beaumond Heights,3,Thistletown-Beaumond Heights (3),Non-Fatal Injury,1,0,1,0,0,0,0,0,0,1,1,0,0,Pedestrian Collisions,"['Driver', 'Pedestrian']",East,"['Automobile, Station Wagon', 'Other']",['Going Ahead'],['Disobeyed Traffic Control'],['Inattentive'],['Vehicle is going straight thru inter.while ped cross with ROW'],['Crossing with right of way'],['Unknown'],[],[],[],D23,False,"['45 to 49', '70 to 74']",3.0
1193897.0,2010-10-08 08:00:00,915,2010,SHEPPARD AVE E,KENNEDY RD,,Major Arterial,Scarborough,43.783045,-79.289287,637654.87,4849197.7786,,No Control,Clear,Daylight,Dry,118,Tam O'Shanter-Sullivan,118,Tam O'Shanter-Sullivan (118),Non-Fatal Injury,1,0,0,0,0,1,0,0,0,1,0,0,0,Pedestrian Collisions,"['Vehicle Owner', 'Driver', 'Pedestrian']",Unknown,"['Other', 'Municipal Transit Bus (TTC)']",['Pulling Away from Shoulder or Curb'],['Failed to Yield Right of Way'],['Normal'],['Pedestrian involved in a collision with transit vehicle anywhere along roadway'],['Person Getting on/off Vehicle'],['Normal'],[],[],[],D42,False,"['unknown', '60 to 64', '85 to 89']",3.0
1193945.0,2010-10-09 08:00:00,203,2010,HIGHWAY 27  N,BETHRIDGE Rd,,Major Arterial,Etobicoke York,43.708145,-79.59119,613503.1069,4840421.349,,No Control,Clear,Dark,Dry,1,West Humber-Clairville,1,West Humber-Clairville (1),Non-Fatal Injury,0,0,1,0,1,0,0,0,1,1,0,0,0,Rear End,"['Truck Driver', 'Vehicle Owner', 'Driver', 'Other']",North,"['Truck - Open', 'Other', 'Automobile, Station Wagon']","['Going Ahead', 'Unknown']","['Driving Properly', 'Exceeding Speed Limit']","['Normal', 'Unknown']",[],[],[],[],[],[],D23,False,"['30 to 34', 'unknown', '20 to 24']",3.0
1193990.0,2010-10-09 08:00:00,1123,2010,FINCH AVE E,SKYMARK DR,,Major Arterial,North York,43.79309,-79.352252,632566.0447,4850210.6571,At Intersection,Traffic Signal,Clear,Daylight,Dry,47,Don Valley Village,47,Don Valley Village (47),Non-Fatal Injury,1,0,1,0,0,0,0,0,0,0,0,0,0,Pedestrian Collisions,"['Driver', 'Pedestrian']",East,"['Automobile, Station Wagon']",['Going Ahead'],['Driving Properly'],['Normal'],['Vehicle is going straight thru inter.while ped cross without ROW'],['Crossing without right of way'],['Normal'],[],[],[],D33,False,"['75 to 79', '80 to 84']",3.0
1194056.0,2010-10-09 08:00:00,2350,2010,KINGSTON RD,KALMAR AVE,,Major Arterial,Scarborough,43.689745,-79.26789,639593.2671,4838871.2221,,No Control,Clear,Dark,Dry,122,Birchcliffe-Cliffside,122,Birchcliffe-Cliffside (122),Non-Fatal Injury,1,0,1,0,0,0,0,0,0,0,0,0,0,Pedestrian Collisions,"['Driver', 'Pedestrian']",South,"['Automobile, Station Wagon', 'Other']",['Going Ahead'],['Driving Properly'],['Unknown'],['Vehicle is going straight thru inter.while ped cross without ROW'],['Crossing without right of way'],['Unknown'],[],[],[],D41,False,"['unknown', '50 to 54']",3.0
1194057.0,2010-10-10 08:00:00,220,2010,YONGE ST,AVONDALE AVE,,Major Arterial,North York,43.758045,-79.41009,627987.5122,4846227.3628,,No Control,Clear,Daylight,Dry,38,Lansing-Westgate,38,Lansing-Westgate (38),Non-Fatal Injury,0,0,1,0,0,0,0,0,1,1,0,0,0,Sideswipe,"['Vehicle Owner', 'Driver']",North,"['Other', 'Automobile, Station Wagon']",['Going Ahead'],"['Exceeding Speed Limit', 'Driving Properly']",['Unknown'],[],[],[],[],[],[],D32,False,"['unknown', '20 to 24']",3.0
1194376.0,2010-09-10 08:00:00,940,2010,2600 LESLIE St,,,Major Arterial,North York,43.762645,-79.36199,631849.4875,4846813.7184,,No Control,Clear,Daylight,Dry,40,St.Andrew-Windfields,40,St.Andrew-Windfields (40),Non-Fatal Injury,0,1,0,0,0,0,0,0,0,0,0,0,0,Cyclist Collisions,['Cyclist'],South,['Bicycle'],['Going Ahead'],[],[],[],[],[],"['Cyclist loses control and strikes object (pole, ttc track)']",['Driving Properly'],['Normal'],D33,False,['45 to 49'],3.0
1194386.0,2010-09-09 08:00:00,2158,2010,SQUIRES Aven,FERRIS Road,,Collector,Toronto and East York,43.704745,-79.29889,637060.7213,4840485.4648,At Intersection,Stop Sign,Clear,Dark,Dry,54,O'Connor-Parkview,54,O'Connor-Parkview (54),Non-Fatal Injury,0,1,0,0,0,1,0,0,0,0,0,0,0,Cyclist Collisions,"['Vehicle Owner', 'Driver', 'Cyclist']",South,"['Other', 'Municipal Transit Bus (TTC)', 'Bicycle']","['Going Ahead', 'Turning Left']",['Driving Properly'],['Normal'],[],[],[],['Cyclist turned left across motorists path.'],['Failed to Yield Right of Way'],['Inattentive'],D55,False,"['unknown', '50 to 54', '20 to 24']",3.0
1194416.0,2010-09-09 08:00:00,1120,2010,QUEEN ST W,BAY ST,,Major Arterial,Toronto and East York,43.651645,-79.38309,630391.5103,4834452.2223,,No Control,Clear,Daylight,Dry,170,Yonge-Bay Corridor,76,Bay Street Corridor (76),Non-Fatal Injury,1,0,1,0,0,1,0,0,0,1,0,0,0,Pedestrian Collisions,"['Driver', 'Pedestrian', 'Vehicle Owner', 'Driver - Not Hit']",East,"['Automobile, Station Wagon', 'Other', 'Municipal Transit Bus (TTC)']",['Overtaking'],['Improper Passing'],['Inattentive'],['Pedestrian involved in a collision with transit vehicle anywhere along roadway'],['Person Getting on/off Vehicle'],['Unknown'],[],[],[],D52,False,"['20 to 24', 'unknown', '45 to 49']",3.0
1194692.0,2010-10-13 08:00:00,2224,2010,LANSDOWNE Aven,WALLACE Aven,,Minor Arterial,Toronto and East York,43.663345,-79.44519,625359.2184,4835655.9557,,No Control,Rain,Dark,Wet,171,Junction-Wallace Emerson,93,Dovercourt-Wallace Emerson-Junction (93),Non-Fatal Injury,0,0,1,0,1,0,0,0,0,1,0,0,0,Sideswipe,"['Vehicle Owner', 'Truck Driver', 'Driver']",North,"['Other', 'Truck - Open', 'Automobile, Station Wagon']","['Stopped', 'Overtaking']","['Driving Properly', 'Improper Passing']","['Normal', 'Unknown']",[],[],[],[],[],[],D11,False,"['unknown', '35 to 39', '70 to 74']",3.0
1194863.0,2010-08-21 08:00:00,351,2010,WARDEN AVE,HOLLIS AVE,,Minor Arterial,Scarborough,43.692845,-79.27299,639175.0747,4839206.9479,At Intersection,Traffic Signal,Clear,Dark,Dry,122,Birchcliffe-Cliffside,122,Birchcliffe-Cliffside (122),Non-Fatal Injury,0,0,1,0,0,0,0,1,0,0,0,1,0,SMV Other,"['Passenger', 'Driver', 'Other Property Owner']",East,"['Other', 'Automobile, Station Wagon']",['Unknown'],['Lost control'],"['Ability Impaired, Alcohol Over .08']",[],[],[],[],[],[],D41,False,"['25 to 29', 'unknown']",3.0
1195361.0,2010-09-11 08:00:00,2052,2010,DUFFERIN ST,SHANLY ST,,Major Arterial,Toronto and East York,43.662945,-79.43669,626045.3891,4835624.4089,At Intersection,Traffic Signal,Clear,Dark,Dry,171,Junction-Wallace Emerson,93,Dovercourt-Wallace Emerson-Junction (93),Non-Fatal Injury,0,0,1,1,0,0,0,1,0,0,0,0,0,Turning Movement,"['Motorcycle Passenger', 'Motorcycle Driver', 'Vehicle Owner', 'Driver']",North,"['Other', 'Motorcycle', 'Automobile, Station Wagon']","['Going Ahead', 'Turning Left']","['Driving Properly', 'Improper Turn']",['Normal'],[],[],[],[],[],[],D11,False,"['25 to 29', '35 to 39', 'unknown', '40 to 44']",3.0
1195510.0,2010-09-12 08:00:00,14,2010,SPADINA AVE,OXFORD ST,,Major Arterial,Toronto and East York,43.657445,-79.39979,629032.3456,4835070.2829,,No Control,Rain,Dark,Wet,78,Kensington-Chinatown,78,Kensington-Chinatown (78),Non-Fatal Injury,1,0,0,0,0,1,0,0,0,0,0,0,0,Pedestrian Collisions,"['Vehicle Owner', 'Driver', 'Pedestrian']",East,"['Other', 'Municipal Transit Bus (TTC)']",['Going Ahead'],['Driving Properly'],['Normal'],['Pedestrian involved in a collision with transit vehicle anywhere along roadway'],"['Crossing, no Traffic Control']",['Inattentive'],[],[],[],D52,False,"['unknown', '40 to 44', '55 to 59']",3.0
1196138.0,2010-09-14 08:00:00,35,2010,26 FIRENZA DR,,,Local,Etobicoke York,43.751345,-79.56569,615474.5269,4845254.5472,,No Control,Clear,Dark,Dry,21,Humber Summit,21,Humber Summit (21),Non-Fatal Injury,1,0,1,0,0,0,0,0,0,0,0,0,0,Pedestrian Collisions,"['Other', 'Driver', 'Pedestrian']",West,"['Other', 'Automobile, Station Wagon']","['Parked', 'Going Ahead']",['Other'],['Unknown'],['Pedestrian hit at private driveway'],['Other'],['Had Been Drinking'],[],[],[],D31,False,"['unknown', '15 to 19']",3.0
1196331.0,2010-09-15 08:00:00,1128,2010,MAIN ST,DANFORTH AVE,,Minor Arterial,Toronto and East York,43.688745,-79.30209,636839.2808,4838703.1525,,No Control,Clear,Daylight,Dry,62,East End-Danforth,62,East End-Danforth (62),Non-Fatal Injury,0,0,1,0,0,1,0,0,0,1,0,0,0,Turning Movement,"['Vehicle Owner', 'Driver']",North,"['Other', 'Automobile, Station Wagon', 'Municipal Transit Bus (TTC)']","['Going Ahead', 'Turning Right']","['Driving Properly', 'Failed to Yield Right of Way']","['Normal', 'Inattentive']",[],[],[],[],[],[],D55,False,"['unknown', '40 to 44', '45 to 49']",3.0
1196444.0,2010-10-21 08:00:00,1315,2010,STEELES AVE W,CARPENTER RD,,Major Arterial,North York,43.792045,-79.44759,624897.9394,4849946.313,At Intersection,Traffic Signal,Clear,Daylight,Dry,NSA,NSA,NSA,NSA,Non-Fatal Injury,1,0,1,0,0,0,0,0,0,1,0,0,0,Pedestrian Collisions,"['Vehicle Owner', 'Driver', 'Pedestrian']",North,"['Other', 'Automobile, Station Wagon']",['Turning Left'],['Failed to Yield Right of Way'],['Normal'],['Vehicle turns left while ped crosses with ROW at inter.'],['Crossing with right of way'],['Normal'],[],[],[],D32,False,"['unknown', '20 to 24', '60 to 64']",3.0
1196492.0,2010-10-21 08:00:00,2328,2010,120 MOUNT PLEASANT RD,,,Major Arterial,Toronto and East York,43.675245,-79.38049,630550.0177,4837077.4062,,No Control,Clear,Dark,Dry,98,Rosedale-Moore Park,98,Rosedale-Moore Park (98),Non-Fatal Injury,1,0,1,0,0,0,0,0,0,0,0,0,0,Pedestrian Collisions,"['Driver', 'Pedestrian']",South,"['Automobile, Station Wagon', 'Other']",['Going Ahead'],['Driving Properly'],['Other'],['Pedestrian hit at mid-block'],"['Crossing, no Traffic Control']",['Had Been Drinking'],[],[],[],D53,False,"['45 to 49', '35 to 39']",3.0
1196563.0,2010-10-01 08:00:00,2230,2010,SILVER SPRINGS BLVD,BIRCHMOUNT RD,,Collector,Scarborough,43.801845,-79.30269,636533.5482,4851263.6164,,Pedestrian Crossover,Clear,Dark,Dry,148,East L'Amoreaux,117,L'Amoreaux (117),Non-Fatal Injury,1,0,1,0,0,0,0,0,0,1,0,0,0,Pedestrian Collisions,"['Driver', 'Pedestrian']",South,"['Automobile, Station Wagon', 'Other']",['Going Ahead'],['Disobeyed Traffic Control'],['Unknown'],['Pedestrian hit a PXO/ped. Mid-block signal'],"['Crossing, Pedestrian Crossover']",['Normal'],[],[],[],D42,False,"['unknown', '45 to 49']",3.0
1196819.0,2010-10-22 08:00:00,817,2010,INTERNATIONAL BLVD,CARLINGVIEW DR,,Major Arterial,Etobicoke York,43.676845,-79.59109,613570.2256,4836945.2025,At Intersection,Traffic Signal,Clear,Daylight,Dry,1,West Humber-Clairville,1,West Humber-Clairville (1),Non-Fatal Injury,1,0,1,0,0,0,0,0,0,1,0,0,0,Pedestrian Collisions,"['Driver', 'Pedestrian']",North,"['Automobile, Station Wagon', 'Other']",['Turning Left'],['Failed to Yield Right of Way'],['Normal'],['Vehicle turns left while ped crosses with ROW at inter.'],['Crossing with right of way'],['Normal'],[],[],[],D23,False,['55 to 59'],3.0
1197199.0,2010-09-19 08:00:00,1550,2010,EGLINTON AVE E,VICTORIA PARK AVE,,Major Arterial,North York,43.724745,-79.302593,636716.8721,4842700.6386,At Intersection,Traffic Signal,Clear,Daylight,Dry,119,Wexford/Maryvale,119,Wexford/Maryvale (119),Non-Fatal Injury,0,0,1,1,0,0,0,0,0,0,0,0,0,Turning Movement,"['Motorcycle Driver', 'Driver']",East,"['Motorcycle', 'Automobile, Station Wagon']","['Going Ahead', 'Turning Left']","['Driving Properly', 'Improper Turn']","['Normal', 'Inattentive']",[],[],[],[],[],[],D41,False,"['40 to 44', '60 to 64']",3.0
1197305.0,2010-09-20 08:00:00,2317,2010,PASSMORE AVE,TAPSCOTT RD,,Minor Arterial,Scarborough,43.831645,-79.24569,641048.5586,4854669.0209,At Intersection,Stop Sign,Clear,Dark,Dry,144,Morningside Heights,131,Rouge (131),Non-Fatal Injury,0,0,1,0,0,0,0,0,0,1,0,1,0,Angle,['Driver'],East,"['Automobile, Station Wagon']",['Going Ahead'],"['Driving Properly', 'Disobeyed Traffic Control']","['Normal', 'Ability Impaired, Alcohol']",[],[],[],[],[],[],D42,False,['30 to 34'],3.0
1197308.0,2010-10-11 08:00:00,2050,2010,KINGSTON RD,SANDOWN AVE,,Major Arterial,Scarborough,43.708245,-79.25009,640984.4447,4840956.032,,No Control,Clear,Dark,Dry,122,Birchcliffe-Cliffside,122,Birchcliffe-Cliffside (122),Non-Fatal Injury,0,0,1,1,0,0,0,0,0,1,0,1,0,Rear End,"['Motorcycle Driver', 'Driver']",East,"['Motorcycle', 'Automobile, Station Wagon']","['Going Ahead', 'Slowing or Stopping']","['Following too Close', 'Other']","['Had Been Drinking', 'Ability Impaired, Alcohol Over .08']",[],[],[],[],[],[],D41,False,"['30 to 34', '45 to 49']",3.0
1197349.0,2010-07-29 08:00:00,905,2010,UNIVERSITY AVE,QUEEN ST W,,Major Arterial,Toronto and East York,43.650845,-79.38659,630110.9864,4834357.8781,At Intersection,Traffic Signal,Clear,Daylight,Dry,170,Yonge-Bay Corridor,76,Bay Street Corridor (76),Non-Fatal Injury,0,1,1,0,0,0,0,0,0,1,1,0,0,Cyclist Collisions,"['Driver', 'Cyclist']",North,"['Automobile, Station Wagon', 'Bicycle']",['Going Ahead'],['Disobeyed Traffic Control'],['Inattentive'],[],[],[],"['Motorist without ROW drives into path of cyclist at inter, lnwy, dwy-Driver not turn.']",['Disobeyed Traffic Control'],['Inattentive'],D52,False,"['50 to 54', '35 to 39']",3.0
1197847.0,2010-09-23 08:00:00,1755,2010,2110 KEELE ST,,,Major Arterial,Etobicoke York,43.699945,-79.47609,622793.1425,4839674.6526,,No Control,Clear,Daylight,Dry,30,Brookhaven-Amesbury,30,Brookhaven-Amesbury (30),Non-Fatal Injury,0,0,1,0,0,0,0,1,0,0,0,0,0,Approaching,"['Passenger', 'Vehicle Owner', 'Driver']",North,"['Other', 'Pick Up Truck', 'Automobile, Station Wagon']",['Going Ahead'],"['Driving Properly', 'Lost control']","['Normal', 'Inattentive']",[],[],[],[],[],[],D12,False,"['50 to 54', '55 to 59', 'unknown', '25 to 29', '10 to 14', '45 to 49']",3.0
1197862.0,2010-10-23 08:00:00,2001,2010,6212 YONGE ST,,,Major Arterial,North York,43.794745,-79.41919,627177.1316,4850289.4365,,No Control,Rain,Dark,Wet,50,Newtonbrook East,50,Newtonbrook East (50),Non-Fatal Injury,1,0,1,0,0,0,0,0,0,1,0,0,0,Pedestrian Collisions,"['Driver', 'Pedestrian']",East,"['Automobile, Station Wagon', 'Other']",['Going Ahead'],['Failed to Yield Right of Way'],['Normal'],['Pedestrian hit at private driveway'],['On Sidewalk or Shoulder'],['Unknown'],[],[],[],D32,False,"['70 to 74', '30 to 34']",3.0
1198068.0,2010-09-24 08:00:00,1713,2010,PAPE AVE,SELKIRK ST,,Major Arterial,Toronto and East York,43.682145,-79.34609,633307.7782,4837898.464,,No Control,Clear,Daylight,Dry,67,Playter Estates-Danforth,67,Playter Estates-Danforth (67),Non-Fatal Injury,0,0,1,0,0,1,0,0,0,1,0,0,0,Rear End,"['Driver', 'Vehicle Owner']",South,"['Automobile, Station Wagon', 'Municipal Transit Bus (TTC)', 'Other']","['Slowing or Stopping', 'Going Ahead']","['Driving Properly', 'Following too Close']","['Normal', 'Inattentive']",[],[],[],[],[],[],D55,False,"['40 to 44', 'unknown']",3.0
1198247.0,2010-10-29 08:00:00,1834,2010,1000 GERRARD St E,,,Minor Arterial,Toronto and East York,43.668645,-79.33859,633942.3292,4836411.1871,,No Control,Clear,Dusk,Dry,70,South Riverdale,70,South Riverdale (70),Non-Fatal Injury,1,0,1,0,0,0,0,0,0,0,0,0,0,Pedestrian Collisions,"['Driver', 'Other', 'Pedestrian']",,"['Automobile, Station Wagon', 'Other']","['Unknown', 'Going Ahead', 'Other']",[],[],[],[],[],[],[],[],D55,False,['unknown'],3.0
1198255.0,2010-09-22 08:00:00,1448,2010,YONGE ST,ELLERSLIE AVE,,Major Arterial,North York,43.771945,-79.41359,627676.1858,4847765.7649,At Intersection,Stop Sign,Clear,Daylight,Dry,37,Willowdale West,37,Willowdale West (37),Non-Fatal Injury,0,0,1,1,0,0,0,0,0,1,0,0,0,Turning Movement,"['Motorcycle Driver', 'Driver']",East,"['Motorcycle', 'Automobile, Station Wagon']","['Going Ahead', 'Turning Left']","['Driving Properly', 'Failed to Yield Right of Way']","['Normal', 'Inattentive']",[],[],[],[],[],[],D32,False,"['30 to 34', '65 to 69']",3.0
1198314.0,2010-09-25 08:00:00,1704,2010,CALEDONIA RD,BOWIE AVE,,Minor Arterial,North York,43.694945,-79.462787,623875.3723,4839139.1219,At Intersection,Stop Sign,Clear,Daylight,Dry,108,Briar Hill-Belgravia,108,Briar Hill-Belgravia (108),Non-Fatal Injury,0,1,1,0,0,0,0,0,0,0,0,0,0,Cyclist Collisions,"['Vehicle Owner', 'Driver', 'Cyclist']",East,"['Pick Up Truck', 'Bicycle']","['Turning Left', 'Going Ahead']",['Driving Properly'],['Normal'],[],[],[],['Motorist turned left across cyclists path.'],['Failed to Yield Right of Way'],['Had Been Drinking'],D13,False,"['unknown', '20 to 24', '50 to 54']",3.0
1198624.0,2010-09-26 08:00:00,1937,2010,DUFFERIN ST,KEYWEST AVE,,Major Arterial,Toronto and East York,43.692545,-79.44899,624992.1909,4838893.2734,At Intersection,No Control,Clear,Dark,Dry,109,Caledonia-Fairbank,109,Caledonia-Fairbank (109),Non-Fatal Injury,0,0,1,1,0,0,0,0,0,0,0,0,0,Turning Movement,"['Motorcycle Driver', 'Driver']",North,"['Motorcycle', 'Automobile, Station Wagon']","['Going Ahead', 'Turning Left']","['Driving Properly', 'Improper Turn']","['Normal', 'Inattentive']",[],[],[],[],[],[],D13,False,"['30 to 34', '40 to 44']",3.0
1198637.0,2010-09-27 08:00:00,2158,2010,BRIMLEY RD,FINCH AVE E,,Major Arterial,Scarborough,43.805745,-79.27739,638559.7138,4851738.8282,At Intersection,Traffic Signal,Rain,Dark,Wet,129,Agincourt North,129,Agincourt North (129),Non-Fatal Injury,1,0,1,0,0,0,0,0,0,1,0,0,0,Pedestrian Collisions,"['Driver', 'Pedestrian']",North,"['Automobile, Station Wagon', 'Other']",['Turning Left'],['Failed to Yield Right of Way'],['Inattentive'],['Vehicle turns left while ped crosses with ROW at inter.'],['Crossing with right of way'],['Normal'],[],[],[],D42,False,"['40 to 44', '50 to 54']",3.0
1198672.0,2010-11-01 08:00:00,1100,2010,LAWRENCE AVE E,MCCOWAN RD,,Major Arterial,Scarborough,43.755545,-79.24529,641259.9161,4846217.5786,,No Control,Clear,Daylight,Dry,157,Bendale South,127,Bendale (127),Non-Fatal Injury,1,0,1,0,0,0,0,0,0,0,0,0,0,Pedestrian Collisions,"['Pedestrian', 'Driver']",South,"['Other', 'Automobile, Station Wagon']",['Going Ahead'],['Driving Properly'],['Normal'],['Pedestrian hit at mid-block'],"['Crossing, no Traffic Control']",['Unknown'],[],[],[],D43,False,"['45 to 49', '50 to 54']",3.0
1198891.0,2010-09-03 08:00:00,1140,2010,KENNEDY RD,MERRIAN RD,,Major Arterial,Scarborough,43.727445,-79.26589,639666.8577,4843061.7213,At Intersection,Traffic Signal,Rain,Daylight,Wet,124,Kennedy Park,124,Kennedy Park (124),Non-Fatal Injury,0,0,1,0,0,0,0,0,0,1,1,0,0,Angle,"['Driver', 'Vehicle Owner']",South,"['Automobile, Station Wagon', 'Other']",['Going Ahead'],"['Disobeyed Traffic Control', 'Driving Properly']","['Inattentive', 'Normal']",[],[],[],[],[],[],D41,False,"['25 to 29', 'unknown', '45 to 49']",3.0
1198936.0,2010-11-02 08:00:00,956,2010,STEELES AVE E,PUTNAM  GT,,Major Arterial,Scarborough,43.822445,-79.31229,635714.6348,4853535.7856,,Traffic Signal,Clear,Daylight,Dry,116,Steeles,116,Steeles (116),Non-Fatal Injury,1,0,1,0,0,0,0,0,0,0,0,0,0,Pedestrian Collisions,"['Driver', 'Pedestrian']",North,"['Automobile, Station Wagon', 'Other']",['Turning Left'],['Improper Turn'],['Inattentive'],['Vehicle turns left while ped crosses with ROW at inter.'],['Crossing with right of way'],['Normal'],[],[],[],D42,False,"['55 to 59', '75 to 79']",3.0
1199022.0,2010-09-28 08:00:00,625,2010,JANE ST,EDDYSTONE AVE,,Major Arterial,Etobicoke York,43.749145,-79.51569,619504.3729,4845081.1214,At Intersection,Traffic Signal,Clear,Dark,Dry,25,Glenfield-Jane Heights,25,Glenfield-Jane Heights (25),Non-Fatal Injury,1,0,1,0,0,0,0,0,0,1,0,0,0,Pedestrian Collisions,"['Driver', 'Pedestrian']",East,"['Automobile, Station Wagon', 'Other']",['Turning Left'],['Failed to Yield Right of Way'],['Normal'],['Vehicle turns left while ped crosses with ROW at inter.'],['Crossing with right of way'],['Unknown'],[],[],[],D31,False,['55 to 59'],3.0