accident_number,date,time,year,street1,street2,offset,road_class,district,latitude,longitude,x,y,accident_location,traffctl,visibility,light,road_surface_condition,hood_158,neighbourhood_new,hood_140,neighbourhood_old,accident_class,pedestrian,cyclist,automobile,motorcycle,truck,trsn_city_veh,emerg_veh,passenger,speeding,aggressive_driving,redlight,alcohol,disability,impact_type,involvement_type,initial_direction,vehicle_type,manoeuver,driver_action,driver_condition,pedestrian_type,pedestrian_action,pedestrian_condition,cyclist_type,cyclist_action,cyclist_condition,division,injury,involvement_age,injury_severity_score
1204296.0,2010-11-26 10:00:00,1719,2010,HUMEWOOD GDNS,RUSHTON RD,,Local,Toronto and East York,43.682945,-79.42839,626672.5173,4837858.32,At Intersection,Stop Sign,Clear,Dark,Dry,106,Humewood-Cedarvale,106,Humewood-Cedarvale (106),Fatal,1,0,1,0,0,0,0,0,0,1,0,0,0,Pedestrian Collisions,"['Driver', 'Pedestrian']",North,"['Automobile, Station Wagon', 'Other']",['Going Ahead'],['Failed to Yield Right of Way'],['Normal'],['Vehicle is going straight thru inter.while ped cross with ROW'],['Crossing with right of way'],['Normal'],[],[],[],D13,True,"['70 to 74', '75 to 79']",4.0
1204298.0,2010-11-26 10:00:00,2026,2010,EGLINTON AVE E,SUTHERLAND DR,,Major Arterial,North York,43.713045,-79.36719,631539.4818,4841296.6422,,Traffic Signal,Clear,Dark,Dry,56,Leaside-Bennington,56,Leaside-Bennington (56),Non-Fatal Injury,1,0,1,0,0,0,0,0,0,0,0,0,0,Pedestrian Collisions,"['Driver', 'Pedestrian']",East,"['Automobile, Station Wagon', 'Other']",['Going Ahead'],['Driving Properly'],['Normal'],['Vehicle is going straight thru inter.while ped cross without ROW'],['Crossing without right of way'],['Unknown'],[],[],[],D53,False,"['25 to 29', '75 to 79']",3.0
1204378.0,2010-11-28 10:00:00,545,2010,BLOOR RAMP,CASTLE FRANK RD,,,Toronto and East York,43.676545,-79.36809,631546.7617,4837241.3802,,No Control,Clear,Dark,Dry,98,Rosedale-Moore Park,98,Rosedale-Moore Park (98),Non-Fatal Injury,0,0,1,0,0,0,0,1,0,0,0,1,0,SMV Other,"['Passenger', 'Driver', 'Other Property Owner']",South,"['Other', 'Automobile, Station Wagon']",['Going Ahead'],['Other'],"['Ability Impaired, Alcohol Over .08']",[],[],[],[],[],[],D53,False,"['0 to 4', '35 to 39', '25 to 29', 'unknown']",3.0
1204379.0,2010-11-28 10:00:00,1217,2010,HARBOUR ST,BAY ST,,Major Arterial,Toronto and East York,43.642045,-79.37749,630863.9577,4833394.8316,At Intersection,Traffic Signal,Clear,Daylight,Dry,166,St Lawrence-East Bayfront-The Islands,77,Waterfront Communities-The Island (77),Non-Fatal Injury,1,0,1,0,0,0,0,0,0,0,0,0,0,Pedestrian Collisions,"['Driver', 'Pedestrian']",East,"['Automobile, Station Wagon', 'Other']","['Going Ahead', 'Turning Left']","['Driving Properly', 'Improper Turn']",['Normal'],['Pedestrian hit on sidewalk or shoulder'],['On Sidewalk or Shoulder'],['Normal'],[],[],[],D52,False,"['60 to 64', '25 to 29', '30 to 34', '0 to 4']",3.0
1204639.0,2010-11-29 10:00:00,1620,2010,LAKE SHORE BLVD W,PARKSIDE DR,,Major Arterial,Toronto and East York,43.638251,-79.453464,624744.046,4832856.4739,At Intersection,Traffic Signal,Clear,Daylight,Dry,85,South Parkdale,85,South Parkdale (85),Non-Fatal Injury,0,1,1,0,0,0,0,0,0,0,0,0,0,Cyclist Collisions,"['Driver', 'Cyclist']",East,"['Automobile, Station Wagon', 'Bicycle']",['Going Ahead'],['Driving Properly'],['Normal'],[],[],[],"['Cyclist without ROW rides into path of motorist at inter, lnwy, dwy-Cyclist not turn.']",['Disobeyed Traffic Control'],['Inattentive'],D11,False,"['45 to 49', '50 to 54']",3.0
1204643.0,2010-11-28 10:00:00,235,2010,DUNDAS ST W,YONGE ST,,Major Arterial,Toronto and East York,43.656245,-79.38139,630518.6383,4834965.7856,,No Control,Clear,"Dark, artificial",Dry,170,Yonge-Bay Corridor,76,Bay Street Corridor (76),Non-Fatal Injury,1,0,1,0,0,0,0,0,0,1,0,0,0,Pedestrian Collisions,"['Driver', 'Pedestrian']",East,"['Taxi', 'Other']",['Pulling Away from Shoulder or Curb'],['Failed to Yield Right of Way'],['Unknown'],['Pedestrian hit at mid-block'],['Other'],['Had Been Drinking'],[],[],[],D52,False,"['unknown', '20 to 24']",3.0
1204660.0,2010-09-29 08:00:00,654,2010,MOUNT PLEASANT RD,DAVISVILLE AVE,,Major Arterial,North York,43.700345,-79.38699,629971.8191,4839854.897,At Intersection,Traffic Signal,Clear,Daylight,Dry,174,South Eglinton-Davisville,104,Mount Pleasant West (104),Non-Fatal Injury,0,0,1,0,0,0,0,1,0,1,0,0,0,Turning Movement,"['Passenger', 'Driver', 'Vehicle Owner']",North,"['Other', 'Automobile, Station Wagon']","['Turning Left', 'Going Ahead']","['Failed to Yield Right of Way', 'Driving Properly']","['Inattentive', 'Normal']",[],[],[],[],[],[],D53,False,"['25 to 29', '50 to 54', 'unknown', '40 to 44']",3.0
1204889.0,2010-11-30 10:00:00,1812,2010,LAWRENCE AVE E,ELINOR AVE,,Major Arterial,Scarborough,43.744045,-79.30059,636834.239,4844847.4964,At Intersection,Traffic Signal,Rain,Dark,Wet,119,Wexford/Maryvale,119,Wexford/Maryvale (119),Non-Fatal Injury,1,0,1,0,0,0,0,0,0,0,0,0,0,Pedestrian Collisions,"['Driver', 'Pedestrian']",North,"['Automobile, Station Wagon', 'Other']",['Going Ahead'],['Driving Properly'],['Normal'],['Vehicle is going straight thru inter.while ped cross without ROW'],['Crossing without right of way'],['Normal'],[],[],[],D41,False,"['20 to 24', '80 to 84']",3.0
1205176.0,2010-10-14 08:00:00,1703,2010,BLOOR ST E,CASTLE FRANK RD,,Major Arterial,Toronto and East York,43.674045,-79.36769,631584.4697,4836964.3557,,No Control,Rain,Daylight,Wet,71,Cabbagetown-South St.James Town,71,Cabbagetown-South St.James Town (71),Non-Fatal Injury,0,0,1,0,0,0,0,0,1,1,0,0,0,Approaching,"['Vehicle Owner', 'Driver']",East,"['Other', 'Automobile, Station Wagon']",['Going Ahead'],"['Speed too Fast For Condition', 'Driving Properly']","['Inattentive', 'Normal']",[],[],[],[],[],[],D51,False,"['unknown', '15 to 19', '30 to 34']",3.0
1205226.0,2010-11-16 10:00:00,1820,2010,PARKSIDE DR,HOWARD PARK AVE,,Major Arterial,Toronto and East York,43.648645,-79.45779,624373.656,4834004.3682,At Intersection,Traffic Signal,Rain,Dark,Wet,87,High Park-Swansea,87,High Park-Swansea (87),Non-Fatal Injury,1,0,1,0,0,0,0,0,0,1,0,0,0,Pedestrian Collisions,"['Driver', 'Pedestrian']",South,"['Automobile, Station Wagon', 'Other']",['Turning Left'],['Failed to Yield Right of Way'],['Normal'],['Vehicle turns left while ped crosses with ROW at inter.'],['Crossing with right of way'],['Normal'],[],[],[],D11,False,"['35 to 39', '25 to 29', '60 to 64']",3.0
1205381.0,2010-09-15 08:00:00,1952,2010,QUEEN Stre W,SPADINA Aven,,Major Arterial,Toronto and East York,43.648845,-79.39579,629373.3526,4834121.3682,,No Control,Clear,Dark,Dry,164,Wellington Place,77,Waterfront Communities-The Island (77),Non-Fatal Injury,1,0,1,0,0,0,0,0,0,0,0,0,0,Pedestrian Collisions,"['Driver', 'Pedestrian']",South,"['Automobile, Station Wagon', 'Other']",['Going Ahead'],['Driving Properly'],['Normal'],['Pedestrian hit at mid-block'],['Crossing without right of way'],"['Ability Impaired, Alcohol']",[],[],[],D52,False,"['35 to 39', '30 to 34']",3.0
1205411.0,2010-11-16 10:00:00,2001,2010,50 YORK GATE BLVD,,,Minor Arterial,Etobicoke York,43.758445,-79.52149,619018.9645,4846105.6717,,No Control,Rain,Dark,Wet,24,Black Creek,24,Black Creek (24),Non-Fatal Injury,1,0,1,0,0,0,0,0,0,0,0,0,0,Pedestrian Collisions,"['Driver', 'Pedestrian']",East,"['Automobile, Station Wagon', 'Other']",['Going Ahead'],['Driving Properly'],['Normal'],['Vehicle is going straight thru inter.while ped cross without ROW'],"['Crossing, no Traffic Control']",['Had Been Drinking'],[],[],[],D31,False,"['40 to 44', '25 to 29']",3.0
1205539.0,2010-11-17 10:00:00,1534,2010,DANFORTH RD,MIDLAND AVE,,Major Arterial,Scarborough,43.724845,-79.25399,640631.3909,4842793.0792,At Intersection,Traffic Signal,Clear,Daylight,Dry,124,Kennedy Park,124,Kennedy Park (124),Non-Fatal Injury,1,0,1,0,0,0,0,0,0,0,0,0,0,Pedestrian Collisions,"['Vehicle Owner', 'Driver', 'Pedestrian']",North,"['Other', 'Automobile, Station Wagon']","['Turning Right', 'Unknown']",['Driving Properly'],['Unknown'],['Vehicle turns right while ped crosses without ROW at inter.'],['Running onto Roadway'],['Unknown'],[],[],[],D41,False,"['unknown', '50 to 54', '25 to 29']",3.0
1205835.0,2010-12-05 10:00:00,421,2010,422 BRIMORTON DR,,,Collector,Scarborough,43.769045,-79.23759,641847.8884,4847730.1248,,No Control,Clear,Dark,Dry,142,Woburn North,137,Woburn (137),Fatal,0,0,1,0,0,0,0,1,0,0,0,0,0,SMV Other,"['Passenger', 'Driver', 'Other Property Owner']",West,"['Other', 'Automobile, Station Wagon']",['Going Ahead'],['Lost control'],['Had Been Drinking'],[],[],[],[],[],[],D43,True,"['25 to 29', 'unknown']",4.0
1205839.0,2010-11-13 10:00:00,1430,2010,LAKE SHORE Boul W,ONTARIO Driv,,Major Arterial,Toronto and East York,43.630445,-79.41979,627476.7313,4832040.677,At Intersection,Traffic Signal,Clear,Daylight,Dry,163,Fort York-Liberty Village,82,Niagara (82),Non-Fatal Injury,0,0,1,1,0,0,0,0,0,0,0,0,0,Turning Movement,"['Motorcycle Driver', 'Driver']",East,"['Motorcycle', 'Automobile, Station Wagon']","['Going Ahead', 'Turning Left']","['Driving Properly', 'Improper Turn']",['Normal'],[],[],[],[],[],[],D14,False,"['25 to 29', '70 to 74']",3.0
1205980.0,2010-12-06 10:00:00,1855,2010,THE QUEENSWAY,COLBORNE LODGE DR,,Major Arterial,Toronto and East York,43.639645,-79.45669,624480.9548,4833006.4521,,No Control,Snow,Dark,Dry,87,High Park-Swansea,87,High Park-Swansea (87),Non-Fatal Injury,1,0,1,0,0,0,0,0,0,0,0,0,0,Pedestrian Collisions,"['Driver', 'Pedestrian']",East,"['Automobile, Station Wagon', 'Other']",['Going Ahead'],['Driving Properly'],['Unknown'],['Pedestrian hit at mid-block'],"['Crossing, no Traffic Control']",['Had Been Drinking'],[],[],[],D11,False,"['35 to 39', '45 to 49']",3.0
1205981.0,2010-12-06 10:00:00,1445,2010,ANNETTE ST,RUNNYMEDE RD,,Minor Arterial,Toronto and East York,43.660045,-79.47999,622560.0979,4835237.4544,At Intersection,Traffic Signal,Clear,Daylight,Loose Snow,88,High Park North,88,High Park North (88),Non-Fatal Injury,1,0,1,0,0,0,0,0,0,1,0,0,0,Pedestrian Collisions,"['Driver', 'Pedestrian']",East,"['Automobile, Station Wagon', 'Other']",['Turning Left'],['Failed to Yield Right of Way'],['Inattentive'],['Vehicle turns left while ped crosses with ROW at inter.'],['Crossing with right of way'],['Normal'],[],[],[],D11,False,"['35 to 39', '80 to 84']",3.0
1206111.0,2010-11-18 10:00:00,2041,2010,PARLIAMENT St,FRONT St E,,Minor Arterial,Toronto and East York,43.651545,-79.36269,632036.8523,4834473.3734,At Intersection,Traffic Signal,Clear,Dark,Dry,166,St Lawrence-East Bayfront-The Islands,77,Waterfront Communities-The Island (77),Non-Fatal Injury,0,0,1,0,0,0,0,1,0,1,1,0,0,Angle,"['Driver', 'Passenger']",East,"['Automobile, Station Wagon', 'Other']",['Going Ahead'],"['Disobeyed Traffic Control', 'Driving Properly']",['Unknown'],[],[],[],[],[],[],D51,False,"['75 to 79', 'unknown', '25 to 29']",3.0
1206537.0,2010-12-08 10:00:00,2055,2010,SHEPPARD Aven W,JANE Stre,,Major Arterial,Etobicoke York,43.739445,-79.51179,619837.7238,4844009.4295,,No Control,Clear,Dark,Dry,25,Glenfield-Jane Heights,25,Glenfield-Jane Heights (25),Non-Fatal Injury,0,0,1,0,0,0,0,0,0,0,0,0,1,SMV Other,['Driver'],West,"['Automobile, Station Wagon']",['Going Ahead'],['Lost control'],['Medical or Physical Disability'],[],[],[],[],[],[],D31,False,['40 to 44'],3.0
1206538.0,2010-12-08 10:00:00,2055,2010,SHEPPARD Aven W,JANE Stre,,Major Arterial,Etobicoke York,43.739345,-79.51319,619725.1876,4843996.2991,At Intersection,Traffic Signal,Clear,Dark,Dry,25,Glenfield-Jane Heights,25,Glenfield-Jane Heights (25),Non-Fatal Injury,0,0,1,0,0,0,0,0,0,0,0,0,1,Rear End,['Driver'],West,"['Automobile, Station Wagon']","['Going Ahead', 'Stopped']","['Lost control', 'Driving Properly']","['Medical or Physical Disability', 'Normal']",[],[],[],[],[],[],D31,False,"['40 to 44', '30 to 34']",3.0
1206992.0,2010-12-11 10:00:00,1935,2010,ST CLAIR AVE E,DANFORTH RD,,Major Arterial,Scarborough,43.716845,-79.25989,640174.8292,4841894.5658,At Intersection,Traffic Signal,Clear,Dark,Dry,120,Clairlea-Birchmount,120,Clairlea-Birchmount (120),Fatal,1,0,0,0,0,1,0,0,0,0,0,0,0,Pedestrian Collisions,"['Vehicle Owner', 'Driver', 'Pedestrian']",East,"['Other', 'Municipal Transit Bus (TTC)']",['Going Ahead'],['Driving Properly'],['Normal'],['Pedestrian involved in a collision with transit vehicle anywhere along roadway'],['Crossing without right of way'],['Inattentive'],[],[],[],D41,True,"['unknown', '45 to 49', '65 to 69']",4.0
1207328.0,2010-11-14 10:00:00,1850,2010,JANE ST,EGLINTON AVE W,,Major Arterial,Etobicoke York,43.684445,-79.49879,620995.1785,4837919.7985,At Intersection,Traffic Signal,Clear,Dark,Dry,115,Mount Dennis,115,Mount Dennis (115),Non-Fatal Injury,1,0,1,0,0,0,0,0,0,0,0,0,0,Pedestrian Collisions,"['Driver', 'Pedestrian']",East,"['Automobile, Station Wagon', 'Other']",['Going Ahead'],['Driving Properly'],['Normal'],['Vehicle is going straight thru inter.while ped cross without ROW'],['Crossing without right of way'],['Unknown'],[],[],[],D12,False,"['35 to 39', '40 to 44']",3.0
1207370.0,2010-12-14 10:00:00,216,2010,KINGSTON RD,ST QUENTIN AVE,,Major Arterial,Scarborough,43.719145,-79.23929,641828.859,4842185.0621,,No Control,Snow,Dark,Packed Snow,123,Cliffcrest,123,Cliffcrest (123),Fatal,0,0,1,0,0,0,0,1,0,0,0,0,0,SMV Other,"['Passenger', 'Driver', 'Other Property Owner']",West,"['Other', 'Automobile, Station Wagon']",['Going Ahead'],['Lost control'],['Unknown'],[],[],[],[],[],[],D43,True,"['15 to 19', '20 to 24', 'unknown']",4.0
1207434.0,2010-11-14 10:00:00,1958,2010,FALMOUTH Aven,DANFORTH Road,,Major Arterial,Scarborough,43.730545,-79.25099,640859.6649,4843431.2444,At Intersection,Stop Sign,Clear,Dark,Dry,124,Kennedy Park,124,Kennedy Park (124),Non-Fatal Injury,0,0,1,0,0,0,0,1,0,1,0,0,0,Turning Movement,"['Passenger', 'Driver']",East,"['Other', 'Automobile, Station Wagon']","['Going Ahead', 'Turning Left']","['Driving Properly', 'Failed to Yield Right of Way']","['Unknown', 'Normal', 'Inattentive']",[],[],[],[],[],[],D41,False,"['45 to 49', '50 to 54', '40 to 44', '85 to 89']",3.0
1207710.0,2010-11-11 10:00:00,1225,2010,KINGSTON RD,MARKHAM RD,,Major Arterial,Scarborough,43.738745,-79.21699,643578.3509,4844400.3404,At Intersection,Traffic Signal,Clear,Daylight,Dry,139,Scarborough Village,139,Scarborough Village (139),Non-Fatal Injury,0,0,1,1,0,0,0,0,0,0,0,0,0,Turning Movement,"['Motorcycle Driver', 'Driver']",East,"['Motorcycle', 'Automobile, Station Wagon']","['Going Ahead', 'Turning Left']","['Driving Properly', 'Improper Turn']",['Normal'],[],[],[],[],[],[],D43,False,"['45 to 49', '20 to 24']",3.0
1207741.0,2010-11-12 10:00:00,1820,2010,322 THE WESTWAY,,,Minor Arterial,Etobicoke York,43.685345,-79.55769,616246.1555,4837935.5121,,No Control,Clear,Dark,Dry,7,Willowridge-Martingrove-Richview,7,Willowridge-Martingrove-Richview (7),Non-Fatal Injury,1,0,1,0,0,0,0,0,0,0,0,0,0,Pedestrian Collisions,"['Vehicle Owner', 'Driver', 'Pedestrian']",South,"['Other', 'Automobile, Station Wagon']",['Going Ahead'],['Driving Properly'],['Normal'],['Pedestrian hit at mid-block'],"['Crossing, no Traffic Control']",['Had Been Drinking'],[],[],[],D23,False,"['unknown', '40 to 44', '45 to 49']",3.0
1207896.0,2010-12-15 10:00:00,1318,2010,DUNDAS ST W,CHELSEA AVE,,Minor Arterial,Toronto and East York,43.658845,-79.45319,624723.5161,4835144.115,,No Control,Clear,Daylight,Wet,88,High Park North,88,High Park North (88),Non-Fatal Injury,1,0,1,0,0,0,0,0,0,0,0,0,0,Pedestrian Collisions,"['Driver', 'Pedestrian']",East,"['Automobile, Station Wagon', 'Other']",['Going Ahead'],['Driving Properly'],['Normal'],['Vehicle hits the pedestrian walking or running out from between parked vehicles at mid-block'],['Coming From Behind Parked Vehicle'],['Inattentive'],[],[],[],D11,False,"['75 to 79', '85 to 89']",3.0
1207898.0,2010-12-15 10:00:00,1602,2010,HORNER Aven,CONNELL Cour,,Minor Arterial,Etobicoke York,43.614145,-79.51729,619643.5893,4830085.2637,,Stop Sign,Clear,Daylight,Dry,160,Mimico-Queensway,17,Mimico (includes Humber Bay Shores) (17),Non-Fatal Injury,0,0,1,0,0,0,0,0,0,1,0,0,0,Turning Movement,"['Driver', 'Vehicle Owner']",East,"['Automobile, Station Wagon', 'Other']","['Turning Left', 'Going Ahead']","['Failed to Yield Right of Way', 'Driving Properly']","['Inattentive', 'Normal']",[],[],[],[],[],[],D22,False,"['50 to 54', 'unknown', '20 to 24']",3.0
1208298.0,2010-12-01 10:00:00,620,2010,FINCH AVE W,ALBION RD,,Major Arterial,Etobicoke York,43.743144,-79.587093,613766.921,4844314.0948,At Intersection,Traffic Signal,Rain,"Dark, artificial",Wet,2,Mount Olive-Silverstone-Jamestown,2,Mount Olive-Silverstone-Jamestown (2),Non-Fatal Injury,1,0,1,0,0,0,0,0,0,0,0,0,0,Pedestrian Collisions,"['Driver', 'Pedestrian']",South,"['Automobile, Station Wagon', 'Other']",['Going Ahead'],['Driving Properly'],['Normal'],['Vehicle is going straight thru inter.while ped cross without ROW'],['Crossing without right of way'],['Inattentive'],[],[],[],D23,False,"['30 to 34', '40 to 44']",3.0
1208694.0,2010-12-18 10:00:00,2256,2010,MCCOWAN RD,MELDAZY DR,,Major Arterial,Scarborough,43.763845,-79.24839,640990.8552,4847134.1388,,No Control,Clear,Dark,Dry,156,Bendale-Glen Andrew,127,Bendale (127),Fatal,0,0,1,0,0,0,0,0,0,0,0,0,0,Approaching,"['Vehicle Owner', 'Driver']",North,"['Other', 'Automobile, Station Wagon']",['Going Ahead'],"['Other', 'Driving Properly']","['Other', 'Inattentive']",[],[],[],[],[],[],D43,True,"['unknown', '35 to 39', '55 to 59']",4.0
1208896.0,2010-12-21 10:00:00,1639,2010,DANFORTH Ave,BROADVIEW Ave,,Major Arterial,Toronto and East York,43.676145,-79.35889,632289.2521,4837211.5869,,No Control,Clear,Daylight,Dry,68,North Riverdale,68,North Riverdale (68),Non-Fatal Injury,0,1,1,0,0,0,0,0,0,0,0,0,0,Cyclist Collisions,"['Vehicle Owner', 'Driver', 'Cyclist']",East,"['Other', 'Automobile, Station Wagon', 'Bicycle']","['Pulling Onto Shoulder or towardCurb', 'Going Ahead']",['Improper Lane Change'],['Inattentive'],[],[],[],['Cyclist and Driver travelling in same direction. One vehicle rear-ended the other.'],['Driving Properly'],['Normal'],D55,False,"['unknown', '30 to 34', '55 to 59']",3.0
1209188.0,2010-10-29 08:00:00,2242,2010,DUNDAS ST E,GEORGE ST,,Major Arterial,Toronto and East York,43.657745,-79.37299,631192.7233,4835145.6279,,No Control,Clear,Dark,Dry,73,Moss Park,73,Moss Park (73),Non-Fatal Injury,0,0,0,1,0,0,0,0,0,0,0,0,0,SMV Other,['Motorcycle Driver'],East,['Motorcycle'],['Going Ahead'],['Lost control'],['Unknown'],[],[],[],[],[],[],D51,False,['40 to 44'],3.0
1209207.0,2010-12-23 10:00:00,2027,2010,BATHURST ST,BRIDGMAN AVE,,Major Arterial,Toronto and East York,43.673945,-79.41469,627795.8597,4836879.7643,,No Control,Clear,Dark,Dry,96,Casa Loma,96,Casa Loma (96),Fatal,1,0,0,0,0,1,0,1,0,1,0,0,0,Pedestrian Collisions,"['Other', 'Passenger', 'Vehicle Owner', 'Driver', 'Pedestrian']",South,"['Other', 'Municipal Transit Bus (TTC)']","['Parked', 'Going Ahead']",['Improper Passing'],['Normal'],['Pedestrian involved in a collision with transit vehicle anywhere along roadway'],['Playing or Working on Highway'],['Normal'],[],[],[],D13,True,"['unknown', '50 to 54', '40 to 44']",4.0
1209440.0,2010-12-28 10:00:00,1734,2010,STEELES AVE E,SILVER STAR BLVD,,Major Arterial,Scarborough,43.825345,-79.29999,636697.1113,4853878.1314,At Intersection,Traffic Signal,Snow,Dark,Wet,NSA,NSA,NSA,NSA,Fatal,1,0,1,0,0,0,0,1,0,0,0,0,0,Pedestrian Collisions,"['Passenger', 'Driver', 'Pedestrian']",East,"['Other', 'Automobile, Station Wagon']",['Going Ahead'],['Driving Properly'],['Normal'],['Pedestrian hit at mid-block'],"['Crossing, no Traffic Control']",['Unknown'],[],[],[],NSA,True,"['70 to 74', '75 to 79', '30 to 34']",4.0
1209441.0,2010-12-28 10:00:00,1750,2010,STEELES AVE E,MIDLAND AVE,,Major Arterial,Scarborough,43.825945,-79.29729,636912.8477,4853949.2368,At Intersection,Traffic Signal,Snow,Dark,Wet,130,Milliken,130,Milliken (130),Non-Fatal Injury,1,0,1,0,0,0,0,0,0,0,0,0,0,Pedestrian Collisions,"['Driver', 'Pedestrian']",North,"['Automobile, Station Wagon', 'Other']",['Turning Right'],['Improper Turn'],['Unknown'],['Vehicle turns right while ped crosses without ROW at inter.'],"['Crossing, no Traffic Control']",['Other'],[],[],[],D42,False,"['unknown', '30 to 34']",3.0
1210091.0,2011-01-01 10:00:00,513,2011,SPADINA RD,DUPONT ST,,Major Arterial,Toronto and East York,43.674845,-79.40709,628406.6015,4836991.4586,At Intersection,Traffic Signal,Clear,Dark,Wet,95,Annex,95,Annex (95),Non-Fatal Injury,0,1,1,0,0,0,0,0,0,1,0,0,0,Cyclist Collisions,"['Driver', 'Cyclist']",North,"['Automobile, Station Wagon', 'Bicycle']","['Turning Left', 'Going Ahead']",['Failed to Yield Right of Way'],['Normal'],[],[],[],['Motorist turned left across cyclists path.'],['Driving Properly'],['Had Been Drinking'],D53,False,"['60 to 64', '20 to 24']",3.0
1210132.0,2011-01-02 10:00:00,105,2011,MCCOWAN RD,ELLESMERE RD,,Major Arterial,Scarborough,43.772145,-79.25149,640721.8604,4848050.7095,At Intersection,Traffic Signal,Clear,Dark,Dry,142,Woburn North,137,Woburn (137),Non-Fatal Injury,0,0,1,1,0,0,0,0,1,1,0,0,0,Turning Movement,"['Driver', 'Motorcycle Driver']",North,"['Automobile, Station Wagon', 'Motorcycle']","['Turning Left', 'Going Ahead']","['Improper Turn', 'Exceeding Speed Limit']",['Normal'],[],[],[],[],[],[],D43,False,"['55 to 59', '20 to 24']",3.0
1210705.0,2010-12-04 10:00:00,1430,2010,CARRIER Driv,WOODBINE DOWNS Boul,,Collector,Etobicoke York,43.738645,-79.60759,612124.8946,4843786.4749,At Intersection,Stop Sign,Clear,Daylight,Dry,1,West Humber-Clairville,1,West Humber-Clairville (1),Non-Fatal Injury,0,0,1,0,0,0,0,1,0,1,0,0,0,Angle,"['Driver', 'Passenger']",North,"['Automobile, Station Wagon', 'Other']",['Going Ahead'],"['Disobeyed Traffic Control', 'Driving Properly']","['Inattentive', 'Normal']",[],[],[],[],[],[],D23,False,"['40 to 44', '5 to 9', '10 to 14', '65 to 69', '35 to 39']",3.0
1211140.0,2011-01-07 10:00:00,1430,2011,BATHURST ST,PORTUGAL SQ,,Major Arterial,Toronto and East York,43.645503,-79.403354,628770.4799,4833738.4314,,No Control,Clear,Daylight,Wet,164,Wellington Place,77,Waterfront Communities-The Island (77),Non-Fatal Injury,1,0,1,0,0,0,0,0,0,1,0,0,0,Pedestrian Collisions,"['Driver', 'Wheelchair']",North,"['Automobile, Station Wagon', 'Other']",['Turning Left'],['Failed to Yield Right of Way'],['Normal'],['Vehicle turns left while ped crosses with ROW at inter.'],['Crossing with right of way'],['Normal'],[],[],[],D14,False,['50 to 54'],3.0
1211163.0,2011-01-07 10:00:00,1900,2011,FINCH AVE W,YORK GATE BLVD,,Major Arterial,Etobicoke York,43.756945,-79.51979,619158.7915,4845941.519,At Intersection,No Control,Clear,Dark,Dry,25,Glenfield-Jane Heights,24,Black Creek (24),Non-Fatal Injury,1,0,1,0,0,0,0,0,0,0,0,0,0,Pedestrian Collisions,"['Driver', 'Pedestrian']",North,"['Automobile, Station Wagon', 'Other']",['Going Ahead'],['Driving Properly'],['Normal'],['Pedestrian hit at mid-block'],"['Crossing, no Traffic Control']",['Had Been Drinking'],[],[],[],D31,False,"['35 to 39', '45 to 49']",3.0
1211648.0,2010-12-06 10:00:00,845,2010,JANE ST,JOHN ST,,Major Arterial,Etobicoke York,43.706645,-79.50479,620467.1236,4840376.6749,At Intersection,Traffic Signal,Snow,Daylight,Wet,28,Rustic,28,Rustic (28),Non-Fatal Injury,0,0,1,0,0,0,0,1,0,0,0,0,0,Turning Movement,"['Driver', 'Vehicle Owner', 'Passenger']",North,"['Automobile, Station Wagon', 'Other']","['Going Ahead', 'Turning Left']","['Driving Properly', 'Improper Turn']",['Normal'],[],[],[],[],[],[],D12,False,"['45 to 49', 'unknown', '30 to 34', '5 to 9']",3.0
1211679.0,2011-01-10 10:00:00,837,2011,VICTORIA PARK AVE,SLOANE AVE,,Major Arterial,North York,43.738845,-79.30849,636209.9265,4844256.9399,,No Control,Clear,Daylight,Wet,43,Victoria Village,43,Victoria Village (43),Non-Fatal Injury,0,0,1,0,0,1,0,1,1,1,0,0,0,Rear End,"['Driver', 'Passenger', 'Vehicle Owner']",South,"['Automobile, Station Wagon', 'Other', 'Municipal Transit Bus (TTC)']","['Going Ahead', 'Stopped']","['Speed too Fast For Condition', 'Driving Properly']","['Inattentive', 'Normal']",[],[],[],[],[],[],D33,False,"['40 to 44', '10 to 14', 'unknown', '25 to 29']",3.0
1212031.0,2011-01-11 10:00:00,1023,2011,QUEEN ST W,BATHURST ST,,Major Arterial,Toronto and East York,43.647245,-79.40389,628723.5298,4833931.0716,At Intersection,No Control,Clear,Daylight,Wet,78,Kensington-Chinatown,78,Kensington-Chinatown (78),Fatal,1,0,0,0,0,1,0,0,0,0,0,0,0,Pedestrian Collisions,"['Pedestrian', 'Vehicle Owner', 'Driver']",North,"['Other', 'Municipal Transit Bus (TTC)']",['Going Ahead'],['Driving Properly'],['Normal'],['Pedestrian involved in a collision with transit vehicle anywhere along roadway'],"['Crossing, no Traffic Control']",['Unknown'],[],[],[],D14,True,"['unknown', '50 to 54']",4.0
1212205.0,2010-12-08 10:00:00,1512,2010,BIRCHMOUNT RD,WINTERMUTE BLVD,,Major Arterial,Scarborough,43.816245,-79.31449,635551.7534,4852843.5674,At Intersection,Traffic Signal,Clear,Daylight,Dry,116,Steeles,116,Steeles (116),Non-Fatal Injury,1,0,1,0,0,0,0,0,0,1,0,0,0,Pedestrian Collisions,"['Driver', 'Pedestrian']",East,"['Automobile, Station Wagon', 'Other']",['Turning Left'],['Failed to Yield Right of Way'],['Normal'],['Vehicle turns left while ped crosses with ROW at inter.'],['Crossing with right of way'],['Normal'],[],[],[],D42,False,"['60 to 64', '15 to 19']",3.0