accident_number,date,time,year,street1,street2,offset,road_class,district,latitude,longitude,x,y,accident_location,traffctl,visibility,light,road_surface_condition,hood_158,neighbourhood_new,hood_140,neighbourhood_old,accident_class,pedestrian,cyclist,automobile,motorcycle,truck,trsn_city_veh,emerg_veh,passenger,speeding,aggressive_driving,redlight,alcohol,disability,impact_type,involvement_type,initial_direction,vehicle_type,manoeuver,driver_action,driver_condition,pedestrian_type,pedestrian_action,pedestrian_condition,cyclist_type,cyclist_action,cyclist_condition,division,injury,involvement_age,injury_severity_score
1212390.0,2010-12-08 10:00:00,821,2010,4472 STEELES AVE E,,,Major Arterial,Scarborough,43.821845,-79.31499,635498.8736,4853464.7196,,No Control,Clear,Daylight,Dry,NSA,NSA,NSA,NSA,Non-Fatal Injury,1,0,1,0,0,0,0,0,0,0,0,0,0,Pedestrian Collisions,"['Vehicle Owner', 'Driver', 'Pedestrian']",East,"['Other', 'Automobile, Station Wagon']",['Turning Left'],['Driving Properly'],['Inattentive'],['Pedestrian hit at private driveway'],['On Sidewalk or Shoulder'],['Normal'],[],[],[],D42,False,"['unknown', '40 to 44', '60 to 64']",3.0
1212585.0,2010-12-09 10:00:00,631,2010,RIVALDA RD,SHEPPARD AVE W,,Major Arterial,Etobicoke York,43.734645,-79.53389,618067.5467,4843444.5928,At Intersection,Traffic Signal,Clear,Dark,Dry,23,Pelmo Park-Humberlea,23,Pelmo Park-Humberlea (23),Non-Fatal Injury,1,0,1,0,0,0,0,0,0,1,0,0,0,Pedestrian Collisions,"['Driver', 'Pedestrian']",North,"['Automobile, Station Wagon', 'Other']",['Turning Right'],['Failed to Yield Right of Way'],['Normal'],['Vehicle turns right while ped crosses with ROW at inter.'],['Crossing with right of way'],['Normal'],[],[],[],D31,False,"['55 to 59', '20 to 24']",3.0
121282.0,2020-01-18 10:00:00,955,2020,ALBION RD,CARRIER DR,23 m West of,Major Arterial,Etobicoke York,43.745425,-79.61423,611577.6052,4844530.5262,At Intersection,Traffic Signal,Snow,Daylight,Wet,1,West Humber-Clairville,1,West Humber-Clairville (1),Non-Fatal Injury,0,0,1,0,0,0,0,0,0,0,0,0,1,SMV Other,['Driver'],East,"['Automobile, Station Wagon']",['Going Ahead'],['Lost control'],['Medical or Physical Disability'],[],[],[],[],[],[],D23,False,['60 to 64'],3.0
1212862.0,2011-01-15 10:00:00,1025,2011,EGLINTON AVE W,RENFORTH DR,,Minor Arterial,Etobicoke York,43.665545,-79.58619,613986.5988,4835696.9113,,No Control,Snow,Daylight,Slush,11,Eringate-Centennial-West Deane,11,Eringate-Centennial-West Deane (11),Non-Fatal Injury,0,0,1,0,0,0,0,1,1,1,0,0,0,SMV Other,"['Passenger', 'Driver']",East,"['Other', 'Automobile, Station Wagon']",['Going Ahead'],['Speed too Fast For Condition'],['Normal'],[],[],[],[],[],[],D22,False,"['15 to 19', '45 to 49']",3.0
1213166.0,2010-12-10 10:00:00,1700,2010,911 BRIMORTON Dr,,,Collector,Scarborough,43.771045,-79.21269,643847.1989,4847995.215,,No Control,Snow,Dark,Slush,141,Golfdale-Cedarbrae-Woburn,137,Woburn (137),Non-Fatal Injury,0,0,1,0,0,0,0,0,1,1,0,0,0,SMV Other,['Driver'],West,"['Automobile, Station Wagon']",['Going Ahead'],['Lost control'],['Unknown'],[],[],[],[],[],[],D43,False,['30 to 34'],3.0
1213789.0,2010-12-11 10:00:00,937,2010,349 HULLMAR DR,,,Collector,Etobicoke York,43.773345,-79.52539,618675.5478,4847754.9411,,No Control,Snow,Daylight,Other,24,Black Creek,24,Black Creek (24),Non-Fatal Injury,1,0,1,0,0,0,0,0,0,0,0,0,0,Pedestrian Collisions,"['Driver', 'Pedestrian']",South,"['Automobile, Station Wagon', 'Other']",['Reversing'],['Other'],['Normal'],['Pedestrian hit at private driveway'],['Other'],['Normal'],[],[],[],D31,False,"['35 to 39', '75 to 79']",3.0
1213866.0,2011-01-21 10:00:00,519,2011,DUFFERIN ST,NORTON AVE W,,Major Arterial,Toronto and East York,43.678645,-79.44329,625480.5225,4837358.0972,,No Control,Snow,Dark,Slush,92,Corso Italia-Davenport,92,Corso Italia-Davenport (92),Fatal,1,0,0,0,0,1,0,0,0,0,0,0,0,Pedestrian Collisions,"['Vehicle Owner', 'Driver', 'Pedestrian']",South,"['Other', 'Municipal Transit Bus (TTC)']",['Stopped'],['Driving Properly'],['Normal'],['Pedestrian involved in a collision with transit vehicle anywhere along roadway'],['Person Getting on/off Vehicle'],['Unknown'],[],[],[],D13,True,"['unknown', '55 to 59']",4.0
1213957.0,2010-12-13 10:00:00,1725,2010,LAKE SHORE BLVD W,HILLSIDE AVE,,Major Arterial,Etobicoke York,43.611145,-79.48999,621852.5729,4829791.7721,At Intersection,Traffic Signal,Clear,Dark,Dry,161,Humber Bay Shores,17,Mimico (includes Humber Bay Shores) (17),Non-Fatal Injury,1,0,1,0,0,0,0,0,0,0,0,0,0,Pedestrian Collisions,"['Driver', 'Pedestrian']",North,"['Automobile, Station Wagon', 'Other']",['Going Ahead'],['Driving Properly'],['Unknown'],['Vehicle is going straight thru inter.while ped cross without ROW'],['Crossing without right of way'],['Had Been Drinking'],[],[],[],D22,False,"['65 to 69', '80 to 84']",3.0
1214196.0,2011-01-22 10:00:00,319,2011,F G GARDINER XY Expr E,JAMESON AVE,,,Toronto and East York,43.632445,-79.43279,626423.8076,4832242.9218,,No Control,Clear,Dark,Dry,85,South Parkdale,85,South Parkdale (85),Non-Fatal Injury,0,0,1,0,0,0,0,0,0,0,0,1,0,Rear End,"['Vehicle Owner', 'Driver']",East,"['Other', 'Automobile, Station Wagon']","['Going Ahead', 'Stopped']","['Lost control', 'Driving Properly']","['Ability Impaired, Alcohol', 'Normal']",[],[],[],[],[],[],D14,False,"['unknown', '45 to 49', '55 to 59', '40 to 44']",3.0
1214567.0,2011-01-24 10:00:00,1300,2011,2372 FINCH AVE W,,,Major Arterial,Etobicoke York,43.751545,-79.54479,617156.7817,4845306.1075,,No Control,Clear,Daylight,Wet,22,Humbermede,22,Humbermede (22),Non-Fatal Injury,0,0,1,0,0,0,0,1,0,1,0,0,0,Turning Movement,"['Passenger', 'Driver']",South,"['Other', 'Automobile, Station Wagon']","['Turning Left', 'Going Ahead']","['Failed to Yield Right of Way', 'Driving Properly']",['Normal'],[],[],[],[],[],[],D31,False,"['35 to 39', '55 to 59', '70 to 74', '45 to 49']",3.0
1214720.0,2011-01-25 10:00:00,825,2011,MCCOWAN RD,ST ANDREWS RD,,Major Arterial,Scarborough,43.759445,-79.24659,641146.0899,4846648.5171,,No Control,Clear,Daylight,Wet,142,Woburn North,137,Woburn (137),Non-Fatal Injury,1,0,1,0,0,0,0,0,0,1,0,0,0,Pedestrian Collisions,"['Vehicle Owner', 'Driver', 'Pedestrian']",South,"['Other', 'Automobile, Station Wagon']",['Going Ahead'],['Failed to Yield Right of Way'],['Fatigue'],['Pedestrian hit at mid-block'],['Playing or Working on Highway'],['Normal'],[],[],[],D43,False,"['unknown', '65 to 69', '45 to 49']",3.0
1214725.0,2011-01-25 10:00:00,2058,2011,BATHURST ST,FOREST RIDGE DR,,Major Arterial,North York,43.706645,-79.42669,626759.5953,4840493.13,,No Control,Clear,Dark,Wet,102,Forest Hill North,102,Forest Hill North (102),Fatal,1,0,1,0,0,0,0,0,0,1,0,0,0,Pedestrian Collisions,"['Driver', 'Pedestrian']",South,"['Automobile, Station Wagon', 'Other']",['Going Ahead'],['Driving Properly'],['Normal'],['Pedestrian hit at mid-block'],"['Crossing, no Traffic Control']",['Inattentive'],[],[],[],D53,True,"['70 to 74', '75 to 79']",4.0
1215284.0,2011-01-29 10:00:00,0,2011,BLOOR ST W,CONCORD AVE,,Major Arterial,Toronto and East York,43.661745,-79.42689,626838.0708,4835506.0682,At Intersection,No Control,Clear,Dark,Dry,172,Dovercourt Village,93,Dovercourt-Wallace Emerson-Junction (93),Fatal,1,0,0,0,0,1,0,0,0,1,0,0,0,Pedestrian Collisions,"['Vehicle Owner', 'Driver', 'Pedestrian']",East,"['Other', 'Municipal Transit Bus (TTC)']",['Turning Right'],['Failed to Yield Right of Way'],['Inattentive'],['Pedestrian involved in a collision with transit vehicle anywhere along roadway'],['Crossing with right of way'],['Had Been Drinking'],[],[],[],D14,True,"['unknown', '35 to 39', '60 to 64']",4.0
1215424.0,2010-12-15 10:00:00,2115,2010,1251 BRIDLETOWNE Circ,,,Collector,Scarborough,43.793645,-79.31209,635795.9685,4850337.4096,,Pedestrian Crossover,Snow,Dark,Wet,148,East L'Amoreaux,117,L'Amoreaux (117),Non-Fatal Injury,0,0,1,0,0,0,0,0,1,1,0,1,0,SMV Other,"['Driver', 'Other Property Owner']",North,"['Automobile, Station Wagon', 'Other']",['Going Ahead'],['Speed too Fast For Condition'],"['Ability Impaired, Alcohol']",[],[],[],[],[],[],D42,False,"['40 to 44', 'unknown']",3.0
1215589.0,2011-02-01 10:00:00,847,2011,MARTIN GROVE RD,JOHN GARLAND BLVD,,Major Arterial,Etobicoke York,43.732045,-79.58939,613602.952,4843078.2416,At Intersection,Traffic Signal,Snow,Daylight,Loose Snow,2,Mount Olive-Silverstone-Jamestown,2,Mount Olive-Silverstone-Jamestown (2),Non-Fatal Injury,1,0,0,0,0,1,0,0,0,1,0,0,0,Pedestrian Collisions,"['Vehicle Owner', 'Driver', 'Pedestrian']",East,"['Other', 'Municipal Transit Bus (TTC)']",['Turning Right'],['Failed to Yield Right of Way'],['Inattentive'],['Pedestrian involved in a collision with transit vehicle anywhere along roadway'],['Crossing with right of way'],['Normal'],[],[],[],D23,False,"['unknown', '40 to 44', '10 to 14']",3.0
1216368.0,2010-12-20 10:00:00,1540,2010,VICTORIA PARK AVE,PACHINO BLVD,,Major Arterial,North York,43.761845,-79.31699,635473.5475,4846797.4968,,No Control,Clear,Daylight,Wet,119,Wexford/Maryvale,119,Wexford/Maryvale (119),Non-Fatal Injury,1,0,1,0,0,0,0,0,0,0,0,0,0,Pedestrian Collisions,"['Driver', 'Pedestrian']",North,"['Automobile, Station Wagon', 'Other']",['Going Ahead'],['Driving Properly'],['Normal'],['Pedestrian hit at mid-block'],['Running onto Roadway'],['Medical or Physical Disability'],[],[],[],D41,False,['45 to 49'],3.0
1216616.0,2010-12-19 10:00:00,211,2010,DUNDAS ST W,MANNING AVE,,Major Arterial,Toronto and East York,43.651345,-79.41089,628150.2665,4834375.5962,At Intersection,Traffic Signal,Clear,Dark,Dry,81,Trinity-Bellwoods,81,Trinity-Bellwoods (81),Non-Fatal Injury,1,0,1,0,0,0,0,0,0,0,0,0,0,Pedestrian Collisions,"['Vehicle Owner', 'Driver', 'Pedestrian']",East,"['Other', 'Taxi']",['Going Ahead'],['Driving Properly'],['Normal'],['Vehicle is going straight thru inter.while ped cross without ROW'],['Crossing without right of way'],"['Ability Impaired, Alcohol']",[],[],[],D14,False,"['unknown', '55 to 59', '30 to 34']",3.0
1216987.0,2011-02-10 10:00:00,828,2011,DUNDAS ST W,NEILSON DR,,Major Arterial,Etobicoke York,43.627345,-79.56239,615978.9457,4831487.2944,At Intersection,Traffic Signal,Clear,Daylight,Dry,12,Markland Wood,12,Markland Wood (12),Fatal,1,0,1,0,0,0,0,1,0,1,0,0,0,Pedestrian Collisions,"['Passenger', 'Driver', 'Pedestrian']",South,"['Other', 'Automobile, Station Wagon']",['Turning Left'],['Failed to Yield Right of Way'],['Inattentive'],['Vehicle turns left while ped crosses with ROW at inter.'],['Crossing with right of way'],['Normal'],[],[],[],D22,True,"['15 to 19', '45 to 49', '55 to 59']",4.0
1216997.0,2011-02-08 10:00:00,830,2011,DUFFERIN ST,GORDON ST,,Minor Arterial,Toronto and East York,43.646845,-79.43039,626587.1692,4833845.8839,At Intersection,No Control,Clear,Daylight,Dry,84,Little Portugal,84,Little Portugal (84),Non-Fatal Injury,1,0,1,0,0,0,0,0,0,0,0,0,0,Pedestrian Collisions,"['Driver', 'Pedestrian']",East,"['Automobile, Station Wagon', 'Other']",['Going Ahead'],['Driving Properly'],['Normal'],['Vehicle is going straight thru inter.while ped cross without ROW'],['Running onto Roadway'],['Inattentive'],[],[],[],D11,False,"['35 to 39', '10 to 14']",3.0
1217361.0,2011-02-11 10:00:00,1822,2011,DUNDAS ST E,SHERBOURNE ST,,Major Arterial,Toronto and East York,43.658245,-79.37099,631352.9032,4835204.3238,At Intersection,Traffic Signal,Clear,Dark,Dry,73,Moss Park,73,Moss Park (73),Non-Fatal Injury,1,0,1,0,0,0,0,0,0,0,0,0,0,Pedestrian Collisions,"['Driver', 'Pedestrian']",East,"['Automobile, Station Wagon', 'Other']",['Going Ahead'],['Driving Properly'],['Normal'],['Vehicle is going straight thru inter.while ped cross without ROW'],['Crossing without right of way'],['Inattentive'],[],[],[],D51,False,"['60 to 64', '40 to 44']",3.0
1217753.0,2011-02-14 10:00:00,1100,2011,JANE Stre,EGLINTON Aven W,,Major Arterial,Etobicoke York,43.683745,-79.49859,621012.7057,4837842.3459,,No Control,Clear,Daylight,Dry,111,Rockcliffe-Smythe,111,Rockcliffe-Smythe (111),Non-Fatal Injury,0,0,1,0,0,0,0,1,0,1,0,0,0,Approaching,"['Vehicle Owner', 'Driver', 'Passenger']",North,"['Other', 'Automobile, Station Wagon']",['Going Ahead'],"['Driving Properly', 'Lost control']","['Normal', 'Unknown']",[],[],[],[],[],[],D12,False,"['unknown', '35 to 39', '70 to 74', '75 to 79']",3.0
1218634.0,2011-02-18 10:00:00,1408,2011,QUEEN ST E,CARLAW AVE,,Minor Arterial,Toronto and East York,43.661045,-79.34009,633838.287,4835564.6837,At Intersection,Traffic Signal,Clear,Daylight,Dry,70,South Riverdale,70,South Riverdale (70),Non-Fatal Injury,1,0,1,0,0,0,0,0,0,0,0,0,0,Pedestrian Collisions,"['Vehicle Owner', 'Driver', 'Pedestrian']",East,"['Other', 'Taxi']",['Turning Left'],['Improper Turn'],['Normal'],['Vehicle turns left while ped crosses with ROW at inter.'],['Crossing with right of way'],['Normal'],[],[],[],D55,False,"['unknown', '50 to 54', '0 to 4', '35 to 39']",3.0
1218699.0,2020-07-02 08:00:00,1255,2020,PHARMACY AVE,HUNTINGWOOD DR,,Minor Arterial,Scarborough,43.781603,-79.320125,635176.6718,4848986.8041,At Intersection,Traffic Signal,Clear,Daylight,Dry,118,Tam O'Shanter-Sullivan,118,Tam O'Shanter-Sullivan (118),Non-Fatal Injury,0,0,1,0,0,0,0,1,0,1,1,0,0,Angle,"['Driver', 'Passenger']",South,"['Pick Up Truck', 'Automobile, Station Wagon']",['Going Ahead'],"['Disobeyed Traffic Control', 'Driving Properly']","['Inattentive', 'Normal']",[],[],[],[],[],[],D42,False,"['40 to 44', '55 to 59', '35 to 39', '80 to 84', '85 to 89', '0 to 4']",3.0
1219081.0,2010-12-29 10:00:00,2159,2010,DANFORTH AVE,BOWDEN ST,,Major Arterial,Toronto and East York,43.677043,-79.354587,632634.1406,4837318.1941,,No Control,Clear,Dark,Dry,67,Playter Estates-Danforth,67,Playter Estates-Danforth (67),Non-Fatal Injury,1,0,1,0,0,0,0,0,0,1,0,1,0,Pedestrian Collisions,"['Pedestrian', 'Vehicle Owner', 'Driver']",East,"['Other', 'Automobile, Station Wagon']",['Changing Lanes'],['Improper Passing'],"['Ability Impaired, Alcohol']",['Pedestrian hit at mid-block'],['Person Getting on/off Vehicle'],['Normal'],[],[],[],D55,False,"['60 to 64', 'unknown', '30 to 34']",3.0
1219139.0,2011-02-21 10:00:00,2022,2011,WESTON Road,MAPLE BUSH Aven,,Major Arterial,Etobicoke York,43.710445,-79.53489,618034.5281,4840755.4186,,,Other,Dark,Other,23,Pelmo Park-Humberlea,23,Pelmo Park-Humberlea (23),Non-Fatal Injury,1,0,1,0,0,0,0,0,0,0,0,0,0,Pedestrian Collisions,"['Driver', 'Pedestrian']",,"['Automobile, Station Wagon', 'Other']","['Unknown', 'Other']",[],[],[],[],[],[],[],[],D12,False,"['25 to 29', 'unknown']",3.0
1219456.0,2011-02-21 10:00:00,2022,2011,WESTON RD,MAPLE BUSH AVE,,Major Arterial,Etobicoke York,43.710345,-79.53479,618042.7808,4840744.4546,At Intersection,No Control,Clear,Dark,Dry,23,Pelmo Park-Humberlea,23,Pelmo Park-Humberlea (23),Non-Fatal Injury,1,0,1,0,0,0,0,0,0,0,0,0,0,Pedestrian Collisions,"['Driver', 'Pedestrian']",North,"['Automobile, Station Wagon', 'Other']",['Going Ahead'],['Driving Properly'],['Normal'],['Pedestrian hit at mid-block'],['Running onto Roadway'],['Other'],[],[],[],D12,False,['25 to 29'],3.0
1219581.0,2011-01-04 10:00:00,1640,2011,DUFFERIN ST,PRESTON RD,,Major Arterial,Toronto and East York,43.691045,-79.44829,625051.7202,4838727.7333,,No Control,Clear,Dusk,Dry,107,Oakwood Village,107,Oakwood Village (107),Non-Fatal Injury,0,0,1,0,0,0,0,0,0,0,0,0,0,Approaching,['Driver'],South,"['Automobile, Station Wagon']",['Going Ahead'],"['Driving Properly', 'Lost control']","['Normal', 'Inattentive']",[],[],[],[],[],[],D13,False,"['60 to 64', '30 to 34']",3.0
1219697.0,2011-01-05 10:00:00,1007,2011,DUPONT ST,CHRISTIE ST,,Major Arterial,Toronto and East York,43.671645,-79.42149,627252.55,4836613.8645,At Intersection,Traffic Signal,Clear,Daylight,Dry,95,Annex,95,Annex (95),Non-Fatal Injury,1,0,1,0,0,0,0,0,0,1,0,0,0,Pedestrian Collisions,"['Driver', 'Pedestrian']",North,"['Automobile, Station Wagon', 'Other']",['Turning Left'],['Failed to Yield Right of Way'],['Normal'],['Vehicle turns left while ped crosses with ROW at inter.'],['Crossing with right of way'],['Normal'],[],[],[],D14,False,"['60 to 64', '80 to 84']",3.0
1219703.0,2011-01-05 10:00:00,1951,2011,FINCH AVE E,WARDEN AVE,,Major Arterial,Scarborough,43.796945,-79.31499,635555.1928,4850699.173,At Intersection,No Control,Clear,Dark,Wet,148,East L'Amoreaux,117,L'Amoreaux (117),Non-Fatal Injury,0,0,1,0,0,0,0,0,0,1,0,0,0,Rear End,['Driver'],West,"['Automobile, Station Wagon']","['Going Ahead', 'Stopped']","['Following too Close', 'Driving Properly']",['Normal'],[],[],[],[],[],[],D42,False,"['70 to 74', '40 to 44']",3.0
1219821.0,2011-02-23 10:00:00,1203,2011,DON MILLS RD,THE DONWAY  E,,Major Arterial,North York,43.740845,-79.34449,633306.534,4844420.512,At Intersection,Traffic Signal,Clear,Daylight,Dry,42,Banbury-Don Mills,42,Banbury-Don Mills (42),Non-Fatal Injury,1,0,1,0,0,0,0,0,0,1,0,0,0,Pedestrian Collisions,"['Vehicle Owner', 'Driver', 'Pedestrian']",East,"['Other', 'Automobile, Station Wagon']","['Turning Right', 'Other']",['Failed to Yield Right of Way'],['Inattentive'],['Vehicle turns right while ped crosses with ROW at inter.'],['Crossing with right of way'],['Normal'],[],[],[],D33,False,"['unknown', '65 to 69', '80 to 84']",3.0
1219842.0,2011-02-23 10:00:00,1840,2011,BLOOR ST W,RESURRECTION RD,,Major Arterial,Etobicoke York,43.643045,-79.53079,618497.4299,4833275.6037,,Traffic Signal,Clear,Dark,Dry,159,Etobicoke City Centre,14,Islington-City Centre West (14),Non-Fatal Injury,1,0,1,0,0,0,0,0,0,0,0,0,0,Pedestrian Collisions,"['Vehicle Owner', 'Driver', 'Pedestrian']",East,"['Other', 'Automobile, Station Wagon']",['Going Ahead'],['Driving Properly'],['Normal'],['Vehicle is going straight thru inter.while ped cross without ROW'],['Crossing without right of way'],['Unknown'],[],[],[],D22,False,"['unknown', '45 to 49', '65 to 69']",3.0
1219857.0,2011-01-05 10:00:00,1639,2011,KENNEDY RD,CARDWELL AVE,,Major Arterial,Scarborough,43.785745,-79.28949,637632.3386,4849497.3186,At Intersection,Traffic Signal,Clear,Dark,Wet,118,Tam O'Shanter-Sullivan,118,Tam O'Shanter-Sullivan (118),Non-Fatal Injury,1,0,1,0,0,0,0,0,0,0,0,0,0,Pedestrian Collisions,"['Vehicle Owner', 'Driver', 'Pedestrian']",East,"['Other', 'Automobile, Station Wagon']",['Turning Right'],['Driving Properly'],['Normal'],['Vehicle turns right while ped crosses without ROW at inter.'],['Crossing without right of way'],['Normal'],[],[],[],D42,False,"['unknown', '20 to 24', '75 to 79']",3.0
1220029.0,2011-02-24 10:00:00,1110,2011,KINGSTON RD,BRINLOOR BLVD,,Major Arterial,Scarborough,43.741145,-79.214465,643775.9361,4844671.2759,At Intersection,Stop Sign,Rain,Daylight,Wet,139,Scarborough Village,139,Scarborough Village (139),Non-Fatal Injury,0,0,1,0,0,0,0,1,0,0,0,0,0,Turning Movement,"['Vehicle Owner', 'Driver', 'Passenger']",East,"['Other', 'Automobile, Station Wagon']","['Turning Left', 'Going Ahead']","['Improper Turn', 'Driving Properly']",['Normal'],[],[],[],[],[],[],D43,False,"['unknown', '60 to 64', '70 to 74', '35 to 39']",3.0
1220060.0,2011-02-24 10:00:00,2239,2011,ROYAL YORK RD,USHER AVE,,Minor Arterial,Etobicoke York,43.655045,-79.51479,619764.0509,4834631.3244,At Intersection,No Control,Clear,Dark,Dry,15,Kingsway South,15,Kingsway South (15),Non-Fatal Injury,0,0,1,0,0,0,0,0,0,0,0,1,0,Approaching,"['Driver', 'Vehicle Owner']",North,"['Automobile, Station Wagon', 'Other']",['Going Ahead'],"['Driving Properly', 'Other']","['Normal', 'Ability Impaired, Alcohol Over .08']",[],[],[],[],[],[],D22,False,"['40 to 44', 'unknown', '20 to 24']",3.0
1220073.0,2011-01-06 10:00:00,1415,2011,QUEEN ST W,YORK ST,,Major Arterial,Toronto and East York,43.651045,-79.38579,630175.0697,4834381.3454,,No Control,Snow,Daylight,Wet,170,Yonge-Bay Corridor,76,Bay Street Corridor (76),Non-Fatal Injury,1,0,0,0,0,1,0,0,0,0,0,0,0,Pedestrian Collisions,"['Pedestrian', 'Vehicle Owner', 'Driver']",South,"['Other', 'Municipal Transit Bus (TTC)']",['Going Ahead'],['Driving Properly'],['Unknown'],['Pedestrian involved in a collision with transit vehicle anywhere along roadway'],['Walking on Roadway Against Traffic'],"['Ability Impaired, Alcohol']",[],[],[],D52,False,"['20 to 24', 'unknown', '40 to 44']",3.0
1220130.0,2011-01-06 10:00:00,2030,2011,ELLESMERE RD,GANDER DR,,Major Arterial,Scarborough,43.777545,-79.22659,642713.0148,4848693.0868,,Traffic Signal,Snow,Dark,Loose Snow,141,Golfdale-Cedarbrae-Woburn,137,Woburn (137),Non-Fatal Injury,0,0,1,0,0,0,0,1,0,0,0,0,0,Sideswipe,"['Driver', 'Passenger']",East,"['Automobile, Station Wagon', 'Other']",['Going Ahead'],"['Lost control', 'Driving Properly']",['Normal'],[],[],[],[],[],[],D43,False,"['40 to 44', '50 to 54']",3.0
1220521.0,2011-01-01 10:00:00,328,2011,HIGH PARK AVE,DUNDAS ST W,,Local,Toronto and East York,43.665045,-79.47019,623340.0507,4835807.2925,,No Control,Clear,Dark,Wet,90,Junction Area,90,Junction Area (90),Non-Fatal Injury,1,0,1,0,0,0,0,0,0,0,0,0,0,Pedestrian Collisions,"['Driver', 'Pedestrian']",South,"['Automobile, Station Wagon', 'Other']",['Going Ahead'],['Driving Properly'],['Normal'],['Other / Undefined'],['Other'],"['Ability Impaired, Alcohol']",[],[],[],D11,False,"['55 to 59', '25 to 29']",3.0
1220905.0,2011-01-10 10:00:00,1232,2011,SHEPPARD AVE W,BEECROFT RD,,Major Arterial,North York,43.761045,-79.41319,627731.5764,4846555.7719,,Traffic Signal,Clear,Daylight,Dry,38,Lansing-Westgate,38,Lansing-Westgate (38),Non-Fatal Injury,1,0,1,0,0,0,0,0,0,1,0,0,0,Pedestrian Collisions,"['Vehicle Owner', 'Driver', 'Pedestrian']",East,"['Other', 'Automobile, Station Wagon']",['Turning Right'],['Failed to Yield Right of Way'],['Normal'],['Vehicle turns right while ped crosses with ROW at inter.'],['Crossing with right of way'],['Normal'],[],[],[],D32,False,"['unknown', '45 to 49', '65 to 69']",3.0
1221014.0,2011-01-11 10:00:00,1140,2011,DUNDAS ST W,BAY ST,,Major Arterial,Toronto and East York,43.655745,-79.38379,630326.1909,4834906.4816,At Intersection,Traffic Signal,Clear,Daylight,Dry,170,Yonge-Bay Corridor,76,Bay Street Corridor (76),Non-Fatal Injury,1,0,1,0,0,0,0,1,0,1,0,0,0,Pedestrian Collisions,"['Passenger', 'Driver', 'Other Property Owner', 'Pedestrian']",East,"['Other', 'Automobile, Station Wagon']","['Going Ahead', 'Turning Left']","['Driving Properly', 'Failed to Yield Right of Way']",['Inattentive'],['Pedestrian hit on sidewalk or shoulder'],['On Sidewalk or Shoulder'],['Normal'],[],[],[],D52,False,"['30 to 34', '25 to 29', '40 to 44', 'unknown', '65 to 69']",3.0
1221095.0,2011-03-02 10:00:00,558,2011,FOREST MANOR Road,PARKWAY FOREST Driv,,Collector,North York,43.775045,-79.34339,633319.1325,4848220.7104,,Stop Sign,Clear,Daylight,Dry,53,Henry Farm,53,Henry Farm (53),Non-Fatal Injury,0,0,1,0,0,0,0,0,0,0,0,0,1,SMV Other,"['Vehicle Owner', 'Driver']",East,"['Other', 'Automobile, Station Wagon']",['Going Ahead'],['Lost control'],['Medical or Physical Disability'],[],[],[],[],[],[],D33,False,"['unknown', '30 to 34']",3.0
1221131.0,2011-01-12 10:00:00,334,2011,AVENUE RD,LAWRENCE AVE W,,Major Arterial,North York,43.722245,-79.41559,627620.798,4842242.7638,At Intersection,Traffic Signal,Snow,Dark,Packed Snow,39,Bedford Park-Nortown,39,Bedford Park-Nortown (39),Non-Fatal Injury,0,0,1,0,0,1,0,1,0,1,1,0,0,Angle,"['Passenger', 'Vehicle Owner', 'Driver']",East,"['Other', 'Automobile, Station Wagon', 'Municipal Transit Bus (TTC)']",['Going Ahead'],"['Driving Properly', 'Disobeyed Traffic Control']",['Normal'],[],[],[],[],[],[],D53,False,"['35 to 39', 'unknown', '25 to 29', '45 to 49']",3.0
1221155.0,2011-01-11 10:00:00,1956,2011,QUEEN ST W,RYERSON AVE,,Major Arterial,Toronto and East York,43.647545,-79.40219,628859.9918,4833967.0288,,No Control,Snow,Dark,Loose Snow,164,Wellington Place,77,Waterfront Communities-The Island (77),Non-Fatal Injury,1,0,0,0,1,0,0,0,0,0,0,1,0,Pedestrian Collisions,"['Truck Driver', 'Vehicle Owner', 'Pedestrian']",Unknown,"['Truck - Open', 'Other']",['Going Ahead'],['Other'],"['Ability Impaired, Alcohol Over .08']",['Pedestrian hit at mid-block'],['Person Getting on/off Vehicle'],['Normal'],[],[],[],D14,False,"['40 to 44', 'unknown', '55 to 59']",3.0
1221211.0,2011-01-13 10:00:00,656,2011,HUMBER BLVD,ALLIANCE AVE,,Collector,Etobicoke York,43.678744,-79.483386,622248.3054,4837309.2144,,Pedestrian Crossover,Clear,Dark,Wet,111,Rockcliffe-Smythe,111,Rockcliffe-Smythe (111),Non-Fatal Injury,1,0,1,0,0,0,0,0,0,1,0,0,0,Pedestrian Collisions,"['Driver', 'Pedestrian']",South,"['Automobile, Station Wagon', 'Other']",['Going Ahead'],['Disobeyed Traffic Control'],['Inattentive'],['Pedestrian hit a PXO/ped. Mid-block signal'],"['Crossing, Pedestrian Crossover']",['Normal'],[],[],[],D12,False,"['60 to 64', '30 to 34']",3.0
1221788.0,2011-03-05 10:00:00,2257,2011,EGLINTON Aven W,SCARLETT Road,,Major Arterial,Etobicoke York,43.683945,-79.51149,619972.5666,4837845.817,At Intersection,Traffic Signal,Rain,Dark,Wet,9,Edenbridge-Humber Valley,9,Edenbridge-Humber Valley (9),Non-Fatal Injury,1,0,1,0,0,0,0,0,0,0,0,0,0,Pedestrian Collisions,"['Vehicle Owner', 'Driver', 'Pedestrian']",North,"['Other', 'Automobile, Station Wagon']",['Going Ahead'],['Driving Properly'],['Normal'],['Vehicle is going straight thru inter.while ped cross without ROW'],['Crossing without right of way'],['Medical or Physical Disability'],[],[],[],D22,False,"['unknown', '45 to 49', '20 to 24']",3.0