accident_number,date,time,year,street1,street2,offset,road_class,district,latitude,longitude,x,y,accident_location,traffctl,visibility,light,road_surface_condition,hood_158,neighbourhood_new,hood_140,neighbourhood_old,accident_class,pedestrian,cyclist,automobile,motorcycle,truck,trsn_city_veh,emerg_veh,passenger,speeding,aggressive_driving,redlight,alcohol,disability,impact_type,involvement_type,initial_direction,vehicle_type,manoeuver,driver_action,driver_condition,pedestrian_type,pedestrian_action,pedestrian_condition,cyclist_type,cyclist_action,cyclist_condition,division,injury,involvement_age,injury_severity_score
1232009.0,2011-05-06 08:00:00,1400,2011,YONGE ST,WILSON AVE,,Major Arterial,North York,43.744145,-79.40669,628290.9096,4844688.8209,,Traffic Signal,Clear,Daylight,Dry,40,St.Andrew-Windfields,40,St.Andrew-Windfields (40),Non-Fatal Injury,0,0,1,0,0,0,0,1,0,1,0,0,0,Rear End,"['Driver', 'Passenger']",South,"['Automobile, Station Wagon', 'Other']","['Going Ahead', 'Stopped']","['Following too Close', 'Driving Properly']","['Other', 'Normal']",[],[],[],[],[],[],D32,False,"['70 to 74', '40 to 44']",3.0
1232010.0,2011-05-06 08:00:00,1400,2011,YONGE ST,MCGLASHAN RD,,Major Arterial,North York,43.741845,-79.40619,628336.0837,4844434.1465,,No Control,Clear,Daylight,Dry,41,Bridle Path-Sunnybrook-York Mills,41,Bridle Path-Sunnybrook-York Mills (41),Non-Fatal Injury,0,0,1,0,0,0,0,0,1,1,0,0,0,Sideswipe,['Driver'],North,"['Automobile, Station Wagon']",['Going Ahead'],"['Lost control', 'Driving Properly']","['Other', 'Normal']",[],[],[],[],[],[],D32,False,"['70 to 74', '60 to 64', '50 to 54']",3.0
1232054.0,2011-05-07 08:00:00,910,2011,KEELE ST,INGRAM DR,,Major Arterial,Etobicoke York,43.699445,-79.47599,622802.2211,4839619.2688,,Traffic Signal,Clear,Daylight,Dry,30,Brookhaven-Amesbury,30,Brookhaven-Amesbury (30),Non-Fatal Injury,0,0,1,0,0,0,0,0,0,0,0,0,1,SMV Other,['Driver'],West,"['Automobile, Station Wagon']",['Going Ahead'],['Lost control'],['Medical or Physical Disability'],[],[],[],[],[],[],D12,False,['75 to 79'],3.0
1232073.0,2011-05-07 08:00:00,1450,2011,DAVENPORT Road,DUFFERIN Stre,,Minor Arterial,Toronto and East York,43.672845,-79.44159,625629.657,4836716.5027,,No Control,Clear,Daylight,Dry,171,Junction-Wallace Emerson,93,Dovercourt-Wallace Emerson-Junction (93),Non-Fatal Injury,1,0,1,1,0,0,0,0,0,1,0,0,0,Pedestrian Collisions,"['Pedestrian', 'Motorcycle Driver', 'Driver', 'Other', 'Vehicle Owner']",East,"['Other', 'Motorcycle', 'Automobile, Station Wagon']","['Going Ahead', 'Stopped', 'Parked']","['Improper Passing', 'Driving Properly']","['Unknown', 'Normal']",['Vehicle hits the pedestrian walking or running out from between parked vehicles at mid-block'],['Coming From Behind Parked Vehicle'],['Inattentive'],[],[],[],D13,False,"['15 to 19', '25 to 29', '50 to 54', 'unknown']",3.0
1232208.0,2011-03-08 10:00:00,1537,2011,255 MORNINGSIDE AVE,,,Major Arterial,Scarborough,43.768345,-79.18619,645986.5816,4847741.7193,At Intersection,Traffic Signal,Clear,Daylight,Dry,136,West Hill,136,West Hill (136),Non-Fatal Injury,1,0,1,0,0,0,0,0,0,0,0,0,0,Pedestrian Collisions,"['Driver', 'Pedestrian']",East,"['Automobile, Station Wagon', 'Other']","['Turning Left', 'Other']",['Improper Turn'],['Normal'],['Vehicle turns left while ped crosses with ROW at inter.'],['Crossing with right of way'],['Normal'],[],[],[],D43,False,"['40 to 44', '75 to 79']",3.0
1232425.0,2011-04-08 08:00:00,1628,2011,EGLINTON AVE W,HEDDINGTON AVE,,Major Arterial,North York,43.703445,-79.41389,627797.6846,4840157.3769,At Intersection,Traffic Signal,Clear,Daylight,Dry,101,Forest Hill South,101,Forest Hill South (101),Non-Fatal Injury,0,0,1,0,0,0,0,0,0,1,1,0,0,Rear End,"['Driver', 'Vehicle Owner']",West,"['Automobile, Station Wagon', 'Other']","['Slowing or Stopping', 'Going Ahead']","['Driving Properly', 'Disobeyed Traffic Control']",['Normal'],[],[],[],[],[],[],D53,False,"['70 to 74', '65 to 69', 'unknown', '35 to 39']",3.0
1232522.0,2011-03-09 10:00:00,1145,2011,JANE ST,ST JOHNS RD,,Major Arterial,Toronto and East York,43.661945,-79.48969,621774.1281,4835434.1917,,Traffic Signal,Snow,Daylight,Wet,89,Runnymede-Bloor West Village,89,Runnymede-Bloor West Village (89),Non-Fatal Injury,1,0,1,0,0,0,0,0,0,1,0,0,0,Pedestrian Collisions,"['Vehicle Owner', 'Driver', 'Pedestrian']",East,"['Other', 'Automobile, Station Wagon']",['Turning Left'],['Failed to Yield Right of Way'],['Normal'],['Vehicle turns left while ped crosses with ROW at inter.'],['Crossing with right of way'],['Normal'],[],[],[],D11,False,"['unknown', '50 to 54', '5 to 9']",3.0
1232571.0,2011-05-10 08:00:00,1134,2011,F G GARDINER XY Expr W,KIPLING AVE,,,Etobicoke York,43.617745,-79.52689,618861.8419,4830471.3009,,No Control,Clear,Daylight,Dry,160,Mimico-Queensway,17,Mimico (includes Humber Bay Shores) (17),Non-Fatal Injury,0,0,1,0,0,0,0,1,1,1,0,0,0,Rear End,"['Vehicle Owner', 'Driver', 'Passenger']",West,"['Other', 'Automobile, Station Wagon']","['Slowing or Stopping', 'Going Ahead']","['Driving Properly', 'Exceeding Speed Limit']","['Normal', 'Unknown']",[],[],[],[],[],[],D22,False,"['unknown', '50 to 54', '40 to 44', '65 to 69', '25 to 29']",3.0
1232602.0,2011-05-09 08:00:00,815,2011,WILLIAM R ALLEN Road,RIMROCK Road,,Major Arterial,North York,43.757745,-79.46499,623568.6501,4846110.6696,At Intersection,Traffic Signal,Clear,Daylight,Dry,27,York University Heights,27,York University Heights (27),Non-Fatal Injury,0,0,1,0,0,0,0,0,0,0,0,0,0,Turning Movement,"['Vehicle Owner', 'Driver']",North,"['Other', 'Automobile, Station Wagon']","['Stopped', 'Turning Right']","['Driving Properly', 'Other']","['Normal', 'Inattentive']",[],[],[],[],[],[],D32,False,"['unknown', '40 to 44', '85 to 89', '50 to 54']",3.0
1232760.0,2011-03-14 08:00:00,1307,2011,CHURCH ST,CHARLES ST E,,Minor Arterial,Toronto and East York,43.669745,-79.38259,630392.6438,4836463.2538,,No Control,Clear,Daylight,Dry,167,Church-Wellesley,75,Church-Yonge Corridor (75),Non-Fatal Injury,1,0,1,0,0,0,0,0,0,0,0,0,0,Pedestrian Collisions,"['Driver', 'Pedestrian']",South,"['Automobile, Station Wagon', 'Other']",['Going Ahead'],['Driving Properly'],['Normal'],['Pedestrian hit at mid-block'],"['Crossing, no Traffic Control']",['Unknown'],[],[],[],D51,False,"['35 to 39', '40 to 44']",3.0
1233009.0,2011-03-15 08:00:00,852,2011,KING Stre E,PRINCESS Stre,,Major Arterial,Toronto and East York,43.651545,-79.36709,631682.0212,4834466.3817,,No Control,Clear,Daylight,Dry,73,Moss Park,73,Moss Park (73),Non-Fatal Injury,0,0,1,0,0,0,0,1,0,1,0,0,0,Turning Movement,"['Passenger', 'Vehicle Owner', 'Driver', 'Other Property Owner']",East,"['Other', 'Automobile, Station Wagon']","['Turning Left', 'Going Ahead']","['Improper Turn', 'Driving Properly']",['Normal'],[],[],[],[],[],[],D51,False,"['45 to 49', 'unknown']",3.0
1233062.0,2011-05-14 08:00:00,1356,2011,QUEEN ST W,GLADSTONE AVE,,Major Arterial,Toronto and East York,43.642545,-79.42719,626854.2983,4833373.1995,At Intersection,Traffic Signal,"Fog, Mist, Smoke, Dust",Daylight,Dry,84,Little Portugal,84,Little Portugal (84),Non-Fatal Injury,0,0,1,1,0,0,0,0,1,1,0,0,0,Turning Movement,"['Motorcycle Driver', 'Driver']",East,"['Motorcycle', 'Automobile, Station Wagon']","['Going Ahead', 'Turning Left']","['Exceeding Speed Limit', 'Failed to Yield Right of Way']","['Inattentive', 'Unknown']",[],[],[],[],[],[],D14,False,"['25 to 29', '65 to 69']",3.0
1233108.0,2011-05-15 08:00:00,1047,2011,PAPE Aven,COSBURN Aven,,Major Arterial,Toronto and East York,43.689445,-79.34879,633074.0084,4838704.8936,At Intersection,Traffic Signal,Rain,Daylight,Wet,58,Old East York,58,Old East York (58),Non-Fatal Injury,1,0,1,0,0,0,0,0,0,1,0,0,0,Pedestrian Collisions,"['Driver', 'Pedestrian']",East,"['Automobile, Station Wagon', 'Other']",['Turning Left'],['Failed to Yield Right of Way'],['Inattentive'],['Vehicle turns left while ped crosses with ROW at inter.'],['Crossing with right of way'],['Normal'],[],[],[],D55,False,"['70 to 74', '80 to 84']",3.0
1233231.0,2011-05-16 08:00:00,17,2011,F G GARDINER Expr E,DOWLING Ave,,Major Arterial,Toronto and East York,43.635445,-79.44079,625772.1983,4832563.9573,,No Control,Rain,"Dark, artificial",Wet,85,South Parkdale,85,South Parkdale (85),Non-Fatal Injury,0,0,1,0,0,0,0,1,1,1,0,0,0,SMV Other,"['Passenger', 'Driver', 'Vehicle Owner']",East,"['Other', 'Automobile, Station Wagon']",['Going Ahead'],['Speed too Fast For Condition'],['Normal'],[],[],[],[],[],[],D14,False,"['20 to 24', '30 to 34', 'unknown']",3.0
1233411.0,2011-03-19 08:00:00,1600,2011,LESLIE st,HARRIET st,,Local,Toronto and East York,43.671645,-79.33389,634314.5538,4836751.9775,,No Control,Clear,Daylight,Dry,70,South Riverdale,70,South Riverdale (70),Non-Fatal Injury,0,0,1,0,0,0,0,1,0,0,0,0,0,SMV Other,"['Driver', 'Passenger']",North,"['Automobile, Station Wagon', 'Other']","['Reversing', 'Going Ahead']","['Other', 'Driving Properly']","['Inattentive', 'Unknown']",[],[],[],[],[],[],D55,False,"['50 to 54', '55 to 59', '20 to 24']",3.0
1233671.0,2011-04-26 08:00:00,200,2011,QUEENS Aven,ALLEN Aven,,Local,Etobicoke York,43.612645,-79.49159,621720.4313,4829956.0189,,Stop Sign,Rain,Dark,Wet,160,Mimico-Queensway,17,Mimico (includes Humber Bay Shores) (17),Non-Fatal Injury,1,0,1,0,0,0,0,0,0,0,0,0,0,Pedestrian Collisions,"['Driver', 'Pedestrian']",Unknown,"['Automobile, Station Wagon', 'Other']",['Unknown'],['Other'],['Unknown'],['Unknown'],['Other'],"['Ability Impaired, Alcohol']",[],[],[],D22,False,"['unknown', '25 to 29']",3.0
1233797.0,2011-05-18 08:00:00,1245,2011,PAPE Aven,COSBURN Aven,,Major Arterial,Toronto and East York,43.689445,-79.34879,633074.0084,4838704.8936,At Intersection,Traffic Signal,Clear,Daylight,Wet,58,Old East York,58,Old East York (58),Non-Fatal Injury,1,0,1,0,0,0,0,0,0,1,0,0,0,Pedestrian Collisions,"['Driver', 'Pedestrian']",East,"['Automobile, Station Wagon', 'Other']",['Turning Left'],['Failed to Yield Right of Way'],['Inattentive'],['Vehicle turns left while ped crosses with ROW at inter.'],['Crossing with right of way'],['Normal'],[],[],[],D55,False,"['40 to 44', '90 to 94']",3.0
1234066.0,2011-05-20 08:00:00,1620,2011,JANE ST,HOMEVIEW AVE,,Major Arterial,Etobicoke York,43.668645,-79.49239,621542.9071,4836174.3552,,No Control,Rain,Daylight,Wet,111,Rockcliffe-Smythe,111,Rockcliffe-Smythe (111),Non-Fatal Injury,1,0,1,0,0,0,0,0,0,1,0,0,0,Pedestrian Collisions,"['Driver', 'Pedestrian']",North,"['Automobile, Station Wagon', 'Other']",['Turning Left'],['Failed to Yield Right of Way'],['Normal'],['Vehicle turns left while ped crosses with ROW at inter.'],"['Crossing, no Traffic Control']",['Normal'],[],[],[],D12,False,"['25 to 29', '50 to 54']",3.0
1234067.0,2011-05-20 08:00:00,1932,2011,180 BROOKSIDE DR,,,Local,Toronto and East York,43.681945,-79.30679,636475.9104,4837940.1726,,No Control,Clear,Daylight,Dry,62,East End-Danforth,62,East End-Danforth (62),Non-Fatal Injury,1,0,1,0,0,0,0,0,0,0,0,0,0,Pedestrian Collisions,"['Driver', 'Pedestrian']",East,"['Automobile, Station Wagon', 'Other']",['Reversing'],['Other'],['Normal'],['Pedestrian hit at private driveway'],['Other'],['Medical or Physical Disability'],[],[],[],D55,False,"['50 to 54', '85 to 89']",3.0
1234265.0,2011-05-21 08:00:00,1122,2011,FINCH AVE E,SANDHURST CRCL,,Major Arterial,Scarborough,43.808845,-79.26279,639726.8624,4852107.6852,,No Control,Clear,Daylight,Dry,129,Agincourt North,129,Agincourt North (129),Non-Fatal Injury,0,0,1,0,0,0,0,0,0,0,0,0,1,SMV Other,"['Driver', 'Other Property Owner']",East,"['Automobile, Station Wagon', 'Other']",['Going Ahead'],['Lost control'],['Medical or Physical Disability'],[],[],[],[],[],[],D42,False,"['45 to 49', 'unknown']",3.0
1234453.0,2011-05-23 08:00:00,1115,2011,VICTORIA PARK AVE,SHEPPARD AVE E,,Major Arterial,North York,43.775233,-79.323009,634958.9298,4848274.6113,At Intersection,Traffic Signal,Clear,Daylight,Dry,118,Tam O'Shanter-Sullivan,118,Tam O'Shanter-Sullivan (118),Non-Fatal Injury,0,0,1,0,0,0,0,0,0,1,1,0,0,Angle,"['Vehicle Owner', 'Driver']",North,"['Other', 'Automobile, Station Wagon']",['Going Ahead'],"['Driving Properly', 'Disobeyed Traffic Control']",['Normal'],[],[],[],[],[],[],D42,False,"['unknown', '35 to 39', '25 to 29', '45 to 49']",3.0
1234879.0,2011-05-22 08:00:00,1430,2011,FINCH AVE E,DORIS AVE,,Major Arterial,North York,43.780445,-79.41229,627762.7087,4848711.8253,At Intersection,Traffic Signal,Clear,Daylight,Wet,152,East Willowdale,51,Willowdale East (51),Non-Fatal Injury,1,0,1,0,0,0,0,0,0,0,0,0,0,Pedestrian Collisions,"['Driver', 'Pedestrian']",North,"['Automobile, Station Wagon', 'Other']",['Turning Right'],['Improper Turn'],['Unknown'],['Pedestrian hit at mid-block'],"['Crossing, no Traffic Control']",['Normal'],[],[],[],D32,False,"['unknown', '55 to 59']",3.0
1234913.0,2011-05-23 08:00:00,1350,2011,ISLINGTON AVE,ALBION RD,,Major Arterial,Etobicoke York,43.737245,-79.56529,615533.8501,4843689.0973,At Intersection,Traffic Signal,Clear,Daylight,Dry,3,Thistletown-Beaumond Heights,3,Thistletown-Beaumond Heights (3),Non-Fatal Injury,1,0,1,0,0,0,0,1,0,0,0,0,0,Pedestrian Collisions,"['Passenger', 'Driver', 'Pedestrian']",East,"['Other', 'Automobile, Station Wagon']",['Going Ahead'],['Driving Properly'],['Normal'],['Vehicle is going straight thru inter.while ped cross without ROW'],['Crossing without right of way'],['Normal'],[],[],[],D23,False,"['0 to 4', '35 to 39', '75 to 79']",3.0
1235117.0,2011-03-24 08:00:00,1234,2011,LAKE SHORE Boul E,CHERRY Stre,,Major Arterial,Toronto and East York,43.648242,-79.354907,632671.7725,4834118.9452,At Intersection,Traffic Signal,Clear,Daylight,Wet,166,St Lawrence-East Bayfront-The Islands,77,Waterfront Communities-The Island (77),Non-Fatal Injury,0,0,1,0,0,0,0,0,0,1,1,0,0,Angle,"['Driver', 'Other Property Owner']",South,"['Automobile, Station Wagon', 'Other']",['Going Ahead'],"['Disobeyed Traffic Control', 'Driving Properly']","['Other', 'Normal']",[],[],[],[],[],[],D51,False,"['60 to 64', '20 to 24', 'unknown']",3.0
1235236.0,2011-05-29 08:00:00,1400,2011,SHEPPARD AVE E,PHARMACY AVE,,Major Arterial,Scarborough,43.776645,-79.31699,635440.137,4848441.2649,,No Control,Clear,Daylight,Dry,118,Tam O'Shanter-Sullivan,118,Tam O'Shanter-Sullivan (118),Non-Fatal Injury,0,0,1,0,0,0,0,0,0,1,0,0,0,Rear End,['Driver'],East,"['Automobile, Station Wagon']","['Slowing or Stopping', 'Stopped']","['Following too Close', 'Driving Properly']",['Normal'],[],[],[],[],[],[],D42,False,"['30 to 34', '35 to 39']",3.0
1235315.0,2011-05-30 08:00:00,709,2011,MIDLAND AVE,COSENTINO DR,,Major Arterial,Scarborough,43.770545,-79.27199,639075.6895,4847838.3665,,No Control,Clear,Daylight,Dry,156,Bendale-Glen Andrew,127,Bendale (127),Non-Fatal Injury,1,0,1,0,0,0,0,1,0,0,0,0,0,Pedestrian Collisions,"['Vehicle Owner', 'Passenger', 'Driver', 'Other', 'Pedestrian']",East,"['Other', 'Automobile, Station Wagon']",['Going Ahead'],['Driving Properly'],['Unknown'],['Pedestrian hit at mid-block'],"['Crossing, no Traffic Control']",['Medical or Physical Disability'],[],[],[],D41,False,"['unknown', '25 to 29', '50 to 54', '55 to 59', '15 to 19']",3.0
1235812.0,2011-03-26 08:00:00,718,2011,EGLINTON AVE W,RENFORTH DR,,Major Arterial,Etobicoke York,43.665745,-79.58779,613857.2219,4835716.9269,,No Control,Clear,Dawn,Dry,11,Eringate-Centennial-West Deane,11,Eringate-Centennial-West Deane (11),Non-Fatal Injury,0,0,1,0,0,0,0,0,0,0,0,0,0,SMV Other,"['Driver', 'Other Property Owner']",East,"['Automobile, Station Wagon', 'Other']",['Going Ahead'],['Lost control'],['Inattentive'],[],[],[],[],[],[],D22,False,"['60 to 64', 'unknown']",3.0
1235865.0,2011-03-29 08:00:00,950,2011,HURON ST,DUNDAS ST W,,Major Arterial,Toronto and East York,43.653345,-79.39619,629331.4346,4834620.5286,At Intersection,Traffic Signal,Clear,Daylight,Dry,78,Kensington-Chinatown,78,Kensington-Chinatown (78),Non-Fatal Injury,1,0,1,0,0,0,0,0,0,1,0,0,0,Pedestrian Collisions,"['Pedestrian', 'Driver']",South,"['Other', 'Automobile, Station Wagon']",['Turning Left'],['Failed to Yield Right of Way'],['Inattentive'],['Vehicle turns left while ped crosses with ROW at inter.'],['Crossing with right of way'],['Normal'],[],[],[],D52,False,"['75 to 79', '50 to 54']",3.0
1235900.0,2011-06-01 08:00:00,1650,2011,KING ST W,STRACHAN AVE,,Major Arterial,Toronto and East York,43.642145,-79.41129,628137.5691,4833353.1992,,No Control,Clear,Daylight,Dry,162,West Queen West,82,Niagara (82),Non-Fatal Injury,1,0,0,1,0,0,0,0,0,0,0,0,0,Pedestrian Collisions,"['Motorcycle Driver', 'Pedestrian']",East,"['Motorcycle', 'Other']",['Going Ahead'],['Driving Properly'],['Normal'],['Pedestrian hit at mid-block'],"['Crossing, no Traffic Control']",['Other'],[],[],[],D14,False,"['50 to 54', '25 to 29']",3.0
1236141.0,2011-04-15 08:00:00,1206,2011,MCNICOLL AVE,TAPSCOTT RD,,Minor Arterial,Scarborough,43.826745,-79.23999,641518.431,4854134.5309,,No Control,Clear,Daylight,Dry,144,Morningside Heights,131,Rouge (131),Non-Fatal Injury,0,0,1,0,0,0,0,0,0,1,0,0,0,SMV Other,"['Driver', 'Other Property Owner']",West,"['Automobile, Station Wagon', 'Other']",['Going Ahead'],['Lost control'],['Normal'],[],[],[],[],[],[],D42,False,"['25 to 29', 'unknown']",3.0
1236150.0,2011-04-27 08:00:00,2213,2011,ST CLAIR AVE W,KEELE ST,,Major Arterial,Etobicoke York,43.672345,-79.46829,623478.269,4836620.8805,,No Control,Clear,Dark,Dry,90,Junction Area,90,Junction Area (90),Non-Fatal Injury,0,0,1,0,0,0,0,1,1,1,0,1,0,SMV Other,"['Passenger', 'Driver', 'Other Property Owner']",West,"['Other', 'Automobile, Station Wagon']",['Going Ahead'],['Lost control'],"['Ability Impaired, Alcohol Over .08']",[],[],[],[],[],[],D11,False,"['25 to 29', '20 to 24', 'unknown']",3.0
1236286.0,2011-03-30 08:00:00,650,2011,COLLEGE ST,DOVERCOURT RD,,Major Arterial,Toronto and East York,43.653545,-79.42639,626895.6573,4834596.1151,At Intersection,Traffic Signal,Clear,Daylight,Dry,84,Little Portugal,84,Little Portugal (84),Non-Fatal Injury,0,1,0,0,1,0,0,0,0,0,0,0,0,Cyclist Collisions,"['Vehicle Owner', 'Truck Driver', 'Cyclist']",East,"['Other', 'Truck - Open', 'Bicycle']","['Turning Right', 'Going Ahead']",['Driving Properly'],['Normal'],[],[],[],"['Cyclist without ROW rides into path of motorist at inter, lnwy, dwy-Cyclist not turn.']",['Other'],['Inattentive'],D14,False,"['unknown', '60 to 64', '45 to 49']",3.0
1236508.0,2011-06-05 08:00:00,1206,2011,YONGE ST,STEELES AVE W,,Major Arterial,North York,43.797945,-79.42009,627097.9409,4850643.4641,At Intersection,Traffic Signal,Clear,Daylight,Dry,36,Newtonbrook West,36,Newtonbrook West (36),Non-Fatal Injury,0,0,1,0,0,0,0,0,0,1,1,0,0,Angle,"['Driver', 'Vehicle Owner']",East,"['Automobile, Station Wagon', 'Other']",['Going Ahead'],"['Driving Properly', 'Disobeyed Traffic Control']","['Normal', 'Inattentive']",[],[],[],[],[],[],D32,False,"['80 to 84', 'unknown', '25 to 29']",3.0
1236980.0,2011-04-02 08:00:00,2210,2011,LAWRENCE AVE W,VARNA DR,,Major Arterial,North York,43.717445,-79.43769,625850.7237,4841675.8611,At Intersection,Traffic Signal,Clear,Dark,Dry,32,Englemount-Lawrence,32,Englemount-Lawrence (32),Non-Fatal Injury,0,0,1,0,0,0,0,1,0,1,0,0,0,Turning Movement,"['Driver', 'Passenger', 'Vehicle Owner']",East,"['Automobile, Station Wagon', 'Other']","['Turning Left', 'Going Ahead']","['Failed to Yield Right of Way', 'Driving Properly']",['Normal'],[],[],[],[],[],[],D13,False,"['70 to 74', 'unknown', '0 to 4', '25 to 29']",3.0
1237144.0,2011-04-02 08:00:00,1930,2011,WESTON Road,LANYARD Road,,Major Arterial,Etobicoke York,43.748245,-79.54159,617420.8635,4844944.1254,At Intersection,Traffic Signal,Clear,Dark,Dry,22,Humbermede,22,Humbermede (22),Non-Fatal Injury,0,0,1,0,0,0,0,1,0,0,0,0,0,Sideswipe,"['Driver', 'Passenger', 'Vehicle Owner']",North,"['Automobile, Station Wagon', 'Other']","['Going Ahead', 'Changing Lanes']","['Driving Properly', 'Improper Lane Change']",['Normal'],[],[],[],[],[],[],D31,False,"['50 to 54', '40 to 44', '55 to 59', '10 to 14', '35 to 39', 'unknown', '20 to 24']",3.0
1237279.0,2011-06-08 08:00:00,1710,2011,FINCH AVE W,NORFINCH DR,,Major Arterial,Etobicoke York,43.755945,-79.52429,618798.5119,4845823.9901,At Intersection,Traffic Signal,Clear,Daylight,Dry,24,Black Creek,24,Black Creek (24),Non-Fatal Injury,0,1,1,0,0,0,0,0,0,0,0,0,0,Cyclist Collisions,"['Driver', 'Cyclist']",East,"['Automobile, Station Wagon', 'Bicycle']","['Turning Right', 'Unknown']",['Improper Turn'],['Normal'],[],[],[],['Motorist turning right on red at signalized intersection strikes cyclist.'],['Driving Properly'],['Unknown'],D31,False,"['45 to 49', '65 to 69']",3.0
1237364.0,2011-04-05 08:00:00,1020,2011,JARVIS ST,WELLESLEY ST E,,Major Arterial,Toronto and East York,43.666245,-79.37829,630746.9046,4836081.2997,At Intersection,Traffic Signal,Clear,Daylight,Dry,71,Cabbagetown-South St.James Town,71,Cabbagetown-South St.James Town (71),Non-Fatal Injury,0,1,1,0,0,0,0,0,0,0,0,0,0,Cyclist Collisions,"['Driver', 'Cyclist']",South,"['Automobile, Station Wagon', 'Bicycle']","['Going Ahead', 'Overtaking']",['Driving Properly'],['Normal'],[],[],[],['Cyclist and Driver travelling in same direction. One vehicle sideswipes the other.'],['Improper Passing'],['Normal'],D51,False,['65 to 69'],3.0
1237383.0,2011-06-09 08:00:00,358,2011,VICTORIA PARK AVE,LAWRENCE AVE E,,Major Arterial,North York,43.742072,-79.309757,636100.5871,4844613.264,Intersection Related,No Control,Clear,Dark,Dry,119,Wexford/Maryvale,119,Wexford/Maryvale (119),Non-Fatal Injury,1,0,1,0,0,0,0,0,0,0,0,0,0,Pedestrian Collisions,"['Driver', 'Pedestrian']",East,"['Automobile, Station Wagon']",['Going Ahead'],['Driving Properly'],['Normal'],['Pedestrian hit at mid-block'],['Running onto Roadway'],['Normal'],[],[],[],D41,False,"['70 to 74', '40 to 44']",3.0
1237405.0,2011-04-06 08:00:00,2138,2011,PARKWAY FOREST DR,FOREST MANOR RD,,Collector,North York,43.775045,-79.34339,633319.1325,4848220.7104,At Intersection,No Control,Clear,Dark,Dry,53,Henry Farm,53,Henry Farm (53),Non-Fatal Injury,1,0,1,0,0,0,0,0,0,1,0,0,0,Pedestrian Collisions,"['Driver', 'Pedestrian']",South,"['Automobile, Station Wagon', 'Other']","['Turning Right', 'Other']",['Failed to Yield Right of Way'],['Inattentive'],['Vehicle turns right while ped crosses with ROW at inter.'],['Crossing with right of way'],['Normal'],[],[],[],D33,False,"['60 to 64', '55 to 59']",3.0
1237710.0,2011-06-10 08:00:00,1858,2011,BEECROFT Road,NORTH YORK Boul,,Minor Arterial,North York,43.766345,-79.41539,627543.2205,4847141.0259,At Intersection,Stop Sign,Clear,Daylight,Dry,38,Lansing-Westgate,38,Lansing-Westgate (38),Non-Fatal Injury,1,0,1,0,0,0,0,0,0,1,0,0,0,Pedestrian Collisions,"['Driver', 'Pedestrian']",West,"['Automobile, Station Wagon', 'Other']","['Turning Left', 'Going Ahead']","['Improper Turn', 'Driving Properly']","['Inattentive', 'Normal']",['Other / Undefined'],"['Crossing, no Traffic Control']",['Inattentive'],[],[],[],D32,False,"['35 to 39', '55 to 59', '85 to 89']",3.0
1237771.0,2011-06-11 08:00:00,1308,2011,DEWLANE DR,BATHURST ST,,Major Arterial,North York,43.785945,-79.44589,625047.4326,4849271.3803,,No Control,Clear,Daylight,Dry,36,Newtonbrook West,36,Newtonbrook West (36),Fatal,1,0,1,0,0,0,0,0,0,0,0,0,0,Pedestrian Collisions,"['Driver', 'Pedestrian']",South,"['Automobile, Station Wagon', 'Other']",['Other'],['Other'],['Normal'],['Pedestrian hit at private driveway'],['Other'],['Normal'],[],[],[],D32,True,"['50 to 54', '80 to 84']",4.0
1237939.0,2011-03-09 10:00:00,726,2011,COLLEGE Stre,BATHURST Stre,,Major Arterial,Toronto and East York,43.656445,-79.40769,628397.4569,4834946.9648,At Intersection,No Control,Rain,Daylight,Wet,78,Kensington-Chinatown,78,Kensington-Chinatown (78),Non-Fatal Injury,1,0,0,0,1,0,0,0,0,0,0,0,0,Pedestrian Collisions,"['Vehicle Owner', 'Truck Driver', 'Pedestrian']",West,"['Other', 'Truck - Open']",['Slowing or Stopping'],['Driving Properly'],['Inattentive'],['Pedestrian hit at mid-block'],['Other'],['Normal'],[],[],[],D14,False,"['unknown', '25 to 29', '30 to 34']",3.0
1238461.0,2011-06-14 08:00:00,2203,2011,HOPTREE Ave,STAINES Rd,,Local,Scarborough,43.822145,-79.22029,643113.4742,4853657.5191,,No Control,Clear,Dark,Dry,144,Morningside Heights,131,Rouge (131),Non-Fatal Injury,0,0,1,0,0,0,0,1,0,0,0,0,0,Other,"['Passenger', 'Driver']",North,"['Other', 'Automobile, Station Wagon']",['Going Ahead'],['Other'],['Inattentive'],[],[],[],[],[],[],D42,False,['15 to 19'],3.0
1238470.0,2011-06-15 08:00:00,1,2011,F G GARDINER Expr E,CHERRY Stre,,Major Arterial,Toronto and East York,43.649045,-79.35679,632518.1466,4834205.1203,,No Control,Clear,Dark,Dry,166,St Lawrence-East Bayfront-The Islands,77,Waterfront Communities-The Island (77),Non-Fatal Injury,0,0,1,1,0,0,0,0,0,0,0,0,0,SMV Other,"['Motorcycle Driver', 'Other']",East,"['Motorcycle', 'Automobile, Station Wagon']",['Going Ahead'],['Lost control'],['Had Been Drinking'],[],[],[],[],[],[],D51,False,"['25 to 29', 'unknown']",3.0
1238504.0,2011-06-14 08:00:00,1350,2011,EGLINTON Aven W,DUPLEX Aven,,Major Arterial,North York,43.706345,-79.40029,628887.2734,4840500.5172,At Intersection,No Control,Clear,Daylight,Dry,100,Yonge-Eglinton,100,Yonge-Eglinton (100),Non-Fatal Injury,0,0,1,0,0,0,0,0,0,0,0,0,0,Sideswipe,"['Driver', 'Other']",West,"['Automobile, Station Wagon', 'Other']","['Changing Lanes', 'Going Ahead']","['Improper Lane Change', 'Driving Properly']",['Normal'],[],[],[],[],[],[],D53,False,"['25 to 29', 'unknown']",3.0