accident_number,date,time,year,street1,street2,offset,road_class,district,latitude,longitude,x,y,accident_location,traffctl,visibility,light,road_surface_condition,hood_158,neighbourhood_new,hood_140,neighbourhood_old,accident_class,pedestrian,cyclist,automobile,motorcycle,truck,trsn_city_veh,emerg_veh,passenger,speeding,aggressive_driving,redlight,alcohol,disability,impact_type,involvement_type,initial_direction,vehicle_type,manoeuver,driver_action,driver_condition,pedestrian_type,pedestrian_action,pedestrian_condition,cyclist_type,cyclist_action,cyclist_condition,division,injury,involvement_age,injury_severity_score
1239243.0,2011-06-17 08:00:00,1432,2011,WEDGEWOOD DR,YONGE ST,,Major Arterial,North York,43.788945,-79.41779,627302.0772,4849647.4084,At Intersection,Stop Sign,Clear,Daylight,Dry,50,Newtonbrook East,50,Newtonbrook East (50),Fatal,1,0,1,0,0,0,0,0,0,1,0,0,0,Pedestrian Collisions,"['Driver', 'Pedestrian']",South,"['Automobile, Station Wagon', 'Other']",['Going Ahead'],['Failed to Yield Right of Way'],['Normal'],['Vehicle is going straight thru inter.while ped cross with ROW'],['Crossing with right of way'],['Normal'],[],[],[],D32,True,"['25 to 29', '35 to 39', '5 to 9']",4.0
1239456.0,2011-06-16 08:00:00,1230,2011,BATHURST ST,LAWRENCE AVE W,,Major Arterial,North York,43.719245,-79.42979,626483.3208,4841887.8024,At Intersection,Traffic Signal,Clear,Daylight,Dry,39,Bedford Park-Nortown,39,Bedford Park-Nortown (39),Non-Fatal Injury,0,1,1,0,0,0,0,0,0,1,0,0,0,Cyclist Collisions,"['Driver', 'Cyclist']",North,"['Automobile, Station Wagon', 'Bicycle']","['Turning Left', 'Going Ahead']",['Failed to Yield Right of Way'],['Unknown'],[],[],[],['Motorist turned left across cyclists path.'],['Other'],['Normal'],D53,False,"['unknown', '20 to 24']",3.0
1239488.0,2011-04-22 08:00:00,1519,2011,DANFORTH AVE,WOODMOUNT AVE,,Major Arterial,Toronto and East York,43.685245,-79.31469,635831.7001,4838293.7135,,No Control,Clear,Daylight,Dry,64,Woodbine Corridor,64,Woodbine Corridor (64),Non-Fatal Injury,0,0,1,1,0,0,0,0,0,0,0,0,0,Sideswipe,"['Motorcycle Driver', 'Driver', 'Vehicle Owner']",West,"['Motorcycle', 'Automobile, Station Wagon', 'Other']","['Going Ahead', 'Parked', 'Changing Lanes']","['Driving Properly', 'Improper Lane Change']","['Normal', 'Inattentive']",[],[],[],[],[],[],D55,False,"['20 to 24', '65 to 69', 'unknown', '15 to 19']",3.0
1239766.0,2011-06-01 08:00:00,1935,2011,THE ESPLANADE,BERKELEY Stre,,Collector,Toronto and East York,43.650145,-79.36359,631967.3394,4834316.4533,,Traffic Signal,Clear,Daylight,Dry,166,St Lawrence-East Bayfront-The Islands,77,Waterfront Communities-The Island (77),Non-Fatal Injury,0,0,1,1,0,0,0,0,0,0,0,0,0,SMV Other,"['Vehicle Owner', 'Motorcycle Driver', 'Driver']",East,"['Other', 'Motorcycle', 'Automobile, Station Wagon']","['Going Ahead', 'Overtaking']","['Driving Properly', 'Other']","['Normal', 'Unknown']",[],[],[],[],[],[],D51,False,"['unknown', '30 to 34']",3.0
1239776.0,2011-06-09 08:00:00,1600,2011,YONGE ST,SHAFTESBURY AVE,,Major Arterial,Toronto and East York,43.681945,-79.39159,629640.7984,4837804.1217,At Intersection,Traffic Signal,Clear,Daylight,Dry,97,Yonge-St.Clair,97,Yonge-St.Clair (97),Non-Fatal Injury,1,0,1,0,0,0,0,0,0,0,0,0,0,Pedestrian Collisions,"['Driver', 'Pedestrian']",Unknown,"['Automobile, Station Wagon', 'Other']",['Going Ahead'],['Other'],['Unknown'],['Vehicle is going straight thru inter.while ped cross with ROW'],['Crossing with right of way'],['Normal'],[],[],[],D53,False,"['unknown', '45 to 49']",3.0
1239980.0,2011-04-25 08:00:00,1515,2011,REXDALE BLVD,BERGAMOT AVE,,Major Arterial,Etobicoke York,43.713345,-79.55969,616030.94,4841042.4905,,Traffic Signal,Clear,Daylight,Dry,4,Rexdale-Kipling,4,Rexdale-Kipling (4),Non-Fatal Injury,0,0,1,0,0,0,0,1,0,1,0,0,0,Turning Movement,"['Passenger', 'Driver', 'Vehicle Owner']",East,"['Other', 'Automobile, Station Wagon']","['Stopped', 'Turning Left', 'Going Ahead']","['Driving Properly', 'Failed to Yield Right of Way']","['Normal', 'Inattentive']",[],[],[],[],[],[],D23,False,"['50 to 54', '40 to 44', '45 to 49', 'unknown', '20 to 24']",3.0
1240092.0,2011-04-27 08:00:00,1050,2011,LAWRENCE AVE E,CURLEW DR,,Major Arterial,North York,43.741145,-79.31929,635335.0579,4844494.6895,At Intersection,Traffic Signal,Clear,Daylight,Dry,43,Victoria Village,43,Victoria Village (43),Non-Fatal Injury,0,0,1,0,0,0,0,0,0,1,1,0,0,Turning Movement,['Driver'],East,"['Automobile, Station Wagon']","['Going Ahead', 'Turning Left']","['Disobeyed Traffic Control', 'Driving Properly']","['Inattentive', 'Normal']",[],[],[],[],[],[],D33,False,"['70 to 74', '20 to 24']",3.0
1240382.0,2011-06-24 08:00:00,930,2011,JAMESON Aven,SPRINGHURST Aven,,Minor Arterial,Toronto and East York,43.633945,-79.43479,626259.3287,4832406.4719,At Intersection,Stop Sign,Rain,Daylight,Wet,85,South Parkdale,85,South Parkdale (85),Non-Fatal Injury,0,1,0,0,0,1,0,0,0,0,0,0,0,Cyclist Collisions,"['Vehicle Owner', 'Driver', 'Cyclist']",North,"['Other', 'Municipal Transit Bus (TTC)', 'Bicycle']","['Going Ahead', 'Turning Left']",['Driving Properly'],['Normal'],[],[],[],['Cyclist turns right across motorists path'],['Improper Turn'],['Inattentive'],D14,False,"['unknown', '30 to 34', '40 to 44']",3.0
1240761.0,2011-06-27 08:00:00,2225,2011,KEELE St,GRANDRAVINE Dr,,Major Arterial,North York,43.751545,-79.48809,621721.6492,4845387.8636,,No Control,Clear,Dark,Dry,27,York University Heights,27,York University Heights (27),Non-Fatal Injury,1,0,1,0,0,0,0,0,0,0,0,0,0,Pedestrian Collisions,"['Driver', 'Pedestrian']",South,"['Automobile, Station Wagon', 'Other']",['Going Ahead'],['Driving Properly'],['Unknown'],['Pedestrian hit at mid-block'],"['Crossing, no Traffic Control']",['Had Been Drinking'],[],[],[],D31,False,"['60 to 64', '45 to 49']",3.0
1240985.0,2011-05-07 08:00:00,2128,2011,MOUNT ROYAL Aven,THOME Cres,,Local,Toronto and East York,43.676245,-79.43309,626307.7493,4837107.0267,At Intersection,Stop Sign,Clear,Dark,Dry,94,Wychwood,94,Wychwood (94),Non-Fatal Injury,0,1,1,0,0,0,0,0,0,1,0,0,0,Cyclist Collisions,"['Vehicle Owner', 'Driver', 'Cyclist']",North,"['Other', 'Automobile, Station Wagon', 'Bicycle']","['Turning Left', 'Going Ahead']",['Failed to Yield Right of Way'],['Inattentive'],[],[],[],['Motorist turned left across cyclists path.'],['Driving Properly'],['Normal'],D13,False,"['unknown', '70 to 74', '85 to 89']",3.0
1240994.0,2011-05-07 08:00:00,1823,2011,EGLINTON Ave W,MARLEE Ave,,Major Arterial,North York,43.69797,-79.439349,625757.8029,4839510.372,At Intersection,Traffic Signal,Clear,Daylight,Dry,107,Oakwood Village,107,Oakwood Village (107),Non-Fatal Injury,1,0,1,0,0,0,0,0,0,0,0,0,0,Pedestrian Collisions,"['Driver', 'Pedestrian']",East,"['Automobile, Station Wagon', 'Other']",['Going Ahead'],['Driving Properly'],['Normal'],['Vehicle is going straight thru inter.while ped cross without ROW'],['Running onto Roadway'],['Inattentive'],[],[],[],D13,False,"['25 to 29', '15 to 19']",3.0
1241015.0,2011-06-28 08:00:00,1530,2011,GATEWAY Blvd,DON MILLS Rd,,Major Arterial,North York,43.714345,-79.33629,634025.9201,4841490.5269,At Intersection,Traffic Signal,Clear,Daylight,Dry,44,Flemingdon Park,44,Flemingdon Park (44),Non-Fatal Injury,1,0,1,0,0,0,0,0,0,0,0,0,0,Pedestrian Collisions,"['Driver', 'Vehicle Owner', 'Pedestrian']",West,"['Automobile, Station Wagon', 'Other']",['Going Ahead'],['Driving Properly'],['Normal'],['Pedestrian hit at mid-block'],"['Crossing, no Traffic Control']",['Inattentive'],[],[],[],D55,False,"['80 to 84', 'unknown', '45 to 49', '10 to 14']",3.0
1241028.0,2011-05-06 08:00:00,536,2011,ROGERS Road,WESTON Road,,Major Arterial,Etobicoke York,43.681545,-79.47679,622774.2747,4837630.0458,At Intersection,Traffic Signal,Clear,Daylight,Dry,111,Rockcliffe-Smythe,111,Rockcliffe-Smythe (111),Non-Fatal Injury,1,0,1,0,0,0,0,0,0,1,0,0,0,Pedestrian Collisions,"['Driver', 'Pedestrian']",North,"['Automobile, Station Wagon', 'Other']",['Turning Right'],['Failed to Yield Right of Way'],['Unknown'],['Vehicle turns right while ped crosses with ROW at inter.'],['Crossing with right of way'],['Normal'],[],[],[],D12,False,"['60 to 64', '30 to 34']",3.0
1241202.0,2011-06-28 08:00:00,959,2011,STEELES AVE W,ISLINGTON AVE E,,Major Arterial,Etobicoke York,43.761245,-79.58139,614191.6992,4846332.3201,,No Control,Clear,Daylight,Dry,2,Mount Olive-Silverstone-Jamestown,2,Mount Olive-Silverstone-Jamestown (2),Non-Fatal Injury,0,0,1,0,0,0,0,0,0,0,0,0,0,Approaching,"['Vehicle Owner', 'Driver']",East,"['Other', 'Automobile, Station Wagon']",['Going Ahead'],"['Lost control', 'Driving Properly']","['Unknown', 'Normal']",[],[],[],[],[],[],D23,False,"['unknown', '20 to 24', '65 to 69']",3.0
1241204.0,2011-06-29 08:00:00,1135,2011,STEELES AVE W,BATHURST ST,,Major Arterial,North York,43.792345,-79.44589,625034.0871,4849982.1992,,No Control,Clear,Daylight,Dry,35,Westminster-Branson,35,Westminster-Branson (35),Fatal,1,0,1,0,0,0,0,0,0,0,0,0,1,Pedestrian Collisions,"['Driver', 'Pedestrian']",East,"['Automobile, Station Wagon', 'Other']",['Going Ahead'],['Lost control'],['Medical or Physical Disability'],['Pedestrian hit on sidewalk or shoulder'],['On Sidewalk or Shoulder'],['Normal'],[],[],[],D32,True,"['50 to 54', '75 to 79', '85 to 89']",4.0
1241592.0,2011-07-01 08:00:00,2229,2011,WARDEN AVE,HUNTINGWOOD DR,,Major Arterial,Scarborough,43.786906,-79.311565,635853.4743,4849589.7987,,No Control,Clear,Dark,Dry,148,East L'Amoreaux,117,L'Amoreaux (117),Fatal,1,0,1,0,0,0,0,1,0,0,0,0,0,Pedestrian Collisions,"['Passenger', 'Driver', 'Vehicle Owner', 'Pedestrian']",South,"['Other', 'Automobile, Station Wagon']",['Going Ahead'],['Driving Properly'],['Normal'],['Pedestrian hit at mid-block'],"['Crossing, no Traffic Control']",['Unknown'],[],[],[],D42,True,"['40 to 44', '45 to 49', 'unknown', '25 to 29', '60 to 64']",4.0
1241593.0,2011-07-01 08:00:00,2345,2011,DON VALLEY PARKWAY  N,EASTERN AVE DIVERSION,,,Toronto and East York,43.656363,-79.352077,632882.0942,4835025.418,Non Intersection,No Control,Clear,Dark,Dry,70,South Riverdale,70,South Riverdale (70),Non-Fatal Injury,0,0,1,1,0,0,0,1,1,1,0,0,0,Rear End,"['Motorcycle Passenger', 'Motorcycle Driver', 'Driver', 'Vehicle Owner']",North,"['Motorcycle', 'Pick Up Truck', 'Automobile, Station Wagon']",['Going Ahead'],"['Driving Properly', 'Speed too Fast For Condition']",['Normal'],[],[],[],[],[],[],D55,False,"['25 to 29', '30 to 34', '15 to 19', '20 to 24', 'unknown', '40 to 44']",3.0
1242543.0,2011-05-20 08:00:00,1819,2011,DAVENPORT RD,FOUNDRY  AVE,,Minor Arterial,Toronto and East York,43.671345,-79.44939,625003.976,4836538.1242,,No Control,Clear,Daylight,Dry,171,Junction-Wallace Emerson,93,Dovercourt-Wallace Emerson-Junction (93),Non-Fatal Injury,1,0,1,0,0,0,0,0,0,1,0,0,0,Pedestrian Collisions,"['Driver', 'Pedestrian']",North,"['Automobile, Station Wagon', 'Other']",['Going Ahead'],['Failed to Yield Right of Way'],['Normal'],['Vehicle is going straight thru inter.while ped cross without ROW'],['Running onto Roadway'],['Normal'],[],[],[],D13,False,"['15 to 19', '5 to 9']",3.0
1242638.0,2011-05-18 08:00:00,934,2011,WARDEN AVE,BRIDLETOWNE CRCL,,Major Arterial,Scarborough,43.801445,-79.31869,635247.3793,4851192.916,At Intersection,Traffic Signal,Rain,Daylight,Wet,148,East L'Amoreaux,117,L'Amoreaux (117),Non-Fatal Injury,0,0,1,0,0,0,0,0,1,1,0,0,0,Rear End,['Driver'],North,"['Automobile, Station Wagon']","['Going Ahead', 'Stopped']","['Speed too Fast For Condition', 'Driving Properly']",['Normal'],[],[],[],[],[],[],D42,False,"['45 to 49', '40 to 44']",3.0
1242674.0,2011-07-08 08:00:00,414,2011,BLACK CREEK DR,LAWRENCE AVE W,,Major Arterial,Etobicoke York,43.707345,-79.49739,621061.9277,4840465.1994,,No Control,Clear,Dark,Dry,28,Rustic,28,Rustic (28),Fatal,0,0,1,0,0,0,0,0,0,0,0,0,0,SMV Other,"['Vehicle Owner', 'Driver']",North,"['Other', 'Automobile, Station Wagon']",['Going Ahead'],['Lost control'],['Unknown'],[],[],[],[],[],[],D12,True,"['unknown', '25 to 29']",4.0
1242717.0,2011-05-21 08:00:00,1159,2011,FINCH  AVE E,PHARMACY  AVE,,Major Arterial,Scarborough,43.794345,-79.32609,634668.0546,4850392.2806,,No Control,Clear,Daylight,Dry,147,L'Amoreaux West,117,L'Amoreaux (117),Non-Fatal Injury,0,0,1,1,0,0,0,0,0,0,0,0,0,Turning Movement,"['Motorcycle Driver', 'Driver']",South,"['Motorcycle', 'Automobile, Station Wagon']","['Going Ahead', 'Turning Left']","['Driving Properly', 'Improper Turn']",['Normal'],[],[],[],[],[],[],D42,False,"['30 to 34', '40 to 44']",3.0
1242750.0,2011-05-22 08:00:00,2004,2011,ALDWYCH AVE,DEWHURST BLVD,,Local,Toronto and East York,43.684745,-79.34049,633753.3738,4838196.2465,,No Control,Clear,Dark,Dry,59,Danforth East York,59,Danforth East York (59),Non-Fatal Injury,1,0,1,0,0,0,0,0,0,0,0,0,0,Pedestrian Collisions,"['Driver', 'Pedestrian']",East,"['Automobile, Station Wagon', 'Other']",['Going Ahead'],['Driving Properly'],['Normal'],['Vehicle hits the pedestrian walking or running out from between parked vehicles at mid-block'],['Coming From Behind Parked Vehicle'],['Normal'],[],[],[],D55,False,"['55 to 59', '10 to 14']",3.0
1242807.0,2011-05-20 08:00:00,1738,2011,MCCOWAN Road,BRIDLEY Driv,,Major Arterial,Scarborough,43.813645,-79.27009,639128.5575,4852628.5015,,No Control,Clear,Daylight,Dry,129,Agincourt North,129,Agincourt North (129),Non-Fatal Injury,0,0,1,0,0,0,0,1,0,1,0,0,0,Rear End,"['Driver', 'Passenger', 'Vehicle Owner', 'Other Property Owner']",South,"['Automobile, Station Wagon', 'Other']","['Going Ahead', 'Changing Lanes']","['Driving Properly', 'Following too Close']","['Normal', 'Had Been Drinking']",[],[],[],[],[],[],D42,False,"['35 to 39', '20 to 24', '15 to 19', 'unknown']",3.0
1243108.0,2011-05-24 08:00:00,1900,2011,TRINNELL Boul,FLAGSTAFF Road,,Local,Scarborough,43.710945,-79.27429,639028.4645,4841215.031,,No Control,Clear,Daylight,Dry,120,Clairlea-Birchmount,120,Clairlea-Birchmount (120),Non-Fatal Injury,1,0,1,0,0,0,0,0,0,1,0,0,0,Pedestrian Collisions,"['Driver', 'Pedestrian']",South,"['Automobile, Station Wagon', 'Other']",['Turning Right'],['Failed to Yield Right of Way'],['Inattentive'],['Pedestrian hit at private driveway'],['On Sidewalk or Shoulder'],['Normal'],[],[],[],D41,False,"['25 to 29', '0 to 4']",3.0
1243422.0,2011-07-12 08:00:00,700,2011,F G GARDINER XY Expr E,KIPLING AVE,,,Etobicoke York,43.618045,-79.52449,619054.9019,4830508.0578,,No Control,Clear,Daylight,Dry,160,Mimico-Queensway,17,Mimico (includes Humber Bay Shores) (17),Non-Fatal Injury,0,0,1,0,0,0,0,0,1,1,0,0,0,Rear End,['Driver'],East,"['Automobile, Station Wagon']",['Slowing or Stopping'],"['Driving Properly', 'Speed too Fast For Condition']","['Normal', 'Inattentive']",[],[],[],[],[],[],D22,False,['45 to 49'],3.0
1244229.0,2011-07-15 08:00:00,2344,2011,QUEEN Stre W,DUFFERIN,,Major Arterial,Toronto and East York,43.642045,-79.42919,626694.0386,4833314.6132,,Streetcar (Stop for),Clear,Dark,Dry,85,South Parkdale,85,South Parkdale (85),Non-Fatal Injury,1,0,1,0,0,0,0,0,0,1,0,0,0,Pedestrian Collisions,"['Pedestrian', 'Driver']",North,"['Other', 'Automobile, Station Wagon']",['Going Ahead'],['Failed to Yield Right of Way'],['Normal'],['Pedestrian hit at mid-block'],['Person Getting on/off Vehicle'],['Unknown'],[],[],[],D14,False,"['20 to 24', '15 to 19']",3.0
1244328.0,2011-07-16 08:00:00,1215,2011,LAWRENCE AVE W,ROYAL YORK RD,,Minor Arterial,Etobicoke York,43.696145,-79.53269,618239.8775,4839170.3426,At Intersection,Traffic Signal,Clear,Daylight,Dry,8,Humber Heights-Westmount,8,Humber Heights-Westmount (8),Fatal,0,0,1,0,0,0,0,1,0,0,0,0,0,SMV Other,"['Passenger', 'Driver', 'Other Property Owner']",West,"['Other', 'Automobile, Station Wagon']",['Going Ahead'],['Lost control'],['Unknown'],[],[],[],[],[],[],D23,True,"['70 to 74', 'unknown']",4.0
1244462.0,2011-07-17 08:00:00,2000,2011,TWYN RIVERS Driv,LITTLE ROUGE RIVER,,Collector,Scarborough,43.814545,-79.15699,648222.5446,4852924.8772,,No Control,Clear,Daylight,Dry,144,Morningside Heights,131,Rouge (131),Non-Fatal Injury,0,0,1,1,0,0,0,0,0,0,0,0,0,Approaching,"['Motorcycle Driver', 'Driver']",East,"['Motorcycle', 'Automobile, Station Wagon']",['Going Ahead'],"['Other', 'Driving Properly']","['Unknown', 'Normal']",[],[],[],[],[],[],D42,False,"['30 to 34', '25 to 29', '35 to 39']",3.0
1244509.0,2011-06-03 08:00:00,750,2011,62 RACINE DR,,,Collector,Etobicoke York,43.717045,-79.58059,614340.1938,4841424.3838,,No Control,Clear,Daylight,Dry,1,West Humber-Clairville,1,West Humber-Clairville (1),Non-Fatal Injury,0,0,1,0,1,0,0,1,0,0,0,0,0,Approaching,"['Vehicle Owner', 'Driver', 'Passenger', 'Truck Driver']",East,"['Other', 'Automobile, Station Wagon', 'Truck - Open']",['Going Ahead'],"['Lost control', 'Driving Properly']","['Inattentive', 'Normal']",[],[],[],[],[],[],D23,False,"['unknown', '30 to 34', '40 to 44']",3.0
1244530.0,2011-07-18 08:00:00,28,2011,BAYVIEW Ave,MCKEE Ave,,Major Arterial,North York,43.778845,-79.39079,629496.2794,4848567.5254,,No Control,Clear,"Dark, artificial",Dry,52,Bayview Village,52,Bayview Village (52),Non-Fatal Injury,1,0,1,0,0,0,0,1,1,1,0,0,0,Pedestrian Collisions,"['Pedestrian', 'Passenger', 'Vehicle Owner', 'Driver']",North,"['Automobile, Station Wagon', 'Other']",['Going Ahead'],['Exceeding Speed Limit'],['Had Been Drinking'],['Pedestrian hit at mid-block'],['Playing or Working on Highway'],['Normal'],[],[],[],D33,False,"['55 to 59', '20 to 24', 'unknown', '25 to 29']",3.0
1244535.0,2011-06-04 08:00:00,1352,2011,DUNFIELD AVE,EGLINTON AVE E,,Major Arterial,Toronto and East York,43.707245,-79.39539,629280.1313,4840608.1048,,No Control,Clear,Daylight,Dry,174,South Eglinton-Davisville,104,Mount Pleasant West (104),Non-Fatal Injury,1,0,1,0,0,0,0,0,0,0,0,0,0,Pedestrian Collisions,"['Vehicle Owner', 'Driver', 'Pedestrian']",North,"['Other', 'Automobile, Station Wagon']",['Reversing'],['Other'],['Normal'],['Vehicle is reversing and hits pedestrian'],['Other'],['Normal'],[],[],[],D53,False,"['unknown', '35 to 39', '85 to 89']",3.0
1244686.0,2011-06-05 08:00:00,1330,2011,YONGE ST,YORK MILLS RD,,Major Arterial,North York,43.745245,-79.40699,628264.4046,4844810.5276,,No Control,Clear,Daylight,Dry,39,Bedford Park-Nortown,39,Bedford Park-Nortown (39),Non-Fatal Injury,1,0,0,1,0,0,0,0,1,1,0,0,0,Pedestrian Collisions,"['Vehicle Owner', 'Motorcycle Driver', 'Pedestrian']",North,"['Other', 'Motorcycle']",['Other'],['Exceeding Speed Limit'],['Normal'],['Pedestrian hit on sidewalk or shoulder'],['On Sidewalk or Shoulder'],['Normal'],[],[],[],D32,False,"['unknown', '25 to 29', '15 to 19']",3.0
1244722.0,2011-06-05 08:00:00,1200,2011,FLEET ST,FORT YORK BLVD,,Minor Arterial,Toronto and East York,43.636345,-79.40679,628512.8855,4832715.992,At Intersection,Traffic Signal,Clear,Daylight,Dry,163,Fort York-Liberty Village,82,Niagara (82),Non-Fatal Injury,0,1,1,0,0,0,0,0,0,0,0,0,0,Cyclist Collisions,"['Driver', 'Cyclist']",East,"['Automobile, Station Wagon', 'Bicycle']","['Stopped', 'Going Ahead']",['Driving Properly'],['Normal'],[],[],[],['Cyclist struck opened vehicle door'],['Improper Passing'],['Normal'],D14,False,"['35 to 39', '25 to 29']",3.0
1244765.0,2011-07-19 08:00:00,340,2011,GARDINER X W SHERWAY GARDENS RAMP,427 C S QEW X W RAMP,,,Etobicoke York,43.613045,-79.55109,616918.2915,4829914.9533,,No Control,Clear,Dark,Dry,159,Etobicoke City Centre,14,Islington-City Centre West (14),Non-Fatal Injury,0,0,0,1,0,0,0,0,0,0,0,0,0,SMV Other,['Motorcycle Driver'],West,['Motorcycle'],['Going Ahead'],['Lost control'],['Normal'],[],[],[],[],[],[],D22,False,['20 to 24'],3.0
1245113.0,2011-06-08 08:00:00,2313,2011,DUFFERIN ST,FINCH AVE W,,Major Arterial,North York,43.768845,-79.46689,623392.8761,4847340.6575,At Intersection,Traffic Signal,Clear,Dark,Dry,34,Bathurst Manor,34,Bathurst Manor (34),Non-Fatal Injury,0,0,1,0,0,0,0,1,0,1,1,0,0,Angle,"['Passenger', 'Driver']",East,"['Other', 'Automobile, Station Wagon']",['Going Ahead'],"['Driving Properly', 'Disobeyed Traffic Control']","['Normal', 'Inattentive']",[],[],[],[],[],[],D32,False,"['15 to 19', '25 to 29', '40 to 44']",3.0
1245730.0,2011-02-16 10:00:00,1432,2011,2057 YONGE St,,,Major Arterial,Toronto and East York,43.702145,-79.39739,629129.9436,4840038.561,,No Control,Clear,Daylight,Dry,174,South Eglinton-Davisville,104,Mount Pleasant West (104),Non-Fatal Injury,0,0,1,0,0,0,0,0,0,0,0,0,0,Turning Movement,"['Vehicle Owner', 'Driver', 'Other']",North,"['Other', 'Automobile, Station Wagon']","['Turning Right', 'Parked', 'Going Ahead']","['Improper Lane Change', 'Driving Properly']","['Inattentive', 'Normal']",[],[],[],[],[],[],D53,False,"['unknown', '45 to 49', '25 to 29']",3.0
1246125.0,2011-07-27 08:00:00,1620,2011,FINCH AVE E,PAGE AVE,,Major Arterial,North York,43.787645,-79.38019,630330.166,4849561.5366,,No Control,Clear,Daylight,Dry,52,Bayview Village,52,Bayview Village (52),Non-Fatal Injury,0,0,1,0,0,0,0,1,0,0,0,0,0,Angle,"['Driver', 'Passenger', 'Other Property Owner']",East,"['Automobile, Station Wagon', 'Other']",['Going Ahead'],"['Driving Properly', 'Lost control']","['Normal', 'Unknown']",[],[],[],[],[],[],D33,False,"['60 to 64', '75 to 79', 'unknown']",3.0
1246241.0,2011-06-13 08:00:00,2020,2011,CHURCH ST,ALEXANDER ST,,Minor Arterial,Toronto and East York,43.663645,-79.37999,630615.483,4835789.8571,,No Control,Clear,Dark,Dry,167,Church-Wellesley,75,Church-Yonge Corridor (75),Non-Fatal Injury,0,1,1,0,0,0,0,0,0,0,0,0,0,Cyclist Collisions,"['Driver', 'Cyclist']",North,"['Automobile, Station Wagon', 'Bicycle']","['Parked', 'Going Ahead']",['Other'],['Normal'],[],[],[],['Cyclist and Driver travelling in same direction. One vehicle sideswipes the other.'],['Driving Properly'],['Normal'],D51,False,"['30 to 34', '25 to 29']",3.0
1246412.0,2011-05-14 08:00:00,1705,2011,DIXON RD,ISLINGTON AVE,,Major Arterial,Etobicoke York,43.697045,-79.54669,617109.9585,4839250.4313,At Intersection,Traffic Signal,Rain,Daylight,Wet,6,Kingsview Village-The Westway,6,Kingsview Village-The Westway (6),Non-Fatal Injury,0,0,1,1,0,0,0,1,0,1,0,0,0,Turning Movement,"['Passenger', 'Motorcycle Driver', 'Driver']",East,"['Other', 'Motorcycle', 'Automobile, Station Wagon']","['Going Ahead', 'Slowing or Stopping', 'Turning Left']","['Driving Properly', 'Failed to Yield Right of Way']","['Normal', 'Unknown']",[],[],[],[],[],[],D23,False,"['15 to 19', '30 to 34', 'unknown']",3.0
1246736.0,2011-07-24 08:00:00,1349,2011,LAWRENCE AVE E,OVERTURE RD,,Major Arterial,Scarborough,43.765445,-79.19949,644923.106,4847396.2651,At Intersection,Traffic Signal,Clear,Daylight,Dry,136,West Hill,136,West Hill (136),Fatal,0,0,1,0,0,0,0,1,0,1,0,0,0,Approaching,"['Passenger', 'Driver']",East,"['Other', 'Automobile, Station Wagon']","['Other', 'Going Ahead', 'Stopped']",[],[],[],[],[],[],[],[],D43,True,"['unknown', '65 to 69', '40 to 44']",4.0
1246857.0,2011-06-15 08:00:00,1405,2011,DUPONT Stre,CAMPBELL Aven,,Major Arterial,Toronto and East York,43.665946,-79.450092,624958.5859,4835937.436,At Intersection,No Control,Clear,Daylight,Dry,171,Junction-Wallace Emerson,93,Dovercourt-Wallace Emerson-Junction (93),Non-Fatal Injury,0,1,1,0,0,0,0,0,0,0,0,0,0,Sideswipe,"['Vehicle Owner', 'Driver', 'Moped Driver']",West,"['Automobile, Station Wagon', 'Moped']","['Turning Right', 'Going Ahead']",['Improper Turn'],['Normal'],[],[],[],[],[],[],D11,False,"['unknown', '75 to 79', '35 to 39']",3.0
1246967.0,2011-08-02 08:00:00,1236,2011,LAKE SHORE BLVD W,EIGHTH ST,,Major Arterial,Etobicoke York,43.600445,-79.50639,620550.5085,4828579.4761,At Intersection,No Control,Clear,Daylight,Dry,18,New Toronto,18,New Toronto (18),Fatal,1,0,1,0,0,0,0,0,0,1,0,0,0,Pedestrian Collisions,"['Vehicle Owner', 'Driver', 'Pedestrian']",East,"['Other', 'Automobile, Station Wagon']",['Turning Left'],['Failed to Yield Right of Way'],['Normal'],['Vehicle turns left while ped crosses with ROW at inter.'],['Crossing with right of way'],['Unknown'],[],[],[],D22,True,"['unknown', '45 to 49', '85 to 89']",4.0
1247048.0,2011-08-02 08:00:00,1550,2011,BATHURST Stre,FOLLIS Aven,,Major Arterial,Toronto and East York,43.669545,-79.41299,627942.2515,4836393.7058,,No Control,Clear,Daylight,Dry,95,Annex,95,Annex (95),Non-Fatal Injury,1,0,1,0,0,0,0,0,0,0,0,0,0,Pedestrian Collisions,"['Driver', 'Pedestrian']",South,"['Automobile, Station Wagon', 'Other']",['Going Ahead'],['Driving Properly'],['Normal'],['Vehicle is going straight thru inter.while ped cross without ROW'],"['Crossing, no Traffic Control']",['Unknown'],[],[],[],D14,False,"['45 to 49', '90 to 94']",3.0
1247270.0,2011-06-21 08:00:00,145,2011,YONGE Stre,HIGHWAY 401 C  E,,Major Arterial,North York,43.754145,-79.40859,628116.5857,4845796.5286,,No Control,Clear,Dark,Dry,38,Lansing-Westgate,38,Lansing-Westgate (38),Non-Fatal Injury,0,0,1,0,0,0,0,0,0,1,0,0,0,SMV Other,"['Driver', 'Other Property Owner']",South,"['Automobile, Station Wagon', 'Other']",['Going Ahead'],['Lost control'],['Fatigue'],[],[],[],[],[],[],D32,False,"['25 to 29', 'unknown']",3.0