accident_number,date,time,year,street1,street2,offset,road_class,district,latitude,longitude,x,y,accident_location,traffctl,visibility,light,road_surface_condition,hood_158,neighbourhood_new,hood_140,neighbourhood_old,accident_class,pedestrian,cyclist,automobile,motorcycle,truck,trsn_city_veh,emerg_veh,passenger,speeding,aggressive_driving,redlight,alcohol,disability,impact_type,involvement_type,initial_direction,vehicle_type,manoeuver,driver_action,driver_condition,pedestrian_type,pedestrian_action,pedestrian_condition,cyclist_type,cyclist_action,cyclist_condition,division,injury,involvement_age,injury_severity_score
1247356.0,2011-08-03 08:00:00,1322,2011,DANFORTH AVE,BYRON AVE,,Major Arterial,Toronto and East York,43.680845,-79.33539,634173.1227,4837771.3358,,No Control,Clear,Daylight,Dry,66,Danforth,66,Danforth (66),Non-Fatal Injury,1,0,1,0,0,0,0,0,0,0,0,0,0,Pedestrian Collisions,"['Driver', 'Pedestrian']",South,"['Automobile, Station Wagon', 'Other']",['Going Ahead'],['Driving Properly'],['Normal'],['Vehicle hits the pedestrian walking or running out from between parked vehicles at mid-block'],['Coming From Behind Parked Vehicle'],['Inattentive'],[],[],[],D55,False,"['25 to 29', '75 to 79']",3.0
1247398.0,2011-08-04 08:00:00,205,2011,LAKE SHORE BLVD W,LAKE CRES W,,Major Arterial,Etobicoke York,43.607645,-79.49039,621827.3597,4829402.4679,At Intersection,No Control,Clear,Dark,Dry,160,Mimico-Queensway,17,Mimico (includes Humber Bay Shores) (17),Non-Fatal Injury,0,0,1,0,0,0,0,1,1,1,0,0,0,SMV Other,"['Other Property Owner', 'Passenger', 'Driver']",East,"['Other', 'Automobile, Station Wagon']",['Going Ahead'],['Exceeding Speed Limit'],['Unknown'],[],[],[],[],[],[],D22,False,"['unknown', '35 to 39', '30 to 34']",3.0
1247513.0,2011-06-22 08:00:00,1707,2011,QUEEN Stre E,MC GEE Stre,,Minor Arterial,Toronto and East York,43.659845,-79.34549,633405.5386,4835422.7107,At Intersection,No Control,Clear,Daylight,Dry,70,South Riverdale,70,South Riverdale (70),Non-Fatal Injury,1,0,0,1,0,0,0,0,0,0,0,0,0,Pedestrian Collisions,"['Motorcycle Driver', 'Pedestrian']",East,"['Motorcycle', 'Other']",['Going Ahead'],['Lost control'],['Normal'],['Vehicle is going straight thru inter.while ped cross without ROW'],"['Crossing, no Traffic Control']",['Inattentive'],[],[],[],D55,False,"['50 to 54', '20 to 24']",3.0
1247766.0,2011-08-05 08:00:00,902,2011,GREENWOOD AVE,PLAINS RD,,Collector,Toronto and East York,43.693845,-79.33849,633894.3213,4839210.1559,At Intersection,Stop Sign,Clear,Daylight,Dry,58,Old East York,58,Old East York (58),Fatal,0,1,1,0,0,0,0,0,0,1,0,0,0,Cyclist Collisions,"['Vehicle Owner', 'Driver', 'Cyclist']",South,"['Other', 'Automobile, Station Wagon', 'Bicycle']",['Going Ahead'],['Failed to Yield Right of Way'],['Inattentive'],[],[],[],"['Motorist without ROW drives into path of cyclist at inter, lnwy, dwy-Driver not turn.']",['Driving Properly'],['Normal'],D55,True,"['unknown', '80 to 84']",4.0
1247862.0,2011-08-07 08:00:00,1154,2011,DIXON RD,GOLFWOOD HTS Heig,,Major Arterial,Etobicoke York,43.698545,-79.53989,617654.9835,4839426.6533,At Intersection,Traffic Signal,Clear,Daylight,Dry,6,Kingsview Village-The Westway,6,Kingsview Village-The Westway (6),Fatal,0,0,1,1,0,0,0,0,1,1,0,0,0,Turning Movement,"['Motorcycle Driver', 'Driver', 'Other Property Owner']",East,"['Motorcycle', 'Automobile, Station Wagon', 'Other']","['Going Ahead', 'Turning Left']","['Exceeding Speed Limit', 'Driving Properly']",['Normal'],[],[],[],[],[],[],D23,True,"['30 to 34', '75 to 79', 'unknown']",4.0
1247894.0,2011-08-04 08:00:00,2301,2011,YORK MILLS RD,DVP N YORK MILLS W RAMP,,Major Arterial,North York,43.758891,-79.334056,634106.4087,4846441.6336,,Traffic Signal,Clear,Dark,Dry,150,Fenside-Parkwoods,45,Parkwoods-Donalda (45),Non-Fatal Injury,0,1,1,0,0,0,0,0,0,0,0,0,0,Cyclist Collisions,"['Driver', 'Cyclist']",North,"['Automobile, Station Wagon', 'Bicycle']","['Stopped', 'Going Ahead']",['Driving Properly'],['Normal'],[],[],[],"['Cyclist without ROW rides into path of motorist at inter, lnwy, dwy-Cyclist not turn.']",['Disobeyed Traffic Control'],['Unknown'],D33,False,"['40 to 44', '20 to 24']",3.0
1248427.0,2011-06-26 08:00:00,1911,2011,OVERLEA BLVD,THORNCLIFFE PARK DR,,Major Arterial,North York,43.707445,-79.34359,633453.1507,4840712.405,At Intersection,Traffic Signal,Clear,Daylight,Dry,55,Thorncliffe Park,55,Thorncliffe Park (55),Non-Fatal Injury,0,0,1,0,0,0,0,0,0,1,0,0,0,Turning Movement,"['Driver', 'Vehicle Owner']",North,"['Automobile, Station Wagon', 'Other']","['Stopped', 'Going Ahead', 'Turning Left']","['Driving Properly', 'Improper Turn']",['Normal'],[],[],[],[],[],[],D53,False,"['40 to 44', '45 to 49', 'unknown', '35 to 39', '20 to 24']",3.0
1248453.0,2011-06-26 08:00:00,2208,2011,FINCH AVE W,400 S FINCH E RAMP N,,Major Arterial,Etobicoke York,43.754045,-79.53279,618117.9726,4845600.811,At Intersection,Traffic Signal,Clear,Dark,Dry,21,Humber Summit,21,Humber Summit (21),Non-Fatal Injury,0,0,1,0,0,0,0,1,1,1,0,0,0,Rear End,"['Passenger', 'Driver', 'Vehicle Owner']",West,"['Other', 'Automobile, Station Wagon']",['Going Ahead'],"['Driving Properly', 'Speed too Fast For Condition']",['Normal'],[],[],[],[],[],[],D31,False,"['10 to 14', '25 to 29', '35 to 39', 'unknown', '55 to 59']",3.0
1248878.0,2011-08-12 08:00:00,1808,2011,DUFFERIN Stre,STEEPROCK Driv,,Major Arterial,North York,43.761045,-79.46519,623545.7579,4846476.8853,At Intersection,Traffic Signal,Clear,Daylight,Dry,34,Bathurst Manor,34,Bathurst Manor (34),Non-Fatal Injury,0,0,1,1,0,0,0,0,1,1,0,0,0,Turning Movement,"['Vehicle Owner', 'Motorcycle Driver', 'Driver']",North,"['Other', 'Motorcycle', 'Automobile, Station Wagon']","['Going Ahead', 'Turning Left']","['Speed too Fast For Condition', 'Driving Properly']","['Inattentive', 'Normal']",[],[],[],[],[],[],D32,False,"['unknown', '25 to 29', '50 to 54']",3.0
1248931.0,2011-08-13 08:00:00,1800,2011,28 REGATTA CRES,,,Local,North York,43.789345,-79.44389,625201.26,4849652.0259,,No Control,Clear,Daylight,Dry,36,Newtonbrook West,36,Newtonbrook West (36),Fatal,1,0,1,0,0,0,0,0,0,0,0,0,0,Pedestrian Collisions,"['Driver', 'Pedestrian']",South,"['Automobile, Station Wagon', 'Other']",['Reversing'],['Other'],['Unknown'],['Pedestrian hit at private driveway'],['On Sidewalk or Shoulder'],['Unknown'],[],[],[],D32,True,"['45 to 49', '75 to 79']",4.0
1249034.0,2011-06-19 08:00:00,1256,2011,SPADINA Road,DAVENPORT Road,,Minor Arterial,Toronto and East York,43.677445,-79.40809,628320.4474,4837278.6761,,Traffic Signal,Clear,Daylight,Dry,96,Casa Loma,96,Casa Loma (96),Non-Fatal Injury,0,0,1,0,0,0,0,1,0,0,0,0,0,SMV Other,"['Passenger', 'Driver', 'Other Property Owner']",East,"['Other', 'Automobile, Station Wagon']",['Turning Right'],['Lost control'],['Normal'],[],[],[],[],[],[],D53,False,"['60 to 64', '25 to 29', '45 to 49', 'unknown']",3.0
1249167.0,2011-08-15 08:00:00,1825,2011,THE QUEENSWAY,INVERLEIGH Dr,,Major Arterial,Etobicoke York,43.627845,-79.49589,621342.8617,4831637.8718,,No Control,Clear,Daylight,Dry,16,Stonegate-Queensway,16,Stonegate-Queensway (16),Non-Fatal Injury,0,0,1,0,0,0,0,1,0,0,0,0,1,Rear End,"['Vehicle Owner', 'Driver', 'Passenger']",East,"['Other', 'Automobile, Station Wagon']","['Going Ahead', 'Slowing or Stopping']","['Lost control', 'Driving Properly']","['Medical or Physical Disability', 'Normal']",[],[],[],[],[],[],D22,False,"['unknown', '55 to 59', '60 to 64']",3.0
1249168.0,2011-08-15 08:00:00,2110,2011,F G GARDINER XY Expr E,427 X S GARDINER X E RAMP,,,Etobicoke York,43.616045,-79.53439,618260.0115,4830271.7869,,No Control,Clear,Dark,Dry,20,Alderwood,20,Alderwood (20),Non-Fatal Injury,0,0,1,0,0,0,0,1,0,1,0,0,0,Rear End,"['Passenger', 'Driver']",West,"['Other', 'Automobile, Station Wagon']",['Going Ahead'],"['Driving Properly', 'Following too Close']","['Normal', 'Unknown']",[],[],[],[],[],[],D22,False,"['50 to 54', '15 to 19', 'unknown']",3.0
1249510.0,2011-08-16 08:00:00,606,2011,374 BROCK AVE,PUBLIC LANE,,Laneway,Toronto and East York,43.652745,-79.43739,626010.2836,4834490.502,,No Control,Clear,Daylight,Dry,83,Dufferin Grove,83,Dufferin Grove (83),Fatal,0,0,1,0,0,0,0,0,0,0,0,0,0,SMV Other,"['Driver', 'Other']",North,"['Automobile, Station Wagon', 'Other']","['Reversing', 'Other']",['Other'],['Normal'],[],[],[],[],[],[],D11,True,"['55 to 59', 'unknown']",4.0
1249542.0,2011-07-06 08:00:00,1850,2011,DUNDAS ST W,CARLYLE ST,,Major Arterial,Toronto and East York,43.652145,-79.40479,628640.4845,4834473.885,At Intersection,Stop Sign,Clear,Daylight,Dry,78,Kensington-Chinatown,78,Kensington-Chinatown (78),Non-Fatal Injury,0,1,1,0,0,0,0,0,0,0,0,0,0,Cyclist Collisions,"['Driver', 'Cyclist']",East,"['Automobile, Station Wagon', 'Bicycle']","['Stopped', 'Going Ahead']",['Driving Properly'],['Normal'],[],[],[],"['Cyclist without ROW rides into path of motorist at inter, lnwy, dwy-Cyclist not turn.']",['Wrong Way on One Way Road'],['Inattentive'],D14,False,"['55 to 59', '40 to 44']",3.0
1249781.0,2011-08-04 08:00:00,2318,2011,QUEEN ST W,YORK ST,,Major Arterial,Toronto and East York,43.651545,-79.38349,630359.4693,4834440.4875,,No Control,Clear,Dark,Dry,170,Yonge-Bay Corridor,76,Bay Street Corridor (76),Non-Fatal Injury,1,0,0,0,0,1,0,0,0,0,0,0,0,Pedestrian Collisions,"['Pedestrian', 'Vehicle Owner', 'Driver']",South,"['Other', 'Municipal Transit Bus (TTC)']",['Going Ahead'],['Driving Properly'],['Normal'],['Pedestrian involved in a collision with transit vehicle anywhere along roadway'],"['Crossing, no Traffic Control']","['Ability Impaired, Alcohol']",[],[],[],D52,False,"['30 to 34', 'unknown', '50 to 54']",3.0
1249794.0,2011-07-23 08:00:00,2202,2011,HIGHWAY 27  S,VICE REGENT BLVD,,Major Arterial,Etobicoke York,43.711345,-79.59299,613352.0539,4840774.2899,At Intersection,No Control,Rain,"Dark, artificial",Wet,1,West Humber-Clairville,1,West Humber-Clairville (1),Non-Fatal Injury,1,0,1,0,0,0,0,0,0,0,0,0,0,Pedestrian Collisions,"['Driver', 'Pedestrian']",South,"['Automobile, Station Wagon', 'Other']",['Going Ahead'],['Driving Properly'],['Normal'],['Vehicle is going straight thru inter.while ped cross without ROW'],"['Crossing, no Traffic Control']",['Had Been Drinking'],[],[],[],D23,False,"['45 to 49', '65 to 69']",3.0
1249833.0,2011-08-17 08:00:00,658,2011,BATHURST ST,WILLIS ST,,Major Arterial,Toronto and East York,43.647645,-79.40419,628698.4808,4833975.0316,,No Control,Clear,Daylight,Dry,81,Trinity-Bellwoods,81,Trinity-Bellwoods (81),Non-Fatal Injury,1,0,1,0,0,0,0,0,0,0,0,0,0,Pedestrian Collisions,"['Vehicle Owner', 'Driver', 'Pedestrian']",East,"['Other', 'Automobile, Station Wagon']",['Going Ahead'],['Driving Properly'],['Normal'],['Vehicle is going straight thru inter.while ped cross without ROW'],['Running onto Roadway'],['Other'],[],[],[],D14,False,"['unknown', '35 to 39', '30 to 34']",3.0
1249845.0,2011-07-08 08:00:00,1600,2011,6780 KINGSTON RD,,,Major Arterial,Scarborough,43.798345,-79.14709,649059.047,4851143.3849,,No Control,Clear,Daylight,Dry,133,Centennial Scarborough,133,Centennial Scarborough (133),Non-Fatal Injury,0,1,1,0,0,0,0,0,0,1,0,0,0,Cyclist Collisions,"['Vehicle Owner', 'Driver', 'Cyclist']",East,"['Other', 'Automobile, Station Wagon', 'Bicycle']","['Turning Right', 'Going Ahead']",['Failed to Yield Right of Way'],['Inattentive'],[],[],[],"['Motorist turns right at non-signal Inter.(stop, yield, no cont.,and dwy) and strikes cyclist.']",['Failed to Yield Right of Way'],['Inattentive'],D42,False,"['unknown', '20 to 24', '45 to 49']",3.0
1250055.0,2011-07-09 08:00:00,100,2011,STEELES AVE E,STAINES RD,,Major Arterial,Scarborough,43.839645,-79.23769,641672.8408,4855571.2297,,No Control,Clear,Dark,Dry,144,Morningside Heights,131,Rouge (131),Non-Fatal Injury,0,0,1,0,0,0,0,1,0,0,0,0,0,Approaching,"['Passenger', 'Driver', 'Vehicle Owner']",East,"['Other', 'Automobile, Station Wagon']",['Going Ahead'],"['Lost control', 'Driving Properly']","['Unknown', 'Normal']",[],[],[],[],[],[],D42,False,"['0 to 4', '40 to 44', 'unknown', '50 to 54']",3.0
1250312.0,2011-08-20 08:00:00,203,2011,PORT UNION RD,ADENMORE RD,,Minor Arterial,Scarborough,43.783345,-79.13829,649804.4553,4849493.2797,,No Control,Clear,Dark,Dry,133,Centennial Scarborough,133,Centennial Scarborough (133),Non-Fatal Injury,0,0,1,0,0,0,0,1,0,1,0,0,0,SMV Other,"['Passenger', 'Driver', 'Other Property Owner']",North,"['Other', 'Automobile, Station Wagon']",['Overtaking'],['Improper Passing'],['Had Been Drinking'],[],[],[],[],[],[],D43,False,"['15 to 19', 'unknown']",3.0
1250485.0,2011-07-10 08:00:00,1805,2011,LANSDOWNE AVE,DAVENPORT RD,,Collector,Toronto and East York,43.672745,-79.44909,625025.254,4836694.0649,,No Control,Clear,Daylight,Dry,92,Corso Italia-Davenport,92,Corso Italia-Davenport (92),Non-Fatal Injury,0,0,0,1,0,0,0,0,0,0,0,0,0,SMV Other,"['Vehicle Owner', 'Motorcycle Driver']",South,"['Other', 'Motorcycle']",['Turning Left'],['Lost control'],['Normal'],[],[],[],[],[],[],D13,False,"['unknown', '20 to 24']",3.0
1250553.0,2011-08-22 08:00:00,551,2011,ROYAL YORK RD,HARTFIELD RD,,Minor Arterial,Etobicoke York,43.667145,-79.52009,619312.6975,4835967.5504,,No Control,Clear,Dark,Dry,9,Edenbridge-Humber Valley,9,Edenbridge-Humber Valley (9),Fatal,0,0,1,0,0,0,0,0,0,0,0,0,0,SMV Other,"['Vehicle Owner', 'Driver', 'Other Property Owner']",North,"['Other', 'Automobile, Station Wagon']",['Going Ahead'],['Lost control'],['Unknown'],[],[],[],[],[],[],D22,True,"['unknown', '50 to 54']",4.0
1250588.0,2011-07-07 08:00:00,1915,2011,BLOOR ST W,CLISSOLD RD,,Major Arterial,Etobicoke York,43.644445,-79.52449,619002.7891,4833440.1052,,No Control,Clear,Daylight,Dry,159,Etobicoke City Centre,14,Islington-City Centre West (14),Non-Fatal Injury,0,0,1,1,0,0,0,0,0,0,0,0,0,Rear End,"['Motorcycle Driver', 'Driver']",West,"['Motorcycle', 'Automobile, Station Wagon']","['Going Ahead', 'Changing Lanes']","['Driving Properly', 'Improper Lane Change']",['Normal'],[],[],[],[],[],[],D22,False,"['20 to 24', '35 to 39']",3.0
1250782.0,2011-07-14 08:00:00,1610,2011,AVENUE Road,EDMUND Aven,,Major Arterial,Toronto and East York,43.682545,-79.39979,628978.5709,4837857.9748,,Traffic Signal,Clear,Daylight,Dry,97,Yonge-St.Clair,97,Yonge-St.Clair (97),Non-Fatal Injury,0,1,1,0,0,0,0,0,0,0,0,0,0,Cyclist Collisions,"['Driver', 'Cyclist']",East,"['Automobile, Station Wagon', 'Bicycle']",['Going Ahead'],['Driving Properly'],['Normal'],[],[],[],"['Cyclist without ROW rides into path of motorist at inter, lnwy, dwy-Cyclist not turn.']",['Disobeyed Traffic Control'],['Inattentive'],D53,False,"['50 to 54', '25 to 29']",3.0
1250828.0,2011-07-16 08:00:00,847,2011,SHEPPARD Aven E,MORNINGSIDE Aven,,Major Arterial,Scarborough,43.802245,-79.19829,644930.7337,4851485.594,,No Control,Clear,Daylight,Dry,144,Morningside Heights,131,Rouge (131),Non-Fatal Injury,0,0,1,0,0,0,0,1,1,1,0,0,1,Rear End,"['Driver', 'Passenger']",West,"['Automobile, Station Wagon', 'Other']",['Going Ahead'],"['Driving Properly', 'Lost control']","['Normal', 'Medical or Physical Disability']",[],[],[],[],[],[],D42,False,"['35 to 39', '65 to 69', '45 to 49', '5 to 9', '40 to 44']",3.0
1250852.0,2011-08-23 08:00:00,1905,2011,WILLOWDALE AVE,PARKVIEW AVE,,Minor Arterial,North York,43.773145,-79.40359,628478.4355,4847914.5115,At Intersection,Stop Sign,Clear,Daylight,Dry,152,East Willowdale,51,Willowdale East (51),Non-Fatal Injury,1,0,1,0,0,0,0,0,0,0,0,0,0,Pedestrian Collisions,"['Vehicle Owner', 'Driver', 'Pedestrian']",,"['Other', 'Automobile, Station Wagon']","['Turning Left', 'Other']",[],[],[],[],[],[],[],[],D32,False,"['unknown', '25 to 29']",3.0
1250894.0,2011-07-15 08:00:00,1655,2011,DANFORTH Ave,LANGFORD Ave,,Major Arterial,Toronto and East York,43.679745,-79.34059,633756.425,4837640.7663,,No Control,Clear,Daylight,Dry,69,Blake-Jones,69,Blake-Jones (69),Non-Fatal Injury,0,1,1,0,0,0,0,0,0,0,0,0,0,Cyclist Collisions,"['Driver', 'Cyclist']",West,"['Automobile, Station Wagon', 'Bicycle']","['Parked', 'Going Ahead']",['Other'],['Inattentive'],[],[],[],['Cyclist struck opened vehicle door'],['Driving Properly'],['Normal'],D55,False,"['45 to 49', '50 to 54']",3.0
1250936.0,2011-07-12 08:00:00,714,2011,SYMINGTON AVE,DUPONT ST,,Major Arterial,Toronto and East York,43.665745,-79.45119,624870.4775,4835913.459,At Intersection,Traffic Signal,Clear,Daylight,Dry,171,Junction-Wallace Emerson,93,Dovercourt-Wallace Emerson-Junction (93),Non-Fatal Injury,0,0,1,0,0,0,0,0,0,1,1,0,0,Angle,"['Driver', 'Vehicle Owner']",North,"['Automobile, Station Wagon', 'Other']","['Stopped', 'Going Ahead']","['Driving Properly', 'Disobeyed Traffic Control']",['Normal'],[],[],[],[],[],[],D11,False,"['45 to 49', 'unknown', '55 to 59']",3.0
1250979.0,2011-07-15 08:00:00,1630,2011,DON MILLS RD,WYNFORD DR,,Major Arterial,North York,43.723445,-79.33969,633731.7715,4842495.7212,,No Control,Clear,Daylight,Dry,42,Banbury-Don Mills,42,Banbury-Don Mills (42),Non-Fatal Injury,0,1,1,0,0,0,0,0,0,1,0,0,0,Cyclist Collisions,"['Driver', 'Cyclist']",North,"['Automobile, Station Wagon', 'Bicycle']",['Going Ahead'],['Following too Close'],['Inattentive'],[],[],[],['Cyclist and Driver travelling in same direction. One vehicle rear-ended the other.'],['Driving Properly'],['Normal'],D33,False,"['55 to 59', '30 to 34']",3.0
1251014.0,2011-08-06 08:00:00,1335,2011,60 LACEY AVE,CAMERON Aven,,Local,Etobicoke York,43.689845,-79.46859,623418.1976,4838564.0443,,No Control,Clear,Daylight,Dry,110,Keelesdale-Eglinton West,110,Keelesdale-Eglinton West (110),Non-Fatal Injury,0,1,1,0,0,0,0,0,0,0,0,0,0,Cyclist Collisions,"['Driver', 'Cyclist']",North,"['Automobile, Station Wagon', 'Bicycle']",['Going Ahead'],['Other'],['Normal'],[],[],[],['Insufficient information (to determine cyclist crash type).'],['Driving Properly'],['Normal'],D12,False,"['unknown', '10 to 14']",3.0
1251049.0,2011-07-17 08:00:00,630,2011,BREMNER Boul,VAN DE WATER Cres,,Minor Arterial,Toronto and East York,43.640345,-79.38899,629940.0771,4833187.9563,At Intersection,Traffic Signal,Clear,Daylight,Dry,165,Harbourfront-CityPlace,77,Waterfront Communities-The Island (77),Non-Fatal Injury,0,0,1,1,0,0,0,0,0,1,0,0,0,Rear End,"['Motorcycle Driver', 'Vehicle Owner', 'Driver']",East,"['Motorcycle', 'Other', 'Automobile, Station Wagon']","['Going Ahead', 'Slowing or Stopping']","['Driving Properly', 'Improper Passing']","['Normal', 'Inattentive']",[],[],[],[],[],[],D52,False,"['30 to 34', 'unknown', '35 to 39']",3.0
1251239.0,2011-07-20 08:00:00,1323,2011,SHEPPARD AVE E,ALLANFORD RD,,Major Arterial,Scarborough,43.782145,-79.29349,637318.7267,4849090.8389,At Intersection,Traffic Signal,Clear,Daylight,Dry,118,Tam O'Shanter-Sullivan,118,Tam O'Shanter-Sullivan (118),Non-Fatal Injury,0,0,1,0,0,0,0,0,0,1,1,0,0,Turning Movement,['Driver'],East,"['Automobile, Station Wagon']","['Going Ahead', 'Turning Left']","['Disobeyed Traffic Control', 'Driving Properly']","['Inattentive', 'Normal']",[],[],[],[],[],[],D42,False,"['15 to 19', '35 to 39']",3.0
1251243.0,2011-07-20 08:00:00,1023,2011,3030 BIRCHMOUNT RD,,,Major Arterial,Scarborough,43.802745,-79.30849,636064.9415,4851354.0227,,No Control,Clear,Daylight,Dry,148,East L'Amoreaux,117,L'Amoreaux (117),Non-Fatal Injury,0,0,1,0,0,0,0,1,0,1,0,0,0,Turning Movement,"['Driver', 'Passenger']",East,"['Automobile, Station Wagon', 'Other']","['Going Ahead', 'Turning Left']","['Driving Properly', 'Failed to Yield Right of Way']","['Normal', 'Inattentive']",[],[],[],[],[],[],D42,False,"['50 to 54', '60 to 64']",3.0
1251261.0,2011-07-20 08:00:00,1130,2011,KEELE ST,YORE RD,,Major Arterial,Etobicoke York,43.691945,-79.47429,622954.5324,4838788.8104,,No Control,Clear,Daylight,Dry,112,Beechborough-Greenbrook,112,Beechborough-Greenbrook (112),Non-Fatal Injury,0,0,0,0,1,0,0,1,0,0,0,0,0,SMV Other,"['Passenger', 'Vehicle Owner', 'Truck Driver', 'Other Property Owner']",East,"['Other', 'Truck - Open']",['Turning Left'],['Lost control'],['Inattentive'],[],[],[],[],[],[],D12,False,"['45 to 49', 'unknown', '25 to 29']",3.0
1251421.0,2011-08-09 08:00:00,2141,2011,ST CLAIR AVE E,VICROSS RD,,Major Arterial,Toronto and East York,43.707845,-79.30189,636811.9517,4840824.8085,,No Control,Clear,Dark,Dry,54,O'Connor-Parkview,54,O'Connor-Parkview (54),Non-Fatal Injury,1,0,1,0,0,0,0,0,0,1,0,0,0,Pedestrian Collisions,"['Vehicle Owner', 'Driver', 'Pedestrian']",East,"['Other', 'Automobile, Station Wagon']","['Going Ahead', 'Unknown']","['Driving Properly', 'Other']","['Normal', 'Other']",['Pedestrian hit at mid-block'],"['Crossing, no Traffic Control']",['Normal'],[],[],[],D55,False,"['unknown', '30 to 34', '55 to 59']",3.0
1251485.0,2011-08-26 08:00:00,1924,2011,F G GARDINER E Expr E,SPADINA Ave,,,Toronto and East York,43.637745,-79.39799,629219.7251,4832885.1422,,No Control,Clear,Daylight,Dry,165,Harbourfront-CityPlace,77,Waterfront Communities-The Island (77),Non-Fatal Injury,0,0,1,1,0,0,0,0,0,0,0,0,0,Rear End,"['Driver', 'Motorcycle Driver']",East,"['Automobile, Station Wagon', 'Motorcycle']","['Changing Lanes', 'Going Ahead']","['Improper Lane Change', 'Driving Properly']",['Normal'],[],[],[],[],[],[],D14,False,"['40 to 44', '45 to 49']",3.0
1251696.0,2011-07-20 08:00:00,1819,2011,EGLINTON AVE E,DON AVON DR,,Major Arterial,North York,43.714045,-79.36229,631932.0364,4841415.4942,,No Control,Clear,Daylight,Dry,55,Thorncliffe Park,55,Thorncliffe Park (55),Non-Fatal Injury,0,0,1,0,0,0,0,1,0,1,0,0,0,Turning Movement,"['Passenger', 'Driver']",East,"['Other', 'Automobile, Station Wagon']","['Turning Left', 'Going Ahead']","['Failed to Yield Right of Way', 'Driving Properly']","['Inattentive', 'Normal']",[],[],[],[],[],[],D53,False,"['55 to 59', '50 to 54']",3.0
1251711.0,2011-07-21 08:00:00,1645,2011,NORTHERN DANCER BLVD,QUEEN ST E,,Minor Arterial,Toronto and East York,43.667445,-79.31139,636137.9225,4836322.1888,At Intersection,Stop Sign,Clear,Daylight,Dry,63,The Beaches,63,The Beaches (63),Non-Fatal Injury,1,0,1,0,0,0,0,0,0,1,0,0,0,Pedestrian Collisions,"['Driver', 'Pedestrian']",East,"['Automobile, Station Wagon', 'Other']",['Turning Left'],['Failed to Yield Right of Way'],['Inattentive'],['Vehicle turns left while ped crosses with ROW at inter.'],['Crossing with right of way'],['Normal'],[],[],[],D55,False,"['35 to 39', '40 to 44']",3.0
1251858.0,2011-08-29 08:00:00,1935,2011,DON VALLEY PARKWAY  S,QUEEN St E,,Local,Toronto and East York,43.657445,-79.35329,632781.8966,4835143.6466,,No Control,Clear,Daylight,Dry,70,South Riverdale,70,South Riverdale (70),Non-Fatal Injury,0,0,1,1,0,0,0,0,0,1,0,0,0,Rear End,"['Motorcycle Driver', 'Driver']",South,"['Motorcycle', 'Automobile, Station Wagon']",['Going Ahead'],"['Following too Close', 'Driving Properly']",['Normal'],[],[],[],[],[],[],D55,False,"['25 to 29', '45 to 49']",3.0
1252026.0,2011-08-28 08:00:00,1600,2011,WARDEN AVE,ST CLAIR AVE E,,Major Arterial,Scarborough,43.712045,-79.28099,638486.152,4841325.9859,,Traffic Signal,Clear,Daylight,Dry,120,Clairlea-Birchmount,120,Clairlea-Birchmount (120),Non-Fatal Injury,0,0,0,1,0,0,0,0,0,0,0,0,0,SMV Other,['Motorcycle Driver'],North,['Motorcycle'],['Going Ahead'],['Driving Properly'],['Normal'],[],[],[],[],[],[],D41,False,['25 to 29'],3.0
1252206.0,2011-08-31 08:00:00,946,2011,DUNDAS ST W,KEELE ST,,Major Arterial,Toronto and East York,43.665345,-79.46459,623790.935,4835848.9521,At Intersection,Traffic Signal,Clear,Daylight,Dry,90,Junction Area,90,Junction Area (90),Non-Fatal Injury,0,1,0,0,1,0,0,0,0,0,0,0,0,Cyclist Collisions,"['Truck Driver', 'Vehicle Owner', 'Cyclist']",West,"['Truck - Open', 'Other', 'Bicycle']","['Turning Right', 'Going Ahead']",['Improper Turn'],['Inattentive'],[],[],[],['Motorist turning right on green or amber at signalized intersection strikes cyclist.'],['Driving Properly'],['Normal'],D11,False,"['60 to 64', 'unknown', '70 to 74']",3.0
1252228.0,2011-08-30 08:00:00,1438,2011,LAWRENCE AVE E,E OF DVP ON RAMP Aven,,Major Arterial,North York,43.740245,-79.32799,634636.5215,4844380.5555,,No Control,Clear,Daylight,Dry,43,Victoria Village,43,Victoria Village (43),Fatal,0,0,1,0,1,1,0,1,1,1,0,0,0,Rear End,"['Truck Driver', 'Vehicle Owner', 'Driver', 'Passenger']",West,"['Truck - Open', 'Other', 'Automobile, Station Wagon', 'Municipal Transit Bus (TTC)']","['Slowing or Stopping', 'Going Ahead', 'Changing Lanes']","['Driving Properly', 'Exceeding Speed Limit']",['Normal'],[],[],[],[],[],[],D33,True,"['40 to 44', 'unknown', '45 to 49', '55 to 59', '50 to 54', '20 to 24', '35 to 39', '25 to 29', '5 to 9', '15 to 19']",4.0
1252312.0,2011-07-19 08:00:00,1925,2011,PARKSIDE DR,ALGONQUIN AVE,,Major Arterial,Toronto and East York,43.643145,-79.45549,624570.5123,4833396.9721,At Intersection,No Control,Clear,Daylight,Dry,87,High Park-Swansea,87,High Park-Swansea (87),Non-Fatal Injury,0,0,1,0,0,0,0,1,0,0,0,0,0,Rear End,"['Passenger', 'Driver', 'Vehicle Owner']",North,"['Other', 'Automobile, Station Wagon']","['Stopped', 'Going Ahead']","['Driving Properly', 'Other']",['Normal'],[],[],[],[],[],[],D11,False,"['70 to 74', '40 to 44', 'unknown', '30 to 34']",3.0