accident_number,date,time,year,street1,street2,offset,road_class,district,latitude,longitude,x,y,accident_location,traffctl,visibility,light,road_surface_condition,hood_158,neighbourhood_new,hood_140,neighbourhood_old,accident_class,pedestrian,cyclist,automobile,motorcycle,truck,trsn_city_veh,emerg_veh,passenger,speeding,aggressive_driving,redlight,alcohol,disability,impact_type,involvement_type,initial_direction,vehicle_type,manoeuver,driver_action,driver_condition,pedestrian_type,pedestrian_action,pedestrian_condition,cyclist_type,cyclist_action,cyclist_condition,division,injury,involvement_age,injury_severity_score
1252379.0,2011-09-01 08:00:00,1540,2011,MIDLAND AVE,BAYLAWN DR,,Major Arterial,Scarborough,43.800545,-79.28489,637968.4082,4851148.7529,,No Control,Clear,Daylight,Dry,129,Agincourt North,129,Agincourt North (129),Fatal,0,0,1,0,0,0,0,0,1,1,0,0,0,SMV Other,"['Vehicle Owner', 'Driver']",South,"['Other', 'Automobile, Station Wagon']",['Going Ahead'],['Lost control'],['Unknown'],[],[],[],[],[],[],D42,True,"['unknown', '35 to 39']",4.0
1252518.0,2011-08-23 08:00:00,1905,2011,WILLOWDALE AVE,PARKVIEW AVE,,Minor Arterial,North York,43.773145,-79.40359,628478.4355,4847914.5115,At Intersection,Stop Sign,Clear,Dusk,Dry,152,East Willowdale,51,Willowdale East (51),Non-Fatal Injury,1,0,1,0,0,0,0,0,0,0,0,0,0,Pedestrian Collisions,"['Vehicle Owner', 'Driver', 'Pedestrian']",East,"['Other', 'Automobile, Station Wagon']",['Turning Left'],['Driving Properly'],['Normal'],['Vehicle turns left while ped crosses without ROW at inter.'],"['Crossing, no Traffic Control']",['Normal'],[],[],[],D32,False,"['unknown', '20 to 24', '70 to 74']",3.0
1252521.0,2011-09-04 08:00:00,1000,2011,BRIMLEY RD,DANJOHN CRES,,Major Arterial,Scarborough,43.814246,-79.281192,638234.2793,4852676.6427,,No Control,Clear,Daylight,Dry,129,Agincourt North,129,Agincourt North (129),Non-Fatal Injury,1,0,0,0,0,1,0,0,0,0,0,0,0,Pedestrian Collisions,"['Vehicle Owner', 'Driver', 'Pedestrian']",North,"['Other', 'Municipal Transit Bus (TTC)']",['Going Ahead'],['Driving Properly'],['Unknown'],['Pedestrian involved in a collision with transit vehicle anywhere along roadway'],['Running onto Roadway'],['Other'],[],[],[],D42,False,"['unknown', '50 to 54', '35 to 39']",3.0
1253390.0,2011-09-11 08:00:00,1556,2011,DUNDAS ST E,BROADVIEW AVE,,Major Arterial,Toronto and East York,43.662445,-79.35139,632924.0699,4835702.0058,At Intersection,Traffic Signal,Clear,Daylight,Dry,70,South Riverdale,70,South Riverdale (70),Non-Fatal Injury,0,1,1,0,0,0,0,0,0,1,0,0,0,Cyclist Collisions,"['Vehicle Owner', 'Driver', 'Cyclist']",East,"['Other', 'Automobile, Station Wagon', 'Bicycle']",['Going Ahead'],['Failed to Yield Right of Way'],['Inattentive'],[],[],[],"['Motorist without ROW drives into path of cyclist at inter, lnwy, dwy-Driver not turn.']",['Driving Properly'],['Normal'],D55,False,"['unknown', '55 to 59', '40 to 44']",3.0
1253623.0,2011-09-12 08:00:00,1316,2011,STEELES AVE W,STEINWAY BLVD,,Major Arterial,Etobicoke York,43.753945,-79.62099,611017.5569,4845467.7122,,No Control,Clear,Daylight,Dry,NSA,NSA,NSA,NSA,Fatal,0,0,1,0,0,0,0,0,1,1,0,0,0,Turning Movement,"['Vehicle Owner', 'Driver']",East,"['Other', 'Automobile, Station Wagon']","['Turning Left', 'Turning Right', 'Going Ahead']","['Driving Properly', 'Exceeding Speed Limit']","['Normal', 'Unknown']",[],[],[],[],[],[],NSA,True,"['unknown', '55 to 59', '45 to 49', '20 to 24']",4.0
1253635.0,2011-07-20 08:00:00,1800,2011,QUEENS QUAY W,REES ST,,Minor Arterial,Toronto and East York,43.638845,-79.38659,630136.8956,4833025.1221,At Intersection,Traffic Signal,Clear,Daylight,Dry,165,Harbourfront-CityPlace,77,Waterfront Communities-The Island (77),Non-Fatal Injury,0,1,1,0,0,0,0,0,0,0,0,0,0,Cyclist Collisions,"['Vehicle Owner', 'Driver', 'Cyclist']",West,"['Other', 'Automobile, Station Wagon', 'Bicycle']","['Parked', 'Going Ahead']",['Other'],['Normal'],[],[],[],['Cyclist struck opened vehicle door'],['Driving Properly'],['Normal'],D52,False,"['unknown', '40 to 44']",3.0
1253770.0,2011-09-13 08:00:00,1355,2011,LUMSDEN AVE,OAK PARK AVE,,Minor Arterial,Toronto and East York,43.693915,-79.310367,636160.5065,4839263.7283,At Intersection,Stop Sign,Clear,Daylight,Dry,60,Woodbine-Lumsden,60,Woodbine-Lumsden (60),Non-Fatal Injury,1,0,1,0,0,0,0,0,0,0,0,0,0,Pedestrian Collisions,"['Driver', 'Pedestrian']",,"['Automobile, Station Wagon', 'Other']","['Going Ahead', 'Other', 'Unknown']",[],[],[],[],[],[],[],[],D55,False,"['50 to 54', 'unknown']",3.0
1253771.0,2011-09-13 08:00:00,1958,2011,LAKE SHORE BLVD W,bastion  st,,Major Arterial,Toronto and East York,43.635945,-79.40359,628771.8637,4832676.5262,At Intersection,Traffic Signal,Clear,"Dark, artificial",Dry,163,Fort York-Liberty Village,82,Niagara (82),Non-Fatal Injury,1,0,1,0,0,0,0,0,0,0,0,0,0,Pedestrian Collisions,"['Driver', 'Pedestrian']",East,"['Automobile, Station Wagon', 'Other']",['Going Ahead'],['Driving Properly'],['Normal'],['Vehicle is going straight thru inter.while ped cross without ROW'],['Running onto Roadway'],['Unknown'],[],[],[],D14,False,"['30 to 34', '25 to 29']",3.0
1253834.0,2011-08-16 08:00:00,1640,2011,BLUE JAYS WAY,NAVY WHARF CRT,,Minor Arterial,Toronto and East York,43.641745,-79.39189,629703.1552,4833338.9083,At Intersection,No Control,Clear,Daylight,Dry,165,Harbourfront-CityPlace,77,Waterfront Communities-The Island (77),Non-Fatal Injury,0,1,1,0,0,0,0,0,0,1,0,0,0,Cyclist Collisions,"['Driver', 'Cyclist']",West,"['Automobile, Station Wagon', 'Bicycle']","['Going Ahead', 'Turning Left']",['Failed to Yield Right of Way'],['Unknown'],[],[],[],['Cyclist turned left across motorists path.'],['Driving Properly'],['Normal'],D52,False,"['unknown', '25 to 29']",3.0
1254054.0,2011-08-24 08:00:00,1840,2011,4662 DUNDAS ST W,,,Major Arterial,Etobicoke York,43.654845,-79.52319,619087.0832,4834597.0225,,No Control,Clear,Daylight,Dry,15,Kingsway South,15,Kingsway South (15),Non-Fatal Injury,0,0,1,1,0,0,0,0,0,0,0,0,0,Other,"['Motorcycle Driver', 'Driver']",West,"['Motorcycle', 'Automobile, Station Wagon']","['Going Ahead', 'Slowing or Stopping']","['Driving Properly', 'Other']","['Normal', 'Unknown']",[],[],[],[],[],[],D22,False,"['40 to 44', 'unknown']",3.0
1254156.0,2011-09-15 08:00:00,1804,2011,FINCH AVE E,SKYMARK DR,,Major Arterial,North York,43.79309,-79.352252,632566.0447,4850210.6571,At Intersection,Traffic Signal,Clear,"Dusk, artificial",Dry,47,Don Valley Village,47,Don Valley Village (47),Non-Fatal Injury,0,0,1,0,0,0,0,1,0,0,0,0,1,Rear End,"['Vehicle Owner', 'Driver', 'Passenger']",West,"['Automobile, Station Wagon', 'Passenger Van']","['Going Ahead', 'Stopped']","['Lost control', 'Driving Properly']","['Medical or Physical Disability', 'Normal']",[],[],[],[],[],[],D33,False,"['unknown', '75 to 79', '45 to 49']",3.0
1254646.0,2011-07-27 08:00:00,955,2011,FINCH AVE E,KENNETH AVE,,Major Arterial,North York,43.780445,-79.41229,627762.7087,4848711.8253,At Intersection,Traffic Signal,Clear,Daylight,Dry,152,East Willowdale,51,Willowdale East (51),Non-Fatal Injury,1,0,1,0,0,0,0,0,0,1,0,0,0,Pedestrian Collisions,"['Driver', 'Pedestrian']",North,"['Automobile, Station Wagon', 'Other']",['Turning Left'],['Failed to Yield Right of Way'],['Unknown'],['Vehicle turns left while ped crosses with ROW at inter.'],['Crossing with right of way'],['Normal'],[],[],[],D32,False,"['65 to 69', '50 to 54']",3.0
1254898.0,2011-09-18 08:00:00,355,2011,KIPLING Aven,THORNCREST Road,,Major Arterial,Etobicoke York,43.661345,-79.54389,617405.1938,4835289.4324,At Intersection,Stop Sign,Clear,Dark,Dry,10,Princess-Rosethorn,10,Princess-Rosethorn (10),Non-Fatal Injury,1,0,1,0,0,0,0,0,0,0,0,0,0,Pedestrian Collisions,"['Driver', 'Pedestrian']",North,"['Automobile, Station Wagon', 'Other']","['Going Ahead', 'Other']",[],[],[],[],[],[],[],[],D22,False,['unknown'],3.0
1254931.0,2011-07-28 08:00:00,1354,2011,4277 LAWRENCE AVE E,,,Minor Arterial,Scarborough,43.770045,-79.17909,646553.8883,4847943.0739,,No Control,Rain,Daylight,Wet,136,West Hill,136,West Hill (136),Non-Fatal Injury,0,1,1,0,0,0,0,0,0,1,0,0,0,Cyclist Collisions,"['Driver', 'Cyclist']",East,"['Automobile, Station Wagon', 'Bicycle']","['Slowing or Stopping', 'Going Ahead']",['Failed to Yield Right of Way'],['Normal'],[],[],[],"['Motorist without ROW drives into path of cyclist at inter, lnwy, dwy-Driver not turn.']",['Driving Properly'],['Other'],D43,False,['35 to 39'],3.0
1255068.0,2011-09-20 08:00:00,1723,2011,ANTIBES DR,BATHURST ST,,Major Arterial,North York,43.781045,-79.44479,625146.1658,4848728.8223,At Intersection,Traffic Signal,Clear,Daylight,Dry,36,Newtonbrook West,36,Newtonbrook West (36),Non-Fatal Injury,0,1,0,0,0,1,0,0,0,0,0,0,0,Cyclist Collisions,"['Cyclist', 'Vehicle Owner', 'Driver']",East,"['Bicycle', 'Other', 'Municipal Transit Bus (TTC)']","['Overtaking', 'Going Ahead']",['Driving Properly'],['Normal'],[],[],[],['Cyclist and Driver travelling in same direction. One vehicle sideswipes the other.'],['Improper Passing'],['Normal'],D32,False,"['45 to 49', 'unknown', '60 to 64']",3.0
1255302.0,2011-08-30 08:00:00,1930,2011,LANSDOWNE Aven,RIDEAU Aven,,Minor Arterial,Toronto and East York,43.645445,-79.43849,625936.8331,4833678.0727,,No Control,Clear,"Dark, artificial",Dry,86,Roncesvalles,86,Roncesvalles (86),Non-Fatal Injury,0,1,1,0,0,0,0,0,0,1,0,0,0,Cyclist Collisions,"['Vehicle Owner', 'Driver', 'Cyclist']",South,"['Other', 'Automobile, Station Wagon', 'Bicycle']","['Parked', 'Going Ahead']",['Other'],['Unknown'],[],[],[],['Cyclist struck opened vehicle door'],['Speed too Fast For Condition'],['Unknown'],D11,False,"['unknown', '20 to 24', '35 to 39']",3.0
1255438.0,2011-09-23 08:00:00,243,2011,DIXON Rd,CARLINGVIEW Dr,,Major Arterial,Etobicoke York,43.686645,-79.59699,613076.2206,4838025.5604,,No Control,Clear,"Dark, artificial",Dry,1,West Humber-Clairville,1,West Humber-Clairville (1),Non-Fatal Injury,0,0,1,0,0,0,0,0,0,0,0,0,1,SMV Other,"['Driver', 'Other Property Owner']",East,"['Automobile, Station Wagon', 'Other']",['Going Ahead'],['Lost control'],['Medical or Physical Disability'],[],[],[],[],[],[],D23,False,"['50 to 54', 'unknown']",3.0
1255565.0,2011-09-23 08:00:00,1912,2011,MARTIN GROVE Road,DIXON Road,,Major Arterial,Etobicoke York,43.691545,-79.57079,615178.4575,4838605.8266,At Intersection,Traffic Signal,Rain,Dark,Wet,1,West Humber-Clairville,1,West Humber-Clairville (1),Fatal,1,0,1,0,0,0,0,1,0,0,0,0,0,Pedestrian Collisions,"['Passenger', 'Driver', 'Pedestrian']",East,"['Other', 'Automobile, Station Wagon']","['Other', 'Going Ahead']",['Driving Properly'],['Normal'],['Vehicle is going straight thru inter.while ped cross without ROW'],['Crossing marked crosswalk without ROW'],['Inattentive'],[],[],[],D23,True,"['0 to 4', '25 to 29', '30 to 34', '75 to 79']",4.0
1255770.0,2011-09-25 08:00:00,1958,2011,LAWRENCE Ave E,VALPARAISO Ave,,Major Arterial,Scarborough,43.755245,-79.24679,641139.865,4846181.7016,,No Control,Clear,Dark,Dry,157,Bendale South,127,Bendale (127),Non-Fatal Injury,1,0,1,0,0,0,0,0,0,0,0,0,0,Pedestrian Collisions,"['Vehicle Owner', 'Driver', 'Pedestrian']",East,"['Other', 'Automobile, Station Wagon']",['Going Ahead'],['Driving Properly'],['Normal'],['Vehicle is going straight thru inter.while ped cross without ROW'],"['Crossing, no Traffic Control']",['Unknown'],[],[],[],D43,False,"['unknown', '50 to 54']",3.0
1255918.0,2011-09-22 08:00:00,1617,2011,O CONNOR Driv,DOHME Aven,,Major Arterial,Toronto and East York,43.710545,-79.30899,636233.8008,4841112.9887,At Intersection,Traffic Signal,Clear,Daylight,Dry,54,O'Connor-Parkview,54,O'Connor-Parkview (54),Non-Fatal Injury,1,0,1,0,0,0,0,0,0,0,0,0,0,Pedestrian Collisions,"['Driver', 'Pedestrian']",North,"['Automobile, Station Wagon', 'Other']",['Going Ahead'],['Driving Properly'],['Normal'],['Vehicle is going straight thru inter.while ped cross without ROW'],['Coming From Behind Parked Vehicle'],['Inattentive'],[],[],[],D55,False,"['35 to 39', '20 to 24']",3.0
1256019.0,2011-07-29 08:00:00,1450,2011,CONSILIUM PL,CORPORATE DR,,Collector,Scarborough,43.779645,-79.25119,640728.4095,4848884.2121,At Intersection,Traffic Signal,Clear,Daylight,Dry,142,Woburn North,137,Woburn (137),Non-Fatal Injury,0,0,1,0,0,0,0,1,0,1,0,0,0,Turning Movement,"['Passenger', 'Vehicle Owner', 'Driver']",North,"['Other', 'Automobile, Station Wagon']","['Turning Left', 'Going Ahead']","['Failed to Yield Right of Way', 'Driving Properly']","['Inattentive', 'Normal']",[],[],[],[],[],[],D43,False,"['15 to 19', 'unknown', '0 to 4', '30 to 34']",3.0
1256431.0,2011-08-03 08:00:00,1604,2011,GERRARD Stre E,SCARBOROUGH Road,,Minor Arterial,Toronto and East York,43.686245,-79.28949,637860.4891,4838446.3621,At Intersection,Stop Sign,Clear,Daylight,Dry,62,East End-Danforth,62,East End-Danforth (62),Non-Fatal Injury,0,0,1,0,0,0,0,1,1,1,0,1,0,Turning Movement,"['Passenger', 'Vehicle Owner', 'Driver']",East,"['Other', 'Automobile, Station Wagon']","['Turning Left', 'Changing Lanes']","['Other', 'Speed too Fast For Condition']","['Normal', 'Ability Impaired, Alcohol']",[],[],[],[],[],[],D55,False,"['55 to 59', 'unknown', '35 to 39', '25 to 29']",3.0
1256606.0,2011-08-03 08:00:00,1842,2011,AILEEN AVE,KEELE ST,,Local,Etobicoke York,43.683345,-79.47149,623197.7865,4837837.8193,,No Control,Rain,Daylight,Wet,110,Keelesdale-Eglinton West,110,Keelesdale-Eglinton West (110),Non-Fatal Injury,0,1,1,0,0,0,0,0,0,0,0,0,0,Cyclist Collisions,"['Driver', 'Cyclist']",East,"['Automobile, Station Wagon', 'Bicycle']",['Going Ahead'],['Driving Properly'],['Normal'],[],[],[],"['Cyclist without ROW rides into path of motorist at inter, lnwy, dwy-Cyclist not turn.']",['Failed to Yield Right of Way'],['Inattentive'],D12,False,"['45 to 49', '10 to 14']",3.0
1256647.0,2011-09-01 08:00:00,2035,2011,HOLLISTER RD,INVERDON RD,,Local,Etobicoke York,43.664845,-79.57319,615036.0516,4835637.11,At Intersection,No Control,Clear,Dark,Dry,11,Eringate-Centennial-West Deane,11,Eringate-Centennial-West Deane (11),Non-Fatal Injury,1,0,1,0,0,0,0,0,0,1,0,0,0,Pedestrian Collisions,"['Driver', 'Pedestrian']",North,"['Automobile, Station Wagon', 'Other']",['Turning Left'],['Failed to Yield Right of Way'],['Inattentive'],['Vehicle turns left while ped crosses with ROW at inter.'],['Crossing with right of way'],['Normal'],[],[],[],D22,False,"['55 to 59', '15 to 19', '20 to 24']",3.0
1256813.0,2011-10-01 08:00:00,1248,2011,WILLIAM R ALLEN RD N,SHEPPARD AVE W,,Major Arterial,North York,43.747945,-79.46239,623798.1572,4845026.1173,,Traffic Signal,Clear,Daylight,Dry,155,Downsview,26,Downsview-Roding-CFB (26),Non-Fatal Injury,0,0,1,0,0,0,0,0,0,0,0,0,0,Sideswipe,"['Vehicle Owner', 'Driver']",North,"['Other', 'Automobile, Station Wagon']","['Changing Lanes', 'Going Ahead']","['Improper Lane Change', 'Driving Properly']",['Normal'],[],[],[],[],[],[],D32,False,"['unknown', '40 to 44', '65 to 69']",3.0
1257236.0,2011-08-05 08:00:00,1509,2011,DEWSON ST,OSSINGTON AVE,,Minor Arterial,Toronto and East York,43.656945,-79.42369,627106.2136,4834977.8621,At Intersection,Stop Sign,Clear,Daylight,Dry,80,Palmerston-Little Italy,80,Palmerston-Little Italy (80),Non-Fatal Injury,0,1,1,0,0,0,0,0,0,1,0,0,0,Turning Movement,"['Moped Driver', 'Vehicle Owner', 'Driver']",East,"['Moped', 'Other', 'Automobile, Station Wagon']","['Going Ahead', 'Turning Left']","['Driving Properly', 'Failed to Yield Right of Way']","['Normal', 'Unknown']",[],[],[],[],[],[],D14,False,"['40 to 44', 'unknown', '45 to 49']",3.0
1257392.0,2011-08-07 08:00:00,137,2011,BLACK CREEK DR,PHOTOGRAPHY DR W,,Major Arterial,Etobicoke York,43.687845,-79.48269,622285.9157,4838321.0289,At Intersection,No Control,Clear,Dark,Dry,110,Keelesdale-Eglinton West,110,Keelesdale-Eglinton West (110),Non-Fatal Injury,0,0,1,0,0,0,0,0,0,0,0,1,0,Rear End,"['Vehicle Owner', 'Driver']",North,"['Other', 'Automobile, Station Wagon']","['Going Ahead', 'Stopped']","['Other', 'Driving Properly']","['Ability Impaired, Alcohol', 'Normal']",[],[],[],[],[],[],D12,False,"['unknown', '35 to 39', '45 to 49']",3.0
1257517.0,2011-10-05 08:00:00,829,2011,LAWRENCE Aven W,LEDBURY Stre,,Major Arterial,North York,43.720845,-79.42249,627067.9724,4842076.6716,,Traffic Signal,Clear,Daylight,Dry,39,Bedford Park-Nortown,39,Bedford Park-Nortown (39),Non-Fatal Injury,1,0,1,0,0,0,0,0,0,0,0,0,0,Pedestrian Collisions,"['Pedestrian', 'Driver']",North,"['Other', 'Automobile, Station Wagon']",['Turning Left'],['Driving Properly'],['Normal'],['Vehicle turns left while ped crosses without ROW at inter.'],['Crossing without right of way'],['Inattentive'],[],[],[],D32,False,['40 to 44'],3.0
1257535.0,2011-10-04 08:00:00,1716,2011,KIPLING AVE,REDWATER DR,,Major Arterial,Etobicoke York,43.714845,-79.56819,615343.3001,4841197.2233,,No Control,Clear,Daylight,Dry,4,Rexdale-Kipling,4,Rexdale-Kipling (4),Non-Fatal Injury,0,0,1,0,0,0,0,1,0,1,0,0,0,SMV Other,"['Passenger', 'Driver']",North,"['Other', 'Automobile, Station Wagon']",['Going Ahead'],['Lost control'],['Unknown'],[],[],[],[],[],[],D23,False,['70 to 74'],3.0
1257763.0,2011-10-06 08:00:00,1945,2011,JANE St,COURAGE Ave,,Major Arterial,Etobicoke York,43.744845,-79.51459,619601.4998,4844605.1314,At Intersection,No Control,Clear,Dark,Dry,25,Glenfield-Jane Heights,25,Glenfield-Jane Heights (25),Non-Fatal Injury,1,0,1,0,0,0,0,0,0,0,0,0,0,Pedestrian Collisions,"['Driver', 'Pedestrian']",South,"['Automobile, Station Wagon', 'Other']","['Going Ahead', 'Other']",[],[],[],[],[],[],[],[],D31,False,['65 to 69'],3.0
1257891.0,2020-07-07 08:00:00,2030,2020,SERGIO MARCHI  ST,TORBARRIE RD,,Local,Etobicoke York,43.73004,-79.524013,618872.069,4842947.2631,Intersection Related,No Control,Clear,"Dusk, artificial",Dry,154,Oakdale-Beverley Heights,26,Downsview-Roding-CFB (26),Non-Fatal Injury,1,0,1,0,0,0,0,0,0,0,0,0,0,Pedestrian Collisions,"['Driver', 'Pedestrian']",East,"['Automobile, Station Wagon']",['Going Ahead'],['Lost control'],['Normal'],['Pedestrian hit at mid-block'],['Other'],['Normal'],[],[],[],D31,False,"['25 to 29', '30 to 34']",3.0
1258189.0,2011-10-10 08:00:00,540,2011,KENNEDY RD,FINCH AVE E,,Major Arterial,Scarborough,43.801245,-79.29659,637025.616,4851207.0593,At Intersection,Traffic Signal,Clear,"Dark, artificial",Dry,148,East L'Amoreaux,117,L'Amoreaux (117),Fatal,0,0,1,0,0,0,0,1,0,0,0,0,0,SMV Other,"['Passenger', 'Driver', 'Other Property Owner']",South,"['Other', 'Automobile, Station Wagon']",['Going Ahead'],['Lost control'],['Unknown'],[],[],[],[],[],[],D42,True,"['20 to 24', '25 to 29', 'unknown']",4.0
1258190.0,2011-10-10 08:00:00,549,2011,F G GARDINER XY Expr E,KIPLING AVE,,,Etobicoke York,43.620245,-79.51349,619938.0956,4830768.2248,,No Control,Clear,Dark,Dry,160,Mimico-Queensway,17,Mimico (includes Humber Bay Shores) (17),Non-Fatal Injury,0,0,1,0,0,0,0,0,0,0,0,0,0,SMV Other,"['Vehicle Owner', 'Driver']",East,"['Other', 'Automobile, Station Wagon']",['Going Ahead'],['Lost control'],['Inattentive'],[],[],[],[],[],[],D22,False,"['unknown', '40 to 44']",3.0
1258191.0,2011-10-10 08:00:00,437,2011,DORIS AVE,NORTHTOWN WAY,,Minor Arterial,North York,43.775445,-79.41279,627733.1196,4848155.7271,,No Control,Clear,Dark,Dry,151,Yonge-Doris,51,Willowdale East (51),Non-Fatal Injury,1,0,1,0,0,0,0,0,1,1,0,1,0,Pedestrian Collisions,"['Driver', 'Pedestrian']",North,"['Automobile, Station Wagon', 'Other']",['Going Ahead'],['Lost control'],"['Ability Impaired, Alcohol Over .08']",['Pedestrian hit on sidewalk or shoulder'],['On Sidewalk or Shoulder'],['Unknown'],[],[],[],D32,False,"['20 to 24', '25 to 29']",3.0
1258248.0,2011-08-08 08:00:00,1457,2011,BIRCHMOUNT RD,BONIS AVE,,Major Arterial,Scarborough,43.783545,-79.29929,636848.8152,4849236.7262,At Intersection,Traffic Signal,Clear,Daylight,Dry,118,Tam O'Shanter-Sullivan,118,Tam O'Shanter-Sullivan (118),Non-Fatal Injury,0,1,1,0,0,0,0,0,0,1,0,0,0,Cyclist Collisions,"['Driver', 'Cyclist']",East,"['Automobile, Station Wagon', 'Bicycle']","['Turning Left', 'Going Ahead']",['Failed to Yield Right of Way'],['Normal'],[],[],[],['Motorist turned left across cyclists path.'],['Other'],['Normal'],D42,False,"['50 to 54', '60 to 64']",3.0
1258313.0,2011-08-12 08:00:00,1430,2011,STEELES AVE W,MARKBROOK LANE,,Major Arterial,Etobicoke York,43.760045,-79.58609,613815.6432,4846192.573,,No Control,Clear,Daylight,Dry,2,Mount Olive-Silverstone-Jamestown,2,Mount Olive-Silverstone-Jamestown (2),Non-Fatal Injury,0,0,0,1,0,1,0,0,1,1,0,0,0,Rear End,"['Motorcycle Driver', 'Vehicle Owner', 'Driver']",West,"['Motorcycle', 'Other', 'Municipal Transit Bus (TTC)']","['Going Ahead', 'Stopped']","['Speed too Fast For Condition', 'Driving Properly']","['Inattentive', 'Normal']",[],[],[],[],[],[],D23,False,"['25 to 29', 'unknown', '40 to 44']",3.0
1258447.0,2011-08-11 08:00:00,1530,2011,BISHOP Aven,KENNETH Aven,,Collector,North York,43.782345,-79.41309,627694.2872,4848921.6153,At Intersection,No Control,Clear,Daylight,Dry,50,Newtonbrook East,50,Newtonbrook East (50),Non-Fatal Injury,1,0,1,0,0,0,0,0,0,1,0,0,0,Pedestrian Collisions,"['Driver', 'Pedestrian']",East,"['Automobile, Station Wagon', 'Other']",['Turning Left'],['Failed to Yield Right of Way'],['Inattentive'],['Vehicle turns left while ped crosses with ROW at inter.'],['Crossing with right of way'],['Normal'],[],[],[],D32,False,"['50 to 54', '55 to 59']",3.0
1258477.0,2011-10-03 08:00:00,640,2011,KIPLING Aven,FROST Stre,,Major Arterial,Etobicoke York,43.714145,-79.56789,615368.8108,4841119.8962,,No Control,Rain,Daylight,Wet,1,West Humber-Clairville,1,West Humber-Clairville (1),Non-Fatal Injury,1,0,1,0,0,0,0,0,0,1,0,0,0,Pedestrian Collisions,"['Driver', 'Pedestrian']",North,"['Automobile, Station Wagon', 'Other']",['Going Ahead'],['Failed to Yield Right of Way'],['Unknown'],['Vehicle is going straight thru inter.while ped cross without ROW'],"['Crossing, no Traffic Control']",['Normal'],[],[],[],D23,False,"['unknown', '30 to 34']",3.0
1258512.0,2011-08-09 08:00:00,1810,2011,QUEEN ST E,DALHOUSIE ST,,Major Arterial,Toronto and East York,43.653345,-79.37519,631024.8951,4834653.4735,,No Control,Clear,Daylight,Dry,168,Downtown Yonge East,75,Church-Yonge Corridor (75),Non-Fatal Injury,0,0,1,0,0,1,0,0,0,0,0,0,0,Rear End,"['Vehicle Owner', 'Driver']",East,"['Other', 'Municipal Transit Bus (TTC)', 'Automobile, Station Wagon']","['Going Ahead', 'Slowing or Stopping']","['Driving Properly', 'Other']","['Normal', 'Inattentive']",[],[],[],[],[],[],D51,False,"['unknown', '50 to 54']",3.0
1259013.0,2011-10-14 08:00:00,708,2011,2003 BRIMLEY RD,,,Major Arterial,Scarborough,43.786245,-79.26749,639401.3764,4849589.6664,,No Control,Clear,Daylight,Wet,128,Agincourt South-Malvern West,128,Agincourt South-Malvern West (128),Non-Fatal Injury,1,0,1,0,0,0,0,0,0,0,0,0,0,Pedestrian Collisions,"['Vehicle Owner', 'Driver', 'Pedestrian']",East,"['Other', 'Automobile, Station Wagon']",['Reversing'],['Other'],['Normal'],['Vehicle is reversing and hits pedestrian'],['Other'],['Normal'],[],[],[],D42,False,"['unknown', '55 to 59', '80 to 84']",3.0
1259502.0,2011-08-19 08:00:00,1235,2011,QUEEN ST E,RUSHBROOKE AVE,,Minor Arterial,Toronto and East York,43.662845,-79.33229,634463.1884,4835777.2102,At Intersection,No Control,Clear,Daylight,Dry,70,South Riverdale,70,South Riverdale (70),Non-Fatal Injury,1,0,1,0,0,0,0,0,0,0,0,0,0,Pedestrian Collisions,"['Driver', 'Pedestrian']",East,"['Automobile, Station Wagon', 'Other']",['Reversing'],['Other'],['Normal'],['Vehicle is reversing and hits pedestrian'],['Other'],['Normal'],[],[],[],D55,False,"['50 to 54', '85 to 89']",3.0
1259578.0,2011-08-19 08:00:00,2128,2011,BLOOR ST W,HARCROFT RD,,Major Arterial,Toronto and East York,43.651845,-79.47289,623149.3445,4834337.2501,,No Control,Clear,Dark,Dry,87,High Park-Swansea,87,High Park-Swansea (87),Non-Fatal Injury,0,1,1,0,0,0,0,0,0,1,0,0,0,Cyclist Collisions,"['Driver', 'Cyclist']",East,"['Automobile, Station Wagon', 'Bicycle']","['Overtaking', 'Going Ahead']",['Improper Passing'],['Unknown'],[],[],[],['Cyclist and Driver travelling in same direction. One vehicle sideswipes the other.'],['Driving Properly'],['Normal'],D11,False,"['unknown', '45 to 49']",3.0
1259602.0,2011-10-18 08:00:00,548,2011,WILSON AVE,ALLINGHAM GDNS,,Major Arterial,North York,43.735545,-79.44279,625402.1187,4843678.3943,At Intersection,No Control,Clear,"Dark, artificial",Other,33,Clanton Park,33,Clanton Park (33),Fatal,1,0,1,0,0,0,0,0,0,0,0,0,0,Pedestrian Collisions,"['Driver', 'Pedestrian']",North,"['Automobile, Station Wagon', 'Other']",['Going Ahead'],['Driving Properly'],['Normal'],['Vehicle is going straight thru inter.while ped cross without ROW'],"['Crossing, no Traffic Control']",['Inattentive'],[],[],[],D32,True,"['40 to 44', '45 to 49']",4.0
1259641.0,2011-10-18 08:00:00,2145,2011,DON VALLEY PARKWAY  S,LAWRENCE AVE E,,,North York,43.740145,-79.33229,634290.4893,4844362.4699,,No Control,Clear,Dark,Dry,42,Banbury-Don Mills,42,Banbury-Don Mills (42),Non-Fatal Injury,0,0,1,0,1,0,0,1,0,1,0,0,0,Rear End,"['Passenger', 'Vehicle Owner', 'Truck Driver', 'Driver', 'Other Property Owner']",South,"['Other', 'Truck - Open', 'Automobile, Station Wagon']",['Going Ahead'],"['Lost control', 'Driving Properly']","['Ability Impaired, Drugs', 'Normal']",[],[],[],[],[],[],D33,False,"['60 to 64', 'unknown', '35 to 39', '20 to 24']",3.0