accident_number,date,time,year,street1,street2,offset,road_class,district,latitude,longitude,x,y,accident_location,traffctl,visibility,light,road_surface_condition,hood_158,neighbourhood_new,hood_140,neighbourhood_old,accident_class,pedestrian,cyclist,automobile,motorcycle,truck,trsn_city_veh,emerg_veh,passenger,speeding,aggressive_driving,redlight,alcohol,disability,impact_type,involvement_type,initial_direction,vehicle_type,manoeuver,driver_action,driver_condition,pedestrian_type,pedestrian_action,pedestrian_condition,cyclist_type,cyclist_action,cyclist_condition,division,injury,involvement_age,injury_severity_score
1259697.0,2011-09-28 08:00:00,830,2011,BATHURST Stre,REINER Road,,Major Arterial,North York,43.752345,-79.43769,625777.6378,4845552.012,At Intersection,Stop Sign,Clear,Daylight,Dry,38,Lansing-Westgate,38,Lansing-Westgate (38),Non-Fatal Injury,1,0,1,0,0,0,0,0,0,1,0,0,0,Pedestrian Collisions,"['Driver', 'Pedestrian']",East,"['Automobile, Station Wagon', 'Other']",['Turning Right'],['Failed to Yield Right of Way'],['Inattentive'],['Vehicle turns right while ped crosses with ROW at inter.'],['Crossing with right of way'],['Normal'],[],[],[],D32,False,"['unknown', '80 to 84']",3.0
1259893.0,2011-10-19 08:00:00,1946,2011,BIRCHMOUNT RD,ALLANFORD RD,,Major Arterial,Scarborough,43.774245,-79.29509,637208.0464,4848210.7677,At Intersection,Traffic Signal,Rain,Dark,Wet,118,Tam O'Shanter-Sullivan,118,Tam O'Shanter-Sullivan (118),Non-Fatal Injury,1,0,1,0,0,0,0,0,0,1,0,0,0,Pedestrian Collisions,"['Driver', 'Pedestrian']",Unknown,"['Automobile, Station Wagon', 'Other']",['Going Ahead'],['Failed to Yield Right of Way'],['Inattentive'],['Vehicle is going straight thru inter.while ped cross with ROW'],"['Walking on Roadway with Traffic', 'Crossing with right of way']","['Normal', 'Unknown']",[],[],[],D42,False,"['55 to 59', '40 to 44', '45 to 49']",3.0
1259906.0,2011-10-19 08:00:00,2104,2011,YONGE ST,WALLY CROUTER WKWAY Way,,Major Arterial,Toronto and East York,43.689645,-79.39479,629366.3168,4838654.3152,,No Control,Rain,Dark,Wet,97,Yonge-St.Clair,97,Yonge-St.Clair (97),Non-Fatal Injury,1,0,1,0,0,0,0,0,0,0,0,0,0,Pedestrian Collisions,"['Vehicle Owner', 'Driver', 'Pedestrian']",North,"['Other', 'Automobile, Station Wagon']",['Going Ahead'],['Driving Properly'],['Normal'],['Pedestrian hit at mid-block'],"['Crossing, no Traffic Control']",['Unknown'],[],[],[],D53,False,"['unknown', '40 to 44', '70 to 74']",3.0
1260122.0,2011-08-24 08:00:00,1630,2011,DUNDAS ST W,PALMERSTON AVE,,Major Arterial,Toronto and East York,43.651745,-79.40849,628342.9591,4834423.7305,,No Control,Clear,Daylight,Dry,81,Trinity-Bellwoods,81,Trinity-Bellwoods (81),Non-Fatal Injury,0,0,1,1,0,0,0,0,0,0,0,0,0,Sideswipe,"['Motorcycle Driver', 'Vehicle Owner', 'Driver']",West,"['Motorcycle', 'Other', 'Automobile, Station Wagon']","['Going Ahead', 'Turning Left']","['Driving Properly', 'Improper Turn']",['Normal'],[],[],[],[],[],[],D14,False,"['30 to 34', 'unknown', '25 to 29']",3.0
1260139.0,2011-08-23 08:00:00,1050,2011,ELLESMERE RD,MCCOWAN RD,,Major Arterial,Scarborough,43.772145,-79.25149,640721.8604,4848050.7095,At Intersection,Traffic Signal,Clear,Daylight,Dry,142,Woburn North,137,Woburn (137),Non-Fatal Injury,0,0,1,0,0,0,0,1,0,1,1,0,1,Angle,"['Passenger', 'Driver']",West,"['Other', 'Automobile, Station Wagon']",['Going Ahead'],"['Driving Properly', 'Disobeyed Traffic Control']","['Normal', 'Medical or Physical Disability']",[],[],[],[],[],[],D43,False,"['75 to 79', '45 to 49', '60 to 64']",3.0
1260146.0,2011-10-21 08:00:00,630,2011,SPADINA AVE W,KING ST W,,Major Arterial,Toronto and East York,43.645445,-79.39499,629445.1732,4833745.0014,At Intersection,Traffic Signal,Clear,Dark,Dry,164,Wellington Place,77,Waterfront Communities-The Island (77),Fatal,1,0,0,0,1,0,0,1,0,0,0,0,0,Pedestrian Collisions,"['Vehicle Owner', 'Passenger', 'Truck Driver', 'Pedestrian']",East,"['Other', 'Truck - Open']",['Turning Right'],['Driving Properly'],['Normal'],['Other / Undefined'],['Walking on Roadway Against Traffic'],['Unknown'],[],[],[],D52,True,"['unknown', '30 to 34', '35 to 39', '25 to 29']",4.0
1260151.0,2011-08-23 08:00:00,1742,2011,WRIGHT AVE,SAM FRUSTAGLIO DR,,Local,Etobicoke York,43.699345,-79.50899,620143.3131,4839559.815,At Intersection,No Control,Clear,"Daylight, artificial",Dry,113,Weston,113,Weston (113),Non-Fatal Injury,0,0,0,1,0,0,0,0,1,1,0,0,0,SMV Other,"['Other Property Owner', 'Motorcycle Driver']",West,"['Other', 'Motorcycle']",['Going Ahead'],['Lost control'],['Inattentive'],[],[],[],[],[],[],D12,False,"['unknown', '20 to 24']",3.0
1260223.0,2011-08-19 08:00:00,1320,2011,BATHURST ST,BARTON AVE,,Major Arterial,Toronto and East York,43.668145,-79.41239,627993.5987,4836239.1427,At Intersection,Traffic Signal,Clear,Daylight,Dry,95,Annex,95,Annex (95),Non-Fatal Injury,0,0,1,1,0,0,0,1,0,0,0,0,0,Turning Movement,"['Passenger', 'Motorcycle Driver', 'Driver']",North,"['Other', 'Motorcycle', 'Automobile, Station Wagon']","['Going Ahead', 'Turning Left']","['Driving Properly', 'Improper Turn']",['Normal'],[],[],[],[],[],[],D14,False,"['15 to 19', '35 to 39', '40 to 44']",3.0
1260759.0,2011-10-24 08:00:00,1515,2011,QUEEN ST E,HASTINGS AVE,,Minor Arterial,Toronto and East York,43.663545,-79.32899,634727.6961,4835860.3085,,No Control,Clear,Daylight,Dry,70,South Riverdale,70,South Riverdale (70),Non-Fatal Injury,1,0,1,0,0,0,0,0,0,0,0,0,0,Pedestrian Collisions,"['Driver', 'Pedestrian']",East,"['Automobile, Station Wagon', 'Other']",['Going Ahead'],['Other'],['Unknown'],['Pedestrian hit at mid-block'],['Other'],['Normal'],[],[],[],D55,False,"['unknown', '55 to 59']",3.0
1260760.0,2011-10-24 08:00:00,1835,2011,EDITH DR,ORCHARD VIEW BLVD,,Collector,North York,43.707245,-79.40329,628643.6383,4840595.815,At Intersection,Stop Sign,Clear,Dark,Dry,100,Yonge-Eglinton,100,Yonge-Eglinton (100),Non-Fatal Injury,1,0,1,0,0,0,0,0,0,1,0,0,0,Pedestrian Collisions,"['Vehicle Owner', 'Driver', 'Pedestrian']",East,"['Other', 'Automobile, Station Wagon']",['Turning Left'],['Failed to Yield Right of Way'],['Inattentive'],['Vehicle turns left while ped crosses with ROW at inter.'],['Crossing with right of way'],['Normal'],[],[],[],D53,False,"['unknown', '45 to 49', '90 to 94']",3.0
1261275.0,2011-10-26 08:00:00,926,2011,SNOWCREST AVE,WYVERN RD,,Local,North York,43.791845,-79.38609,629846.3514,4850018.7396,At Intersection,Stop Sign,Rain,Daylight,Wet,49,Bayview Woods-Steeles,49,Bayview Woods-Steeles (49),Non-Fatal Injury,1,0,1,0,0,0,0,0,0,1,0,0,0,Pedestrian Collisions,"['Driver', 'Pedestrian']",East,"['Automobile, Station Wagon', 'Other']",['Turning Left'],['Failed to Yield Right of Way'],['Inattentive'],['Vehicle turns left while ped crosses with ROW at inter.'],['Crossing with right of way'],['Unknown'],[],[],[],D33,False,"['30 to 34', '40 to 44']",3.0
1261319.0,2011-10-26 08:00:00,1938,2011,BATHURST ST,VAUGHAN RD,,Major Arterial,Toronto and East York,43.681645,-79.41769,627537.7054,4837730.3358,At Intersection,No Control,Rain,Dark,Wet,96,Casa Loma,96,Casa Loma (96),Non-Fatal Injury,1,0,1,0,0,0,0,0,0,1,0,1,0,Pedestrian Collisions,"['Driver', 'Pedestrian']",South,"['Automobile, Station Wagon', 'Other']",['Going Ahead'],['Other'],"['Ability Impaired, Alcohol']",['Other / Undefined'],['Other'],['Normal'],[],[],[],D13,False,"['65 to 69', '75 to 79']",3.0
1261321.0,2011-10-26 08:00:00,1952,2011,QUEENS PARK,QUEENS PARK CRES W,,Major Arterial,Toronto and East York,43.666745,-79.39329,629536.4736,4836113.3003,,No Control,Rain,Dark,Wet,169,Bay-Cloverhill,76,Bay Street Corridor (76),Non-Fatal Injury,1,0,1,0,0,0,0,1,0,0,0,0,0,Pedestrian Collisions,"['Passenger', 'Vehicle Owner', 'Driver', 'Pedestrian']",South,"['Other', 'Automobile, Station Wagon']","['Other', 'Going Ahead']",['Driving Properly'],['Normal'],['Pedestrian hit at mid-block'],"['Crossing, no Traffic Control']",['Inattentive'],[],[],[],D52,False,"['unknown', '20 to 24', '70 to 74']",3.0
1261370.0,2011-08-31 08:00:00,1830,2011,SIMCOE ST,WELLINGTON ST W,,Minor Arterial,Toronto and East York,43.646045,-79.38559,630202.0015,4833826.3438,At Intersection,Traffic Signal,Clear,Daylight,Dry,164,Wellington Place,77,Waterfront Communities-The Island (77),Non-Fatal Injury,1,0,1,0,0,0,0,0,0,1,0,0,0,Pedestrian Collisions,"['Vehicle Owner', 'Driver', 'Pedestrian']",West,"['Other', 'Automobile, Station Wagon']",['Turning Left'],['Failed to Yield Right of Way'],['Normal'],['Vehicle turns left while ped crosses with ROW at inter.'],['Crossing with right of way'],['Normal'],[],[],[],D52,False,"['unknown', '40 to 44', '25 to 29']",3.0
1261497.0,2011-10-20 08:00:00,1127,2011,YONGE ST,ELM ST,,Major Arterial,Toronto and East York,43.657945,-79.38159,630498.8282,4835154.2785,,No Control,Clear,Daylight,Dry,168,Downtown Yonge East,75,Church-Yonge Corridor (75),Non-Fatal Injury,1,0,1,0,0,0,0,0,0,0,0,0,0,Pedestrian Collisions,"['Vehicle Owner', 'Driver', 'Pedestrian']",North,"['Other', 'Automobile, Station Wagon']",['Going Ahead'],['Driving Properly'],['Normal'],['Pedestrian hit at mid-block'],['Other'],['Inattentive'],[],[],[],D51,False,"['unknown', '40 to 44', '45 to 49']",3.0
1261536.0,2011-09-02 08:00:00,2000,2011,LAKE SHORE Boul E,CARLAW Aven,,Major Arterial,Toronto and East York,43.654945,-79.33739,634069.5657,4834891.5563,At Intersection,Traffic Signal,Clear,Dark,Wet,70,South Riverdale,70,South Riverdale (70),Non-Fatal Injury,0,0,1,0,0,0,0,0,0,0,0,0,0,Turning Movement,"['Driver', 'Vehicle Owner']",East,"['Automobile, Station Wagon', 'Other']","['Going Ahead', 'Stopped', 'Turning Left']","['Driving Properly', 'Improper Turn']",['Normal'],[],[],[],[],[],[],D55,False,"['25 to 29', '30 to 34', 'unknown', '65 to 69']",3.0
1261623.0,2011-10-12 08:00:00,1300,2011,BLOOR Stre W,RUNNYMEDE Road,,Major Arterial,Toronto and East York,43.651145,-79.47629,622876.5863,4834254.466,,No Control,Clear,Daylight,Other,88,High Park North,88,High Park North (88),Non-Fatal Injury,1,0,1,0,0,0,0,0,0,0,0,0,0,Pedestrian Collisions,"['Driver', 'Pedestrian']",,"['Automobile, Station Wagon', 'Other']","['Going Ahead', 'Other']",[],[],[],[],[],[],[],[],D11,False,['unknown'],3.0
1261658.0,2011-09-02 08:00:00,1815,2011,FINCH Aven W,HIGHWAY 400  N,,Major Arterial,Etobicoke York,43.754045,-79.53279,618117.9726,4845600.811,At Intersection,Traffic Signal,Clear,Daylight,Dry,21,Humber Summit,21,Humber Summit (21),Non-Fatal Injury,0,0,1,0,0,0,0,1,0,1,1,0,0,Angle,"['Driver', 'Passenger']",South,"['Automobile, Station Wagon', 'Other']",['Going Ahead'],"['Driving Properly', 'Disobeyed Traffic Control']",['Normal'],[],[],[],[],[],[],D31,False,"['55 to 59', '50 to 54', '70 to 74', '25 to 29']",3.0
1261735.0,2011-09-02 08:00:00,1916,2011,DUFFERIN Stre,,,Major Arterial,Toronto and East York,43.672945,-79.44099,625677.8171,4836728.5179,At Intersection,Traffic Signal,Clear,Dark,Dry,171,Junction-Wallace Emerson,93,Dovercourt-Wallace Emerson-Junction (93),Non-Fatal Injury,0,0,1,0,0,0,0,0,0,1,1,0,0,Angle,"['Driver', 'Vehicle Owner']",East,"['Automobile, Station Wagon', 'Other']","['Going Ahead', 'Stopped']","['Driving Properly', 'Disobeyed Traffic Control']",['Normal'],[],[],[],[],[],[],D13,False,"['50 to 54', 'unknown', '55 to 59']",3.0
1262837.0,2011-11-04 08:00:00,1450,2011,DANFORTH Aven,CHISHOLM Aven,,Major Arterial,Toronto and East York,43.687845,-79.30339,636736.5541,4838601.0505,At Intersection,No Control,Clear,Daylight,Dry,62,East End-Danforth,62,East End-Danforth (62),Non-Fatal Injury,1,0,1,0,0,0,0,0,0,1,0,0,0,Pedestrian Collisions,"['Driver', 'Pedestrian']",North,"['Automobile, Station Wagon', 'Other']",['Turning Left'],['Failed to Yield Right of Way'],['Normal'],['Pedestrian hit at mid-block'],"['Crossing, no Traffic Control']",['Normal'],[],[],[],D55,False,['70 to 74'],3.0
1263122.0,2011-08-25 08:00:00,1944,2011,LAWTON Blvd,WALMSLEY Blvd,,Local,Toronto and East York,43.693045,-79.39669,629205.8902,4839028.9699,,No Control,Clear,Daylight,Dry,97,Yonge-St.Clair,97,Yonge-St.Clair (97),Non-Fatal Injury,0,1,1,0,0,0,0,0,0,0,0,0,0,Cyclist Collisions,"['Driver', 'Cyclist']",North,"['Automobile, Station Wagon', 'Bicycle']","['Overtaking', 'Going Ahead']",['Driving Properly'],['Normal'],[],[],[],['Cyclist and Driver travelling in same direction. One vehicle sideswipes the other.'],['Improper Passing'],['Normal'],D53,False,"['40 to 44', '50 to 54']",3.0
1263147.0,2011-11-07 10:00:00,1134,2011,DUNDAS ST W,STERLING RD,,Minor Arterial,Toronto and East York,43.650645,-79.44299,625563.0663,4834248.7812,At Intersection,Stop Sign,Clear,Daylight,Dry,84,Little Portugal,84,Little Portugal (84),Fatal,0,1,0,0,1,0,0,0,0,0,0,0,0,Cyclist Collisions,"['Vehicle Owner', 'Truck Driver', 'Cyclist']",South,"['Other', 'Truck - Open', 'Bicycle']",['Turning Right'],['Driving Properly'],['Normal'],[],[],[],"['Motorist turns right at non-signal Inter.(stop, yield, no cont.,and dwy) and strikes cyclist.']",['Improper Turn'],['Unknown'],D11,True,"['unknown', '65 to 69', '35 to 39']",4.0
1263204.0,2011-08-25 08:00:00,803,2011,MIDLAND AVE,STEELES AVE E,,Major Arterial,Scarborough,43.825945,-79.29729,636912.8477,4853949.2368,At Intersection,Traffic Signal,Clear,Daylight,Dry,130,Milliken,130,Milliken (130),Non-Fatal Injury,1,0,1,0,0,0,0,0,0,1,0,0,0,Pedestrian Collisions,"['Vehicle Owner', 'Driver', 'Pedestrian']",East,"['Other', 'Automobile, Station Wagon']",['Turning Right'],['Failed to Yield Right of Way'],['Normal'],['Vehicle turns right while ped crosses with ROW at inter.'],['Crossing with right of way'],['Normal'],[],[],[],D42,False,"['unknown', '45 to 49']",3.0
1263273.0,2011-09-08 08:00:00,910,2011,DAVENPORT Rd,HAZELTON Ave,,Major Arterial,Toronto and East York,43.675045,-79.39479,629397.7011,4837032.7859,,No Control,Clear,Daylight,Dry,95,Annex,95,Annex (95),Non-Fatal Injury,0,1,0,0,0,1,0,0,0,0,0,0,0,Cyclist Collisions,"['Vehicle Owner', 'Driver', 'Cyclist']",East,"['Other', 'Municipal Transit Bus (TTC)', 'Bicycle']","['Going Ahead', 'Overtaking']",['Driving Properly'],['Normal'],[],[],[],['Cyclist and Driver travelling in same direction. One vehicle sideswipes the other.'],['Failed to Yield Right of Way'],['Normal'],D53,False,"['unknown', '45 to 49', '30 to 34']",3.0
1263305.0,2011-09-06 08:00:00,1500,2011,MIDLAND AVE,FINCH AVE E,,Major Arterial,Scarborough,43.803245,-79.28609,637865.6648,4851446.6313,,No Control,Clear,Daylight,Dry,128,Agincourt South-Malvern West,128,Agincourt South-Malvern West (128),Non-Fatal Injury,0,0,1,0,0,0,0,0,0,0,0,0,0,SMV Other,"['Other Property Owner', 'Vehicle Owner', 'Driver']",North,"['Other', 'Automobile, Station Wagon']",['Going Ahead'],['Lost control'],['Inattentive'],[],[],[],[],[],[],D42,False,"['unknown', '20 to 24']",3.0
1263449.0,2011-11-08 10:00:00,1950,2011,SPADINA AVE,BULWER ST,,Major Arterial,Toronto and East York,43.649445,-79.39659,629307.5475,4834186.7592,,No Control,Clear,"Dark, artificial",Dry,78,Kensington-Chinatown,78,Kensington-Chinatown (78),Non-Fatal Injury,1,0,1,0,0,0,0,0,0,0,0,0,0,Pedestrian Collisions,"['Driver', 'Pedestrian']",South,"['Automobile, Station Wagon', 'Other']",['Going Ahead'],['Driving Properly'],['Normal'],['Vehicle is going straight thru inter.while ped cross without ROW'],"['Crossing, no Traffic Control']",['Normal'],[],[],[],D52,False,"['70 to 74', '85 to 89']",3.0
1263671.0,2011-09-10 08:00:00,1834,2011,BOTANY HILL RD,PLOVER RD,,Local,Scarborough,43.775345,-79.20589,644384.1377,4848484.6344,,No Control,Clear,Daylight,Dry,135,Morningside,135,Morningside (135),Non-Fatal Injury,0,0,1,1,0,0,0,0,0,0,0,0,0,Approaching,"['Motorcycle Driver', 'Driver']",East,"['Motorcycle', 'Automobile, Station Wagon']",['Going Ahead'],"['Lost control', 'Driving Properly']",['Normal'],[],[],[],[],[],[],D43,False,"['40 to 44', '55 to 59']",3.0
1263764.0,2011-11-10 10:00:00,1111,2011,DON VALLEY PARKWAY  S,BAYVIEW BLOOR DVP RAMP,,,Toronto and East York,43.682345,-79.36239,631993.5195,4837894.6055,,No Control,Clear,Daylight,Dry,57,Broadview North,57,Broadview North (57),Fatal,0,0,1,0,0,0,0,1,1,1,0,0,1,SMV Other,"['Vehicle Owner', 'Driver', 'Passenger']",South,"['Other', 'Automobile, Station Wagon']",['Going Ahead'],"['Driving Properly', 'Lost control']","['Normal', 'Medical or Physical Disability']",[],[],[],[],[],[],D55,True,"['unknown', '50 to 54', '40 to 44', '75 to 79', '55 to 59']",4.0
1263909.0,2011-11-05 08:00:00,2211,2011,KING ST W,BATHURST ST,,Major Arterial,Toronto and East York,43.643778,-79.403369,628772.9558,4833546.8246,,No Control,Clear,"Dark, artificial",Dry,162,West Queen West,82,Niagara (82),Non-Fatal Injury,1,0,1,0,0,1,0,0,1,1,0,1,0,Pedestrian Collisions,"['Vehicle Owner', 'Driver', 'Pedestrian']",West,"['Other', 'Automobile, Station Wagon', 'Municipal Transit Bus (TTC)']","['Going Ahead', 'Stopped']","['Exceeding Speed Limit', 'Driving Properly']","['Ability Impaired, Alcohol Over .08', 'Normal']",['Pedestrian hit on sidewalk or shoulder'],['On Sidewalk or Shoulder'],['Normal'],[],[],[],D14,False,"['unknown', '20 to 24', '25 to 29', '30 to 34']",3.0
1264083.0,2011-11-13 10:00:00,1855,2011,JANE ST,WILLIAM CRAGG DR,,Major Arterial,Etobicoke York,43.721945,-79.50889,620106.2213,4842070.0038,At Intersection,No Control,Clear,"Dark, artificial",Dry,154,Oakdale-Beverley Heights,26,Downsview-Roding-CFB (26),Non-Fatal Injury,1,0,1,0,0,0,0,0,0,0,0,0,0,Pedestrian Collisions,"['Driver', 'Pedestrian']",South,"['Automobile, Station Wagon', 'Other']",['Going Ahead'],['Driving Properly'],['Normal'],['Pedestrian hit at mid-block'],"['Crossing, no Traffic Control']",['Inattentive'],[],[],[],D31,False,['45 to 49'],3.0
1264189.0,2011-09-13 08:00:00,2122,2011,BATHURST St,HERRICK St,,Major Arterial,Toronto and East York,43.662645,-79.41019,628182.6708,4835631.6911,,No Control,Clear,Dark,Dry,79,University,79,University (79),Non-Fatal Injury,0,0,1,1,0,0,0,1,0,1,0,0,0,Turning Movement,"['Passenger', 'Motorcycle Driver', 'Driver']",North,"['Other', 'Motorcycle', 'Automobile, Station Wagon']","['Going Ahead', 'Making U Turn']","['Driving Properly', 'Failed to Yield Right of Way']",['Normal'],[],[],[],[],[],[],D14,False,"['35 to 39', '30 to 34', '45 to 49']",3.0
1264317.0,2011-11-14 10:00:00,1704,2011,MILNER Aven,MORNINGSIDE Aven,,Major Arterial,Scarborough,43.800244,-79.199089,644871.2975,4851261.9513,,Traffic Signal,Clear,"Dusk, artificial",Wet,146,Malvern East,132,Malvern (132),Non-Fatal Injury,0,0,1,0,0,0,0,1,0,1,0,0,0,Rear End,"['Driver', 'Passenger']",East,"['Automobile, Station Wagon', 'Other']",['Turning Left'],"['Driving Properly', 'Following too Close']",['Normal'],[],[],[],[],[],[],D42,False,"['80 to 84', '50 to 54']",3.0
1264528.0,2011-11-15 10:00:00,1045,2011,DUNDAS ST W,GRACE ST,,Major Arterial,Toronto and East York,43.650745,-79.41389,627909.6093,4834304.3299,At Intersection,Traffic Signal,Clear,Daylight,Dry,81,Trinity-Bellwoods,81,Trinity-Bellwoods (81),Non-Fatal Injury,1,0,1,0,0,0,0,0,0,0,0,0,0,Pedestrian Collisions,"['Driver', 'Pedestrian']",East,"['Automobile, Station Wagon', 'Other']",['Going Ahead'],['Driving Properly'],['Normal'],['Vehicle is going straight thru inter.while ped cross without ROW'],['Crossing without right of way'],['Normal'],[],[],[],D14,False,"['75 to 79', '85 to 89']",3.0
1264625.0,2011-11-16 10:00:00,955,2011,F G GARDINER ExP E,PARK LAWN RD,,,Etobicoke York,43.626045,-79.48739,622032.2407,4831450.4181,,No Control,Clear,Daylight,Dry,161,Humber Bay Shores,17,Mimico (includes Humber Bay Shores) (17),Non-Fatal Injury,0,0,1,0,0,0,0,0,0,1,0,0,0,Rear End,['Driver'],East,"['Automobile, Station Wagon']","['Slowing or Stopping', 'Stopped']","['Following too Close', 'Driving Properly']","['Inattentive', 'Normal']",[],[],[],[],[],[],D22,False,['35 to 39'],3.0
1264639.0,2011-11-16 10:00:00,1735,2011,DON MILLS RD,OVERLEA BLVD,,Major Arterial,North York,43.710445,-79.33459,634171.5738,4841060.1262,,No Control,Clear,Dark,Dry,44,Flemingdon Park,44,Flemingdon Park (44),Non-Fatal Injury,1,0,1,0,0,0,0,0,0,0,0,0,0,Pedestrian Collisions,"['Vehicle Owner', 'Driver', 'Pedestrian']",West,"['Other', 'Automobile, Station Wagon']",['Going Ahead'],['Driving Properly'],['Normal'],['Pedestrian hit at mid-block'],['Running onto Roadway'],['Inattentive'],[],[],[],D55,False,"['unknown', '15 to 19', '30 to 34', '10 to 14']",3.0
1264906.0,2011-09-16 08:00:00,845,2011,MIDDLEFIELD RD,PASSMORE AVE,,Minor Arterial,Scarborough,43.827345,-79.26519,639490.7361,4854158.3636,At Intersection,Traffic Signal,Clear,Daylight,Dry,130,Milliken,130,Milliken (130),Non-Fatal Injury,0,1,1,0,0,0,0,0,0,1,0,0,0,Cyclist Collisions,"['Driver', 'Vehicle Owner', 'Cyclist']",North,"['Automobile, Station Wagon', 'Other', 'Bicycle']","['Stopped', 'Turning Left', 'Going Ahead']","['Driving Properly', 'Failed to Yield Right of Way']","['Normal', 'Inattentive']",[],[],[],['Motorist turned left across cyclists path.'],['Driving Properly'],['Normal'],D42,False,"['60 to 64', 'unknown', '75 to 79']",3.0
1265142.0,2011-11-18 10:00:00,1511,2011,BATHURST ST,RIDGEWOOD RD,,Major Arterial,Toronto and East York,43.690745,-79.42129,627228.2949,4838735.4854,,No Control,Clear,Daylight,Dry,101,Forest Hill South,101,Forest Hill South (101),Non-Fatal Injury,0,0,1,0,0,0,0,0,0,0,0,0,1,Rear End,['Driver'],North,"['Automobile, Station Wagon']",['Going Ahead'],"['Driving Properly', 'Lost control']","['Normal', 'Medical or Physical Disability']",[],[],[],[],[],[],D13,False,['50 to 54'],3.0
1265429.0,2011-09-14 08:00:00,1400,2011,YONGE Stre,ST MARY Stre,,Major Arterial,Toronto and East York,43.667945,-79.38589,630130.4908,4836258.1578,,Stop Sign,Clear,Daylight,Dry,169,Bay-Cloverhill,76,Bay Street Corridor (76),Non-Fatal Injury,1,0,1,0,0,0,0,0,0,0,0,0,0,Pedestrian Collisions,"['Pedestrian', 'Vehicle Owner', 'Driver']",East,"['Other', 'Automobile, Station Wagon']",['Turning Left'],['Improper Turn'],['Inattentive'],['Vehicle turns left while ped crosses without ROW at inter.'],['Crossing without right of way'],['Inattentive'],[],[],[],D52,False,"['85 to 89', 'unknown', '50 to 54']",3.0
1265520.0,2011-11-22 10:00:00,2057,2011,STONG CRT,JANE ST,,Collector,Etobicoke York,43.762045,-79.51809,619285.5099,4846510.3963,,No Control,Rain,"Dark, artificial",Wet,24,Black Creek,24,Black Creek (24),Non-Fatal Injury,0,0,1,0,0,0,0,0,0,0,0,0,1,SMV Other,['Driver'],East,"['Automobile, Station Wagon']",['Unknown'],['Other'],['Medical or Physical Disability'],[],[],[],[],[],[],D31,False,['70 to 74'],3.0
1265525.0,2011-11-22 10:00:00,2145,2011,BATHURST ST,BARTON AVE,,Major Arterial,Toronto and East York,43.668145,-79.41239,627993.5987,4836239.1427,,No Control,Rain,"Dark, artificial",Wet,95,Annex,95,Annex (95),Non-Fatal Injury,1,0,1,0,0,0,0,1,0,0,0,0,0,Pedestrian Collisions,"['Passenger', 'Vehicle Owner', 'Driver', 'Pedestrian']",East,"['Other', 'Automobile, Station Wagon']",['Going Ahead'],['Driving Properly'],['Normal'],['Pedestrian hit at mid-block'],['Running onto Roadway'],"['Ability Impaired, Alcohol']",[],[],[],D14,False,"['30 to 34', '25 to 29', 'unknown', '55 to 59']",3.0
1265542.0,2011-09-18 08:00:00,120,2011,DAVENPORT RD,HURON ST,,Minor Arterial,Toronto and East York,43.678045,-79.40569,628512.6272,4837349.0301,At Intersection,Stop Sign,Clear,Dark,Dry,96,Casa Loma,96,Casa Loma (96),Non-Fatal Injury,0,0,0,1,0,0,0,0,1,1,0,0,0,SMV Other,['Motorcycle Driver'],West,['Motorcycle'],['Going Ahead'],['Speed too Fast For Condition'],['Had Been Drinking'],[],[],[],[],[],[],D53,False,['30 to 34'],3.0
1265738.0,2011-11-23 10:00:00,2240,2011,DUFFERIN ST,KENNARD AVE,,Major Arterial,North York,43.760045,-79.46499,623563.9157,4846366.1188,,No Control,Clear,"Dark, artificial",Dry,34,Bathurst Manor,34,Bathurst Manor (34),Non-Fatal Injury,1,0,1,0,0,0,0,0,0,0,0,0,0,Pedestrian Collisions,"['Driver', 'Pedestrian']",North,"['Automobile, Station Wagon', 'Other']",['Going Ahead'],['Driving Properly'],['Normal'],['Pedestrian hit at mid-block'],"['Crossing, no Traffic Control']",['Normal'],[],[],[],D32,False,"['30 to 34', '25 to 29']",3.0
1265838.0,2011-09-19 08:00:00,1955,2011,BLACK CREEK DR,TRETHEWEY DR,,Major Arterial,Etobicoke York,43.694645,-79.48609,621998.1064,4839071.2534,At Intersection,Traffic Signal,Rain,Dark,Wet,112,Beechborough-Greenbrook,112,Beechborough-Greenbrook (112),Non-Fatal Injury,1,0,1,0,0,0,0,0,0,1,0,0,0,Pedestrian Collisions,"['Driver', 'Pedestrian']",West,"['Automobile, Station Wagon', 'Other']",['Turning Right'],['Failed to Yield Right of Way'],['Inattentive'],['Vehicle turns right while ped crosses with ROW at inter.'],['Crossing with right of way'],['Normal'],[],[],[],D12,False,"['40 to 44', '35 to 39']",3.0
1265912.0,2011-11-24 10:00:00,2017,2011,DIXON RD,CARLINGVIEW DR,,Major Arterial,Etobicoke York,43.686745,-79.59639,613124.3902,4838037.4849,,No Control,Clear,Dark,Dry,1,West Humber-Clairville,1,West Humber-Clairville (1),Non-Fatal Injury,1,0,1,0,0,0,0,0,0,0,0,0,0,Pedestrian Collisions,"['Vehicle Owner', 'Driver', 'Pedestrian']",East,"['Other', 'Automobile, Station Wagon']",['Slowing or Stopping'],['Driving Properly'],['Normal'],['Pedestrian hit at mid-block'],['Running onto Roadway'],['Normal'],[],[],[],D23,False,"['unknown', '45 to 49', '70 to 74']",3.0