accident_number,date,time,year,street1,street2,offset,road_class,district,latitude,longitude,x,y,accident_location,traffctl,visibility,light,road_surface_condition,hood_158,neighbourhood_new,hood_140,neighbourhood_old,accident_class,pedestrian,cyclist,automobile,motorcycle,truck,trsn_city_veh,emerg_veh,passenger,speeding,aggressive_driving,redlight,alcohol,disability,impact_type,involvement_type,initial_direction,vehicle_type,manoeuver,driver_action,driver_condition,pedestrian_type,pedestrian_action,pedestrian_condition,cyclist_type,cyclist_action,cyclist_condition,division,injury,involvement_age,injury_severity_score
1265988.0,2011-10-31 08:00:00,915,2011,LAIRD DR,MILLWOOD RD,,Major Arterial,North York,43.703145,-79.36059,632092.9297,4840207.6016,At Intersection,Traffic Signal,Clear,Daylight,Dry,56,Leaside-Bennington,56,Leaside-Bennington (56),Non-Fatal Injury,0,0,1,0,0,0,0,0,0,1,0,0,0,Rear End,['Driver'],South,"['Automobile, Station Wagon']","['Stopped', 'Going Ahead']","['Driving Properly', 'Following too Close']","['Normal', 'Unknown']",[],[],[],[],[],[],D53,False,"['25 to 29', 'unknown']",3.0
1266099.0,2011-09-17 08:00:00,1320,2011,AVENUE Road,BERNARD Aven,,Major Arterial,Toronto and East York,43.673945,-79.39629,629279.1453,4836908.2771,,No Control,Clear,Daylight,Dry,95,Annex,95,Annex (95),Non-Fatal Injury,0,0,1,0,0,0,0,1,0,1,0,0,0,Rear End,"['Vehicle Owner', 'Driver', 'Passenger']",South,"['Other', 'Automobile, Station Wagon']","['Stopped', 'Going Ahead']","['Driving Properly', 'Following too Close']",['Normal'],[],[],[],[],[],[],D53,False,"['unknown', '20 to 24', '25 to 29', '55 to 59']",3.0
1266196.0,2011-11-25 10:00:00,1556,2011,KINGSTON Road,RASPBERRY Road,,Major Arterial,Scarborough,43.801445,-79.14229,649437.4631,4851496.348,At Intersection,No Control,Clear,Daylight,Dry,143,West Rouge,131,Rouge (131),Non-Fatal Injury,0,1,1,0,0,0,0,0,0,1,0,0,0,Cyclist Collisions,"['Driver', 'Cyclist']",West,"['Automobile, Station Wagon', 'Bicycle']",['Going Ahead'],['Following too Close'],['Inattentive'],[],[],[],['Cyclist and Driver travelling in same direction. One vehicle rear-ended the other.'],['Driving Properly'],['Normal'],D42,False,"['55 to 59', '50 to 54']",3.0
1266314.0,2011-09-21 08:00:00,2328,2011,DANFORTH AVE,COXWELL AVE,,Major Arterial,Toronto and East York,43.683345,-79.32359,635118.6403,4838068.153,At Intersection,Traffic Signal,Rain,Dark,Wet,64,Woodbine Corridor,64,Woodbine Corridor (64),Non-Fatal Injury,1,0,1,0,0,0,0,0,0,1,0,0,0,Pedestrian Collisions,"['Vehicle Owner', 'Driver', 'Pedestrian']",North,"['Other', 'Automobile, Station Wagon']",['Turning Left'],['Failed to Yield Right of Way'],['Had Been Drinking'],['Vehicle turns left while ped crosses with ROW at inter.'],['Crossing with right of way'],['Normal'],[],[],[],D55,False,"['unknown', '30 to 34', '55 to 59']",3.0
1266347.0,2011-09-21 08:00:00,2233,2011,DUFFERIN Stre,DUNDAS Stre W,,Minor Arterial,Toronto and East York,43.649645,-79.43149,626492.5772,4834155.1829,At Intersection,Traffic Signal,Clear,"Dark, artificial",Wet,84,Little Portugal,84,Little Portugal (84),Non-Fatal Injury,0,1,1,0,0,0,0,0,0,0,0,0,0,Cyclist Collisions,"['Driver', 'Cyclist']",North,"['Automobile, Station Wagon', 'Bicycle']","['Going Ahead', 'Turning Left']",['Driving Properly'],['Unknown'],[],[],[],['Cyclist turned left across motorists path.'],['Improper Turn'],['Unknown'],D11,False,"['25 to 29', '20 to 24']",3.0
1266373.0,2011-09-22 08:00:00,1910,2011,MOUNT PLEASANT Road,KEEWATIN Aven,,Major Arterial,North York,43.713745,-79.39219,629523.9489,4841335.0173,At Intersection,Stop Sign,Clear,Dark,Dry,173,North Toronto,104,Mount Pleasant West (104),Non-Fatal Injury,0,0,1,0,0,0,0,0,0,1,0,0,0,Turning Movement,"['Vehicle Owner', 'Driver']",East,"['Other', 'Automobile, Station Wagon']","['Going Ahead', 'Turning Left']","['Driving Properly', 'Failed to Yield Right of Way']","['Normal', 'Inattentive']",[],[],[],[],[],[],D53,False,"['unknown', '55 to 59', '50 to 54']",3.0
1266407.0,2011-11-27 10:00:00,0,2011,DUNERA Aven,EMCARR Driv,,Local,Scarborough,43.757145,-79.19569,645249.0574,4846481.0785,At Intersection,Stop Sign,Rain,Dark,Wet,136,West Hill,136,West Hill (136),Non-Fatal Injury,0,1,1,0,0,0,0,0,0,0,0,0,0,Cyclist Collisions,"['Vehicle Owner', 'Driver', 'Cyclist']",South,"['Other', 'Automobile, Station Wagon', 'Bicycle']","['Other', 'Going Ahead', 'Turning Left']",[],[],[],[],[],[],[],[],D43,False,"['unknown', '30 to 34', '50 to 54']",3.0
1266558.0,2011-09-23 08:00:00,1613,2011,HARBORD ST,MAJOR ST,,Minor Arterial,Toronto and East York,43.662445,-79.40479,628618.4917,4835617.8357,At Intersection,No Control,Rain,Daylight,Wet,79,University,79,University (79),Non-Fatal Injury,0,1,1,0,0,0,0,0,0,1,0,0,0,Cyclist Collisions,"['Driver', 'Cyclist']",East,"['Automobile, Station Wagon', 'Bicycle']","['Turning Left', 'Unknown']",['Failed to Yield Right of Way'],['Normal'],[],[],[],['Motorist turned left across cyclists path.'],['Driving Properly'],['Normal'],D14,False,"['35 to 39', '25 to 29']",3.0
1266571.0,2011-09-22 08:00:00,936,2011,KINGSTON RD,BLANTYRE AVE,,Major Arterial,Scarborough,43.681645,-79.28079,638572.275,4837949.9678,,No Control,Clear,Daylight,Dry,122,Birchcliffe-Cliffside,122,Birchcliffe-Cliffside (122),Non-Fatal Injury,1,0,1,0,0,0,0,0,0,0,0,0,0,Pedestrian Collisions,"['Driver', 'Pedestrian']",North,"['Automobile, Station Wagon', 'Other']",['Going Ahead'],['Driving Properly'],['Normal'],['Pedestrian hit at mid-block'],"['Crossing, no Traffic Control']",['Inattentive'],[],[],[],D41,False,"['50 to 54', '15 to 19']",3.0
1266612.0,2011-09-24 08:00:00,1505,2011,BIRMINGHAM Stre,ETTA WYLIE Road,,Collector,Etobicoke York,43.602445,-79.51009,620247.8915,4828796.2367,At Intersection,No Control,Clear,Daylight,Dry,18,New Toronto,18,New Toronto (18),Non-Fatal Injury,0,1,1,0,0,0,0,0,0,1,0,0,0,Cyclist Collisions,"['Driver', 'Cyclist']",East,"['Automobile, Station Wagon', 'Bicycle']","['Turning Left', 'Going Ahead']",['Failed to Yield Right of Way'],['Inattentive'],[],[],[],['Motorist turned left across cyclists path.'],['Driving Properly'],['Normal'],D22,False,"['60 to 64', '50 to 54']",3.0
1266689.0,2011-11-29 10:00:00,1635,2011,BIRCHMOUNT RD,BESWICK PARK  CRT,,Major Arterial,Scarborough,43.813045,-79.31319,635663.549,4852490.2863,,No Control,Rain,"Dark, artificial",Wet,116,Steeles,116,Steeles (116),Non-Fatal Injury,1,0,1,0,0,0,0,0,0,0,0,0,0,Pedestrian Collisions,"['Driver', 'Pedestrian']",South,"['Automobile, Station Wagon', 'Other']",['Going Ahead'],['Driving Properly'],['Normal'],['Vehicle is going straight thru inter.while ped cross without ROW'],"['Crossing, no Traffic Control']",['Inattentive'],[],[],[],D42,False,"['65 to 69', '45 to 49']",3.0
1266690.0,2011-11-29 10:00:00,1746,2011,DOVEHOUSE AVE,KEELE ST,,Major Arterial,North York,43.749645,-79.48759,621765.7566,4845177.5756,,Traffic Signal,Rain,"Dark, artificial",Wet,27,York University Heights,27,York University Heights (27),Non-Fatal Injury,1,0,1,0,0,0,0,0,0,1,0,0,0,Pedestrian Collisions,"['Driver', 'Pedestrian']",North,"['Automobile, Station Wagon', 'Other']",['Turning Left'],['Failed to Yield Right of Way'],['Inattentive'],['Vehicle turns left while ped crosses with ROW at inter.'],['Crossing with right of way'],['Normal'],[],[],[],D31,False,"['40 to 44', '65 to 69']",3.0
1266936.0,2011-09-25 08:00:00,130,2011,1279 BLOOR St W,,,Major Arterial,Toronto and East York,43.658445,-79.44219,625611.3187,4835116.2836,,No Control,Clear,Dark,Dry,83,Dufferin Grove,83,Dufferin Grove (83),Non-Fatal Injury,1,0,1,0,0,0,0,0,0,0,0,0,0,Pedestrian Collisions,"['Vehicle Owner', 'Driver', 'Pedestrian']",East,"['Other', 'Automobile, Station Wagon']",['Going Ahead'],['Driving Properly'],['Normal'],['Pedestrian hit at mid-block'],"['Crossing, no Traffic Control']",['Normal'],[],[],[],D11,False,"['unknown', '70 to 74', '50 to 54']",3.0
1266990.0,2011-12-01 10:00:00,102,2011,JANE ST,ELLIS AVE,,Major Arterial,Etobicoke York,43.702145,-79.50359,620572.8278,4839878.6324,,No Control,Clear,"Dark, artificial",Dry,30,Brookhaven-Amesbury,30,Brookhaven-Amesbury (30),Fatal,1,0,1,0,0,0,0,0,0,0,0,0,0,Pedestrian Collisions,"['Driver', 'Pedestrian']",North,"['Automobile, Station Wagon', 'Other']",['Going Ahead'],['Driving Properly'],['Normal'],['Other / Undefined'],['Other'],['Unknown'],[],[],[],D12,True,"['45 to 49', '50 to 54']",4.0
1266995.0,2011-09-25 08:00:00,1945,2011,GRACEDALE Boul,DUNCANWOODS Driv,,Collector,Etobicoke York,43.751045,-79.56039,615901.8054,4845228.6298,At Intersection,Stop Sign,Clear,Dark,Dry,21,Humber Summit,21,Humber Summit (21),Non-Fatal Injury,0,1,1,0,0,0,0,0,0,1,0,0,0,Cyclist Collisions,"['Driver', 'Cyclist']",South,"['Automobile, Station Wagon', 'Bicycle']",['Going Ahead'],['Failed to Yield Right of Way'],['Normal'],[],[],[],"['Motorist without ROW drives into path of cyclist at inter, lnwy, dwy-Driver not turn.']",['Driving Properly'],['Normal'],D31,False,"['65 to 69', '10 to 14']",3.0
1267110.0,2011-09-27 08:00:00,1905,2011,16 STORMONT AVE,,,Local,North York,43.719745,-79.42329,627005.8562,4841953.2747,,No Control,Clear,Daylight,Dry,39,Bedford Park-Nortown,39,Bedford Park-Nortown (39),Non-Fatal Injury,1,0,1,0,0,0,0,0,0,0,0,0,0,Pedestrian Collisions,"['Driver', 'Pedestrian']",East,"['Automobile, Station Wagon', 'Other']",['Going Ahead'],['Driving Properly'],['Normal'],['Pedestrian hit at mid-block'],['Playing or Working on Highway'],['Inattentive'],[],[],[],D53,False,"['55 to 59', '5 to 9']",3.0
1267111.0,2011-11-27 10:00:00,312,2011,YONGE ST,SHEPPARD AVE E,,Major Arterial,North York,43.761545,-79.41089,627915.6529,4846614.8543,At Intersection,Traffic Signal,Clear,"Dark, artificial",Dry,151,Yonge-Doris,51,Willowdale East (51),Non-Fatal Injury,0,0,1,0,0,0,0,0,0,0,0,0,0,Turning Movement,"['Driver', 'Other Property Owner']",North,"['Automobile, Station Wagon', 'Other']","['Going Ahead', 'Turning Right']","['Driving Properly', 'Improper Turn']","['Normal', 'Inattentive']",[],[],[],[],[],[],D32,False,"['25 to 29', 'unknown']",3.0
1267274.0,2011-12-02 10:00:00,1830,2011,LAWRENCE AVE E,TOWNLEY AVE,,Major Arterial,Scarborough,43.742645,-79.30729,636297.9351,4844680.9602,At Intersection,No Control,Clear,"Dusk, artificial",Dry,119,Wexford/Maryvale,119,Wexford/Maryvale (119),Fatal,1,0,1,0,0,0,0,0,0,0,0,0,0,Pedestrian Collisions,"['Vehicle Owner', 'Driver', 'Pedestrian']",South,"['Other', 'Automobile, Station Wagon']",['Going Ahead'],['Driving Properly'],['Unknown'],['Pedestrian hit at mid-block'],"['Crossing, no Traffic Control']",['Unknown'],[],[],[],D41,True,"['unknown', '65 to 69']",4.0
1267797.0,2011-09-30 08:00:00,1912,2011,LAKE SHORE BLVD W,KIPLING AVE,,Major Arterial,Etobicoke York,43.598145,-79.51689,619707.5981,4828308.8486,At Intersection,Traffic Signal,Rain,Dark,Wet,18,New Toronto,18,New Toronto (18),Non-Fatal Injury,1,0,1,0,0,0,0,0,0,0,0,0,0,Pedestrian Collisions,"['Driver', 'Pedestrian']",South,"['Automobile, Station Wagon', 'Other']",['Going Ahead'],['Driving Properly'],['Normal'],['Vehicle is going straight thru inter.while ped cross without ROW'],['Running onto Roadway'],['Normal'],[],[],[],D22,False,"['40 to 44', '30 to 34']",3.0
1267808.0,2011-09-30 08:00:00,1515,2011,WELLINGTON ST W,BLUE JAYS WAY,,Collector,Toronto and East York,43.644745,-79.39179,629704.7646,4833672.2535,,Traffic Signal,Clear,Daylight,Dry,164,Wellington Place,77,Waterfront Communities-The Island (77),Non-Fatal Injury,1,0,1,0,0,0,0,0,0,1,0,0,0,Pedestrian Collisions,"['Driver', 'Pedestrian']",West,"['Automobile, Station Wagon', 'Other']",['Turning Left'],['Failed to Yield Right of Way'],['Inattentive'],['Vehicle turns left while ped crosses with ROW at inter.'],['Crossing with right of way'],['Normal'],[],[],[],D52,False,['50 to 54'],3.0
1267989.0,2011-10-03 08:00:00,1609,2011,BAY ST,GRENVILLE ST,,Major Arterial,Toronto and East York,43.662045,-79.38619,630119.051,4835602.4133,,No Control,Clear,Daylight,Dry,169,Bay-Cloverhill,76,Bay Street Corridor (76),Non-Fatal Injury,0,1,1,0,0,0,0,0,0,0,0,0,0,Cyclist Collisions,"['Driver', 'Vehicle Owner', 'Cyclist']",South,"['Automobile, Station Wagon', 'Other', 'Bicycle']","['Overtaking', 'Going Ahead']",['Improper Lane Change'],['Inattentive'],[],[],[],['Cyclist and Driver travelling in same direction. One vehicle sideswipes the other.'],['Driving Properly'],['Normal'],D52,False,"['60 to 64', 'unknown', '55 to 59']",3.0
1267990.0,2011-10-03 08:00:00,1700,2011,QUEEN ST E,HILTZ AVE,,Minor Arterial,Toronto and East York,43.663945,-79.32679,634904.1804,4835908.3089,,No Control,Clear,Daylight,Dry,65,Greenwood-Coxwell,65,Greenwood-Coxwell (65),Non-Fatal Injury,0,0,0,0,1,0,0,1,0,0,0,0,0,Rear End,"['Vehicle Owner', 'Truck Driver', 'Passenger', 'Driver']",West,"['Other', 'Truck - Open']","['Stopped', 'Going Ahead']","['Driving Properly', 'Lost control']","['Normal', 'Inattentive']",[],[],[],[],[],[],D55,False,"['unknown', '45 to 49', '15 to 19']",3.0
1268039.0,2011-10-04 08:00:00,2040,2011,BRIMLEY RD,PROGRESS AVE,,Major Arterial,Scarborough,43.775245,-79.26319,639772.9991,4848375.1938,,Traffic Signal,Clear,Dark,Dry,156,Bendale-Glen Andrew,127,Bendale (127),Non-Fatal Injury,0,0,1,0,0,0,0,1,0,1,0,0,0,Turning Movement,"['Passenger', 'Driver', 'Vehicle Owner']",North,"['Other', 'Automobile, Station Wagon']","['Turning Left', 'Going Ahead']","['Failed to Yield Right of Way', 'Driving Properly']",['Normal'],[],[],[],[],[],[],D41,False,"['20 to 24', 'unknown', '45 to 49']",3.0
1268173.0,2011-12-08 10:00:00,1954,2011,SHEPPARD AVE E,VICTORIA PARK AVE,,Major Arterial,North York,43.775245,-79.32299,634960.4319,4848275.975,At Intersection,Traffic Signal,Clear,Dark,Dry,118,Tam O'Shanter-Sullivan,117,L'Amoreaux (117),Non-Fatal Injury,1,0,0,0,0,1,0,0,0,0,0,0,0,Pedestrian Collisions,"['Vehicle Owner', 'Driver', 'Pedestrian']",South,"['Other', 'Municipal Transit Bus (TTC)']",['Turning Right'],['Driving Properly'],['Normal'],['Pedestrian involved in a collision with transit vehicle anywhere along roadway'],['Crossing without right of way'],['Unknown'],[],[],[],D42,False,"['unknown', '55 to 59', '20 to 24']",3.0
1268346.0,2011-10-06 08:00:00,2005,2011,CROUSE Rd,BIRCHMOUNT Rd,,Local,Scarborough,43.740345,-79.28359,638211.5861,4844464.777,,No Control,Clear,Dark,Dry,119,Wexford/Maryvale,119,Wexford/Maryvale (119),Non-Fatal Injury,1,0,0,0,0,0,0,0,0,0,0,0,0,Pedestrian Collisions,"['Other', 'Pedestrian']",East,['Other'],['Reversing'],[],[],['Pedestrian hit at mid-block'],['Pushing/Working on Vehicle'],['Inattentive'],[],[],[],D41,False,"['unknown', '50 to 54']",3.0
1268357.0,2011-10-30 08:00:00,2000,2011,DANFORTH AVE,AUGUST AVE,,Major Arterial,Scarborough,43.692845,-79.28109,638522.3098,4839193.3839,At Intersection,No Control,Clear,Dark,Dry,121,Oakridge,121,Oakridge (121),Non-Fatal Injury,1,0,1,0,0,0,0,0,0,0,0,0,0,Pedestrian Collisions,"['Driver', 'Pedestrian']",South,"['Automobile, Station Wagon', 'Other']",['Going Ahead'],['Driving Properly'],['Normal'],['Pedestrian hit at mid-block'],['Walking on Roadway Against Traffic'],['Inattentive'],[],[],[],D41,False,"['unknown', '45 to 49']",3.0
1268378.0,2011-12-03 10:00:00,353,2011,960 WARDEN Ave,,,Major Arterial,Scarborough,43.734745,-79.29049,637668.8002,4843831.3252,,No Control,Clear,Dark,Dry,119,Wexford/Maryvale,119,Wexford/Maryvale (119),Non-Fatal Injury,0,0,1,0,0,0,0,0,0,0,0,0,0,Rear End,['Driver'],South,"['Automobile, Station Wagon']",['Going Ahead'],"['Driving Properly', 'Other']","['Normal', 'Unknown']",[],[],[],[],[],[],D41,False,"['25 to 29', 'unknown']",3.0
1268545.0,2011-11-26 10:00:00,1235,2011,EGLINTON AVE E,FORMAN AVE,,Major Arterial,North York,43.709145,-79.38619,630017.2557,4840833.5153,At Intersection,Traffic Signal,Clear,Daylight,Dry,99,Mount Pleasant East,99,Mount Pleasant East (99),Non-Fatal Injury,1,0,1,0,0,0,0,1,0,0,0,0,0,Pedestrian Collisions,"['Passenger', 'Vehicle Owner', 'Driver', 'Pedestrian']",North,"['Other', 'Automobile, Station Wagon']",['Going Ahead'],['Driving Properly'],['Normal'],['Vehicle is going straight thru inter.while ped cross without ROW'],['Crossing without right of way'],['Normal'],[],[],[],D53,False,"['10 to 14', 'unknown', '45 to 49', '50 to 54']",3.0
1269009.0,2011-10-07 08:00:00,1010,2011,GREENWIN VILLAGE Road,BISON Driv,,Collector,North York,43.790845,-79.44409,625182.0368,4849818.3216,,No Control,Clear,Daylight,Dry,36,Newtonbrook West,36,Newtonbrook West (36),Non-Fatal Injury,1,0,1,0,0,0,0,0,0,0,0,0,0,Pedestrian Collisions,"['Driver', 'Pedestrian']",Unknown,"['Automobile, Station Wagon', 'Other']",['Turning Left'],['Lost control'],['Normal'],['Pedestrian hit on sidewalk or shoulder'],['On Sidewalk or Shoulder'],['Normal'],[],[],[],D32,False,"['65 to 69', '15 to 19']",3.0
1269063.0,2011-10-07 08:00:00,14,2011,ISLINGTON AVE,BERGAMOT AVE,,Major Arterial,Etobicoke York,43.716945,-79.55599,616322.0478,4841447.5062,At Intersection,Traffic Signal,Clear,Dark,Dry,4,Rexdale-Kipling,4,Rexdale-Kipling (4),Non-Fatal Injury,1,0,1,0,0,0,0,0,0,1,0,0,0,Pedestrian Collisions,"['Driver', 'Pedestrian']",East,"['Automobile, Station Wagon', 'Other']",['Turning Left'],['Failed to Yield Right of Way'],['Inattentive'],['Vehicle turns left while ped crosses with ROW at inter.'],['Crossing with right of way'],['Normal'],[],[],[],D23,False,"['50 to 54', '20 to 24']",3.0
1269088.0,2011-11-29 10:00:00,1900,2011,STEELES AVE E,MARKHAM RD,,Major Arterial,Scarborough,43.836589,-79.251178,640595.7007,4855208.7901,At Intersection,Traffic Signal,Rain,"Dusk, artificial",Wet,144,Morningside Heights,131,Rouge (131),Non-Fatal Injury,1,0,1,0,0,0,0,0,0,1,0,0,0,Pedestrian Collisions,"['Driver', 'Pedestrian']",East,"['Automobile, Station Wagon', 'Other']",['Going Ahead'],['Failed to Yield Right of Way'],['Unknown'],['Vehicle is going straight thru inter.while ped cross with ROW'],['Crossing with right of way'],['Normal'],[],[],[],D42,False,"['unknown', '25 to 29']",3.0
1269208.0,2011-10-08 08:00:00,1310,2011,ST GEORGES Blvd,YORK Rd,,Local,Etobicoke York,43.702245,-79.55379,616527.7518,4839817.9586,At Intersection,Stop Sign,Clear,Daylight,Dry,6,Kingsview Village-The Westway,6,Kingsview Village-The Westway (6),Non-Fatal Injury,0,0,0,1,0,0,0,1,0,0,0,0,0,SMV Other,"['Passenger', 'Motorcycle Driver']",West,"['Other', 'Motorcycle']",['Going Ahead'],['Lost control'],['Other'],[],[],[],[],[],[],D23,False,"['25 to 29', '30 to 34']",3.0
1269435.0,2011-10-11 08:00:00,1815,2011,DANFORTH AVE,EUSTON AVE,,Major Arterial,Toronto and East York,43.680345,-79.33779,633980.7855,4837711.924,At Intersection,No Control,Clear,Daylight,Dry,66,Danforth,66,Danforth (66),Non-Fatal Injury,0,0,1,0,0,0,0,0,0,1,0,0,0,Turning Movement,['Driver'],East,"['Automobile, Station Wagon']","['Turning Left', 'Going Ahead']","['Failed to Yield Right of Way', 'Driving Properly']",['Normal'],[],[],[],[],[],[],D55,False,"['75 to 79', '35 to 39']",3.0
1269531.0,2011-10-12 08:00:00,1214,2011,YONGE ST,BALLIOL ST,,Major Arterial,Toronto and East York,43.697345,-79.39649,629212.7721,4839506.8562,At Intersection,No Control,Rain,Daylight,Wet,100,Yonge-Eglinton,100,Yonge-Eglinton (100),Non-Fatal Injury,1,0,1,0,0,0,0,0,0,0,0,0,0,Pedestrian Collisions,"['Driver', 'In-Line Skater']",North,"['Automobile, Station Wagon', 'Other']",['Going Ahead'],['Driving Properly'],['Normal'],['Vehicle is going straight thru inter.while ped cross without ROW'],['Running onto Roadway'],['Normal'],[],[],[],D53,False,"['60 to 64', '15 to 19']",3.0
1269584.0,2011-10-13 08:00:00,1830,2011,KEELE ST,GRANDRAVINE DR,,Major Arterial,Etobicoke York,43.752045,-79.48819,621712.5847,4845443.249,At Intersection,Traffic Signal,Clear,Dusk,Dry,27,York University Heights,27,York University Heights (27),Non-Fatal Injury,1,0,1,0,0,0,0,1,0,1,1,0,0,Pedestrian Collisions,"['Vehicle Owner', 'Passenger', 'Driver', 'Pedestrian']",North,"['Other', 'Automobile, Station Wagon']","['Unknown', 'Going Ahead', 'Turning Left']",['Disobeyed Traffic Control'],['Normal'],['Pedestrian hit on sidewalk or shoulder'],['On Sidewalk or Shoulder'],['Unknown'],[],[],[],D31,False,"['unknown', '20 to 24', '65 to 69', '50 to 54']",3.0
1269733.0,2011-10-09 08:00:00,853,2011,STEELES Aven E,WARDEN Aven,,Major Arterial,Scarborough,43.819645,-79.32439,634747.9211,4853205.0196,At Intersection,Traffic Signal,Clear,Daylight,Dry,NSA,NSA,NSA,NSA,Non-Fatal Injury,1,0,1,0,0,0,0,0,0,1,0,0,0,Pedestrian Collisions,"['Driver', 'Pedestrian']",North,"['Automobile, Station Wagon', 'Other']",['Turning Left'],['Failed to Yield Right of Way'],['Normal'],['Vehicle turns left while ped crosses with ROW at inter.'],['Running onto Roadway'],['Unknown'],[],[],[],D42,False,"['50 to 54', '40 to 44']",3.0
1269753.0,2011-10-09 08:00:00,1659,2011,WESTACRES Driv,KEELE Stre,,Major Arterial,Etobicoke York,43.694945,-79.47489,622900.0509,4839121.1119,At Intersection,Stop Sign,Clear,Daylight,Dry,112,Beechborough-Greenbrook,112,Beechborough-Greenbrook (112),Non-Fatal Injury,1,0,1,0,0,0,0,0,0,1,0,0,0,Pedestrian Collisions,"['Driver', 'Pedestrian']",East,"['Automobile, Station Wagon', 'Other']",['Turning Right'],['Failed to Yield Right of Way'],['Inattentive'],['Vehicle turns right while ped crosses with ROW at inter.'],['Crossing with right of way'],['Normal'],[],[],[],D12,False,['25 to 29'],3.0
1269892.0,2011-10-31 08:00:00,1154,2011,LAKE SHORE BLVD W,NINTH ST,,Major Arterial,Etobicoke York,43.600245,-79.50759,620454.0538,4828555.5228,At Intersection,Stop Sign,Clear,Daylight,Dry,18,New Toronto,18,New Toronto (18),Non-Fatal Injury,0,0,1,1,0,0,0,0,0,1,0,0,0,Turning Movement,"['Vehicle Owner', 'Motorcycle Driver', 'Driver']",East,"['Other', 'Motorcycle', 'Automobile, Station Wagon']","['Going Ahead', 'Turning Left']","['Driving Properly', 'Failed to Yield Right of Way']",['Normal'],[],[],[],[],[],[],D22,False,"['unknown', '55 to 59', '75 to 79']",3.0
1269951.0,2011-10-20 08:00:00,535,2011,CHURCH ST,DUNDAS ST E,,Major Arterial,Toronto and East York,43.656445,-79.37709,630864.9434,4834994.7711,At Intersection,Traffic Signal,Rain,Dusk,Wet,168,Downtown Yonge East,75,Church-Yonge Corridor (75),Non-Fatal Injury,1,0,1,0,0,0,0,0,0,0,0,0,0,Pedestrian Collisions,"['Vehicle Owner', 'Driver', 'Pedestrian']",East,"['Other', 'Automobile, Station Wagon']",['Going Ahead'],['Driving Properly'],['Normal'],['Vehicle is going straight thru inter.while ped cross without ROW'],['Crossing marked crosswalk without ROW'],['Unknown'],[],[],[],D51,False,"['unknown', '50 to 54', '40 to 44']",3.0
1269972.0,2011-10-17 08:00:00,855,2011,COLLEGE ST,BRUNSWICK AVE,,Major Arterial,Toronto and East York,43.657199,-79.404063,628688.3158,4835036.3253,At Intersection,Stop Sign,Clear,Daylight,Dry,78,Kensington-Chinatown,78,Kensington-Chinatown (78),Non-Fatal Injury,1,0,1,0,0,0,0,0,0,1,0,0,0,Pedestrian Collisions,"['Driver', 'Pedestrian']",North,"['Automobile, Station Wagon', 'Other']",['Turning Left'],['Failed to Yield Right of Way'],['Normal'],['Vehicle turns left while ped crosses with ROW at inter.'],"['Crossing, no Traffic Control']",['Normal'],[],[],[],D14,False,['80 to 84'],3.0
1270018.0,2011-10-18 08:00:00,810,2011,LANSDOWNE AVE,COLLEGE ST,,Minor Arterial,Toronto and East York,43.650939,-79.43996,625806.8052,4834286.0228,At Intersection,Traffic Signal,Clear,Daylight,Dry,83,Dufferin Grove,83,Dufferin Grove (83),Non-Fatal Injury,0,1,1,0,0,0,0,0,0,0,0,0,0,Cyclist Collisions,"['Driver', 'Cyclist']",North,"['Automobile, Station Wagon', 'Bicycle']","['Slowing or Stopping', 'Going Ahead']",['Other'],['Normal'],[],[],[],['Cyclist and Driver travelling in same direction. One vehicle rear-ended the other.'],['Other'],['Normal'],D11,False,"['35 to 39', '40 to 44']",3.0
1270054.0,2011-12-15 10:00:00,1503,2011,FAIRVIEW MALL DR,GODSTONE RD,,Minor Arterial,North York,43.779645,-79.34569,633123.8247,4848727.9106,,Traffic Signal,Rain,Daylight,Wet,47,Don Valley Village,47,Don Valley Village (47),Non-Fatal Injury,1,0,0,0,1,0,0,0,0,1,0,0,0,Pedestrian Collisions,"['Pedestrian', 'Vehicle Owner', 'Truck Driver']",North,"['Other', 'Truck - Open']",['Turning Left'],['Failed to Yield Right of Way'],['Inattentive'],['Vehicle turns left while ped crosses with ROW at inter.'],['Crossing with right of way'],['Normal'],[],[],[],D33,False,"['75 to 79', 'unknown', '60 to 64']",3.0
1270067.0,2011-10-18 08:00:00,550,2011,LANSDOWNE AVE,COLLEGE ST,,Minor Arterial,Toronto and East York,43.650939,-79.43996,625806.8052,4834286.0228,At Intersection,Traffic Signal,Clear,"Dark, artificial",Dry,83,Dufferin Grove,83,Dufferin Grove (83),Non-Fatal Injury,1,0,1,0,0,0,0,0,0,0,0,0,0,Pedestrian Collisions,"['Driver', 'Pedestrian']",East,"['Automobile, Station Wagon']",['Turning Left'],['Improper Turn'],['Normal'],['Vehicle turns left while ped crosses with ROW at inter.'],['Crossing with right of way'],['Normal'],[],[],[],D11,False,"['30 to 34', '55 to 59']",3.0
1270075.0,2011-10-19 08:00:00,2149,2011,GEORGE ST,ADELAIDE ST E,,Major Arterial,Toronto and East York,43.651645,-79.37109,631359.2295,4834471.1483,At Intersection,Traffic Signal,Rain,Dark,Wet,73,Moss Park,73,Moss Park (73),Non-Fatal Injury,1,0,1,0,0,0,0,0,0,1,0,0,0,Pedestrian Collisions,"['Driver', 'Pedestrian']",North,"['Automobile, Station Wagon', 'Other']",['Going Ahead'],['Failed to Yield Right of Way'],['Inattentive'],['Vehicle is going straight thru inter.while ped cross with ROW'],['Crossing with right of way'],['Normal'],[],[],[],D51,False,"['30 to 34', '70 to 74']",3.0