accident_number,date,time,year,street1,street2,offset,road_class,district,latitude,longitude,x,y,accident_location,traffctl,visibility,light,road_surface_condition,hood_158,neighbourhood_new,hood_140,neighbourhood_old,accident_class,pedestrian,cyclist,automobile,motorcycle,truck,trsn_city_veh,emerg_veh,passenger,speeding,aggressive_driving,redlight,alcohol,disability,impact_type,involvement_type,initial_direction,vehicle_type,manoeuver,driver_action,driver_condition,pedestrian_type,pedestrian_action,pedestrian_condition,cyclist_type,cyclist_action,cyclist_condition,division,injury,involvement_age,injury_severity_score
1277761.0,2011-10-29 08:00:00,1920,2011,CHURCH ST,GOULD ST,,Minor Arterial,Toronto and East York,43.658245,-79.37789,630796.5256,4835193.4235,At Intersection,Traffic Signal,Clear,Dark,Dry,168,Downtown Yonge East,75,Church-Yonge Corridor (75),Non-Fatal Injury,0,1,1,0,0,0,0,0,0,0,0,0,0,Cyclist Collisions,"['Other', 'Vehicle Owner', 'Driver', 'Cyclist']",North,"['Other', 'Automobile, Station Wagon', 'Bicycle']","['Parked', 'Overtaking', 'Going Ahead']",['Other'],['Other'],[],[],[],['Cyclist and Driver travelling in same direction. One vehicle sideswipes the other.'],['Driving Properly'],['Normal'],D51,False,"['unknown', '50 to 54', '20 to 24', '25 to 29']",3.0
1277797.0,2011-09-09 08:00:00,1700,2011,BELLAMY Road N,BURNVIEW Cres,,Minor Arterial,Scarborough,43.753945,-79.23419,642157.302,4846058.8663,At Intersection,No Control,Clear,Daylight,Dry,141,Golfdale-Cedarbrae-Woburn,137,Woburn (137),Non-Fatal Injury,0,0,1,0,0,0,0,1,0,1,0,0,0,Rear End,"['Driver', 'Vehicle Owner', 'Passenger']",North,"['Automobile, Station Wagon', 'Other']","['Going Ahead', 'Stopped']","['Following too Close', 'Driving Properly']","['Inattentive', 'Normal']",[],[],[],[],[],[],D43,False,"['35 to 39', 'unknown', '15 to 19', '20 to 24']",3.0
1278086.0,2012-01-30 10:00:00,1428,2012,STEELES AVE W,ISLINGTON AVE,,Major Arterial,Etobicoke York,43.764346,-79.574893,614708.7553,4846685.7101,At Intersection,Traffic Signal,Clear,Daylight,Dry,NSA,NSA,NSA,NSA,Fatal,0,0,1,0,0,0,0,0,0,0,0,0,1,Turning Movement,"['Driver', 'Other Property Owner']",East,"['Automobile, Station Wagon', 'Other']","['Stopped', 'Turning Left']","['Driving Properly', 'Lost control']","['Normal', 'Medical or Physical Disability']",[],[],[],[],[],[],NSA,True,"['45 to 49', '75 to 79', 'unknown']",4.0
1278387.0,2011-12-05 10:00:00,1830,2011,BRIMWOOD BLVD,SANDHURST CRCL,,Collector,Scarborough,43.810945,-79.27099,639062.4407,4852327.1094,,Stop Sign,Rain,Dark,Wet,129,Agincourt North,129,Agincourt North (129),Non-Fatal Injury,1,0,1,0,0,0,0,0,0,1,0,0,0,Pedestrian Collisions,"['Vehicle Owner', 'Driver', 'Pedestrian']",South,"['Other', 'Automobile, Station Wagon']",['Turning Left'],['Failed to Yield Right of Way'],['Inattentive'],['Vehicle turns left while ped crosses with ROW at inter.'],['Crossing with right of way'],['Normal'],[],[],[],D42,False,"['unknown', '25 to 29', '50 to 54']",3.0
1278390.0,2011-11-22 10:00:00,1851,2011,BATHURST Stre,DUNDAS Stre W,,Major Arterial,Toronto and East York,43.652345,-79.40599,628543.2868,4834494.238,,Traffic Signal,Rain,Dark,Wet,78,Kensington-Chinatown,78,Kensington-Chinatown (78),Non-Fatal Injury,1,0,1,0,0,0,0,0,0,0,0,0,0,Pedestrian Collisions,"['Driver', 'Pedestrian']",South,"['Automobile, Station Wagon', 'Other']","['Going Ahead', 'Other']",[],[],[],[],[],[],[],[],D14,False,"['50 to 54', 'unknown']",3.0
1278436.0,2011-12-10 10:00:00,1622,2011,SPADINA AVE,NASSAU ST,,Major Arterial,Toronto and East York,43.655845,-79.39919,629084.1552,4834893.5151,,No Control,Clear,Daylight,Dry,78,Kensington-Chinatown,78,Kensington-Chinatown (78),Non-Fatal Injury,1,0,1,0,0,0,0,0,0,0,0,0,0,Pedestrian Collisions,"['Vehicle Owner', 'Driver', 'Pedestrian']",East,"['Other', 'Automobile, Station Wagon']",['Going Ahead'],['Driving Properly'],['Normal'],['Pedestrian hit at mid-block'],['Running onto Roadway'],['Inattentive'],[],[],[],D52,False,"['unknown', '20 to 24', '15 to 19']",3.0
1278438.0,2011-12-10 10:00:00,2252,2011,BROADVIEW AVE,GERRARD ST E,,Minor Arterial,Toronto and East York,43.665444,-79.35259,632820.7013,4836033.1631,At Intersection,Traffic Signal,Clear,Dark,Dry,70,South Riverdale,70,South Riverdale (70),Non-Fatal Injury,1,0,1,0,0,0,0,0,0,1,1,0,0,Pedestrian Collisions,"['Driver', 'Pedestrian']",East,"['Automobile, Station Wagon', 'Other']",['Going Ahead'],['Disobeyed Traffic Control'],['Normal'],['Vehicle is going straight thru inter.while ped cross with ROW'],['Crossing with right of way'],['Normal'],[],[],[],D55,False,"['45 to 49', '20 to 24']",3.0
1278585.0,2012-02-01 10:00:00,2100,2012,MARKHAM RD,ELLESMERE RD,,Major Arterial,Scarborough,43.776445,-79.23179,642297.1555,4848561.9635,At Intersection,Traffic Signal,Clear,"Dark, artificial",Dry,142,Woburn North,137,Woburn (137),Non-Fatal Injury,1,0,1,0,0,0,0,0,0,0,0,0,0,Pedestrian Collisions,"['Driver', 'Pedestrian']",North,"['Automobile, Station Wagon', 'Other']",['Going Ahead'],['Driving Properly'],['Normal'],['Vehicle is going straight thru inter.while ped cross without ROW'],['Crossing marked crosswalk without ROW'],['Inattentive'],[],[],[],D43,False,"['60 to 64', '65 to 69']",3.0
1278772.0,2012-02-02 10:00:00,1545,2012,SHEPPARD AVE W,KEELE ST,,Major Arterial,North York,43.744445,-79.48799,621744.0931,4844599.4518,,No Control,Clear,Daylight,Dry,155,Downsview,26,Downsview-Roding-CFB (26),Non-Fatal Injury,0,0,0,0,0,1,0,1,0,0,0,0,0,SMV Other,"['Passenger', 'Vehicle Owner', 'Driver']",West,"['Other', 'Municipal Transit Bus (TTC)']",['Going Ahead'],['Driving Properly'],['Normal'],[],[],[],[],[],[],D31,False,"['75 to 79', 'unknown', '40 to 44']",3.0
1278799.0,2011-12-10 10:00:00,1724,2011,FRONT St E,SCOTT St,,Minor Arterial,Toronto and East York,43.647445,-79.37579,630989.3359,4833997.2538,,No Control,Clear,"Dark, artificial",Dry,166,St Lawrence-East Bayfront-The Islands,75,Church-Yonge Corridor (75),Non-Fatal Injury,0,0,0,1,0,0,0,0,0,0,0,0,0,SMV Other,['Motorcycle Driver'],East,['Motorcycle'],['Pulling Away from Shoulder or Curb'],['Lost control'],['Normal'],[],[],[],[],[],[],D51,False,['35 to 39'],3.0
1278852.0,2012-01-29 10:00:00,2258,2012,F G GARDINER XY Expr W,ISLINGTON AVE,,,Etobicoke York,43.620745,-79.51189,620066.1965,4830826.0683,,No Control,Clear,Dark,Dry,16,Stonegate-Queensway,16,Stonegate-Queensway (16),Non-Fatal Injury,0,0,1,0,0,0,0,1,0,1,0,0,0,Rear End,"['Driver', 'Passenger', 'Vehicle Owner']",West,"['Automobile, Station Wagon', 'Other']","['Stopped', 'Going Ahead', 'Slowing or Stopping']","['Driving Properly', 'Following too Close']","['Normal', 'Inattentive']",[],[],[],[],[],[],D22,False,"['45 to 49', '20 to 24', '35 to 39', '25 to 29', 'unknown']",3.0
1279209.0,2012-02-06 10:00:00,233,2012,F G GARDINER XY  E,DUFFERIN ST,,,Toronto and East York,43.632643,-79.429286,626706.0552,4832270.2546,,No Control,Clear,"Dark, artificial",Other,85,South Parkdale,85,South Parkdale (85),Fatal,1,0,1,0,1,0,0,0,0,0,0,0,0,Pedestrian Collisions,"['Truck Driver', 'Driver - Not Hit', 'Pedestrian']",East,"['Truck - Open', 'Automobile, Station Wagon', 'Other']",['Going Ahead'],"['Driving Properly', 'Other']","['Normal', 'Had Been Drinking']",['Pedestrian hit at mid-block'],['Person Getting on/off Vehicle'],['Had Been Drinking'],[],[],[],D14,True,"['40 to 44', '20 to 24', '15 to 19']",4.0
1279218.0,2012-01-26 10:00:00,2130,2012,BROADVIEW AVE,QUEEN ST E,,Major Arterial,Toronto and East York,43.658845,-79.34989,633052.9652,4835304.582,At Intersection,Traffic Signal,Rain,"Dusk, artificial",Wet,70,South Riverdale,70,South Riverdale (70),Non-Fatal Injury,1,0,1,0,0,0,0,0,0,1,0,0,0,Pedestrian Collisions,"['Driver', 'Pedestrian']",West,"['Automobile, Station Wagon', 'Other']",['Turning Left'],['Failed to Yield Right of Way'],['Unknown'],['Vehicle turns left while ped crosses with ROW at inter.'],['Crossing with right of way'],['Normal'],[],[],[],D55,False,"['unknown', '40 to 44']",3.0
1279220.0,2012-01-27 10:00:00,1800,2012,GERRARD ST E,BROADVIEW AVE,,Minor Arterial,Toronto and East York,43.665445,-79.35259,632820.6991,4836033.2742,At Intersection,Traffic Signal,Clear,"Dark, artificial",Dry,70,South Riverdale,70,South Riverdale (70),Non-Fatal Injury,1,0,1,0,0,0,0,0,0,0,0,0,0,Pedestrian Collisions,"['Driver', 'Pedestrian']",Unknown,"['Automobile, Station Wagon', 'Other']",['Going Ahead'],['Other'],['Unknown'],['Vehicle is going straight thru inter.while ped cross without ROW'],['Crossing without right of way'],['Normal'],[],[],[],D55,False,"['unknown', '50 to 54']",3.0
1279443.0,2011-12-04 10:00:00,2210,2011,EGLINTON AVE E,FALMOUTH AVE,,Major Arterial,Scarborough,43.735545,-79.25319,640670.7741,4843982.8314,,Traffic Signal,Rain,"Dark, artificial",Wet,124,Kennedy Park,124,Kennedy Park (124),Non-Fatal Injury,1,0,1,0,0,0,0,0,0,0,0,0,0,Pedestrian Collisions,"['Driver', 'Pedestrian']",East,"['Automobile, Station Wagon', 'Other']",['Going Ahead'],['Driving Properly'],['Unknown'],['Vehicle is going straight thru inter.while ped cross without ROW'],['Crossing without right of way'],['Inattentive'],[],[],[],D41,False,"['20 to 24', '15 to 19']",3.0
1279660.0,2012-02-08 10:00:00,1623,2012,FINCH AVE W,WESTON RD,,Major Arterial,Etobicoke York,43.752082,-79.542362,617351.2083,4845369.186,At Intersection,Traffic Signal,Clear,"Dusk, artificial",Dry,22,Humbermede,22,Humbermede (22),Non-Fatal Injury,1,0,0,0,0,1,0,0,0,0,0,0,0,Pedestrian Collisions,"['Vehicle Owner', 'Driver', 'Pedestrian']",West,"['Other', 'Municipal Transit Bus (TTC)']",['Turning Right'],['Driving Properly'],['Normal'],['Pedestrian involved in a collision with transit vehicle anywhere along roadway'],['Crossing without right of way'],['Normal'],[],[],[],D31,False,"['unknown', '45 to 49', '25 to 29']",3.0
1279672.0,2012-02-08 10:00:00,1307,2012,CARLAW Aven,GERRARD Stre E,,Minor Arterial,Toronto and East York,43.667545,-79.34279,633606.1634,4836282.2443,At Intersection,Traffic Signal,Clear,Daylight,Dry,70,South Riverdale,70,South Riverdale (70),Non-Fatal Injury,0,0,1,0,0,0,0,1,0,1,0,0,0,Turning Movement,"['Passenger', 'Driver']",North,"['Other', 'Automobile, Station Wagon']","['Going Ahead', 'Turning Left']","['Driving Properly', 'Improper Turn']",['Normal'],[],[],[],[],[],[],D55,False,"['0 to 4', '35 to 39', '45 to 49', '65 to 69', '40 to 44']",3.0
1279732.0,2011-12-15 10:00:00,711,2011,STEELES AVE E,MARKHAM RD,,Major Arterial,Scarborough,43.836589,-79.251178,640595.7007,4855208.7901,,Traffic Signal,Rain,"Dark, artificial",Wet,144,Morningside Heights,131,Rouge (131),Non-Fatal Injury,1,0,0,0,0,1,0,0,0,1,0,0,0,Pedestrian Collisions,"['Driver', 'Pedestrian']",West,"['Municipal Transit Bus (TTC)', 'Other']",['Turning Left'],['Failed to Yield Right of Way'],['Unknown'],['Vehicle turns left while ped crosses with ROW at inter.'],['Crossing with right of way'],['Normal'],[],[],[],D42,False,"['unknown', '45 to 49']",3.0
1279742.0,2011-12-15 10:00:00,950,2011,ADELAIDE St W,BAY St,,Major Arterial,Toronto and East York,43.649845,-79.38079,630580.8906,4834255.9253,At Intersection,Traffic Signal,Rain,Daylight,Wet,170,Yonge-Bay Corridor,76,Bay Street Corridor (76),Non-Fatal Injury,0,1,1,0,0,0,0,0,0,0,0,0,0,Cyclist Collisions,"['Vehicle Owner', 'Driver', 'Cyclist']",East,"['Other', 'Automobile, Station Wagon', 'Bicycle']","['Going Ahead', 'Merging']",['Driving Properly'],['Normal'],[],[],[],['Cyclist and Driver travelling in same direction. One vehicle sideswipes the other.'],['Lost control'],['Inattentive'],D52,False,"['unknown', '40 to 44']",3.0
1279958.0,2012-02-10 10:00:00,1725,2012,YONGE ST,THE ESPLANADE Stre E,,Major Arterial,Toronto and East York,43.646445,-79.37679,630910.8593,4833884.6128,,No Control,Drifting Snow,"Dusk, artificial",Dry,166,St Lawrence-East Bayfront-The Islands,77,Waterfront Communities-The Island (77),Non-Fatal Injury,1,0,0,0,1,0,0,0,0,0,0,0,0,Pedestrian Collisions,"['Truck Driver', 'Pedestrian']",North,"['Truck - Open', 'Other']",['Going Ahead'],['Driving Properly'],['Normal'],['Pedestrian hit at mid-block'],"['Crossing, no Traffic Control']",['Unknown'],[],[],[],D52,False,"['65 to 69', '45 to 49']",3.0
1279961.0,2012-02-10 10:00:00,1850,2012,STEELES Ave W,KLONDIKE Dr,,Major Arterial,Etobicoke York,43.769145,-79.55219,616526.844,4847250.4066,,No Control,Clear,"Dark, artificial",Dry,NSA,NSA,NSA,NSA,Non-Fatal Injury,0,0,1,0,0,0,0,1,0,1,0,0,0,Rear End,"['Driver', 'Passenger', 'Vehicle Owner', 'Other']",West,"['Automobile, Station Wagon', 'Other']","['Going Ahead', 'Changing Lanes']","['Driving Properly', 'Following too Close', 'Improper Lane Change']","['Normal', 'Unknown']",[],[],[],[],[],[],NSA,False,"['40 to 44', '35 to 39', '10 to 14', '5 to 9', '60 to 64', 'unknown', '20 to 24', '45 to 49']",3.0
1280050.0,2012-02-12 10:00:00,404,2012,DUNDAS ST E,GEORGE ST,,Major Arterial,Toronto and East York,43.657745,-79.37299,631192.7233,4835145.6279,At Intersection,No Control,Clear,"Dark, artificial",Loose Snow,73,Moss Park,73,Moss Park (73),Non-Fatal Injury,0,0,1,0,0,0,0,1,1,1,0,1,0,SMV Other,"['Passenger', 'Driver']",East,"['Other', 'Automobile, Station Wagon']",['Going Ahead'],['Lost control'],"['Ability Impaired, Alcohol Over .08']",[],[],[],[],[],[],D51,False,"['25 to 29', '15 to 19', '35 to 39']",3.0
1280448.0,2011-12-20 10:00:00,1430,2011,QUEEN St W,CAMERON St,,Major Arterial,Toronto and East York,43.648445,-79.39779,629212.9164,4834073.827,,No Control,Clear,Daylight,Dry,164,Wellington Place,77,Waterfront Communities-The Island (77),Non-Fatal Injury,0,1,1,0,0,0,0,0,0,0,0,0,0,Cyclist Collisions,"['Driver', 'Cyclist']",East,"['Automobile, Station Wagon', 'Bicycle']","['Parked', 'Going Ahead']",['Other'],['Unknown'],[],[],[],['Cyclist struck opened vehicle door'],['Driving Properly'],['Unknown'],D14,False,"['20 to 24', '35 to 39']",3.0
1280520.0,2012-02-15 10:00:00,1100,2012,250 THE EAST MALL,,,Minor Arterial,Etobicoke York,43.631445,-79.55229,616785.8275,4831956.8085,At Intersection,Traffic Signal,Clear,Daylight,Dry,159,Etobicoke City Centre,14,Islington-City Centre West (14),Non-Fatal Injury,0,0,1,0,0,0,0,1,0,0,0,0,0,Turning Movement,"['Passenger', 'Driver']",North,"['Other', 'Automobile, Station Wagon']","['Turning Left', 'Going Ahead']","['Improper Turn', 'Driving Properly']",['Normal'],[],[],[],[],[],[],D22,False,"['85 to 89', '65 to 69', '25 to 29']",3.0
1280536.0,2012-02-15 10:00:00,1526,2012,KEELE ST,WILSON AVE,,Major Arterial,North York,43.726045,-79.48189,622272.6991,4842564.8492,At Intersection,No Control,Clear,Daylight,Dry,155,Downsview,26,Downsview-Roding-CFB (26),Non-Fatal Injury,1,0,1,0,1,0,0,0,0,0,0,0,0,Pedestrian Collisions,"['Vehicle Owner', 'Truck Driver', 'Driver', 'Other', 'Pedestrian']",North,"['Other', 'Truck - Open', 'Automobile, Station Wagon']","['Going Ahead', 'Stopped']",['Driving Properly'],['Normal'],['Pedestrian hit at mid-block'],['Running onto Roadway'],['Inattentive'],[],[],[],D31,False,"['unknown', '40 to 44', '25 to 29', '65 to 69']",3.0
1280694.0,2012-02-16 10:00:00,1942,2012,STEELES AVE E,YONGE ST,,Major Arterial,North York,43.797945,-79.42009,627097.9409,4850643.4641,At Intersection,Traffic Signal,Clear,Dark,Wet,36,Newtonbrook West,36,Newtonbrook West (36),Non-Fatal Injury,1,0,1,0,0,0,0,1,1,1,0,0,0,Pedestrian Collisions,"['Other', 'Passenger', 'Vehicle Owner', 'Driver', 'Pedestrian']",Unknown,"['Automobile, Station Wagon', 'Other']","['Parked', 'Turning Left', 'Going Ahead']","['Improper Turn', 'Exceeding Speed Limit']",['Unknown'],['Pedestrian hit on sidewalk or shoulder'],['On Sidewalk or Shoulder'],['Unknown'],[],[],[],D32,False,"['unknown', '55 to 59', '15 to 19', '20 to 24']",3.0
1281294.0,2012-02-04 10:00:00,630,2012,STEELES AVE E,BIRCHMOUNT RD,,Major Arterial,Scarborough,43.821345,-79.31689,635347.2148,4853406.076,At Intersection,Traffic Signal,Clear,"Dark, artificial",Dry,116,Steeles,116,Steeles (116),Non-Fatal Injury,1,0,1,0,0,0,0,0,0,1,0,0,0,Pedestrian Collisions,"['Driver', 'Pedestrian']",North,"['Automobile, Station Wagon', 'Other']",['Turning Left'],['Failed to Yield Right of Way'],['Unknown'],['Vehicle turns left while ped crosses with ROW at inter.'],['Crossing with right of way'],['Normal'],[],[],[],D42,False,"['unknown', '55 to 59']",3.0
1281322.0,2012-02-21 10:00:00,1551,2012,47 RAVINE PARK CRES,,,Local,Scarborough,43.788745,-79.136089,649968.0578,4850097.0228,,No Control,Rain,Daylight,Wet,143,West Rouge,131,Rouge (131),Non-Fatal Injury,0,0,1,0,0,0,0,0,0,0,0,0,0,SMV Other,['Driver'],,"['Automobile, Station Wagon']",['Going Ahead'],[],[],[],[],[],[],[],[],D43,False,['80 to 84'],3.0
1281373.0,2011-12-21 10:00:00,1807,2011,EGLINTON AVE W,KANE AVE,,Major Arterial,Etobicoke York,43.691045,-79.47099,623222.3196,4838693.7515,,No Control,Clear,Dark,Dry,110,Keelesdale-Eglinton West,110,Keelesdale-Eglinton West (110),Non-Fatal Injury,1,0,1,0,0,0,0,0,0,0,0,0,0,Pedestrian Collisions,"['Vehicle Owner', 'Driver', 'Pedestrian']",East,"['Other', 'Automobile, Station Wagon']",['Going Ahead'],['Driving Properly'],['Normal'],['Pedestrian hit at mid-block'],['Running onto Roadway'],['Inattentive'],[],[],[],D12,False,"['unknown', '45 to 49', '25 to 29']",3.0
1281411.0,2011-12-21 10:00:00,1710,2011,CHICOUTIMI AVE,LAWRENCE AVE W,,Major Arterial,North York,43.720345,-79.42439,626915.9823,4842018.2282,,No Control,Rain,Dark,Wet,39,Bedford Park-Nortown,39,Bedford Park-Nortown (39),Non-Fatal Injury,1,0,1,0,0,0,0,0,0,0,0,0,0,Pedestrian Collisions,"['Driver', 'Pedestrian']",West,"['Automobile, Station Wagon', 'Other']",['Turning Left'],['Driving Properly'],['Normal'],['Pedestrian hit at mid-block'],"['Crossing, no Traffic Control']",['Inattentive'],[],[],[],D53,False,"['70 to 74', '60 to 64']",3.0
1281493.0,2011-12-22 10:00:00,1128,2011,LAIRD DR,EGLINTON AVE E,,Major Arterial,North York,43.713545,-79.36479,631731.7328,4841355.9858,At Intersection,Traffic Signal,Clear,Daylight,Dry,55,Thorncliffe Park,55,Thorncliffe Park (55),Non-Fatal Injury,1,0,1,0,0,0,0,0,0,1,0,0,0,Pedestrian Collisions,"['Driver', 'Pedestrian']",North,"['Automobile, Station Wagon', 'Other']",['Turning Left'],['Failed to Yield Right of Way'],['Inattentive'],['Vehicle turns left while ped crosses with ROW at inter.'],['Crossing with right of way'],['Normal'],[],[],[],D53,False,"['70 to 74', '65 to 69']",3.0
1281688.0,2011-12-25 10:00:00,1740,2011,DUFFERIN ST,ROSECLIFFE AVE,,Major Arterial,Toronto and East York,43.682945,-79.44509,625326.4767,4837832.9487,,No Control,Clear,"Dark, artificial",Dry,92,Corso Italia-Davenport,92,Corso Italia-Davenport (92),Non-Fatal Injury,0,0,1,0,0,0,0,1,0,1,0,0,0,SMV Unattended Vehicle,"['Other', 'Passenger', 'Driver']",North,"['Other', 'Automobile, Station Wagon']","['Parked', 'Going Ahead']",['Lost control'],['Normal'],[],[],[],[],[],[],D13,False,"['unknown', '15 to 19', '20 to 24']",3.0
1282108.0,2011-12-28 10:00:00,1339,2011,DUFFERIN ST,YORKDALE RD,,Major Arterial,North York,43.726945,-79.45759,624228.0434,4842700.9475,,Traffic Signal,Clear,Daylight,Dry,31,Yorkdale-Glen Park,31,Yorkdale-Glen Park (31),Non-Fatal Injury,1,0,1,0,0,0,0,0,0,1,0,0,0,Pedestrian Collisions,"['Driver', 'Pedestrian']",East,"['Automobile, Station Wagon', 'Other']",['Turning Left'],['Failed to Yield Right of Way'],['Normal'],['Vehicle turns left while ped crosses with ROW at inter.'],['Crossing with right of way'],['Normal'],[],[],[],D32,False,"['15 to 19', '55 to 59']",3.0
1282186.0,2011-12-27 10:00:00,1404,2011,ST CLAIR Ave W,EARLSCOURT Ave,,Major Arterial,Toronto and East York,43.677045,-79.44739,625153.3603,4837174.2012,,Traffic Signal,Rain,Daylight,Wet,92,Corso Italia-Davenport,92,Corso Italia-Davenport (92),Non-Fatal Injury,0,1,1,0,0,0,0,0,0,0,0,0,0,Cyclist Collisions,"['Driver', 'Cyclist']",West,"['Automobile, Station Wagon', 'Bicycle']","['Changing Lanes', 'Going Ahead']",['Improper Lane Change'],['Inattentive'],[],[],[],['Cyclist and Driver travelling in same direction. One vehicle sideswipes the other.'],['Speed too Fast For Condition'],['Normal'],D13,False,"['25 to 29', 'unknown']",3.0
1282189.0,2011-12-27 10:00:00,1920,2011,GRANDSTAND ENT RD,HIGHWAY 27  S,,Other,Etobicoke York,43.706245,-79.59139,613490.5789,4840210.0543,,No Control,Snow,Dark,Loose Snow,1,West Humber-Clairville,1,West Humber-Clairville (1),Non-Fatal Injury,0,0,1,0,0,0,0,1,1,1,0,0,0,SMV Other,"['Passenger', 'Driver']",West,"['Other', 'Automobile, Station Wagon']",['Turning Right'],['Speed too Fast For Condition'],['Normal'],[],[],[],[],[],[],D23,False,"['60 to 64', '65 to 69']",3.0
1282206.0,2011-12-27 10:00:00,1740,2011,THE EAST MALL,EAST MALL CRES,,Minor Arterial,Etobicoke York,43.631445,-79.55229,616785.8275,4831956.8085,,Traffic Signal,Rain,Dark,Wet,159,Etobicoke City Centre,14,Islington-City Centre West (14),Non-Fatal Injury,1,0,1,0,0,0,0,0,0,1,0,0,0,Pedestrian Collisions,"['Driver', 'Pedestrian']",East,"['Automobile, Station Wagon', 'Other']",['Turning Left'],['Failed to Yield Right of Way'],['Normal'],['Vehicle turns left while ped crosses with ROW at inter.'],['Crossing with right of way'],['Unknown'],[],[],[],D22,False,"['65 to 69', '20 to 24']",3.0
1282222.0,2011-12-29 10:00:00,331,2011,NEILSON Rd,TAPSCOTT Rd,,Minor Arterial,Scarborough,43.805645,-79.21789,643345.9451,4851829.0776,,No Control,Clear,Dark,Dry,146,Malvern East,132,Malvern (132),Non-Fatal Injury,0,0,1,0,0,0,0,1,1,1,0,1,0,SMV Other,"['Passenger', 'Driver', 'Other Property Owner']",North,"['Other', 'Automobile, Station Wagon']",['Going Ahead'],['Exceeding Speed Limit'],"['Ability Impaired, Alcohol']",[],[],[],[],[],[],D42,False,"['20 to 24', 'unknown']",3.0
1282294.0,2012-02-28 10:00:00,2356,2012,BATHURST ST,MCALLISTER RD,,Major Arterial,North York,43.753445,-79.43799,625751.1814,4845673.7278,,No Control,Clear,"Dark, artificial",Dry,33,Clanton Park,33,Clanton Park (33),Non-Fatal Injury,1,0,1,0,0,0,0,1,0,0,0,0,0,Pedestrian Collisions,"['Passenger', 'Vehicle Owner', 'Driver', 'Pedestrian']",North,"['Other', 'Automobile, Station Wagon']",['Going Ahead'],['Driving Properly'],['Normal'],['Vehicle is going straight thru inter.while ped cross without ROW'],"['Crossing, no Traffic Control']",['Inattentive'],[],[],[],D32,False,"['25 to 29', 'unknown', '20 to 24']",3.0
1282447.0,2012-02-29 10:00:00,1849,2012,JAMESON AVE,LAXTON AVE W,,Minor Arterial,Toronto and East York,43.640045,-79.43709,626061.0387,4833080.4587,,No Control,Rain,Dark,Wet,85,South Parkdale,85,South Parkdale (85),Non-Fatal Injury,1,0,1,0,0,0,0,0,0,0,0,0,0,Pedestrian Collisions,"['Driver', 'Pedestrian']",North,"['Automobile, Station Wagon', 'Other']",['Going Ahead'],['Driving Properly'],['Normal'],['Pedestrian hit at mid-block'],['Other'],['Had Been Drinking'],[],[],[],D14,False,"['25 to 29', '45 to 49']",3.0
1282583.0,2011-12-30 10:00:00,1826,2011,DUFFERIN ST,LIVINGSTONE AVE,,Major Arterial,North York,43.696445,-79.45079,624839.0393,4839323.7103,,Stop Sign,Rain,Dusk,Wet,108,Briar Hill-Belgravia,108,Briar Hill-Belgravia (108),Non-Fatal Injury,1,0,1,0,0,0,0,0,0,0,0,0,0,Pedestrian Collisions,"['Driver', 'Pedestrian']",East,"['Automobile, Station Wagon', 'Other']",['Turning Left'],['Improper Turn'],['Normal'],['Vehicle turns left while ped crosses without ROW at inter.'],['Walking on Roadway with Traffic'],['Normal'],[],[],[],D13,False,"['40 to 44', '70 to 74']",3.0
1282698.0,2011-12-31 10:00:00,1945,2011,UNIVERSITY AVE,WELLINGTON ST W,,Major Arterial,Toronto and East York,43.646245,-79.38409,630322.5451,4833850.9108,,No Control,Clear,"Dark, artificial",Dry,170,Yonge-Bay Corridor,76,Bay Street Corridor (76),Non-Fatal Injury,1,0,1,0,0,0,0,0,0,0,0,0,0,Pedestrian Collisions,"['Vehicle Owner', 'Driver', 'Pedestrian']",North,"['Other', 'Automobile, Station Wagon']","['Going Ahead', 'Stopped']",['Driving Properly'],['Normal'],['Pedestrian hit at mid-block'],"['Crossing, no Traffic Control']",['Had Been Drinking'],[],[],[],D52,False,"['unknown', '40 to 44', '20 to 24']",3.0
1282854.0,2012-03-03 10:00:00,2322,2012,KINGSTON Road,SANDOWN Aven,,Major Arterial,Scarborough,43.708745,-79.24979,641007.4425,4841012.0746,At Intersection,Traffic Signal,Clear,"Dark, artificial",Dry,122,Birchcliffe-Cliffside,122,Birchcliffe-Cliffside (122),Non-Fatal Injury,1,0,1,0,0,0,0,0,0,0,0,0,0,Pedestrian Collisions,"['Driver', 'Pedestrian']",North,"['Automobile, Station Wagon', 'Other']",['Going Ahead'],['Driving Properly'],['Normal'],['Vehicle is going straight thru inter.while ped cross without ROW'],['Crossing without right of way'],['Had Been Drinking'],[],[],[],D41,False,"['70 to 74', '45 to 49']",3.0
1283294.0,2011-12-25 10:00:00,1000,2011,1971 KEELE St,,,Major Arterial,Etobicoke York,43.689745,-79.47489,622910.6727,4838543.581,,No Control,Clear,Daylight,Dry,110,Keelesdale-Eglinton West,110,Keelesdale-Eglinton West (110),Non-Fatal Injury,1,0,1,0,0,0,0,0,0,1,0,0,0,Pedestrian Collisions,"['Driver', 'Pedestrian']",Unknown,"['Automobile, Station Wagon', 'Other']",['Going Ahead'],['Other'],['Had Been Drinking'],['Pedestrian hit at mid-block'],"['Crossing, no Traffic Control']",[],[],[],[],D12,False,"['25 to 29', '30 to 34']",3.0