accident_number,date,time,year,street1,street2,offset,road_class,district,latitude,longitude,x,y,accident_location,traffctl,visibility,light,road_surface_condition,hood_158,neighbourhood_new,hood_140,neighbourhood_old,accident_class,pedestrian,cyclist,automobile,motorcycle,truck,trsn_city_veh,emerg_veh,passenger,speeding,aggressive_driving,redlight,alcohol,disability,impact_type,involvement_type,initial_direction,vehicle_type,manoeuver,driver_action,driver_condition,pedestrian_type,pedestrian_action,pedestrian_condition,cyclist_type,cyclist_action,cyclist_condition,division,injury,involvement_age,injury_severity_score
1283446.0,2012-03-07 10:00:00,1532,2012,QUEEN ST E,hambly AVE,,Minor Arterial,Toronto and East York,43.670645,-79.29689,637299.6484,4836701.4907,,No Control,Clear,Daylight,Dry,63,The Beaches,63,The Beaches (63),Non-Fatal Injury,1,0,0,0,1,0,0,0,0,1,0,0,0,Pedestrian Collisions,"['Vehicle Owner', 'Truck Driver', 'Pedestrian']",Unknown,"['Other', 'Truck - Open']",['Going Ahead'],['Failed to Yield Right of Way'],['Unknown'],['Vehicle is going straight thru inter.while ped cross with ROW'],['Crossing without right of way'],['Normal'],[],[],[],D55,False,"['unknown', '45 to 49', '30 to 34']",3.0
1283522.0,2012-01-06 10:00:00,2000,2012,EGLINTON AVE E,BIMBROK RD,,Major Arterial,Scarborough,43.736045,-79.25119,640830.6641,4844041.7616,,No Control,Clear,Dark,Wet,138,Eglinton East,138,Eglinton East (138),Non-Fatal Injury,1,0,1,0,0,0,0,0,0,0,0,0,0,Pedestrian Collisions,"['Driver', 'Pedestrian']",Unknown,"['Automobile, Station Wagon', 'Other']",['Going Ahead'],['Driving Properly'],['Normal'],['Pedestrian hit at mid-block'],"['Crossing, no Traffic Control']",['Normal'],[],[],[],D41,False,['35 to 39'],3.0
1283549.0,2012-01-09 10:00:00,940,2012,GOLDHAWK TRL,STRAWBERRY HILLS DR,,Collector,Scarborough,43.828045,-79.28019,638283.0029,4854210.9229,At Intersection,Stop Sign,Clear,Daylight,Dry,130,Milliken,130,Milliken (130),Non-Fatal Injury,1,0,1,0,0,0,0,0,0,1,0,0,0,Pedestrian Collisions,"['Vehicle Owner', 'Driver', 'Pedestrian']",North,"['Other', 'Automobile, Station Wagon']",['Turning Left'],['Failed to Yield Right of Way'],['Inattentive'],['Vehicle turns left while ped crosses with ROW at inter.'],['Crossing with right of way'],['Normal'],[],[],[],D42,False,"['unknown', '55 to 59', '50 to 54']",3.0
128407.0,2009-09-01 08:00:00,2140,2009,PICKERING TOWN LINE,STEELES AVE E,,Local,Scarborough,43.854145,-79.16969,647103.8035,4857300.4522,,No Control,Clear,Dark,Dry,NSA,NSA,NSA,NSA,Non-Fatal Injury,0,0,1,0,0,0,0,1,1,1,0,0,0,SMV Other,"['Driver', 'Passenger']",South,"['Automobile, Station Wagon']",['Going Ahead'],['Lost control'],['Inattentive'],[],[],[],[],[],[],D42,False,['15 to 19'],3.0
1284315.0,2012-03-13 08:00:00,2210,2012,BLEECKER St,CARLTON St,,Collector,Toronto and East York,43.664945,-79.37289,631185.1044,4835945.4421,,No Control,Clear,"Dark, artificial",Dry,71,Cabbagetown-South St.James Town,71,Cabbagetown-South St.James Town (71),Non-Fatal Injury,0,0,1,0,0,0,0,0,0,0,0,0,0,SMV Unattended Vehicle,"['Other', 'Vehicle Owner', 'Driver']",North,"['Other', 'Automobile, Station Wagon']","['Parked', 'Going Ahead']",['Other'],['Unknown'],[],[],[],[],[],[],D51,False,['unknown'],3.0
1284316.0,2012-03-14 08:00:00,51,2012,59 BARFORD RD,,,Local,Etobicoke York,43.731545,-79.57059,615117.9712,4843048.6549,,No Control,Clear,Dark,Dry,4,Rexdale-Kipling,4,Rexdale-Kipling (4),Non-Fatal Injury,1,0,1,0,0,0,0,0,0,0,0,0,0,Pedestrian Collisions,"['Pedestrian', 'Driver']",East,"['Other', 'Automobile, Station Wagon']",['Reversing'],['Other'],['Unknown'],['Vehicle is reversing and hits pedestrian'],['Other'],['Normal'],[],[],[],D23,False,"['35 to 39', 'unknown']",3.0
1284881.0,2012-03-18 08:00:00,1604,2012,RATHBURN Road,WEST DEANE PARK Driv,,Minor Arterial,Etobicoke York,43.656545,-79.55759,616309.8305,4834737.0365,At Intersection,No Control,Clear,Daylight,Dry,11,Eringate-Centennial-West Deane,11,Eringate-Centennial-West Deane (11),Non-Fatal Injury,0,0,1,1,0,0,0,0,1,1,0,0,0,Turning Movement,"['Motorcycle Driver', 'Driver']",West,"['Motorcycle', 'Automobile, Station Wagon']","['Going Ahead', 'Turning Right']","['Exceeding Speed Limit', 'Driving Properly']",['Normal'],[],[],[],[],[],[],D22,False,"['25 to 29', '75 to 79']",3.0
1284915.0,2012-03-18 08:00:00,2014,2012,FINCH AVE W,SENTINEL RD,,Major Arterial,Etobicoke York,43.761045,-79.49999,620744.4819,4846425.5607,At Intersection,Traffic Signal,Clear,"Dark, artificial",Dry,27,York University Heights,27,York University Heights (27),Non-Fatal Injury,0,0,1,0,0,0,0,1,0,0,0,0,0,Turning Movement,"['Vehicle Owner', 'Passenger', 'Driver']",East,"['Other', 'Automobile, Station Wagon']","['Going Ahead', 'Turning Left']","['Driving Properly', 'Improper Turn']","['Normal', 'Unknown']",[],[],[],[],[],[],D31,False,"['unknown', '65 to 69', '25 to 29']",3.0
1285099.0,2012-03-19 08:00:00,1834,2012,LEDBURY Stre,WOBURN Aven,,Collector,North York,43.723945,-79.42379,626956.7087,4842418.9786,At Intersection,Stop Sign,Clear,Daylight,Dry,39,Bedford Park-Nortown,39,Bedford Park-Nortown (39),Non-Fatal Injury,1,0,1,0,0,0,0,0,0,1,0,0,0,Pedestrian Collisions,"['Pedestrian', 'Driver']",East,"['Other', 'Automobile, Station Wagon']",['Turning Left'],['Failed to Yield Right of Way'],['Inattentive'],['Vehicle turns left while ped crosses with ROW at inter.'],['Crossing with right of way'],['Inattentive'],[],[],[],D32,False,"['85 to 89', '50 to 54']",3.0
1285114.0,2012-03-20 08:00:00,114,2012,KING Stre W,PETER Stre,,Major Arterial,Toronto and East York,43.646045,-79.39229,629661.6415,4833815.8541,At Intersection,Traffic Signal,Clear,"Dark, artificial",Dry,164,Wellington Place,77,Waterfront Communities-The Island (77),Non-Fatal Injury,0,1,1,0,0,0,0,0,0,0,0,0,0,Cyclist Collisions,"['Vehicle Owner', 'Driver', 'Cyclist']",East,"['Other', 'Automobile, Station Wagon', 'Bicycle']",['Going Ahead'],['Driving Properly'],['Normal'],[],[],[],"['Cyclist without ROW rides into path of motorist at inter, lnwy, dwy-Cyclist not turn.']",['Disobeyed Traffic Control'],['Inattentive'],D52,False,"['unknown', '55 to 59', '20 to 24']",3.0
1285331.0,2012-01-18 10:00:00,1020,2012,ERINDALE Aven,BROADVIEW Aven,,Minor Arterial,Toronto and East York,43.677545,-79.35869,632302.2974,4837367.395,At Intersection,No Control,Clear,Daylight,Dry,67,Playter Estates-Danforth,67,Playter Estates-Danforth (67),Non-Fatal Injury,1,0,1,0,0,0,0,0,0,1,0,0,0,Pedestrian Collisions,"['Driver', 'Pedestrian']",North,"['Automobile, Station Wagon', 'Other']",['Turning Left'],['Failed to Yield Right of Way'],['Inattentive'],['Vehicle turns left while ped crosses with ROW at inter.'],['Crossing with right of way'],['Unknown'],[],[],[],D55,False,"['85 to 89', '50 to 54']",3.0
1285342.0,2012-03-21 08:00:00,2215,2012,JANE ST,NICKLE ST,,Major Arterial,Etobicoke York,43.691545,-79.50099,620803.607,4838705.1421,,No Control,Clear,"Dark, artificial",Dry,115,Mount Dennis,115,Mount Dennis (115),Fatal,1,0,1,0,0,0,0,0,0,0,0,0,0,Pedestrian Collisions,"['Driver', 'Pedestrian']",East,"['Automobile, Station Wagon', 'Other']",['Going Ahead'],['Driving Properly'],['Normal'],['Pedestrian hit at mid-block'],"['Crossing, no Traffic Control']",['Normal'],[],[],[],D12,True,"['55 to 59', '75 to 79']",4.0
1285462.0,2012-03-17 08:00:00,1020,2012,ROSEDALE VALLEY RD,BAYVIEW AVE,,Major Arterial,Toronto and East York,43.670145,-79.36019,632197.6321,4836543.1329,At Intersection,Traffic Signal,Clear,Daylight,Wet,71,Cabbagetown-South St.James Town,71,Cabbagetown-South St.James Town (71),Non-Fatal Injury,0,0,1,0,0,0,0,0,0,1,0,0,0,Rear End,"['Vehicle Owner', 'Driver']",East,"['Other', 'Automobile, Station Wagon']","['Going Ahead', 'Stopped']","['Driving Properly', 'Following too Close']","['Normal', 'Inattentive']",[],[],[],[],[],[],D51,False,"['unknown', '30 to 34', '40 to 44']",3.0
1285480.0,2012-01-17 10:00:00,1210,2012,DIXON Road,MARTIN GROVE Road,,Major Arterial,Etobicoke York,43.691545,-79.57079,615178.4575,4838605.8266,At Intersection,Traffic Signal,Clear,Daylight,Dry,1,West Humber-Clairville,1,West Humber-Clairville (1),Non-Fatal Injury,0,0,1,0,0,0,0,1,0,1,1,0,0,Angle,"['Passenger', 'Driver']",East,"['Other', 'Automobile, Station Wagon']",['Going Ahead'],"['Disobeyed Traffic Control', 'Driving Properly']","['Inattentive', 'Normal']",[],[],[],[],[],[],D23,False,"['80 to 84', '75 to 79', '70 to 74', '50 to 54']",3.0
1286418.0,2012-01-22 10:00:00,223,2012,EGLINTON AVE W,OLD PARK RD,,Major Arterial,North York,43.699845,-79.43099,626427.4395,4839731.3292,At Intersection,Traffic Signal,Clear,Daylight,Dry,102,Forest Hill North,102,Forest Hill North (102),Non-Fatal Injury,1,0,1,0,0,0,0,0,0,1,0,0,0,Pedestrian Collisions,"['Vehicle Owner', 'Driver', 'Pedestrian']",North,"['Other', 'Automobile, Station Wagon']",['Turning Right'],['Failed to Yield Right of Way'],['Inattentive'],['Vehicle turns right while ped crosses with ROW at inter.'],['Crossing with right of way'],['Normal'],[],[],[],D13,False,"['unknown', '50 to 54', '65 to 69']",3.0
1286810.0,2020-07-11 08:00:00,1854,2020,SPADINA AVE,FORT YORK BLVD,80 m South o,Major Arterial,Toronto and East York,43.639853,-79.392726,629639.7956,4833127.4712,Non Intersection,No Control,Clear,Daylight,Wet,165,Harbourfront-CityPlace,77,Waterfront Communities-The Island (77),Non-Fatal Injury,0,0,1,0,0,0,0,1,0,0,0,0,0,Rear End,"['Driver', 'Passenger']",South,"['Automobile, Station Wagon']","['Going Ahead', 'Stopped']","['Other', 'Driving Properly']","['Inattentive', 'Normal']",[],[],[],[],[],[],D52,False,"['25 to 29', '50 to 54', '20 to 24', '40 to 44']",3.0
1286830.0,2012-01-24 10:00:00,1308,2012,BATHURST ST,WELLS ST,,Major Arterial,Toronto and East York,43.670045,-79.41319,627925.0654,4836448.9291,At Intersection,Traffic Signal,Snow,Daylight,Wet,95,Annex,95,Annex (95),Non-Fatal Injury,0,1,0,0,1,0,0,0,0,1,0,0,0,Cyclist Collisions,"['Truck Driver', 'Cyclist']",East,"['Truck - Open', 'Bicycle']","['Turning Left', 'Going Ahead']",['Failed to Yield Right of Way'],['Normal'],[],[],[],['Motorist turned left across cyclists path.'],['Driving Properly'],['Normal'],D14,False,['30 to 34'],3.0
1286941.0,2012-04-02 08:00:00,555,2012,FINCH AVE W,DRIFTWOOD AVE,,Major Arterial,Etobicoke York,43.758245,-79.51239,619751.9122,4846096.5758,,No Control,Clear,"Dawn, artificial",Dry,25,Glenfield-Jane Heights,25,Glenfield-Jane Heights (25),Fatal,1,0,1,0,0,0,0,0,0,0,0,0,0,Pedestrian Collisions,"['Driver', 'Pedestrian']",East,"['Automobile, Station Wagon', 'Other']",['Going Ahead'],['Driving Properly'],['Normal'],['Pedestrian hit at mid-block'],"['Crossing, no Traffic Control']",['Unknown'],[],[],[],D31,True,"['40 to 44', '45 to 49']",4.0
1287004.0,2012-01-26 10:00:00,1417,2012,DANFORTH AVE,ROYAL DR,,Major Arterial,Toronto and East York,43.675944,-79.359889,632209.1637,4837187.6703,Non Intersection,No Control,Rain,Daylight,Wet,68,North Riverdale,68,North Riverdale (68),Non-Fatal Injury,0,1,1,0,0,0,0,0,0,0,0,0,0,Cyclist Collisions,"['Vehicle Owner', 'Driver', 'Cyclist']",East,"['Other', 'Automobile, Station Wagon', 'Bicycle']","['Going Ahead', 'Changing Lanes']",['Driving Properly'],['Normal'],[],[],[],['Cyclist and Driver travelling in same direction. One vehicle sideswipes the other.'],['Improper Lane Change'],['Normal'],D55,False,"['unknown', '50 to 54', '20 to 24']",3.0
1287084.0,2012-04-03 08:00:00,230,2012,MOUNT PLEASANT RD,STIBBARD AVE,,Major Arterial,North York,43.716945,-79.39359,629404.2768,4841688.2362,,No Control,Clear,Dark,Dry,99,Mount Pleasant East,99,Mount Pleasant East (99),Fatal,0,0,1,0,0,0,0,1,1,1,0,1,0,SMV Other,"['Passenger', 'Vehicle Owner', 'Driver', 'Other Property Owner']",South,"['Other', 'Automobile, Station Wagon']",['Going Ahead'],['Exceeding Speed Limit'],"['Ability Impaired, Alcohol Over .08']",[],[],[],[],[],[],D53,True,"['20 to 24', 'unknown', '15 to 19']",4.0
1287560.0,2012-01-31 10:00:00,1525,2012,UNIVERSITY AVE,RICHMOND ST W,,Major Arterial,Toronto and East York,43.650045,-79.38629,630136.9074,4834269.4981,At Intersection,Traffic Signal,Clear,Daylight,Dry,170,Yonge-Bay Corridor,76,Bay Street Corridor (76),Non-Fatal Injury,0,0,1,0,0,0,0,0,0,1,1,0,0,Angle,"['Driver', 'Vehicle Owner']",North,"['Automobile, Station Wagon', 'Other']",['Going Ahead'],"['Driving Properly', 'Disobeyed Traffic Control']","['Normal', 'Inattentive']",[],[],[],[],[],[],D52,False,"['55 to 59', 'unknown', '40 to 44']",3.0
1288002.0,2012-02-03 10:00:00,1820,2012,WYNFORD DR,CONCORDE PL,,Minor Arterial,North York,43.727345,-79.32779,634681.5419,4842948.1453,At Intersection,Traffic Signal,Clear,"Dark, artificial",Dry,42,Banbury-Don Mills,42,Banbury-Don Mills (42),Non-Fatal Injury,1,0,1,0,0,0,0,0,0,1,0,0,0,Pedestrian Collisions,"['Driver', 'Pedestrian']",South,"['Automobile, Station Wagon', 'Other']",['Turning Right'],['Failed to Yield Right of Way'],['Unknown'],['Vehicle turns right while ped crosses with ROW at inter.'],['Crossing with right of way'],['Normal'],[],[],[],D33,False,"['75 to 79', '35 to 39']",3.0
1288047.0,2012-02-03 10:00:00,415,2012,HUPFIELD TRL,PENNYHILL DR,,Collector,Scarborough,43.815945,-79.21509,643546.4894,4852977.9161,,No Control,Clear,Dark,Dry,146,Malvern East,132,Malvern (132),Non-Fatal Injury,0,0,1,0,0,0,0,0,1,1,0,1,0,SMV Other,"['Driver', 'Other Property Owner']",South,"['Automobile, Station Wagon', 'Other']",['Going Ahead'],['Lost control'],"['Ability Impaired, Alcohol']",[],[],[],[],[],[],D42,False,"['25 to 29', 'unknown']",3.0
1288123.0,2012-02-01 10:00:00,2317,2012,LAWRENCE AVE E,KINGSTON RD,,Major Arterial,Scarborough,43.767645,-79.18939,645730.7228,4847658.3362,At Intersection,No Control,Clear,"Dark, artificial",Dry,136,West Hill,136,West Hill (136),Non-Fatal Injury,1,0,1,0,0,0,0,0,0,0,0,0,0,Pedestrian Collisions,"['Driver', 'Pedestrian']",East,"['Automobile, Station Wagon', 'Other']",['Going Ahead'],['Driving Properly'],['Normal'],['Pedestrian hit at mid-block'],"['Crossing, no Traffic Control']",['Had Been Drinking'],[],[],[],D43,False,['35 to 39'],3.0
1288324.0,2012-04-11 08:00:00,1048,2012,EGLINTON AVE W,CALEDONIA RD,,Major Arterial,North York,43.693045,-79.46219,623927.3951,4838928.9929,,Traffic Signal,Clear,Daylight,Dry,108,Briar Hill-Belgravia,108,Briar Hill-Belgravia (108),Non-Fatal Injury,1,0,0,0,1,0,0,0,0,1,0,0,0,Pedestrian Collisions,"['Truck Driver', 'Vehicle Owner', 'Wheelchair']",East,"['Truck - Open', 'Other']",['Turning Right'],['Failed to Yield Right of Way'],['Inattentive'],['Vehicle turns right while ped crosses with ROW at inter.'],['Crossing with right of way'],['Normal'],[],[],[],D13,False,"['25 to 29', 'unknown', '75 to 79']",3.0
1288494.0,2012-03-31 08:00:00,125,2012,QUEEN ST W,JOHN ST,,Major Arterial,Toronto and East York,43.649845,-79.39109,629750.2402,4834239.7692,At Intersection,Traffic Signal,Clear,"Dark, artificial",Dry,164,Wellington Place,77,Waterfront Communities-The Island (77),Non-Fatal Injury,1,0,1,0,0,0,0,0,0,0,0,0,0,Pedestrian Collisions,"['Driver', 'Pedestrian']",North,"['Automobile, Station Wagon', 'Other']",['Going Ahead'],['Driving Properly'],['Unknown'],['Vehicle is going straight thru inter.while ped cross without ROW'],['Crossing without right of way'],['Had Been Drinking'],[],[],[],D52,False,"['unknown', '20 to 24']",3.0
1288652.0,2012-02-09 10:00:00,1438,2012,LAWRENCE Aven E,MILDENHALL Road,,Major Arterial,North York,43.728245,-79.38709,629903.4639,4842953.4328,,No Control,Clear,Daylight,Dry,41,Bridle Path-Sunnybrook-York Mills,41,Bridle Path-Sunnybrook-York Mills (41),Non-Fatal Injury,0,0,1,0,0,0,0,0,0,1,0,0,0,Rear End,"['Driver', 'Vehicle Owner']",East,"['Automobile, Station Wagon', 'Other']","['Slowing or Stopping', 'Going Ahead']","['Driving Properly', 'Following too Close']","['Normal', 'Inattentive']",[],[],[],[],[],[],D53,False,"['65 to 69', 'unknown', '60 to 64']",3.0
1288672.0,2012-02-07 10:00:00,1327,2012,LONSDALE RD,DUNVEGAN RD,,Collector,Toronto and East York,43.690045,-79.40639,628430.5922,4838680.7096,At Intersection,Stop Sign,Clear,Daylight,Dry,96,Casa Loma,96,Casa Loma (96),Non-Fatal Injury,0,1,1,0,0,0,0,0,0,1,0,0,0,Cyclist Collisions,"['Driver', 'Cyclist']",North,"['Automobile, Station Wagon', 'Bicycle']",['Going Ahead'],['Failed to Yield Right of Way'],['Normal'],[],[],[],"['Motorist without ROW drives into path of cyclist at inter, lnwy, dwy-Driver not turn.']",['Driving Properly'],['Normal'],D53,False,"['65 to 69', '35 to 39']",3.0
1288905.0,2012-02-07 10:00:00,1016,2012,YONGE ST,ROEHAMPTON AVE,,Major Arterial,North York,43.707946,-79.398593,629020.5656,4840680.9706,At Intersection,Stop Sign,Clear,Daylight,Dry,173,North Toronto,104,Mount Pleasant West (104),Non-Fatal Injury,1,0,1,0,0,0,0,0,0,0,0,0,0,Pedestrian Collisions,"['Driver', 'Pedestrian']",West,"['Automobile, Station Wagon', 'Other']",['Turning Left'],['Driving Properly'],['Unknown'],['Vehicle turns left while ped crosses without ROW at inter.'],"['Crossing, no Traffic Control']",['Inattentive'],[],[],[],D53,False,"['30 to 34', '70 to 74']",3.0
1288937.0,2012-02-12 10:00:00,1542,2012,FINCH AVE E,BRIMLEY RD,,Major Arterial,Scarborough,43.805745,-79.27739,638559.7138,4851738.8282,At Intersection,Traffic Signal,Clear,Daylight,Dry,129,Agincourt North,129,Agincourt North (129),Non-Fatal Injury,1,0,1,0,0,0,0,0,0,1,0,0,0,Pedestrian Collisions,"['Driver', 'Pedestrian']",North,"['Automobile, Station Wagon', 'Other']",['Turning Left'],['Failed to Yield Right of Way'],['Inattentive'],['Vehicle turns left while ped crosses with ROW at inter.'],['Crossing with right of way'],['Normal'],[],[],[],D42,False,['50 to 54'],3.0
1289088.0,2012-04-15 08:00:00,1752,2012,SHEPPARD AVE E,PHARMACY AVE,,Major Arterial,Scarborough,43.776645,-79.31719,635424.0419,4848440.9377,,No Control,Clear,Daylight,Dry,118,Tam O'Shanter-Sullivan,118,Tam O'Shanter-Sullivan (118),Non-Fatal Injury,0,0,1,1,0,0,0,0,0,1,0,0,0,Rear End,"['Vehicle Owner', 'Motorcycle Driver', 'Driver']",East,"['Other', 'Motorcycle', 'Automobile, Station Wagon']","['Changing Lanes', 'Going Ahead']","['Improper Passing', 'Driving Properly']","['Inattentive', 'Normal']",[],[],[],[],[],[],D42,False,"['unknown', '15 to 19', '35 to 39']",3.0
1289091.0,2012-02-12 10:00:00,1505,2012,EGLINTON Ave E,BROWNLOW Ave,,Major Arterial,Toronto and East York,43.708245,-79.39089,629640.5348,4840726.1966,,No Control,Clear,Daylight,Wet,174,South Eglinton-Davisville,104,Mount Pleasant West (104),Non-Fatal Injury,0,0,1,0,0,0,0,0,1,1,0,0,0,SMV Other,"['Vehicle Owner', 'Driver', 'Other Property Owner']",East,"['Other', 'Automobile, Station Wagon']",['Going Ahead'],['Lost control'],['Unknown'],[],[],[],[],[],[],D53,False,"['unknown', '25 to 29']",3.0
1289419.0,2012-02-14 10:00:00,1430,2012,KING St W,TECUMSETH St,,Major Arterial,Toronto and East York,43.643345,-79.40529,628618.944,4833495.7555,At Intersection,Traffic Signal,Clear,Daylight,Wet,162,West Queen West,82,Niagara (82),Non-Fatal Injury,0,1,1,0,0,0,0,0,0,1,0,0,0,Cyclist Collisions,"['Driver', 'Cyclist']",East,"['Automobile, Station Wagon', 'Bicycle']","['Turning Left', 'Going Ahead']",['Failed to Yield Right of Way'],['Inattentive'],[],[],[],['Motorist turned left across cyclists path.'],['Driving Properly'],['Normal'],D14,False,"['50 to 54', '20 to 24']",3.0
1289501.0,2012-02-16 10:00:00,1415,2012,COXWELL AVE,QUEEN ST E,,Minor Arterial,Toronto and East York,43.666345,-79.31659,635721.1661,4836191.4984,At Intersection,Traffic Signal,Clear,Daylight,Wet,65,Greenwood-Coxwell,65,Greenwood-Coxwell (65),Non-Fatal Injury,0,0,0,0,0,1,0,1,0,0,0,0,0,Other,"['Passenger', 'Vehicle Owner', 'Driver']",South,"['Other', 'Municipal Transit Bus (TTC)']",['Turning Right'],['Driving Properly'],['Normal'],[],[],[],[],[],[],D55,False,"['70 to 74', 'unknown', '35 to 39']",3.0
1289541.0,2012-02-11 10:00:00,305,2012,ST DENNIS Dr,LINKWOOD LANE,,Minor Arterial,North York,43.722645,-79.32679,634772.6235,4842427.7675,,No Control,Snow,"Dark, artificial",Loose Snow,44,Flemingdon Park,44,Flemingdon Park (44),Non-Fatal Injury,0,0,1,0,0,0,0,1,1,1,0,0,0,Approaching,"['Driver', 'Passenger']",North,"['Automobile, Station Wagon', 'Other']",['Going Ahead'],"['Driving Properly', 'Speed too Fast For Condition']","['Normal', 'Had Been Drinking']",[],[],[],[],[],[],D55,False,"['55 to 59', '25 to 29']",3.0
1289649.0,2012-02-18 10:00:00,515,2012,ISLINGTON AVE,SANDHILL DR,,Major Arterial,Etobicoke York,43.735045,-79.56439,615610.5589,4843446.0113,At Intersection,No Control,Snow,Dark,Packed Snow,3,Thistletown-Beaumond Heights,3,Thistletown-Beaumond Heights (3),Non-Fatal Injury,0,0,1,0,0,0,0,0,0,0,0,1,0,Approaching,['Driver'],North,"['Automobile, Station Wagon']",['Going Ahead'],"['Lost control', 'Driving Properly']","['Ability Impaired, Alcohol Over .08', 'Normal']",[],[],[],[],[],[],D23,False,['25 to 29'],3.0
1289788.0,2012-04-18 08:00:00,2310,2012,BATHURST ST,MASCOT PL,,Major Arterial,North York,43.770345,-79.44209,625385.795,4847544.5094,At Intersection,No Control,Clear,"Dark, artificial",Dry,37,Willowdale West,37,Willowdale West (37),Non-Fatal Injury,1,0,1,0,0,0,0,0,0,1,0,1,0,Pedestrian Collisions,"['Driver', 'Pedestrian']",South,"['Automobile, Station Wagon', 'Other']",['Going Ahead'],['Failed to Yield Right of Way'],"['Ability Impaired, Alcohol']",['Vehicle is going straight thru inter.while ped cross without ROW'],"['Crossing, no Traffic Control']",['Medical or Physical Disability'],[],[],[],D32,False,"['35 to 39', '85 to 89']",3.0
1289974.0,2012-04-19 08:00:00,1203,2012,MORNINGSIDE AVE,MILNER AVE,,Major Arterial,Scarborough,43.800745,-79.19929,644853.9173,4851317.2436,,No Control,Clear,Daylight,Dry,146,Malvern East,132,Malvern (132),Fatal,0,0,1,0,0,0,0,0,0,0,0,0,0,SMV Other,"['Driver', 'Other Property Owner']",North,"['Automobile, Station Wagon', 'Other']",['Going Ahead'],['Other'],['Unknown'],[],[],[],[],[],[],D42,True,"['50 to 54', 'unknown']",4.0
1289975.0,2012-04-19 08:00:00,1434,2012,NEILSON RD,SHEPPARD AVE E,,Major Arterial,Scarborough,43.798145,-79.21769,643379.9739,4850996.4273,At Intersection,Traffic Signal,Clear,Daylight,Dry,145,Malvern West,132,Malvern (132),Non-Fatal Injury,0,0,1,1,0,0,0,0,0,1,0,0,0,Turning Movement,"['Motorcycle Driver', 'Vehicle Owner', 'Driver']",North,"['Motorcycle', 'Other', 'Automobile, Station Wagon']","['Going Ahead', 'Turning Left']","['Driving Properly', 'Failed to Yield Right of Way']","['Normal', 'Inattentive']",[],[],[],[],[],[],D42,False,"['25 to 29', 'unknown', '30 to 34']",3.0
1290049.0,2012-02-21 10:00:00,1910,2012,STEELES AVE E,TOWNSEND RD,,Major Arterial,North York,43.811945,-79.35749,632103.0636,4852296.4285,At Intersection,Traffic Signal,Clear,Dark,Wet,NSA,NSA,NSA,NSA,Non-Fatal Injury,1,0,1,0,0,0,0,0,0,1,0,0,0,Pedestrian Collisions,"['Driver', 'Pedestrian']",South,"['Automobile, Station Wagon', 'Other']",['Turning Right'],['Failed to Yield Right of Way'],['Inattentive'],['Vehicle turns right while ped crosses with ROW at inter.'],['Crossing with right of way'],['Unknown'],[],[],[],NSA,False,"['50 to 54', '25 to 29']",3.0
1290105.0,2012-04-20 08:00:00,1447,2012,DON VALLEY PARKWAY  N,GERRARD ST E,,,Toronto and East York,43.665145,-79.35589,632555.2974,4835994.6771,,No Control,Clear,Daylight,Dry,68,North Riverdale,68,North Riverdale (68),Fatal,0,0,0,1,0,0,0,0,1,1,0,0,0,SMV Other,['Motorcycle Driver'],North,['Motorcycle'],['Going Ahead'],['Exceeding Speed Limit'],['Unknown'],[],[],[],[],[],[],D55,True,['35 to 39'],4.0
1290199.0,2012-04-21 08:00:00,2050,2012,MORNINGSIDE AVE,MILNER AVE,,Major Arterial,Scarborough,43.800245,-79.19909,644871.2146,4851262.0606,At Intersection,Traffic Signal,Clear,"Dark, artificial",Dry,146,Malvern East,132,Malvern (132),Fatal,1,0,1,0,0,0,0,0,0,0,0,0,0,Pedestrian Collisions,"['Vehicle Owner', 'Driver', 'Pedestrian']",South,"['Other', 'Automobile, Station Wagon']",['Going Ahead'],['Driving Properly'],['Normal'],['Vehicle is going straight thru inter.while ped cross without ROW'],['Crossing without right of way'],['Inattentive'],[],[],[],D42,True,"['unknown', '20 to 24', '55 to 59']",4.0
1290282.0,2012-04-22 08:00:00,412,2012,EGLINTON AVE W,KIPLING AVE,,Major Arterial,Etobicoke York,43.676645,-79.55299,616641.8223,4836975.8604,,No Control,Clear,"Dark, artificial",Dry,10,Princess-Rosethorn,10,Princess-Rosethorn (10),Non-Fatal Injury,0,0,1,0,0,0,0,1,0,0,0,0,0,Angle,"['Passenger', 'Driver', 'Vehicle Owner']",East,"['Other', 'Automobile, Station Wagon']","['Other', 'Going Ahead']","['Driving Properly', 'Lost control']","['Normal', 'Had Been Drinking']",[],[],[],[],[],[],D22,False,"['unknown', '30 to 34', '15 to 19']",3.0
1290286.0,2012-04-22 08:00:00,1337,2012,VICTORIA PARK AVE,ARNCLIFFE CRES,,Major Arterial,North York,43.731845,-79.30559,636459.3529,4843484.258,,Traffic Signal,Clear,Daylight,Dry,119,Wexford/Maryvale,119,Wexford/Maryvale (119),Non-Fatal Injury,0,1,1,0,0,0,0,0,0,0,0,0,0,Cyclist Collisions,"['Driver', 'Vehicle Owner', 'Cyclist']",North,"['Automobile, Station Wagon', 'Other', 'Bicycle']","['Stopped', 'Going Ahead']","['Driving Properly', 'Lost control']","['Normal', 'Inattentive']",[],[],[],"['Motorist without ROW drives into path of cyclist at inter, lnwy, dwy-Driver not turn.']",['Driving Properly'],['Normal'],D41,False,"['65 to 69', 'unknown', '35 to 39', '50 to 54']",3.0