accident_number,date,time,year,street1,street2,offset,road_class,district,latitude,longitude,x,y,accident_location,traffctl,visibility,light,road_surface_condition,hood_158,neighbourhood_new,hood_140,neighbourhood_old,accident_class,pedestrian,cyclist,automobile,motorcycle,truck,trsn_city_veh,emerg_veh,passenger,speeding,aggressive_driving,redlight,alcohol,disability,impact_type,involvement_type,initial_direction,vehicle_type,manoeuver,driver_action,driver_condition,pedestrian_type,pedestrian_action,pedestrian_condition,cyclist_type,cyclist_action,cyclist_condition,division,injury,involvement_age,injury_severity_score
1295588.0,2012-04-01 08:00:00,510,2012,MCCOWAN RD,FINCH AVE E,,Major Arterial,Scarborough,43.811245,-79.26899,639222.6033,4852363.7928,,No Control,Drifting Snow,"Dark, artificial",Wet,129,Agincourt North,129,Agincourt North (129),Non-Fatal Injury,0,0,1,0,0,0,0,0,0,0,0,1,0,Approaching,"['Driver', 'Vehicle Owner']",North,"['Automobile, Station Wagon', 'Other']",['Going Ahead'],"['Driving Properly', 'Lost control']","['Normal', 'Ability Impaired, Alcohol Over .08']",[],[],[],[],[],[],D42,False,"['45 to 49', 'unknown', '35 to 39']",3.0
1295639.0,2012-04-01 08:00:00,829,2012,LANSDOWNE Ave,PATON RD,,Minor Arterial,Toronto and East York,43.660645,-79.44359,625493.8476,4835358.504,At Intersection,Pedestrian Crossover,Clear,Daylight,Wet,171,Junction-Wallace Emerson,93,Dovercourt-Wallace Emerson-Junction (93),Non-Fatal Injury,0,0,1,0,0,0,0,1,0,1,0,0,0,Angle,"['Vehicle Owner', 'Passenger', 'Driver']",East,"['Other', 'Taxi', 'Automobile, Station Wagon']",['Going Ahead'],"['Failed to Yield Right of Way', 'Driving Properly']",['Normal'],[],[],[],[],[],[],D11,False,"['unknown', '70 to 74', '55 to 59']",3.0
1295871.0,2012-05-27 08:00:00,1240,2012,22 DELHI AVE,,,Local,North York,43.742343,-79.418292,627360.5467,4844470.7808,,No Control,Clear,Daylight,Dry,39,Bedford Park-Nortown,39,Bedford Park-Nortown (39),Fatal,1,0,1,0,0,0,0,0,0,0,0,0,0,Pedestrian Collisions,"['Driver', 'Pedestrian']",North,"['Automobile, Station Wagon', 'Other']",['Reversing'],['Other'],['Inattentive'],['Vehicle is reversing and hits pedestrian'],['Walking on Roadway Against Traffic'],['Medical or Physical Disability'],[],[],[],D32,True,"['50 to 54', '80 to 84']",4.0
1296056.0,2012-04-02 08:00:00,1010,2012,QUEEN St E,JONES Ave,,Minor Arterial,Toronto and East York,43.662644,-79.332789,634423.4034,4835754.0778,At Intersection,Traffic Signal,Clear,Daylight,Dry,70,South Riverdale,70,South Riverdale (70),Non-Fatal Injury,1,0,1,0,0,0,0,0,0,1,0,0,0,Pedestrian Collisions,"['Vehicle Owner', 'Driver', 'Pedestrian']",North,"['Other', 'Automobile, Station Wagon']",['Turning Left'],['Failed to Yield Right of Way'],['Normal'],['Vehicle turns left while ped crosses with ROW at inter.'],['Crossing with right of way'],['Normal'],[],[],[],D55,False,"['unknown', '30 to 34', '75 to 79']",3.0
1296063.0,2012-04-02 08:00:00,1520,2012,COMSTOCK Rd,WARDEN Ave,,Major Arterial,Scarborough,43.721545,-79.28499,638142.069,4842374.4239,At Intersection,Traffic Signal,Clear,Daylight,Dry,120,Clairlea-Birchmount,120,Clairlea-Birchmount (120),Non-Fatal Injury,0,0,1,1,0,0,0,0,0,1,0,0,0,Turning Movement,"['Vehicle Owner', 'Driver', 'Motorcycle Driver']",East,"['Other', 'Automobile, Station Wagon', 'Motorcycle']","['Turning Left', 'Going Ahead']","['Failed to Yield Right of Way', 'Driving Properly']",['Normal'],[],[],[],[],[],[],D41,False,"['unknown', '45 to 49', '25 to 29']",3.0
1296711.0,2012-04-05 08:00:00,340,2012,UNIVERSITY AVE,ADELAIDE ST W,,Major Arterial,Toronto and East York,43.648845,-79.38559,630195.952,4834137.3203,At Intersection,Traffic Signal,Clear,"Dark, artificial",Dry,170,Yonge-Bay Corridor,76,Bay Street Corridor (76),Non-Fatal Injury,0,0,1,0,1,0,0,1,0,1,1,0,0,Angle,"['Vehicle Owner', 'Truck Driver', 'Passenger', 'Driver']",East,"['Other', 'Truck - Open', 'Automobile, Station Wagon']",['Going Ahead'],"['Disobeyed Traffic Control', 'Driving Properly']","['Inattentive', 'Normal']",[],[],[],[],[],[],D52,False,"['unknown', '50 to 54', '25 to 29', '35 to 39', '45 to 49']",3.0
1296775.0,2012-04-05 08:00:00,1815,2012,DOVERCOURT RD,NORTHUMBERLAND ST,,Minor Arterial,Toronto and East York,43.662245,-79.42969,626611.2567,4835557.3231,At Intersection,Stop Sign,Clear,Daylight,Dry,172,Dovercourt Village,93,Dovercourt-Wallace Emerson-Junction (93),Non-Fatal Injury,1,0,1,0,0,0,0,0,0,0,0,0,0,Pedestrian Collisions,"['Driver', 'Pedestrian']",East,"['Automobile, Station Wagon', 'Other']",['Reversing'],['Other'],['Normal'],['Vehicle is reversing and hits pedestrian'],['Other'],['Normal'],[],[],[],D14,False,"['50 to 54', '85 to 89']",3.0
1296801.0,2012-06-01 08:00:00,645,2012,BLACK CREEK DR,EGLINTON AVE W,,Major Arterial,Etobicoke York,43.688296,-79.482837,622273.1519,4838370.9018,At Intersection,Traffic Signal,Rain,Daylight,Wet,110,Keelesdale-Eglinton West,110,Keelesdale-Eglinton West (110),Non-Fatal Injury,0,0,1,0,0,0,0,1,0,1,1,0,0,Angle,"['Vehicle Owner', 'Driver', 'Passenger']",East,"['Automobile, Station Wagon']",['Going Ahead'],"['Driving Properly', 'Disobeyed Traffic Control']",['Normal'],[],[],[],[],[],[],D12,False,"['unknown', '50 to 54', '55 to 59', '45 to 49', '40 to 44']",3.0
1297456.0,2012-04-07 08:00:00,2043,2012,KINGSTON RD,VALHALLA BLVD,,Major Arterial,Scarborough,43.689433,-79.268268,639563.5268,4838835.9338,At Intersection,No Control,Clear,"Dusk, artificial",Dry,122,Birchcliffe-Cliffside,122,Birchcliffe-Cliffside (122),Non-Fatal Injury,0,0,1,1,0,0,0,0,0,1,0,1,0,Turning Movement,"['Motorcycle Driver', 'Driver']",East,"['Motorcycle', 'Automobile, Station Wagon']","['Going Ahead', 'Turning Left']","['Driving Properly', 'Failed to Yield Right of Way']","['Normal', 'Ability Impaired, Alcohol']",[],[],[],[],[],[],D41,False,"['30 to 34', '50 to 54']",3.0
1297568.0,2012-04-10 08:00:00,1435,2012,YONGE ST,NORTHTOWN WAY,,Major Arterial,North York,43.775245,-79.41439,627604.7814,4848131.0469,,No Control,Clear,Daylight,Dry,151,Yonge-Doris,51,Willowdale East (51),Non-Fatal Injury,1,0,1,0,0,0,0,0,0,0,0,0,0,Pedestrian Collisions,"['Driver', 'Pedestrian']",East,"['Automobile, Station Wagon', 'Other']",['Going Ahead'],['Driving Properly'],['Normal'],['Pedestrian hit at mid-block'],['Running onto Roadway'],['Normal'],[],[],[],D32,False,"['35 to 39', '25 to 29']",3.0
1297829.0,2012-04-13 08:00:00,1850,2012,ELMHURST DR,ISLINGTON AVE,,Major Arterial,Etobicoke York,43.723145,-79.55889,616076.4642,4842132.037,At Intersection,Traffic Signal,Clear,Daylight,Dry,5,Elms-Old Rexdale,5,Elms-Old Rexdale (5),Non-Fatal Injury,1,0,1,0,0,0,0,0,0,1,0,0,0,Pedestrian Collisions,"['Driver', 'Pedestrian']",North,"['Automobile, Station Wagon', 'Other']",['Turning Left'],['Failed to Yield Right of Way'],['Normal'],['Vehicle turns left while ped crosses with ROW at inter.'],['Crossing with right of way'],['Normal'],[],[],[],D23,False,"['50 to 54', '40 to 44']",3.0
1297963.0,2012-04-13 08:00:00,1624,2012,COXWELL Ave,COSBURN Ave,,Minor Arterial,Toronto and East York,43.693545,-79.32779,634757.2722,4839194.1708,,No Control,Clear,Daylight,Dry,59,Danforth East York,59,Danforth East York (59),Non-Fatal Injury,1,0,1,0,0,0,0,0,0,0,0,0,0,Pedestrian Collisions,"['Vehicle Owner', 'Driver', 'Pedestrian']",South,"['Other', 'Automobile, Station Wagon']",['Going Ahead'],['Lost control'],['Inattentive'],['Pedestrian hit at private driveway'],['Pushing/Working on Vehicle'],['Normal'],[],[],[],D55,False,"['unknown', '50 to 54']",3.0
1298031.0,2012-04-15 08:00:00,1030,2012,DON MILLS RD,STEELES AVE E,,Major Arterial,North York,43.811175,-79.360767,631841.1943,4852205.6807,At Intersection,Traffic Signal,Rain,Daylight,Wet,48,Hillcrest Village,48,Hillcrest Village (48),Non-Fatal Injury,1,0,0,0,0,1,0,0,0,1,1,0,0,Pedestrian Collisions,"['Vehicle Owner', 'Driver', 'Pedestrian']",North,"['Other', 'Municipal Transit Bus (TTC)']",['Turning Right'],['Disobeyed Traffic Control'],['Inattentive'],['Pedestrian involved in a collision with transit vehicle anywhere along roadway'],['Crossing with right of way'],['Normal'],[],[],[],D33,False,"['unknown', '55 to 59', '15 to 19']",3.0
1298032.0,2012-04-14 08:00:00,1220,2012,SHEPPARD AVE E,PARKWAY FOREST DR,,Major Arterial,North York,43.775845,-79.34369,633293.2116,4848309.0797,At Intersection,Traffic Signal,Clear,Daylight,Dry,47,Don Valley Village,47,Don Valley Village (47),Non-Fatal Injury,0,0,1,0,0,0,0,1,0,1,0,0,0,Rear End,"['Passenger', 'Driver']",East,"['Other', 'Automobile, Station Wagon']","['Stopped', 'Going Ahead']","['Driving Properly', 'Following too Close']","['Normal', 'Inattentive']",[],[],[],[],[],[],D33,False,"['0 to 4', '35 to 39', '40 to 44']",3.0
1298038.0,2012-06-08 08:00:00,1520,2012,LAWRENCE AVE E,KARL FRASER  RD,,Major Arterial,North York,43.736845,-79.34499,633275.1467,4843975.4484,,No Control,Clear,Daylight,Dry,42,Banbury-Don Mills,42,Banbury-Don Mills (42),Fatal,0,0,1,1,0,0,0,0,0,1,0,0,0,Turning Movement,"['Driver', 'Motorcycle Driver']",East,"['Automobile, Station Wagon', 'Motorcycle']","['Turning Left', 'Going Ahead']","['Failed to Yield Right of Way', 'Driving Properly']",['Normal'],[],[],[],[],[],[],D33,True,"['35 to 39', '40 to 44']",4.0
1298040.0,2012-06-17 08:00:00,357,2012,DON VALLEY PARKWAY  N,PRINCE EDWARD VIADUCT,,,Toronto and East York,43.681444,-79.36249,631987.4351,4837794.3779,,No Control,Clear,"Dark, artificial",Dry,57,Broadview North,57,Broadview North (57),Non-Fatal Injury,0,0,1,0,0,0,0,1,1,1,0,0,0,Rear End,"['Vehicle Owner', 'Driver', 'Passenger']",North,"['Other', 'Automobile, Station Wagon']",['Going Ahead'],"['Driving Properly', 'Exceeding Speed Limit']","['Normal', 'Unknown']",[],[],[],[],[],[],D55,False,"['unknown', '25 to 29', '15 to 19']",3.0
1298041.0,2012-06-08 08:00:00,2301,2012,ST CLAIR AVE W,EARLSCOURT AVE,,Major Arterial,Toronto and East York,43.677145,-79.44679,625201.5178,4837186.213,At Intersection,No Control,Clear,Dark,Dry,92,Corso Italia-Davenport,92,Corso Italia-Davenport (92),Non-Fatal Injury,0,0,1,1,0,0,0,0,1,1,0,0,0,SMV Unattended Vehicle,"['Driver', 'Other', 'Vehicle Owner', 'Motorcycle Driver']",East,"['Automobile, Station Wagon', 'Other', 'Motorcycle']","['Changing Lanes', 'Parked', 'Going Ahead']","['Improper Lane Change', 'Exceeding Speed Limit']","['Normal', 'Inattentive']",[],[],[],[],[],[],D13,False,"['45 to 49', 'unknown', '35 to 39']",3.0
1298136.0,2012-06-09 08:00:00,1025,2012,STEELES AVE W,FOUNDERS RD,,Major Arterial,Etobicoke York,43.779245,-79.50419,620369.8829,4848440.8286,At Intersection,No Control,Rain,Daylight,Wet,27,York University Heights,27,York University Heights (27),Non-Fatal Injury,1,0,1,0,0,0,0,0,0,0,0,0,0,Pedestrian Collisions,"['Driver', 'Pedestrian']",North,"['Automobile, Station Wagon', 'Other']",['Going Ahead'],['Driving Properly'],['Normal'],['Pedestrian hit at mid-block'],"['Crossing, no Traffic Control']",['Inattentive'],[],[],[],D31,False,"['60 to 64', '20 to 24']",3.0
1298554.0,2012-06-12 08:00:00,2032,2012,DAVENPORT RD,OSSINGTON AVE,,Minor Arterial,Toronto and East York,43.674745,-79.43099,626480.182,4836943.6315,At Intersection,Traffic Signal,Clear,"Dark, artificial",Dry,94,Wychwood,94,Wychwood (94),Non-Fatal Injury,1,0,0,0,0,1,0,0,0,1,0,0,0,Pedestrian Collisions,"['Vehicle Owner', 'Driver', 'Pedestrian']",North,"['Other', 'Municipal Transit Bus (TTC)']",['Turning Left'],['Failed to Yield Right of Way'],['Inattentive'],['Pedestrian involved in a collision with transit vehicle anywhere along roadway'],['Crossing with right of way'],['Normal'],[],[],[],D13,False,"['unknown', '20 to 24', '80 to 84']",3.0
1298592.0,2012-04-18 08:00:00,1143,2012,WESTON RD,DORA SPENCER RD,,Minor Arterial,Etobicoke York,43.692045,-79.50279,620657.5431,4838758.0532,At Intersection,Stop Sign,Clear,Daylight,Dry,115,Mount Dennis,115,Mount Dennis (115),Non-Fatal Injury,0,0,1,0,0,0,0,1,0,1,0,0,0,Turning Movement,"['Driver', 'Passenger']",East,"['Automobile, Station Wagon', 'Other']","['Going Ahead', 'Turning Left']","['Driving Properly', 'Failed to Yield Right of Way']","['Normal', 'Inattentive']",[],[],[],[],[],[],D12,False,"['70 to 74', '50 to 54', '55 to 59']",3.0
1298696.0,2012-04-19 08:00:00,2127,2012,SPADINA RD,LOWTHER AVE,,Minor Arterial,Toronto and East York,43.668945,-79.40479,628604.6106,4836339.7473,At Intersection,Traffic Signal,Clear,"Dark, artificial",Dry,95,Annex,95,Annex (95),Non-Fatal Injury,0,1,1,0,0,0,0,0,0,0,0,0,0,Cyclist Collisions,"['Driver', 'Cyclist']",North,"['Automobile, Station Wagon', 'Bicycle']","['Turning Left', 'Going Ahead']",['Improper Turn'],['Normal'],[],[],[],['Motorist turned left across cyclists path.'],['Driving Properly'],['Normal'],D14,False,"['45 to 49', '30 to 34']",3.0
1298747.0,2012-06-13 08:00:00,905,2012,LAWRENCE AVE E,TOWER DR,,Major Arterial,Scarborough,43.744545,-79.29829,637018.2932,4844906.8306,At Intersection,No Control,Clear,Daylight,Dry,119,Wexford/Maryvale,119,Wexford/Maryvale (119),Non-Fatal Injury,0,0,1,0,0,1,0,1,0,1,0,0,0,Turning Movement,"['Vehicle Owner', 'Driver', 'Passenger']",East,"['Other', 'Automobile, Station Wagon', 'Municipal Transit Bus (TTC)']","['Turning Left', 'Going Ahead']","['Failed to Yield Right of Way', 'Driving Properly']","['Inattentive', 'Normal']",[],[],[],[],[],[],D41,False,"['unknown', '40 to 44', '20 to 24', '50 to 54']",3.0
1298848.0,2012-04-20 08:00:00,149,2012,LAKE SHORE BLVD W,ELLIS AVE,,Major Arterial,Toronto and East York,43.636645,-79.46359,623930.5737,4832662.939,,No Control,Clear,"Dark, artificial",Dry,85,South Parkdale,85,South Parkdale (85),Non-Fatal Injury,0,0,1,0,0,0,0,1,0,0,0,0,0,SMV Other,"['Vehicle Owner', 'Passenger', 'Driver', 'Other Property Owner']",East,"['Other', 'Automobile, Station Wagon']",['Going Ahead'],['Lost control'],['Normal'],[],[],[],[],[],[],D11,False,"['unknown', '20 to 24']",3.0
1298952.0,2012-06-14 08:00:00,738,2012,ADELAIDE ST W,BRANT ST,,Major Arterial,Toronto and East York,43.646245,-79.39819,629185.3734,4833828.8656,At Intersection,Traffic Signal,Clear,Daylight,Dry,164,Wellington Place,77,Waterfront Communities-The Island (77),Fatal,1,0,1,0,0,0,0,0,0,0,0,0,0,Pedestrian Collisions,"['Driver', 'Pedestrian']",East,"['Automobile, Station Wagon', 'Other']",['Turning Left'],['Improper Turn'],['Normal'],['Vehicle turns left while ped crosses with ROW at inter.'],['Crossing with right of way'],['Normal'],[],[],[],D14,True,"['45 to 49', '30 to 34']",4.0
1298987.0,2012-06-14 08:00:00,1508,2012,F G GARDINER XY  W,LOWER SHERBOURNE ST,,Major Arterial,Toronto and East York,43.646545,-79.36659,631733.2732,4833911.8596,,No Control,Clear,Daylight,Dry,166,St Lawrence-East Bayfront-The Islands,77,Waterfront Communities-The Island (77),Non-Fatal Injury,0,0,1,0,0,0,0,0,0,0,0,0,0,Sideswipe,"['Driver', 'Vehicle Owner']",West,"['Automobile, Station Wagon', 'Other']","['Going Ahead', 'Stopped', 'Changing Lanes']","['Driving Properly', 'Improper Lane Change']","['Normal', 'Inattentive']",[],[],[],[],[],[],D51,False,"['45 to 49', 'unknown', '40 to 44', '65 to 69']",3.0
1299089.0,2012-04-21 08:00:00,250,2012,ST CLAIR AVE W,KEELE ST,,Major Arterial,Etobicoke York,43.672345,-79.46849,623462.146,4836620.5828,,No Control,Rain,"Dark, artificial",Wet,90,Junction Area,90,Junction Area (90),Non-Fatal Injury,0,0,1,0,0,0,0,0,0,0,0,0,0,SMV Other,"['Driver', 'Other Property Owner']",West,"['Automobile, Station Wagon', 'Other']",['Going Ahead'],['Other'],['Unknown'],[],[],[],[],[],[],D11,False,"['30 to 34', 'unknown']",3.0
1299440.0,2012-06-13 08:00:00,1111,2012,GERRARD Stre E,RIVER Stre,,Minor Arterial,Toronto and East York,43.663645,-79.35929,632284.4663,4835822.655,,Traffic Signal,Clear,Daylight,Dry,72,Regent Park,72,Regent Park (72),Non-Fatal Injury,0,1,1,0,0,0,0,0,0,1,1,0,0,Cyclist Collisions,"['Driver', 'Cyclist']",North,"['Automobile, Station Wagon', 'Bicycle']",['Going Ahead'],['Disobeyed Traffic Control'],['Unknown'],[],[],[],"['Motorist without ROW drives into path of cyclist at inter, lnwy, dwy-Driver not turn.']",['Driving Properly'],['Normal'],D51,False,"['unknown', '50 to 54']",3.0
1299771.0,2012-04-23 08:00:00,1530,2012,YONGE ST,SHAFTESBURY AVE,,Major Arterial,Toronto and East York,43.681945,-79.39159,629640.7984,4837804.1217,At Intersection,Traffic Signal,Rain,Daylight,Wet,97,Yonge-St.Clair,97,Yonge-St.Clair (97),Non-Fatal Injury,1,1,0,0,0,0,0,0,0,0,0,0,0,Pedestrian Collisions,"['Pedestrian', 'Cyclist']",East,"['Other', 'Bicycle']",['Going Ahead'],[],[],['Other / Undefined'],['Crossing with right of way'],['Normal'],['Cyclist strikes pedestrian.'],['Driving Properly'],['Normal'],D53,False,"['30 to 34', '25 to 29']",3.0
1299777.0,2012-06-19 08:00:00,1033,2012,3300 MIDLAND AVE,,,Major Arterial,Scarborough,43.806245,-79.28829,637681.8041,4851776.1667,,No Control,Clear,Daylight,Dry,130,Milliken,130,Milliken (130),Non-Fatal Injury,0,0,1,1,0,0,0,0,1,1,0,0,0,Turning Movement,"['Vehicle Owner', 'Motorcycle Driver', 'Driver']",North,"['Other', 'Motorcycle', 'Automobile, Station Wagon']","['Going Ahead', 'Turning Left']","['Exceeding Speed Limit', 'Failed to Yield Right of Way']",['Normal'],[],[],[],[],[],[],D42,False,"['unknown', '25 to 29', '40 to 44']",3.0
1299888.0,2012-04-24 08:00:00,1835,2012,ALBION AVE,PHARMACY AVE,,Minor Arterial,Scarborough,43.695645,-79.28479,638217.7002,4839498.1889,At Intersection,Stop Sign,Clear,Daylight,Wet,121,Oakridge,121,Oakridge (121),Non-Fatal Injury,0,0,1,0,0,0,0,0,0,1,0,0,0,Turning Movement,"['Driver', 'Vehicle Owner']",East,"['Automobile, Station Wagon', 'Other']","['Going Ahead', 'Turning Right']","['Driving Properly', 'Failed to Yield Right of Way']",['Normal'],[],[],[],[],[],[],D41,False,"['60 to 64', 'unknown', '35 to 39']",3.0
1300176.0,2012-06-21 08:00:00,2016,2012,LANSDOWNE AVE,SEAFORTH AVE,,Minor Arterial,Toronto and East York,43.643445,-79.43779,625997.4702,4833457.0094,,No Control,Rain,"Dusk, artificial",Wet,86,Roncesvalles,86,Roncesvalles (86),Non-Fatal Injury,1,0,1,0,0,0,0,0,0,1,0,0,0,Pedestrian Collisions,"['Vehicle Owner', 'Driver', 'Pedestrian']",South,"['Other', 'Automobile, Station Wagon']",['Pulling Away from Shoulder or Curb'],['Failed to Yield Right of Way'],['Unknown'],['Pedestrian hit at mid-block'],['Person Getting on/off Vehicle'],['Unknown'],[],[],[],D11,False,"['unknown', '30 to 34', '20 to 24']",3.0
1300266.0,2012-04-28 08:00:00,1352,2012,JARVIS ST,DUNDAS ST E,,Major Arterial,Toronto and East York,43.657045,-79.37459,631065.2301,4835065.355,At Intersection,Traffic Signal,Clear,Daylight,Dry,168,Downtown Yonge East,75,Church-Yonge Corridor (75),Non-Fatal Injury,1,0,1,0,0,0,0,0,0,0,0,0,0,Pedestrian Collisions,"['Driver', 'Pedestrian']",South,"['Automobile, Station Wagon', 'Other']",['Going Ahead'],['Driving Properly'],['Normal'],['Vehicle is going straight thru inter.while ped cross without ROW'],['Running onto Roadway'],['Unknown'],[],[],[],D51,False,"['35 to 39', '30 to 34']",3.0
1300277.0,2012-04-27 08:00:00,1644,2012,1437 VICTORIA PARK AVE,,,Major Arterial,North York,43.722145,-79.30159,636803.5773,4842413.5258,At Intersection,No Control,Clear,Daylight,Dry,120,Clairlea-Birchmount,120,Clairlea-Birchmount (120),Non-Fatal Injury,1,0,1,0,0,0,0,0,0,1,0,0,0,Pedestrian Collisions,"['Driver', 'Pedestrian']",East,"['Automobile, Station Wagon', 'Other']",['Turning Left'],['Failed to Yield Right of Way'],['Normal'],['Pedestrian hit at mid-block'],"['Crossing, no Traffic Control']",['Normal'],[],[],[],D41,False,"['50 to 54', '70 to 74']",3.0
1300648.0,2012-04-29 08:00:00,1340,2012,GEOFFREY ST,SORAUREN AVE,,Collector,Toronto and East York,43.649045,-79.44459,625437.3657,4834068.6608,,No Control,Clear,Daylight,Dry,86,Roncesvalles,86,Roncesvalles (86),Non-Fatal Injury,1,0,1,0,0,0,0,0,0,0,0,0,0,Pedestrian Collisions,"['Vehicle Owner', 'Driver', 'Pedestrian']",North,"['Other', 'Automobile, Station Wagon']",['Reversing'],['Other'],['Normal'],['Vehicle is reversing and hits pedestrian'],['Other'],['Normal'],[],[],[],D11,False,"['unknown', '35 to 39']",3.0
1300655.0,2012-04-29 08:00:00,2115,2012,LESLIE ST,LAWRENCE AVE E,,Major Arterial,North York,43.735245,-79.35619,632376.746,4843779.7895,,No Control,Clear,Dark,Dry,42,Banbury-Don Mills,42,Banbury-Don Mills (42),Non-Fatal Injury,0,0,1,0,0,0,0,0,0,1,0,1,0,Turning Movement,['Driver'],North,"['Automobile, Station Wagon']","['Making U Turn', 'Going Ahead']","['Improper Turn', 'Driving Properly']","['Ability Impaired, Alcohol Over .08', 'Normal']",[],[],[],[],[],[],D33,False,['45 to 49'],3.0
1300673.0,2012-06-25 08:00:00,1210,2012,RATHBURN RD,THE EAST MALL,,Minor Arterial,Etobicoke York,43.654746,-79.565189,615700.5294,4834526.6113,At Intersection,No Control,Clear,Daylight,Dry,11,Eringate-Centennial-West Deane,11,Eringate-Centennial-West Deane (11),Non-Fatal Injury,0,1,1,0,0,0,0,0,0,0,0,0,0,Cyclist Collisions,"['Driver', 'Cyclist']",West,"['Automobile, Station Wagon', 'Bicycle']","['Merging', 'Going Ahead']",['Improper Lane Change'],['Normal'],[],[],[],['Cyclist and Driver travelling in same direction. One vehicle sideswipes the other.'],['Driving Properly'],['Normal'],D22,False,"['60 to 64', '80 to 84']",3.0
1300682.0,2012-06-25 08:00:00,1026,2012,CRESCENT RD,MOUNT PLEASANT RD,,Collector,Toronto and East York,43.678045,-79.37899,630664.8576,4837390.7462,,No Control,Clear,Daylight,Dry,98,Rosedale-Moore Park,98,Rosedale-Moore Park (98),Non-Fatal Injury,0,0,1,0,0,0,0,0,0,0,0,0,0,SMV Unattended Vehicle,"['Other', 'Driver']",East,"['Other', 'Automobile, Station Wagon']","['Parked', 'Going Ahead']",['Lost control'],['Unknown'],[],[],[],[],[],[],D53,False,"['unknown', '60 to 64']",3.0
1300754.0,2012-04-30 08:00:00,1530,2012,DUFFERIN ST,ASCOT AVE,,Major Arterial,Toronto and East York,43.680145,-79.44399,625420.9723,4837523.6337,At Intersection,Traffic Signal,Rain,Daylight,Wet,92,Corso Italia-Davenport,92,Corso Italia-Davenport (92),Non-Fatal Injury,1,0,1,0,0,0,0,0,0,1,0,0,0,Pedestrian Collisions,"['Vehicle Owner', 'Driver', 'Pedestrian']",East,"['Other', 'Automobile, Station Wagon']",['Turning Left'],['Failed to Yield Right of Way'],['Inattentive'],['Vehicle turns left while ped crosses with ROW at inter.'],['Crossing with right of way'],['Normal'],[],[],[],D13,False,"['unknown', '20 to 24']",3.0
1301011.0,2012-05-01 08:00:00,845,2012,O CONNOR Dr,BERMONDSEY RD,,Major Arterial,Toronto and East York,43.713545,-79.30649,636428.4045,4841450.2939,,No Control,Clear,Daylight,Dry,54,O'Connor-Parkview,54,O'Connor-Parkview (54),Non-Fatal Injury,0,1,1,0,0,0,0,0,0,0,0,0,0,Cyclist Collisions,"['Vehicle Owner', 'Driver', 'Cyclist']",South,"['Other', 'Automobile, Station Wagon', 'Bicycle']","['Turning Right', 'Going Ahead']",['Improper Turn'],['Inattentive'],[],[],[],"['Motorist turns right at non-signal Inter.(stop, yield, no cont.,and dwy) and strikes cyclist.']",['Driving Properly'],['Normal'],D55,False,"['unknown', '35 to 39', '50 to 54']",3.0
1301166.0,2012-05-02 08:00:00,1745,2012,ADELAIDE St W,SPADINA Ave,,Major Arterial,Toronto and East York,43.646745,-79.39559,629393.9911,4833888.4477,,Traffic Signal,Clear,Daylight,Dry,164,Wellington Place,77,Waterfront Communities-The Island (77),Non-Fatal Injury,0,1,1,0,0,0,0,0,0,1,0,0,0,Cyclist Collisions,"['Driver', 'Cyclist']",East,"['Automobile, Station Wagon', 'Bicycle']","['Turning Right', 'Going Ahead']",['Failed to Yield Right of Way'],['Normal'],[],[],[],['Motorist turning right on green or amber at signalized intersection strikes cyclist.'],['Driving Properly'],['Normal'],D14,False,"['45 to 49', '25 to 29']",3.0
1301330.0,2012-05-03 08:00:00,1200,2012,95 KING ST E,,,Major Arterial,Toronto and East York,43.649745,-79.37499,631048.853,4834253.962,,No Control,Clear,Daylight,Dry,168,Downtown Yonge East,75,Church-Yonge Corridor (75),Non-Fatal Injury,0,1,1,0,0,0,0,0,0,0,0,0,0,Cyclist Collisions,"['Driver', 'Cyclist']",East,"['Automobile, Station Wagon', 'Bicycle']","['Stopped', 'Going Ahead']",['Driving Properly'],['Normal'],[],[],[],['Cyclist struck opened vehicle door'],['Driving Properly'],['Normal'],D51,False,"['40 to 44', '25 to 29']",3.0
1301352.0,2012-05-04 08:00:00,1200,2012,LOGAN AVE,GOWAN AVE,,Local,Toronto and East York,43.687545,-79.35289,632747.7698,4838487.3008,,No Control,Clear,Daylight,Dry,57,Broadview North,57,Broadview North (57),Non-Fatal Injury,1,0,1,0,0,0,0,0,0,0,0,0,0,Pedestrian Collisions,"['Pedestrian', 'Driver']",East,"['Other', 'Automobile, Station Wagon']",['Reversing'],['Other'],['Normal'],['Vehicle is reversing and hits pedestrian'],['Other'],['Normal'],[],[],[],D55,False,"['60 to 64', '50 to 54']",3.0
1301426.0,2012-05-04 08:00:00,2310,2012,475 UNWIN AVE,,,Other,Toronto and East York,43.648545,-79.32749,634882.2177,4834196.7951,,No Control,Clear,Dark,Dry,70,South Riverdale,70,South Riverdale (70),Non-Fatal Injury,0,0,1,0,0,0,0,1,1,1,0,0,0,SMV Other,"['Passenger', 'Driver', 'Other Property Owner']",North,"['Other', 'Automobile, Station Wagon']",['Going Ahead'],['Speed too Fast For Condition'],['Normal'],[],[],[],[],[],[],D55,False,"['20 to 24', 'unknown']",3.0
1301507.0,2012-05-05 08:00:00,1610,2012,COLLEGE St,SHAW St,,Major Arterial,Toronto and East York,43.654945,-79.42029,627384.6051,4834760.9498,At Intersection,Stop Sign,Clear,Daylight,Dry,80,Palmerston-Little Italy,80,Palmerston-Little Italy (80),Non-Fatal Injury,0,1,1,0,0,0,0,0,0,1,0,0,0,Cyclist Collisions,"['Vehicle Owner', 'Driver', 'Cyclist']",South,"['Other', 'Automobile, Station Wagon', 'Bicycle']","['Turning Left', 'Going Ahead']",['Failed to Yield Right of Way'],['Normal'],[],[],[],['Motorist turned left across cyclists path.'],['Speed too Fast For Condition'],['Normal'],D14,False,"['unknown', '45 to 49', '20 to 24']",3.0