accident_number,date,time,year,street1,street2,offset,road_class,district,latitude,longitude,x,y,accident_location,traffctl,visibility,light,road_surface_condition,hood_158,neighbourhood_new,hood_140,neighbourhood_old,accident_class,pedestrian,cyclist,automobile,motorcycle,truck,trsn_city_veh,emerg_veh,passenger,speeding,aggressive_driving,redlight,alcohol,disability,impact_type,involvement_type,initial_direction,vehicle_type,manoeuver,driver_action,driver_condition,pedestrian_type,pedestrian_action,pedestrian_condition,cyclist_type,cyclist_action,cyclist_condition,division,injury,involvement_age,injury_severity_score
1301520.0,2012-05-05 08:00:00,1731,2012,EGLINTON AVE W,ATLAS AVE,,Major Arterial,North York,43.698245,-79.43839,625834.5049,4839542.3696,,No Control,Clear,Daylight,Dry,107,Oakwood Village,107,Oakwood Village (107),Non-Fatal Injury,0,0,1,0,0,0,0,1,0,1,0,0,0,Rear End,"['Driver', 'Passenger']",East,"['Automobile, Station Wagon', 'Other']","['Going Ahead', 'Stopped']","['Following too Close', 'Driving Properly']",['Normal'],[],[],[],[],[],[],D13,False,"['30 to 34', '75 to 79', '20 to 24', '45 to 49']",3.0
1301640.0,2012-06-29 08:00:00,1030,2012,DUFFERIN ST,CLOVERLAWN AVE,,Major Arterial,Toronto and East York,43.681243,-79.444392,625386.2819,4837644.9736,,No Control,Clear,Daylight,Dry,92,Corso Italia-Davenport,92,Corso Italia-Davenport (92),Non-Fatal Injury,1,0,0,0,0,1,0,0,0,0,0,0,0,Pedestrian Collisions,"['Vehicle Owner', 'Driver', 'Pedestrian']",North,"['Other', 'Municipal Transit Bus (TTC)']",['Changing Lanes'],['Driving Properly'],['Normal'],['Pedestrian involved in a collision with transit vehicle anywhere along roadway'],['Running onto Roadway'],['Unknown'],[],[],[],D13,False,"['unknown', '45 to 49', '65 to 69']",3.0
1301786.0,2012-07-01 08:00:00,1940,2012,MARTIN GROVE RD,FINCH AVE W,,Major Arterial,Etobicoke York,43.736745,-79.59169,613408.8494,4843597.0925,At Intersection,Traffic Signal,Clear,Daylight,Dry,1,West Humber-Clairville,1,West Humber-Clairville (1),Non-Fatal Injury,1,0,1,0,0,0,0,0,0,1,0,0,0,Pedestrian Collisions,"['Driver', 'Pedestrian']",North,"['Automobile, Station Wagon', 'Other']",['Turning Left'],['Failed to Yield Right of Way'],['Normal'],['Vehicle turns left while ped crosses with ROW at inter.'],['Crossing with right of way'],['Normal'],[],[],[],D23,False,"['50 to 54', '65 to 69']",3.0
1301789.0,2012-07-02 08:00:00,1815,2012,FINCH AVE W,KIPLING AVE,,Major Arterial,Etobicoke York,43.743145,-79.58279,614113.3979,4844320.1237,,No Control,Clear,Daylight,Dry,2,Mount Olive-Silverstone-Jamestown,2,Mount Olive-Silverstone-Jamestown (2),Non-Fatal Injury,0,0,0,1,0,0,0,0,1,1,0,0,0,SMV Other,['Motorcycle Driver'],West,['Motorcycle'],['Going Ahead'],['Speed too Fast For Condition'],['Normal'],[],[],[],[],[],[],D23,False,['25 to 29'],3.0
1301842.0,2012-05-06 08:00:00,2100,2012,MANSE Rd,MANSEWOOD Gard,,Collector,Scarborough,43.769345,-79.17579,646821.2014,4847871.1744,,No Control,Clear,"Dusk, artificial",Dry,136,West Hill,136,West Hill (136),Non-Fatal Injury,0,0,1,0,0,0,0,1,0,0,0,0,0,Sideswipe,"['Passenger', 'Driver']",North,"['Other', 'Automobile, Station Wagon']",['Going Ahead'],"['Driving Properly', 'Lost control']","['Normal', 'Unknown']",[],[],[],[],[],[],D43,False,"['65 to 69', '70 to 74', '75 to 79']",3.0
1301849.0,2012-05-07 08:00:00,1510,2012,O CONNOR DR,GLENWOOD CRES,,Major Arterial,Toronto and East York,43.702745,-79.31559,635719.6778,4840235.861,At Intersection,Traffic Signal,Clear,Daylight,Dry,54,O'Connor-Parkview,54,O'Connor-Parkview (54),Non-Fatal Injury,0,0,1,0,0,0,0,0,1,1,0,0,1,SMV Other,"['Vehicle Owner', 'Driver', 'Other Property Owner']",North,"['Other', 'Automobile, Station Wagon']",['Going Ahead'],['Lost control'],['Medical or Physical Disability'],[],[],[],[],[],[],D55,False,"['unknown', '20 to 24']",3.0
1301986.0,2012-06-28 08:00:00,155,2012,UNIVERSITY AVE,ELM ST,,Major Arterial,Toronto and East York,43.656345,-79.38899,629905.5807,4834964.9652,At Intersection,Traffic Signal,Clear,"Dark, artificial",Dry,78,Kensington-Chinatown,78,Kensington-Chinatown (78),Non-Fatal Injury,0,1,1,0,0,0,0,0,0,0,0,0,0,Cyclist Collisions,"['Driver', 'Cyclist']",East,"['Automobile, Station Wagon', 'Bicycle']","['Turning Left', 'Going Ahead']",['Driving Properly'],['Normal'],[],[],[],"['Cyclist without ROW rides into path of motorist at inter, lnwy, dwy-Cyclist not turn.']",['Other'],['Unknown'],D52,False,"['40 to 44', '50 to 54']",3.0
1302089.0,2012-05-10 08:00:00,1810,2012,PETER ST,ADELAIDE ST W,,Major Arterial,Toronto and East York,43.647245,-79.39279,629618.7351,4833948.3487,,No Control,Clear,Dusk,Dry,164,Wellington Place,77,Waterfront Communities-The Island (77),Non-Fatal Injury,0,1,1,0,0,0,0,0,0,0,0,0,0,Cyclist Collisions,"['Driver', 'Cyclist']",North,"['Automobile, Station Wagon', 'Bicycle']","['Stopped', 'Overtaking']",['Driving Properly'],['Normal'],[],[],[],['Cyclist struck opened vehicle door'],['Driving Properly'],['Unknown'],D52,False,"['45 to 49', '20 to 24']",3.0
1302130.0,2012-05-10 08:00:00,1015,2012,DUNDAS ST W,GORE VALE AVE,,Major Arterial,Toronto and East York,43.650845,-79.41339,627949.7192,4834316.207,,No Control,Clear,Daylight,Dry,81,Trinity-Bellwoods,81,Trinity-Bellwoods (81),Non-Fatal Injury,0,1,1,0,0,0,0,0,0,1,0,0,0,Cyclist Collisions,"['Vehicle Owner', 'Driver', 'Cyclist']",East,"['Other', 'Automobile, Station Wagon', 'Bicycle']",['Going Ahead'],['Improper Passing'],['Normal'],[],[],[],['Cyclist and Driver travelling in same direction. One vehicle sideswipes the other.'],['Driving Properly'],['Normal'],D14,False,"['unknown', '25 to 29', '65 to 69']",3.0
1302144.0,2012-05-09 08:00:00,8,2012,KING ST W,BRANT ST,,Major Arterial,Toronto and East York,43.645045,-79.39689,629292.7934,4833697.6145,,No Control,Clear,"Dark, artificial",Dry,164,Wellington Place,77,Waterfront Communities-The Island (77),Non-Fatal Injury,0,0,1,1,0,0,0,0,0,0,0,0,0,Sideswipe,"['Motorcycle Driver', 'Vehicle Owner', 'Driver']",East,"['Motorcycle', 'Other', 'Automobile, Station Wagon']","['Going Ahead', 'Changing Lanes', 'Stopped']","['Driving Properly', 'Improper Lane Change']","['Normal', 'Inattentive']",[],[],[],[],[],[],D14,False,"['25 to 29', 'unknown', '40 to 44']",3.0
1302166.0,2020-07-14 08:00:00,135,2020,SOUTH KINGSWAY,QUEENSWAY S KINGSWAY RAMP,2 m South of,Minor Arterial,Toronto and East York,43.636096,-79.474475,623053.6755,4832585.7717,Non Intersection,No Control,Clear,Dark,Dry,87,High Park-Swansea,87,High Park-Swansea (87),Non-Fatal Injury,0,0,1,1,0,0,0,0,1,1,0,0,0,Angle,"['Motorcycle Driver', 'Driver']",North,"['Motorcycle', 'Automobile, Station Wagon']","['Going Ahead', 'Unknown']","['Exceeding Speed Limit', 'Driving Properly']","['Had Been Drinking', 'Unknown']",[],[],[],[],[],[],D11,False,"['30 to 34', 'unknown']",3.0
1302226.0,2012-06-22 08:00:00,1940,2012,YORK MILLS RD,FENSIDE DR,,Major Arterial,North York,43.760645,-79.32769,634614.9354,4846646.7701,At Intersection,Traffic Signal,Clear,Daylight,Dry,150,Fenside-Parkwoods,45,Parkwoods-Donalda (45),Non-Fatal Injury,1,0,1,0,0,0,0,0,0,1,0,0,0,Pedestrian Collisions,"['Driver', 'Pedestrian']",North,"['Automobile, Station Wagon', 'Other']",['Turning Left'],['Failed to Yield Right of Way'],['Normal'],['Vehicle turns left while ped crosses with ROW at inter.'],['Crossing with right of way'],['Normal'],[],[],[],D33,False,"['30 to 34', '50 to 54']",3.0
1302395.0,2012-06-27 08:00:00,1910,2012,TIPPET RD,WILSON AVE,,Major Arterial,North York,43.734576,-79.447261,625044.0828,4843564.0157,At Intersection,Traffic Signal,Clear,Daylight,Dry,33,Clanton Park,33,Clanton Park (33),Non-Fatal Injury,0,1,1,0,0,0,0,0,0,0,0,0,0,Cyclist Collisions,"['Driver', 'Cyclist']",East,"['Automobile, Station Wagon', 'Bicycle']",['Going Ahead'],['Driving Properly'],['Normal'],[],[],[],"['Cyclist without ROW rides into path of motorist at inter, lnwy, dwy-Cyclist not turn.']",['Disobeyed Traffic Control'],['Inattentive'],D32,False,"['60 to 64', '55 to 59']",3.0
1302410.0,2012-07-06 08:00:00,2212,2012,MARKHAM Rd,MCNICOLL Ave,,Major Arterial,Scarborough,43.823245,-79.24749,640923.6023,4853732.9931,,No Control,Clear,"Dark, artificial",Dry,144,Morningside Heights,131,Rouge (131),Non-Fatal Injury,0,0,1,0,0,0,0,1,1,1,0,0,0,SMV Other,"['Passenger', 'Driver']",South,"['Other', 'Automobile, Station Wagon']",['Going Ahead'],['Exceeding Speed Limit'],['Unknown'],[],[],[],[],[],[],D42,False,['20 to 24'],3.0
1302631.0,2012-07-08 08:00:00,1855,2012,SHEPPARD AVE W,WILSON HEIGHTS BLVD,,Major Arterial,North York,43.751645,-79.45669,624249.4311,4845445.5909,At Intersection,Traffic Signal,Clear,Daylight,Dry,33,Clanton Park,33,Clanton Park (33),Fatal,1,0,1,0,0,0,0,0,0,1,0,0,0,Pedestrian Collisions,"['Driver', 'Pedestrian']",North,"['Automobile, Station Wagon', 'Other']",['Turning Left'],['Failed to Yield Right of Way'],['Normal'],['Vehicle turns left while ped crosses with ROW at inter.'],['Crossing with right of way'],['Unknown'],[],[],[],D32,True,"['20 to 24', '25 to 29']",4.0
1302753.0,2012-07-09 08:00:00,323,2012,KEELE ST,FINCH AVE W,,Major Arterial,Etobicoke York,43.763445,-79.49099,621464.0928,4846705.2771,At Intersection,Traffic Signal,Clear,"Dark, artificial",Dry,27,York University Heights,27,York University Heights (27),Non-Fatal Injury,0,0,1,0,0,0,0,0,0,0,0,0,0,SMV Other,['Driver'],North,"['Automobile, Station Wagon']",['Going Ahead'],['Lost control'],['Unknown'],[],[],[],[],[],[],D31,False,['25 to 29'],3.0
1302903.0,2012-07-09 08:00:00,907,2012,ACE LANE,WOLSELEY ST,,Local,Toronto and East York,43.647745,-79.40369,628738.5915,4833986.9134,At Intersection,No Control,Clear,Daylight,Dry,78,Kensington-Chinatown,78,Kensington-Chinatown (78),Fatal,0,0,1,0,0,0,0,1,0,0,0,0,0,SMV Other,"['Passenger', 'Driver']",West,"['Other', 'Automobile, Station Wagon']",['Going Ahead'],['Lost control'],['Normal'],[],[],[],[],[],[],D14,True,"['80 to 84', '85 to 89']",4.0
1303045.0,2012-05-14 08:00:00,1936,2012,WARDEN AVE,HUNTINGWOOD DR,,Major Arterial,Scarborough,43.785445,-79.31089,635911.0973,4849428.6397,At Intersection,Traffic Signal,Clear,Dusk,Dry,118,Tam O'Shanter-Sullivan,118,Tam O'Shanter-Sullivan (118),Non-Fatal Injury,0,0,1,1,0,0,0,0,1,1,0,0,0,Turning Movement,"['Vehicle Owner', 'Motorcycle Driver', 'Driver']",North,"['Other', 'Motorcycle', 'Automobile, Station Wagon']","['Going Ahead', 'Turning Left']","['Exceeding Speed Limit', 'Driving Properly']",['Normal'],[],[],[],[],[],[],D42,False,"['unknown', '20 to 24', '25 to 29']",3.0
1303894.0,2012-05-23 08:00:00,1835,2012,QUEEN ST E,OLD BREWERY  LANE,,Major Arterial,Toronto and East York,43.657645,-79.35519,632628.2487,4835162.8204,At Intersection,No Control,Clear,Daylight,Dry,73,Moss Park,73,Moss Park (73),Non-Fatal Injury,0,0,1,0,0,0,0,0,0,1,0,0,0,Turning Movement,"['Driver', 'Vehicle Owner']",East,"['Automobile, Station Wagon', 'Other']","['Going Ahead', 'Turning Left']","['Driving Properly', 'Failed to Yield Right of Way']",['Normal'],[],[],[],[],[],[],D51,False,"['30 to 34', 'unknown', '60 to 64']",3.0
1303942.0,2012-05-21 08:00:00,640,2012,GOODWOOD AVE,SELLERS AVE,,Local,Toronto and East York,43.680945,-79.44479,625354.8223,4837611.275,,No Control,Clear,Daylight,Dry,92,Corso Italia-Davenport,92,Corso Italia-Davenport (92),Non-Fatal Injury,0,1,1,0,0,0,0,0,0,0,0,0,0,Cyclist Collisions,"['Vehicle Owner', 'Driver', 'Cyclist']",South,"['Other', 'Automobile, Station Wagon', 'Bicycle']",['Going Ahead'],['Driving Properly'],['Normal'],[],[],[],"['Cyclist without ROW rides into path of motorist at inter, lnwy, dwy-Cyclist not turn.']",['Failed to Yield Right of Way'],['Inattentive'],D13,False,"['unknown', '25 to 29', '10 to 14']",3.0
1304055.0,2012-07-13 08:00:00,2151,2012,EGLINTON AVE E,BRIMLEY RD,,Major Arterial,Scarborough,43.736445,-79.24899,641006.892,4844089.9296,,No Control,Clear,"Dark, artificial",Dry,124,Kennedy Park,124,Kennedy Park (124),Fatal,1,0,1,0,0,0,0,0,0,0,0,0,0,Pedestrian Collisions,"['Driver', 'Pedestrian']",North,"['Automobile, Station Wagon', 'Other']",['Going Ahead'],['Driving Properly'],['Normal'],['Pedestrian hit at mid-block'],"['Crossing, no Traffic Control']",['Unknown'],[],[],[],D41,True,"['20 to 24', '45 to 49']",4.0
1304249.0,2012-05-26 08:00:00,1044,2012,BATHURST St,BRIAR HILL Ave,,Major Arterial,North York,43.707945,-79.42709,626724.628,4840636.9017,At Intersection,Traffic Signal,Clear,Daylight,Dry,102,Forest Hill North,102,Forest Hill North (102),Non-Fatal Injury,0,0,1,1,0,0,0,0,0,0,0,0,0,Rear End,"['Motorcycle Driver', 'Driver']",South,"['Motorcycle', 'Automobile, Station Wagon']","['Going Ahead', 'Stopped']","['Lost control', 'Driving Properly']",['Normal'],[],[],[],[],[],[],D13,False,"['20 to 24', '50 to 54']",3.0
1304471.0,2012-05-24 08:00:00,1905,2012,CHURCH ST,WESTON RD,,Minor Arterial,Etobicoke York,43.703045,-79.52539,618814.5069,4839947.1173,At Intersection,Traffic Signal,Clear,Daylight,Dry,113,Weston,113,Weston (113),Non-Fatal Injury,0,1,1,0,0,0,0,0,0,0,0,0,0,Cyclist Collisions,"['Driver', 'Cyclist']",South,"['Automobile, Station Wagon', 'Bicycle']","['Turning Right', 'Stopped']",['Improper Turn'],['Inattentive'],[],[],[],['Motorist turning right on red at signalized intersection strikes cyclist.'],['Driving Properly'],['Normal'],D12,False,"['35 to 39', '60 to 64']",3.0
1304816.0,2012-05-30 08:00:00,900,2012,VICTORIA PARK AVE,SUNRISE AVE,,Major Arterial,North York,43.719745,-79.30059,636889.5921,4842148.6221,At Intersection,Traffic Signal,Clear,Daylight,Dry,43,Victoria Village,43,Victoria Village (43),Non-Fatal Injury,1,0,1,0,0,0,0,0,0,1,0,0,0,Pedestrian Collisions,"['Driver', 'Pedestrian']",East,"['Automobile, Station Wagon', 'Other']",['Turning Left'],['Failed to Yield Right of Way'],['Inattentive'],['Vehicle turns left while ped crosses with ROW at inter.'],['Crossing with right of way'],['Normal'],[],[],[],D55,False,"['75 to 79', '60 to 64']",3.0
1304929.0,2012-05-29 08:00:00,1836,2012,HUDSON DR,INGLEWOOD DR E,,Local,Toronto and East York,43.690945,-79.37619,630862.5072,4838827.8834,,No Control,Clear,Daylight,Dry,98,Rosedale-Moore Park,98,Rosedale-Moore Park (98),Non-Fatal Injury,0,0,1,0,0,0,0,0,1,1,0,0,0,SMV Unattended Vehicle,"['Driver', 'Other']",North,"['Automobile, Station Wagon', 'Other']","['Reversing', 'Parked']",['Other'],['Normal'],[],[],[],[],[],[],D53,False,"['75 to 79', 'unknown']",3.0
1304934.0,2012-05-24 08:00:00,1427,2012,ROSEDALE VALLEY RD,BAYVIEW S ROSEDALE VL RAMP,,Minor Arterial,Toronto and East York,43.670245,-79.36169,632076.4849,4836551.8498,At Intersection,No Control,Clear,Daylight,Dry,71,Cabbagetown-South St.James Town,71,Cabbagetown-South St.James Town (71),Non-Fatal Injury,0,1,1,0,0,0,0,0,0,0,0,0,0,Cyclist Collisions,"['Driver', 'Cyclist']",East,"['Automobile, Station Wagon', 'Bicycle']","['Changing Lanes', 'Merging']",['Improper Lane Change'],['Normal'],[],[],[],['Cyclist and Driver travelling in same direction. One vehicle sideswipes the other.'],['Driving Properly'],['Normal'],D51,False,"['30 to 34', '60 to 64']",3.0
1304939.0,2012-05-30 08:00:00,1315,2012,DUNDAS ST W,MANNING AVE,,Major Arterial,Toronto and East York,43.651345,-79.41089,628150.2665,4834375.5962,At Intersection,Traffic Signal,Clear,Daylight,Dry,81,Trinity-Bellwoods,81,Trinity-Bellwoods (81),Non-Fatal Injury,0,1,1,0,0,0,0,0,0,0,0,0,0,Cyclist Collisions,"['Driver', 'Cyclist']",East,"['Automobile, Station Wagon', 'Bicycle']","['Stopped', 'Going Ahead']",['Driving Properly'],['Normal'],[],[],[],['Cyclist and Driver travelling in same direction. One vehicle rear-ended the other.'],['Lost control'],['Fatigue'],D14,False,"['25 to 29', '40 to 44']",3.0
1305179.0,2012-06-03 08:00:00,1915,2012,KINGSTON RD,MEADOWVALE RD,,Minor Arterial,Scarborough,43.788745,-79.16219,647867.9749,4850050.0609,At Intersection,No Control,Clear,Daylight,Dry,134,Highland Creek,134,Highland Creek (134),Non-Fatal Injury,0,0,1,1,0,0,0,0,0,0,0,0,1,Turning Movement,"['Motorcycle Driver', 'Driver']",East,"['Motorcycle', 'Automobile, Station Wagon']","['Going Ahead', 'Turning Left']","['Driving Properly', 'Improper Turn']","['Normal', 'Medical or Physical Disability']",[],[],[],[],[],[],D43,False,['40 to 44'],3.0
1305187.0,2012-06-03 08:00:00,1720,2012,COLLEGE ST,BORDEN ST,,Major Arterial,Toronto and East York,43.657145,-79.40519,628597.5546,4835028.5806,At Intersection,No Control,Clear,Daylight,Dry,79,University,79,University (79),Non-Fatal Injury,0,1,0,0,0,0,0,0,0,0,0,0,0,Cyclist Collisions,"['Driver', 'Cyclist']",East,"['Other', 'Bicycle']","['Parked', 'Going Ahead']",['Other'],['Normal'],[],[],[],['Cyclist struck opened vehicle door'],['Driving Properly'],['Normal'],D14,False,"['25 to 29', '20 to 24']",3.0
1305265.0,2012-06-04 08:00:00,1739,2012,O CONNOR DR,WOODMOUNT AVE,,Major Arterial,Toronto and East York,43.699445,-79.32139,635259.7641,4839859.8703,,No Control,Rain,Daylight,Wet,58,Old East York,58,Old East York (58),Non-Fatal Injury,0,1,1,0,0,0,0,0,0,0,0,0,0,Other,['Moped Driver'],East,"['Automobile, Station Wagon']",['Going Ahead'],['Lost control'],['Normal'],[],[],[],[],[],[],D55,False,['55 to 59'],3.0
1305291.0,2012-06-02 08:00:00,1218,2012,32 SUNCREST DR,,,Local,North York,43.726645,-79.35879,632186.2831,4842820.483,,No Control,Clear,Daylight,Dry,41,Bridle Path-Sunnybrook-York Mills,41,Bridle Path-Sunnybrook-York Mills (41),Non-Fatal Injury,0,1,1,0,0,0,0,0,0,0,0,0,0,Cyclist Collisions,"['Driver', 'Cyclist']",North,"['Automobile, Station Wagon', 'Bicycle']","['Reversing', 'Going Ahead']",['Other'],['Inattentive'],[],[],[],['Motorist reversing struck cyclist.'],['Other'],['Normal'],D33,False,"['70 to 74', '50 to 54']",3.0
1305359.0,2012-06-05 08:00:00,1725,2012,BLOOR ST W,DUFFERIN ST,,Major Arterial,Toronto and East York,43.659845,-79.43539,626156.6981,4835282.0888,,Traffic Signal,Clear,Daylight,Dry,83,Dufferin Grove,83,Dufferin Grove (83),Non-Fatal Injury,0,1,1,0,0,0,0,1,0,0,0,0,0,Cyclist Collisions,"['Passenger', 'Vehicle Owner', 'Driver', 'Cyclist']",West,"['Other', 'Automobile, Station Wagon', 'Bicycle']","['Stopped', 'Going Ahead']",['Other'],['Normal'],[],[],[],['Cyclist struck opened vehicle door'],['Driving Properly'],['Normal'],D11,False,"['unknown', '50 to 54', '35 to 39']",3.0
1305383.0,2012-06-05 08:00:00,2045,2012,DUFFERIN ST,BLOOR ST W,,Major Arterial,Toronto and East York,43.659845,-79.43539,626156.6981,4835282.0888,At Intersection,Traffic Signal,Clear,Dusk,Dry,83,Dufferin Grove,83,Dufferin Grove (83),Non-Fatal Injury,0,1,1,0,0,0,0,1,0,0,0,0,0,Cyclist Collisions,"['Driver', 'Passenger', 'Cyclist']",North,"['Automobile, Station Wagon', 'Other', 'Bicycle']",['Going Ahead'],['Driving Properly'],['Normal'],[],[],[],"['Cyclist without ROW rides into path of motorist at inter, lnwy, dwy-Cyclist not turn.']",['Disobeyed Traffic Control'],['Unknown'],D11,False,"['25 to 29', '30 to 34', '20 to 24']",3.0
1305388.0,2012-06-04 08:00:00,1000,2012,LOBB AVE,SHAW ST,,Collector,Toronto and East York,43.646945,-79.41709,627659.5972,4833877.363,At Intersection,Traffic Signal,Clear,Daylight,Dry,81,Trinity-Bellwoods,81,Trinity-Bellwoods (81),Non-Fatal Injury,0,1,1,0,0,0,0,0,0,1,0,0,0,Cyclist Collisions,"['Driver', 'Cyclist']",East,"['Automobile, Station Wagon', 'Bicycle']","['Turning Left', 'Going Ahead']",['Failed to Yield Right of Way'],['Normal'],[],[],[],['Motorist turned left across cyclists path.'],['Driving Properly'],['Normal'],D14,False,"['50 to 54', '30 to 34']",3.0
1305406.0,2012-06-05 08:00:00,1807,2012,QUEEN ST W,PETER ST,,Major Arterial,Toronto and East York,43.649279,-79.393665,629543.7945,4834172.8846,Intersection Related,Streetcar (Stop for),Clear,Daylight,Dry,164,Wellington Place,77,Waterfront Communities-The Island (77),Non-Fatal Injury,1,1,0,0,0,1,0,0,0,0,0,0,0,Pedestrian Collisions,"['Vehicle Owner', 'Driver - Not Hit', 'Pedestrian', 'Cyclist']",East,"['Street Car', 'Bicycle']",['Going Ahead'],[],[],['Pedestrian hit at mid-block'],['Person Getting on/off Vehicle'],['Normal'],['Cyclist strikes pedestrian.'],['Failed to Yield Right of Way'],['Inattentive'],D52,False,"['unknown', '35 to 39', '60 to 64', '20 to 24']",3.0
1305424.0,2012-06-05 08:00:00,647,2012,SHERBOURNE ST,HOWARD ST,,Minor Arterial,Toronto and East York,43.671245,-79.37639,630889.2211,4836639.6133,At Intersection,Traffic Signal,Clear,Daylight,Dry,74,North St.James Town,74,North St.James Town (74),Non-Fatal Injury,0,0,0,0,0,1,0,1,0,0,0,0,0,Other,"['Vehicle Owner', 'Driver', 'Passenger']",North,"['Other', 'Municipal Transit Bus (TTC)']",['Slowing or Stopping'],['Driving Properly'],['Normal'],[],[],[],[],[],[],D51,False,"['unknown', '55 to 59', '65 to 69']",3.0
1305650.0,2012-06-07 08:00:00,2000,2012,WALLACE AVE,PERTH AVE,,Local,Toronto and East York,43.661045,-79.45059,624928.6004,4835392.3654,At Intersection,Stop Sign,Clear,"Dark, artificial",Dry,171,Junction-Wallace Emerson,93,Dovercourt-Wallace Emerson-Junction (93),Non-Fatal Injury,0,1,1,0,0,0,0,0,0,1,0,0,0,Cyclist Collisions,"['Driver', 'Cyclist']",East,"['Automobile, Station Wagon', 'Bicycle']",['Going Ahead'],['Failed to Yield Right of Way'],['Unknown'],[],[],[],"['Motorist without ROW drives into path of cyclist at inter, lnwy, dwy-Driver not turn.']",['Driving Properly'],['Had Been Drinking'],D11,False,"['unknown', '45 to 49']",3.0
1305685.0,2012-06-06 08:00:00,2231,2012,YONGE ST,CARLTON ST,,Major Arterial,Toronto and East York,43.660745,-79.38289,630387.9419,4835463.2119,,No Control,Clear,"Dark, artificial",Dry,170,Yonge-Bay Corridor,76,Bay Street Corridor (76),Non-Fatal Injury,1,0,1,0,0,0,0,0,0,0,0,0,0,Pedestrian Collisions,"['Driver', 'Pedestrian']",East,"['Automobile, Station Wagon', 'Other']",['Going Ahead'],['Driving Properly'],['Normal'],['Pedestrian hit at mid-block'],['Running onto Roadway'],['Unknown'],[],[],[],D52,False,"['60 to 64', '15 to 19']",3.0
1305695.0,2012-06-07 08:00:00,930,2012,PARLIAMENT ST,QUEEN ST E,,Minor Arterial,Toronto and East York,43.656445,-79.36479,631856.7767,4835014.2439,,No Control,Clear,Daylight,Dry,72,Regent Park,72,Regent Park (72),Non-Fatal Injury,0,0,0,0,0,1,0,1,0,0,0,0,0,Other,"['Passenger', 'Vehicle Owner', 'Driver']",South,"['Other', 'Municipal Transit Bus (TTC)']",['Going Ahead'],['Driving Properly'],['Normal'],[],[],[],[],[],[],D51,False,"['45 to 49', 'unknown', '50 to 54']",3.0
1305919.0,2012-06-10 08:00:00,1916,2012,BLOOR Stre W,PALMERSTON Boul,,Major Arterial,Toronto and East York,43.664545,-79.41379,627888.3739,4835837.1556,,Traffic Signal,Clear,Daylight,Dry,80,Palmerston-Little Italy,80,Palmerston-Little Italy (80),Non-Fatal Injury,0,1,1,0,0,0,0,0,0,0,0,0,0,Cyclist Collisions,"['Driver', 'Cyclist']",East,"['Automobile, Station Wagon', 'Bicycle']","['Parked', 'Overtaking']",['Other'],['Normal'],[],[],[],['Cyclist struck opened vehicle door'],['Driving Properly'],['Normal'],D14,False,"['50 to 54', '45 to 49']",3.0
1305957.0,2012-07-12 08:00:00,2235,2012,THE EAST MALL,WEST DEANE PARK Dr,,Minor Arterial,Etobicoke York,43.657545,-79.56829,615445.105,4834833.1569,At Intersection,No Control,Clear,"Dark, artificial",Dry,11,Eringate-Centennial-West Deane,11,Eringate-Centennial-West Deane (11),Non-Fatal Injury,0,0,0,1,0,0,0,0,1,1,0,0,0,SMV Other,['Motorcycle Driver'],East,['Motorcycle'],['Going Ahead'],['Lost control'],['Unknown'],[],[],[],[],[],[],D22,False,['25 to 29'],3.0
1306017.0,2012-07-23 08:00:00,208,2012,SHERBOURNE ST,GERRARD ST E,,Minor Arterial,Toronto and East York,43.662045,-79.37259,631215.61,4835623.8327,,No Control,Clear,Dark,Dry,73,Moss Park,73,Moss Park (73),Non-Fatal Injury,1,0,1,0,0,0,0,0,0,0,0,0,0,Pedestrian Collisions,"['Driver', 'Pedestrian']",North,"['Automobile, Station Wagon', 'Other']",['Going Ahead'],['Driving Properly'],['Normal'],['Pedestrian hit at mid-block'],['Other'],"['Ability Impaired, Alcohol Over .80']",[],[],[],D51,False,"['65 to 69', '40 to 44']",3.0
1306296.0,2012-06-13 08:00:00,1752,2012,DON JAIL Road,BROADVIEW Aven,,Minor Arterial,Toronto and East York,43.666145,-79.35289,632794.968,4836110.5383,At Intersection,No Control,Clear,Daylight,Dry,68,North Riverdale,68,North Riverdale (68),Non-Fatal Injury,0,1,1,0,0,0,0,0,0,1,0,0,0,Cyclist Collisions,"['Driver', 'Cyclist']",South,"['Automobile, Station Wagon', 'Bicycle']",['Going Ahead'],['Failed to Yield Right of Way'],['Inattentive'],[],[],[],"['Motorist without ROW drives into path of cyclist at inter, lnwy, dwy-Driver not turn.']",['Driving Properly'],['Normal'],D55,False,"['60 to 64', '40 to 44']",3.0
1306426.0,2012-06-13 08:00:00,1239,2012,WESTON RD,SHEPPARD AVE W,,Major Arterial,Etobicoke York,43.733745,-79.53819,617723.0235,4843338.5169,At Intersection,Traffic Signal,Clear,Daylight,Dry,23,Pelmo Park-Humberlea,23,Pelmo Park-Humberlea (23),Non-Fatal Injury,1,0,1,0,0,0,0,0,0,1,0,0,0,Pedestrian Collisions,"['Vehicle Owner', 'Driver', 'Pedestrian']",West,"['Other', 'Automobile, Station Wagon']",['Turning Right'],['Failed to Yield Right of Way'],['Inattentive'],['Vehicle turns right while ped crosses with ROW at inter.'],['Crossing with right of way'],['Normal'],[],[],[],D31,False,"['unknown', '20 to 24', '70 to 74']",3.0