accident_number,date,time,year,street1,street2,offset,road_class,district,latitude,longitude,x,y,accident_location,traffctl,visibility,light,road_surface_condition,hood_158,neighbourhood_new,hood_140,neighbourhood_old,accident_class,pedestrian,cyclist,automobile,motorcycle,truck,trsn_city_veh,emerg_veh,passenger,speeding,aggressive_driving,redlight,alcohol,disability,impact_type,involvement_type,initial_direction,vehicle_type,manoeuver,driver_action,driver_condition,pedestrian_type,pedestrian_action,pedestrian_condition,cyclist_type,cyclist_action,cyclist_condition,division,injury,involvement_age,injury_severity_score
1306447.0,2012-06-14 08:00:00,1243,2012,AVENUE RD,ELGIN AVE,,Major Arterial,Toronto and East York,43.671445,-79.39529,629365.13,4836632.1774,,No Control,Clear,Daylight,Dry,95,Annex,95,Annex (95),Non-Fatal Injury,1,0,1,0,0,0,0,0,0,0,0,0,0,Pedestrian Collisions,"['Pedestrian', 'Driver']",East,"['Other', 'Automobile, Station Wagon']",['Going Ahead'],['Driving Properly'],['Normal'],['Pedestrian hit at mid-block'],['Running onto Roadway'],['Normal'],[],[],[],D53,False,"['20 to 24', '60 to 64']",3.0
1306461.0,2012-07-24 08:00:00,740,2012,FINCH AVE W,MILADY RD,,Major Arterial,Etobicoke York,43.747345,-79.56439,615586.888,4844812.1024,,No Control,Clear,Daylight,Dry,21,Humber Summit,21,Humber Summit (21),Non-Fatal Injury,1,0,1,0,0,0,0,0,0,0,0,0,0,Pedestrian Collisions,"['Pedestrian', 'Driver']",East,"['Other', 'Automobile, Station Wagon']",['Going Ahead'],['Driving Properly'],['Unknown'],['Vehicle is going straight thru inter.while ped cross without ROW'],['Crossing without right of way'],['Inattentive'],[],[],[],D31,False,"['10 to 14', '30 to 34']",3.0
1306648.0,2012-06-18 08:00:00,1440,2012,DANFORTH AVE,PAPE AVE,,Major Arterial,Toronto and East York,43.678945,-79.34479,633419.6543,4837545.1504,At Intersection,Traffic Signal,Clear,Daylight,Dry,69,Blake-Jones,69,Blake-Jones (69),Non-Fatal Injury,1,0,1,0,0,0,0,0,0,1,1,0,0,Pedestrian Collisions,"['Driver', 'Pedestrian']",North,"['Automobile, Station Wagon', 'Other']",['Turning Right'],['Disobeyed Traffic Control'],['Normal'],['Vehicle turns right while ped crosses with ROW at inter.'],['Crossing with right of way'],['Normal'],[],[],[],D55,False,"['30 to 34', '40 to 44']",3.0
1306710.0,2012-06-16 08:00:00,1623,2012,DUFFERIN ST,GEARY AVE,,Major Arterial,Toronto and East York,43.669545,-79.43949,625805.8426,4836353.1763,,No Control,Clear,Daylight,Dry,171,Junction-Wallace Emerson,93,Dovercourt-Wallace Emerson-Junction (93),Non-Fatal Injury,0,0,1,1,0,0,0,1,0,1,0,0,0,Turning Movement,"['Motorcycle Passenger', 'Motorcycle Driver', 'Vehicle Owner', 'Driver']",North,"['Other', 'Motorcycle', 'Automobile, Station Wagon']","['Going Ahead', 'Making U Turn']","['Driving Properly', 'Improper Turn']","['Normal', 'Inattentive']",[],[],[],[],[],[],D13,False,"['25 to 29', '35 to 39', 'unknown', '60 to 64']",3.0
1306712.0,2012-06-16 08:00:00,2229,2012,QUEEN ST W,DUNN AVE,,Major Arterial,Toronto and East York,43.641045,-79.43449,626268.6565,4833195.4737,At Intersection,Traffic Signal,Clear,"Dark, artificial",Dry,86,Roncesvalles,86,Roncesvalles (86),Non-Fatal Injury,1,0,1,0,0,0,0,0,0,0,0,0,0,Pedestrian Collisions,"['Driver', 'Pedestrian']",North,"['Automobile, Station Wagon', 'Other']",['Turning Left'],['Driving Properly'],['Normal'],['Other / Undefined'],['Other'],['Medical or Physical Disability'],[],[],[],D11,False,"['20 to 24', '60 to 64']",3.0
1306744.0,2012-06-21 08:00:00,1606,2012,3477 SHEPPARD AVE E,,,Major Arterial,Scarborough,43.779745,-79.30349,636519.5049,4848807.742,,No Control,Clear,Daylight,Dry,118,Tam O'Shanter-Sullivan,118,Tam O'Shanter-Sullivan (118),Non-Fatal Injury,0,1,1,0,0,0,0,0,0,0,0,0,0,Cyclist Collisions,"['Driver', 'Cyclist']",East,"['Automobile, Station Wagon', 'Bicycle']",['Going Ahead'],['Driving Properly'],['Normal'],[],[],[],"['Motorist without ROW drives into path of cyclist at inter, lnwy, dwy-Driver not turn.']",['Other'],['Normal'],D42,False,"['75 to 79', '60 to 64']",3.0
1306825.0,2012-06-19 08:00:00,1542,2012,PARLIAMENT ST,ST JAMES AVE,,Minor Arterial,Toronto and East York,43.670245,-79.37039,631375.105,4836538.0346,At Intersection,No Control,Clear,Daylight,Dry,71,Cabbagetown-South St.James Town,71,Cabbagetown-South St.James Town (71),Non-Fatal Injury,0,0,1,0,0,0,0,0,0,1,0,0,0,Rear End,"['Driver', 'Vehicle Owner']",South,"['Automobile, Station Wagon', 'Other']","['Stopped', 'Slowing or Stopping']","['Driving Properly', 'Following too Close']",['Normal'],[],[],[],[],[],[],D51,False,"['20 to 24', '65 to 69', 'unknown', '25 to 29']",3.0
1306826.0,2012-06-19 08:00:00,1521,2012,JANE ST,LAWRENCE AVE W,,Major Arterial,Etobicoke York,43.702845,-79.50379,620555.3097,4839956.0862,At Intersection,Traffic Signal,Clear,Daylight,Dry,30,Brookhaven-Amesbury,30,Brookhaven-Amesbury (30),Non-Fatal Injury,1,0,1,0,0,0,0,0,0,1,0,0,0,Pedestrian Collisions,"['Driver', 'Pedestrian']",East,"['Automobile, Station Wagon', 'Other']",['Turning Left'],['Failed to Yield Right of Way'],['Inattentive'],['Vehicle turns left while ped crosses with ROW at inter.'],['Crossing with right of way'],['Normal'],[],[],[],D12,False,"['55 to 59', '50 to 54']",3.0
1306967.0,2012-06-17 08:00:00,25,2012,RICHMOND ST W,JOHN ST,,Major Arterial,Toronto and East York,43.649045,-79.39089,629768.0922,4834151.2315,,No Control,Clear,"Dark, artificial",Dry,164,Wellington Place,77,Waterfront Communities-The Island (77),Non-Fatal Injury,1,0,1,0,0,0,0,0,0,0,0,0,0,Pedestrian Collisions,"['Driver', 'Pedestrian']",Unknown,"['Automobile, Station Wagon', 'Other']",['Going Ahead'],['Driving Properly'],['Normal'],['Pedestrian hit at mid-block'],['Walking on Roadway with Traffic'],['Had Been Drinking'],[],[],[],D52,False,['20 to 24'],3.0
1306980.0,2012-06-23 08:00:00,1315,2012,SHEPPARD AVE W,JANE ST,,Major Arterial,Etobicoke York,43.739545,-79.51249,619781.1566,4844019.5237,At Intersection,No Control,Clear,Daylight,Dry,25,Glenfield-Jane Heights,25,Glenfield-Jane Heights (25),Non-Fatal Injury,1,0,1,0,0,0,0,0,0,0,0,0,0,Pedestrian Collisions,"['Driver', 'Pedestrian']",West,"['Automobile, Station Wagon', 'Other']",['Changing Lanes'],['Lost control'],['Other'],['Pedestrian hit on sidewalk or shoulder'],['On Sidewalk or Shoulder'],['Unknown'],[],[],[],D31,False,"['65 to 69', '75 to 79']",3.0
1307048.0,2012-06-24 08:00:00,54,2012,ST CLAIR AVE W,BATHURST ST,,Major Arterial,Toronto and East York,43.683245,-79.41809,627502.0747,4837907.4225,,No Control,Clear,"Dark, artificial",Dry,96,Casa Loma,96,Casa Loma (96),Non-Fatal Injury,1,0,0,0,0,1,0,0,0,0,0,0,0,Pedestrian Collisions,"['Vehicle Owner', 'Driver', 'Pedestrian']",East,"['Other', 'Municipal Transit Bus (TTC)']",['Going Ahead'],['Driving Properly'],['Unknown'],['Pedestrian involved in a collision with transit vehicle anywhere along roadway'],"['Crossing, no Traffic Control']",['Had Been Drinking'],[],[],[],D13,False,"['unknown', '40 to 44', '20 to 24']",3.0
1307372.0,2012-06-26 08:00:00,1615,2012,COLLEGE ST,BORDEN ST,,Major Arterial,Toronto and East York,43.656945,-79.40519,628597.9815,4835006.368,At Intersection,Traffic Signal,Clear,Daylight,Dry,78,Kensington-Chinatown,78,Kensington-Chinatown (78),Non-Fatal Injury,0,1,1,0,0,0,0,0,0,0,0,0,0,Cyclist Collisions,"['Driver', 'Cyclist']",West,"['Automobile, Station Wagon', 'Bicycle']","['Turning Right', 'Going Ahead']",['Driving Properly'],['Normal'],[],[],[],['Cyclist and Driver travelling in same direction. One vehicle rear-ended the other.'],['Following too Close'],['Normal'],D14,False,"['45 to 49', '30 to 34']",3.0
1307456.0,2012-07-28 08:00:00,1224,2012,HIGHWAY 27  N,HARNESS RD,,Major Arterial,Etobicoke York,43.720045,-79.59679,613029.5577,4841735.3557,,No Control,Clear,Daylight,Dry,1,West Humber-Clairville,1,West Humber-Clairville (1),Fatal,1,0,1,0,0,0,0,0,0,0,0,0,0,Pedestrian Collisions,"['Vehicle Owner', 'Driver', 'Pedestrian']",North,"['Other', 'Automobile, Station Wagon']",['Going Ahead'],['Driving Properly'],['Normal'],['Pedestrian hit at mid-block'],"['Crossing, no Traffic Control']",['Unknown'],[],[],[],D23,True,"['unknown', '30 to 34', '60 to 64']",4.0
1307494.0,2012-06-29 08:00:00,1840,2012,BLOOR ST W,DURIE ST,,Major Arterial,Toronto and East York,43.650745,-79.47819,622724.1779,4834207.2293,At Intersection,Stop Sign,Clear,Daylight,Dry,89,Runnymede-Bloor West Village,89,Runnymede-Bloor West Village (89),Non-Fatal Injury,1,0,1,0,0,0,0,0,0,1,0,0,0,Pedestrian Collisions,"['Driver', 'Pedestrian']",East,"['Automobile, Station Wagon', 'Other']",['Going Ahead'],['Failed to Yield Right of Way'],['Normal'],['Vehicle is going straight thru inter.while ped cross with ROW'],['Crossing with right of way'],['Normal'],[],[],[],D11,False,"['45 to 49', '30 to 34']",3.0
1307650.0,2012-07-27 08:00:00,2133,2012,KINGSTON RD,LAWRENCE AVE E,,Major Arterial,Scarborough,43.767646,-79.189586,645714.9447,4847658.1024,At Intersection,Traffic Signal,Clear,"Dusk, artificial",Dry,136,West Hill,136,West Hill (136),Fatal,0,1,1,0,0,0,0,0,0,0,0,0,0,Cyclist Collisions,"['Vehicle Owner', 'Driver', 'Cyclist']",East,"['Other', 'Automobile, Station Wagon', 'Bicycle']",['Going Ahead'],['Driving Properly'],['Normal'],[],[],[],"['Cyclist without ROW rides into path of motorist at inter, lnwy, dwy-Cyclist not turn.']",['Disobeyed Traffic Control'],['Unknown'],D43,True,"['unknown', '15 to 19']",4.0
1307651.0,2012-07-29 08:00:00,1912,2012,KEELE ST,CANON JACKSON DR,,Major Arterial,Etobicoke York,43.696645,-79.47529,622864.345,4839309.3274,,Traffic Signal,Clear,Daylight,Dry,112,Beechborough-Greenbrook,112,Beechborough-Greenbrook (112),Non-Fatal Injury,0,0,1,1,0,0,0,0,1,1,0,1,0,Rear End,"['Motorcycle Driver', 'Vehicle Owner', 'Driver']",North,"['Motorcycle', 'Other', 'Automobile, Station Wagon']",['Going Ahead'],"['Exceeding Speed Limit', 'Driving Properly']","['Ability Impaired, Alcohol', 'Normal']",[],[],[],[],[],[],D12,False,"['30 to 34', 'unknown', '35 to 39']",3.0
1307860.0,2012-07-30 08:00:00,1736,2012,DUFFERIN ST,QUEEN ST W,,Major Arterial,Toronto and East York,43.642245,-79.42859,626742.0116,4833337.7418,,Traffic Signal,Clear,Daylight,Dry,86,Roncesvalles,86,Roncesvalles (86),Non-Fatal Injury,1,0,1,0,0,0,0,0,0,0,0,0,0,Pedestrian Collisions,"['Driver', 'Pedestrian']",North,"['Automobile, Station Wagon', 'Other']",['Going Ahead'],['Driving Properly'],['Normal'],['Vehicle is going straight thru inter.while ped cross without ROW'],['Crossing without right of way'],['Had Been Drinking'],[],[],[],D14,False,"['40 to 44', '65 to 69']",3.0
1307861.0,2012-07-30 08:00:00,1623,2012,NEILSON RD,OAKMEADOW BLVD,,Minor Arterial,Scarborough,43.790545,-79.21259,643808.4843,4850161.1735,,No Control,Clear,Daylight,Dry,135,Morningside,135,Morningside (135),Fatal,0,0,1,0,0,0,0,0,0,0,0,0,0,SMV Other,"['Driver', 'Other Property Owner']",South,"['Automobile, Station Wagon', 'Other']",['Going Ahead'],['Lost control'],['Unknown'],[],[],[],[],[],[],D43,True,"['55 to 59', 'unknown']",4.0
1307961.0,2012-07-05 08:00:00,1553,2012,RICHMOND St W,SIMCOE St,,Major Arterial,Toronto and East York,43.649845,-79.38709,630072.8228,4834246.0312,At Intersection,No Control,Clear,Daylight,Dry,170,Yonge-Bay Corridor,76,Bay Street Corridor (76),Non-Fatal Injury,0,0,1,0,0,0,0,0,0,1,0,0,0,Turning Movement,"['Driver', 'Other Property Owner']",West,"['Automobile, Station Wagon', 'Other']","['Turning Left', 'Going Ahead']","['Improper Turn', 'Driving Properly']","['Unknown', 'Normal']",[],[],[],[],[],[],D52,False,"['20 to 24', '45 to 49', 'unknown']",3.0
1308082.0,2012-07-05 08:00:00,1225,2012,1060 KENNEDY Rd,,,Major Arterial,Scarborough,43.748945,-79.27479,638900.3101,4845434.6556,,No Control,Clear,Daylight,Dry,126,Dorset Park,126,Dorset Park (126),Non-Fatal Injury,0,0,1,0,1,0,0,1,0,0,0,0,0,Approaching,"['Truck Driver', 'Driver', 'Passenger', 'Vehicle Owner']",South,"['Truck - Open', 'Automobile, Station Wagon', 'Other']",['Going Ahead'],"['Lost control', 'Driving Properly']","['Inattentive', 'Normal']",[],[],[],[],[],[],D41,False,"['75 to 79', '20 to 24', '10 to 14', 'unknown', '50 to 54', '30 to 34', '40 to 44', '45 to 49']",3.0
1308128.0,2012-07-06 08:00:00,1010,2012,STEELES AVE E,BIRCHMOUNT RD,,Major Arterial,Scarborough,43.821345,-79.31689,635347.2148,4853406.076,At Intersection,Traffic Signal,Clear,Daylight,Dry,116,Steeles,116,Steeles (116),Non-Fatal Injury,0,1,1,0,0,0,0,0,0,1,0,0,0,Cyclist Collisions,"['Vehicle Owner', 'Driver', 'Cyclist']",West,"['Other', 'Automobile, Station Wagon', 'Bicycle']","['Turning Left', 'Going Ahead']",['Failed to Yield Right of Way'],['Normal'],[],[],[],['Motorist turned left across cyclists path.'],['Driving Properly'],['Normal'],D42,False,"['unknown', '55 to 59', '75 to 79']",3.0
1308147.0,2012-07-06 08:00:00,1720,2012,BATHURST ST,HARBORD ST,,Major Arterial,Toronto and East York,43.661545,-79.40979,628217.2638,4835510.1396,At Intersection,Traffic Signal,Clear,Daylight,Dry,80,Palmerston-Little Italy,80,Palmerston-Little Italy (80),Non-Fatal Injury,0,1,1,0,0,0,0,0,0,0,0,0,0,Cyclist Collisions,"['Driver', 'Cyclist']",North,"['Automobile, Station Wagon', 'Bicycle']","['Going Ahead', 'Turning Left']",['Driving Properly'],['Normal'],[],[],[],['Cyclist turned left across motorists path.'],['Disobeyed Traffic Control'],['Unknown'],D14,False,['25 to 29'],3.0
1308216.0,2012-07-08 08:00:00,42,2012,CINEMART DR,MILNER AVE,,Collector,Scarborough,43.797045,-79.20439,644452.5714,4850897.3838,,No Control,Clear,"Dark, artificial",Dry,146,Malvern East,132,Malvern (132),Non-Fatal Injury,1,0,1,0,0,0,0,0,1,1,0,0,0,Pedestrian Collisions,"['Driver', 'Pedestrian']",North,"['Automobile, Station Wagon', 'Other']",['Going Ahead'],['Exceeding Speed Limit'],['Inattentive'],['Pedestrian hit at mid-block'],"['Crossing, no Traffic Control']",[],[],[],[],D42,False,"['35 to 39', '25 to 29']",3.0
1308358.0,2012-07-08 08:00:00,1000,2012,TWYN RIVERS Dr,SHEPPARD Ave E,,Minor Arterial,Scarborough,43.809045,-79.16619,647496.1728,4852297.5689,,No Control,Clear,Daylight,Loose Sand or Gravel,143,West Rouge,131,Rouge (131),Non-Fatal Injury,0,0,0,1,0,0,0,0,0,0,0,0,0,SMV Other,['Motorcycle Driver'],East,['Motorcycle'],['Turning Left'],['Lost control'],['Normal'],[],[],[],[],[],[],D42,False,['35 to 39'],3.0
1308359.0,2012-07-08 08:00:00,1050,2012,UNIVERSITY Aven,QUEEN Stre W,,Major Arterial,Toronto and East York,43.650845,-79.38659,630110.9864,4834357.8781,At Intersection,Traffic Signal,Clear,Daylight,Dry,170,Yonge-Bay Corridor,76,Bay Street Corridor (76),Non-Fatal Injury,0,0,1,0,0,0,0,1,0,1,1,0,0,Angle,"['Driver', 'Passenger', 'Vehicle Owner']",North,"['Automobile, Station Wagon', 'Other']",['Going Ahead'],"['Disobeyed Traffic Control', 'Driving Properly']","['Normal', 'Unknown']",[],[],[],[],[],[],D52,False,"['30 to 34', '40 to 44', 'unknown', '25 to 29', '45 to 49']",3.0
1308396.0,2012-07-10 08:00:00,1740,2012,CHESTNUT ST,DUNDAS ST W,,Collector,Toronto and East York,43.654645,-79.38579,630167.292,4834781.1727,,No Control,Clear,Daylight,Dry,170,Yonge-Bay Corridor,76,Bay Street Corridor (76),Non-Fatal Injury,0,1,1,0,0,0,0,0,0,0,0,0,0,Cyclist Collisions,"['Vehicle Owner', 'Driver', 'Cyclist']",North,"['Other', 'Automobile, Station Wagon', 'Bicycle']","['Parked', 'Going Ahead']",['Other'],['Inattentive'],[],[],[],['Cyclist struck opened vehicle door'],['Driving Properly'],['Normal'],D52,False,"['unknown', '45 to 49']",3.0
1308465.0,2012-07-04 08:00:00,1011,2012,MAITLAND PL,JARVIS ST,,Major Arterial,Toronto and East York,43.665245,-79.37789,630781.3257,4835970.8668,At Intersection,Traffic Signal,Clear,Daylight,Dry,71,Cabbagetown-South St.James Town,71,Cabbagetown-South St.James Town (71),Non-Fatal Injury,1,0,1,0,0,0,0,0,0,0,0,0,0,Pedestrian Collisions,"['Vehicle Owner', 'Driver', 'Pedestrian']",West,"['Other', 'Automobile, Station Wagon']",['Turning Right'],['Improper Turn'],['Normal'],['Vehicle turns right while ped crosses with ROW at inter.'],['Crossing with right of way'],['Normal'],[],[],[],D51,False,"['unknown', '25 to 29', '50 to 54']",3.0
1308558.0,2012-07-04 08:00:00,1640,2012,KIPLING AVE,TORLAKE CRES,,Major Arterial,Etobicoke York,43.614045,-79.52359,619135.4196,4830065.1,,No Control,Clear,Daylight,Dry,160,Mimico-Queensway,17,Mimico (includes Humber Bay Shores) (17),Non-Fatal Injury,1,0,0,1,0,0,0,0,0,0,0,0,0,Pedestrian Collisions,"['Motorcycle Driver', 'Pedestrian']",East,"['Motorcycle', 'Other']",['Going Ahead'],['Driving Properly'],['Normal'],['Pedestrian hit at mid-block'],"['Crossing, no Traffic Control']",['Inattentive'],[],[],[],D22,False,"['25 to 29', '55 to 59']",3.0
1308881.0,2012-06-13 08:00:00,1827,2012,SEWELLS RD,MORNINGSIDE AVE,,Minor Arterial,Scarborough,43.816745,-79.21069,643898.4297,4853074.4135,,No Control,Clear,Daylight,Dry,144,Morningside Heights,131,Rouge (131),Non-Fatal Injury,0,0,1,0,0,0,0,0,1,1,0,0,1,SMV Other,"['Driver', 'Other Property Owner']",East,"['Automobile, Station Wagon', 'Other']",['Going Ahead'],['Lost control'],['Medical or Physical Disability'],[],[],[],[],[],[],D42,False,"['60 to 64', 'unknown']",3.0
130927832.0,2013-11-07 10:00:00,1141,2013,HARBORD ST,SPADINA AVE,,Major Arterial,Toronto and East York,43.663043,-79.402095,628834.5071,4835688.433,,Traffic Signal,Clear,Daylight,Dry,79,University,79,University (79),Fatal,1,0,0,0,0,1,0,0,0,1,0,0,0,Pedestrian Collisions,"['Driver', 'Pedestrian']",South,"['Bus (Other) (Go Bus, Gray Coa']",['Going Ahead'],['Failed to Yield Right of Way'],['Unknown'],['Vehicle is going straight thru inter.while ped cross with ROW'],['Crossing with right of way'],['Unknown'],[],[],[],D52,True,"['35 to 39', '60 to 64']",4.0
1309317.0,2012-07-13 08:00:00,1442,2012,STEELES Aven E,LAURELEAF Road S,,Major Arterial,North York,43.805545,-79.38579,629840.8097,4851540.8113,At Intersection,Traffic Signal,Clear,Daylight,Dry,49,Bayview Woods-Steeles,49,Bayview Woods-Steeles (49),Non-Fatal Injury,0,0,1,0,0,0,0,0,0,1,1,0,0,Angle,['Driver'],East,"['Automobile, Station Wagon']",['Going Ahead'],"['Disobeyed Traffic Control', 'Driving Properly']","['Inattentive', 'Normal']",[],[],[],[],[],[],D33,False,"['60 to 64', '30 to 34']",3.0
1309524.0,2012-08-11 08:00:00,114,2012,MERCER ST,JOHN ST,,Local,Toronto and East York,43.645645,-79.39069,629791.5441,4833773.9299,,No Control,Clear,Dark,Dry,164,Wellington Place,77,Waterfront Communities-The Island (77),Non-Fatal Injury,1,0,1,0,0,0,0,0,0,0,0,0,0,Pedestrian Collisions,"['Driver', 'Pedestrian']",South,"['Automobile, Station Wagon', 'Other']",['Going Ahead'],['Driving Properly'],['Normal'],['Pedestrian hit at mid-block'],"['Crossing, no Traffic Control']",['Had Been Drinking'],[],[],[],D52,False,"['50 to 54', '30 to 34']",3.0
1310131.0,2012-07-13 08:00:00,1416,2012,1591 WILSON AVE,,,Major Arterial,Etobicoke York,43.720645,-79.50989,620028.2683,4841924.1718,,No Control,Clear,Daylight,Dry,154,Oakdale-Beverley Heights,26,Downsview-Roding-CFB (26),Non-Fatal Injury,1,0,1,0,0,0,0,0,0,1,0,0,0,Pedestrian Collisions,"['Vehicle Owner', 'Driver', 'Pedestrian']",North,"['Other', 'Automobile, Station Wagon']",['Going Ahead'],['Failed to Yield Right of Way'],['Inattentive'],['Pedestrian hit at private driveway'],['Other'],['Normal'],[],[],[],D31,False,"['unknown', '50 to 54']",3.0
1310192.0,2012-07-18 08:00:00,1005,2012,UNWIN Aven,CHERRY Stre,,Local,Toronto and East York,43.639445,-79.34579,633426.5131,4833156.5391,At Intersection,No Control,Clear,Daylight,Dry,70,South Riverdale,70,South Riverdale (70),Non-Fatal Injury,0,0,0,1,1,0,0,0,0,1,0,0,0,Turning Movement,"['Vehicle Owner', 'Truck Driver', 'Motorcycle Driver', 'Other']",East,"['Other', 'Truck - Open', 'Motorcycle']","['Turning Left', 'Going Ahead']","['Driving Properly', 'Improper Passing']",['Normal'],[],[],[],[],[],[],D51,False,"['unknown', '25 to 29', '30 to 34']",3.0
131031283.0,2013-11-24 10:00:00,1521,2013,100 STEELES AVE W,,,Major Arterial,North York,43.796965,-79.424747,626725.3708,4850527.4785,,Traffic Signal,Clear,"Dark, artificial",Dry,36,Newtonbrook West,36,Newtonbrook West (36),Fatal,1,0,1,0,0,0,0,0,0,1,0,0,0,Pedestrian Collisions,"['Driver', 'Pedestrian']",South,['Delivery Van'],['Turning Right'],['Improper Passing'],['Inattentive'],['Vehicle turns right while ped crosses with ROW at inter.'],['Crossing with right of way'],['Normal'],[],[],[],D32,True,"['30 to 34', '40 to 44']",4.0
131058335.0,2013-11-29 10:00:00,558,2013,1491 LAKE SHORE BLVD W,,,Major Arterial,Toronto and East York,43.637614,-79.447742,625206.9116,4832794.3422,,No Control,Clear,"Dawn, artificial",Dry,85,South Parkdale,85,South Parkdale (85),Fatal,0,0,1,0,0,0,0,0,1,1,0,0,0,SMV Other,['Driver'],East,"['Automobile, Station Wagon']",['Going Ahead'],['Lost control'],['Unknown'],[],[],[],[],[],[],D11,True,['25 to 29'],4.0
1310839.0,2012-06-21 08:00:00,855,2012,KENNEDY RD,WICKWARE GT,,Major Arterial,Scarborough,43.753245,-79.27629,638769.6018,4845909.7217,At Intersection,Traffic Signal,Clear,Daylight,Dry,126,Dorset Park,126,Dorset Park (126),Non-Fatal Injury,0,0,1,0,0,0,0,0,0,1,1,0,0,Turning Movement,['Driver'],North,"['Automobile, Station Wagon']","['Going Ahead', 'Turning Left']","['Disobeyed Traffic Control', 'Driving Properly']",['Normal'],[],[],[],[],[],[],D41,False,"['15 to 19', '30 to 34']",3.0
131086760.0,2013-12-03 10:00:00,2100,2013,MARKLAND DR,BLOOR ST W,,Major Arterial,Etobicoke York,43.633544,-79.570766,615291.3555,4832164.1028,,Traffic Signal,Clear,"Dark, artificial",Dry,12,Markland Wood,12,Markland Wood (12),Fatal,1,0,1,0,0,0,0,0,0,1,0,0,0,Pedestrian Collisions,"['Pedestrian', 'Driver']",East,"['Automobile, Station Wagon']",['Turning Left'],['Failed to Yield Right of Way'],['Inattentive'],['Vehicle turns left while ped crosses with ROW at inter.'],['Crossing with right of way'],"['Normal', 'Unknown']",[],[],[],D22,True,"['85 to 89', '80 to 84', '45 to 49']",4.0
1310920.0,2012-07-11 08:00:00,1615,2012,AVENUE RD,COTTINGHAM ST,,Major Arterial,Toronto and East York,43.679745,-79.39859,629081.2976,4837548.8635,At Intersection,No Control,Clear,Daylight,Dry,97,Yonge-St.Clair,97,Yonge-St.Clair (97),Non-Fatal Injury,1,0,1,0,0,0,0,0,0,0,0,0,0,Pedestrian Collisions,"['Driver', 'Pedestrian']",North,"['Automobile, Station Wagon', 'Other']",['Going Ahead'],['Driving Properly'],['Normal'],['Pedestrian hit at mid-block'],['Other'],['Normal'],[],[],[],D53,False,"['45 to 49', '20 to 24']",3.0
131092293.0,2013-12-04 10:00:00,1847,2013,DUMONT ST,OTONABEE AVE,,Local,North York,43.795355,-79.415706,627456.1271,4850362.5459,,No Control,Clear,"Dark, artificial",Dry,50,Newtonbrook East,50,Newtonbrook East (50),Fatal,1,0,1,0,0,0,0,0,0,0,0,0,0,Pedestrian Collisions,"['Driver', 'Pedestrian']",East,"['Automobile, Station Wagon']",['Going Ahead'],['Driving Properly'],['Normal'],['Pedestrian hit at mid-block'],"['Crossing, no Traffic Control']",['Unknown'],[],[],[],D32,True,"['25 to 29', '75 to 79']",4.0
131098349.0,2013-12-05 10:00:00,1741,2013,DUNDAS ST W,CLAREMONT ST,,Major Arterial,Toronto and East York,43.651168,-79.411594,628093.8696,4834354.8511,,No Control,Clear,"Dark, artificial",Dry,81,Trinity-Bellwoods,81,Trinity-Bellwoods (81),Fatal,1,0,1,0,0,0,0,0,0,0,0,0,0,Pedestrian Collisions,"['Driver', 'Pedestrian']",North,"['Automobile, Station Wagon']",['Going Ahead'],['Driving Properly'],['Normal'],['Pedestrian hit at mid-block'],"['Crossing, no Traffic Control']",['Normal'],[],[],[],D14,True,"['45 to 49', '90 to 94']",4.0
1311027.0,2012-07-12 08:00:00,1146,2012,MOORE AVE,POTTERY RD,,Collector,North York,43.697045,-79.37009,631340.7927,4839515.0181,,No Control,Clear,Daylight,Dry,56,Leaside-Bennington,56,Leaside-Bennington (56),Non-Fatal Injury,1,0,1,0,0,0,0,0,0,0,0,0,0,Pedestrian Collisions,"['Driver', 'Pedestrian']",East,"['Automobile, Station Wagon', 'Other']",['Going Ahead'],['Driving Properly'],['Normal'],['Vehicle is going straight thru inter.while ped cross without ROW'],"['Crossing, no Traffic Control']",['Normal'],[],[],[],D53,False,"['50 to 54', '85 to 89']",3.0
1311042.0,2012-07-13 08:00:00,640,2012,ALBION RD,ISLINGTON AVE,,Major Arterial,Etobicoke York,43.737245,-79.56529,615533.8501,4843689.0973,At Intersection,Traffic Signal,Clear,Daylight,Dry,3,Thistletown-Beaumond Heights,3,Thistletown-Beaumond Heights (3),Non-Fatal Injury,0,1,1,0,0,0,0,0,0,1,0,0,0,Cyclist Collisions,"['Driver', 'Cyclist']",South,"['Automobile, Station Wagon', 'Bicycle']",['Going Ahead'],['Failed to Yield Right of Way'],['Normal'],[],[],[],"['Motorist without ROW drives into path of cyclist at inter, lnwy, dwy-Driver not turn.']",['Driving Properly'],['Normal'],D23,False,"['75 to 79', '35 to 39']",3.0
1311099.0,2012-08-06 08:00:00,2008,2012,LAPPIN AVE,DUFFERIN ST,,Major Arterial,Toronto and East York,43.666345,-79.43829,625909.2761,4835999.5943,,No Control,Clear,"Dark, artificial",Dry,171,Junction-Wallace Emerson,93,Dovercourt-Wallace Emerson-Junction (93),Non-Fatal Injury,1,0,1,0,0,0,0,0,0,0,0,0,0,Pedestrian Collisions,"['Driver', 'Pedestrian']",East,"['Automobile, Station Wagon', 'Other']",['Going Ahead'],['Other'],['Unknown'],['Other / Undefined'],['Other'],['Normal'],[],[],[],D11,False,"['unknown', '40 to 44']",3.0