accident_number,date,time,year,street1,street2,offset,road_class,district,latitude,longitude,x,y,accident_location,traffctl,visibility,light,road_surface_condition,hood_158,neighbourhood_new,hood_140,neighbourhood_old,accident_class,pedestrian,cyclist,automobile,motorcycle,truck,trsn_city_veh,emerg_veh,passenger,speeding,aggressive_driving,redlight,alcohol,disability,impact_type,involvement_type,initial_direction,vehicle_type,manoeuver,driver_action,driver_condition,pedestrian_type,pedestrian_action,pedestrian_condition,cyclist_type,cyclist_action,cyclist_condition,division,injury,involvement_age,injury_severity_score
1311119.0,2012-08-21 08:00:00,940,2012,FINCH AVE W,YONGE ST,,Major Arterial,North York,43.779545,-79.41639,627434.6916,4848605.5473,At Intersection,No Control,Clear,Daylight,Dry,37,Willowdale West,37,Willowdale West (37),Fatal,1,0,1,0,0,0,0,1,0,0,0,0,0,Pedestrian Collisions,"['Passenger', 'Driver', 'Pedestrian']",East,"['Other', 'Automobile, Station Wagon']",['Going Ahead'],['Driving Properly'],['Normal'],['Pedestrian hit at mid-block'],"['Crossing, no Traffic Control']",['Unknown'],[],[],[],D32,True,"['65 to 69', '45 to 49']",4.0
1311229.0,2012-07-15 08:00:00,1610,2012,145 NEWTON Dr,,,Collector,North York,43.795045,-79.40849,628037.32,4850339.2533,,No Control,Clear,Daylight,Dry,50,Newtonbrook East,50,Newtonbrook East (50),Non-Fatal Injury,0,0,1,0,0,0,0,1,0,0,0,0,0,SMV Other,"['Vehicle Owner', 'Driver', 'Passenger']",East,"['Other', 'Automobile, Station Wagon']",['Going Ahead'],['Driving Properly'],['Inattentive'],[],[],[],[],[],[],D32,False,"['unknown', '35 to 39', '30 to 34']",3.0
1311242.0,2020-07-15 08:00:00,950,2020,YONGE ST,EGLINTON AVE E,16 m West of,Major Arterial,North York,43.70666,-79.398326,629044.8368,4840538.5578,At Intersection,Traffic Signal,Clear,Daylight,Dry,174,South Eglinton-Davisville,104,Mount Pleasant West (104),Non-Fatal Injury,0,1,0,0,1,0,0,0,0,0,0,0,0,Cyclist Collisions,"['Cyclist', 'Truck Driver']",East,"['Bicycle', 'Truck - Tank']",['Going Ahead'],['Driving Properly'],['Normal'],[],[],[],['Cyclist and Driver travelling in same direction. One vehicle sideswipes the other.'],['Improper Passing'],['Inattentive'],D53,False,"['60 to 64', '35 to 39']",3.0
1311376.0,2012-08-22 08:00:00,750,2012,STEELES AVE E,TAPSCOTT RD,,Major Arterial,Scarborough,43.837245,-79.24849,640810.2605,4855286.2233,,Stop Sign,Clear,Daylight,Dry,NSA,NSA,NSA,NSA,Non-Fatal Injury,0,0,1,0,0,0,0,1,0,1,0,0,0,Turning Movement,"['Passenger', 'Vehicle Owner', 'Driver']",West,"['Automobile, Station Wagon', 'Other']","['Going Ahead', 'Stopped', 'Turning Left']","['Failed to Yield Right of Way', 'Driving Properly', 'Other']",['Normal'],[],[],[],[],[],[],D42,False,"['20 to 24', 'unknown', '55 to 59', '40 to 44', '30 to 34', '45 to 49']",3.0
1311464.0,2012-08-23 08:00:00,1627,2012,ALLIANCE AVE,ROCKCLIFFE BLVD,,Collector,Etobicoke York,43.676943,-79.489391,621767.9046,4837100.3562,At Intersection,Traffic Signal,Clear,Daylight,Dry,111,Rockcliffe-Smythe,111,Rockcliffe-Smythe (111),Fatal,0,0,1,1,0,0,0,1,0,1,1,0,0,Angle,"['Passenger', 'Vehicle Owner', 'Driver', 'Motorcycle Driver']",North,"['Other', 'Automobile, Station Wagon', 'Motorcycle']",['Going Ahead'],"['Driving Properly', 'Disobeyed Traffic Control']","['Normal', 'Unknown']",[],[],[],[],[],[],D12,True,"['20 to 24', 'unknown', '25 to 29', '40 to 44']",4.0
1311482.0,2012-08-23 08:00:00,1239,2012,MIDLAND AVE,DORCOT AVE,,Major Arterial,Scarborough,43.759445,-79.26799,639423.4116,4846612.2664,,No Control,Clear,Daylight,Dry,156,Bendale-Glen Andrew,127,Bendale (127),Non-Fatal Injury,0,0,1,0,0,0,0,0,0,1,0,0,0,Approaching,"['Vehicle Owner', 'Driver', 'Other Property Owner']",North,"['Other', 'Automobile, Station Wagon']","['Going Ahead', 'Changing Lanes', 'Stopped']","['Driving Properly', 'Failed to Yield Right of Way']","['Normal', 'Inattentive', 'Unknown']",[],[],[],[],[],[],D41,False,"['unknown', '30 to 34', '55 to 59', '35 to 39']",3.0
1311498.0,2012-07-20 08:00:00,1300,2012,QUEENS QUAY W,LOWER SIMCOE ST,,Minor Arterial,Toronto and East York,43.639545,-79.38269,630449.9562,4833108.9883,At Intersection,Traffic Signal,Clear,Daylight,Dry,165,Harbourfront-CityPlace,77,Waterfront Communities-The Island (77),Non-Fatal Injury,0,0,0,0,0,1,0,1,0,0,0,0,0,Rear End,"['Passenger', 'Vehicle Owner', 'Driver']",West,"['Other', 'Municipal Transit Bus (TTC)']","['Going Ahead', 'Stopped']","['Lost control', 'Driving Properly']","['Inattentive', 'Normal']",[],[],[],[],[],[],D52,False,"['25 to 29', '10 to 14', '55 to 59', '35 to 39', '30 to 34', 'unknown', '85 to 89', '50 to 54', '45 to 49', '40 to 44']",3.0
1311500.0,2012-07-20 08:00:00,1140,2012,RICHMOND Stre E,VICTORIA Stre,,Major Arterial,Toronto and East York,43.651845,-79.37819,630786.2281,4834482.1461,At Intersection,No Control,Clear,Daylight,Dry,168,Downtown Yonge East,75,Church-Yonge Corridor (75),Non-Fatal Injury,0,0,1,0,0,1,0,0,0,0,0,0,0,Rear End,"['Vehicle Owner', 'Driver']",West,"['Other', 'Automobile, Station Wagon', 'Municipal Transit Bus (TTC)']","['Stopped', 'Slowing or Stopping']",['Driving Properly'],['Normal'],[],[],[],[],[],[],D51,False,"['unknown', '45 to 49', '35 to 39']",3.0
1311542.0,2012-08-19 08:00:00,2318,2012,SHEPPARD AVE E,AMETHYST RD,,Major Arterial,Scarborough,43.780445,-79.30049,636759.3238,4848890.4395,,No Control,Clear,"Dark, artificial",Dry,118,Tam O'Shanter-Sullivan,118,Tam O'Shanter-Sullivan (118),Non-Fatal Injury,1,0,1,0,0,0,0,1,0,1,0,0,0,Pedestrian Collisions,"['Passenger', 'Vehicle Owner', 'Driver', 'Pedestrian']",North,"['Other', 'Automobile, Station Wagon']",['Going Ahead'],['Failed to Yield Right of Way'],['Normal'],['Pedestrian hit at mid-block'],"['Crossing, no Traffic Control']",['Normal'],[],[],[],D42,False,"['25 to 29', 'unknown', '60 to 64', '65 to 69']",3.0
1311577.0,2012-07-23 08:00:00,824,2012,YONGE ST,GROSVENOR ST,,Major Arterial,Toronto and East York,43.663045,-79.38379,630310.3978,4835717.2435,At Intersection,Traffic Signal,Clear,Daylight,Dry,167,Church-Wellesley,75,Church-Yonge Corridor (75),Non-Fatal Injury,0,1,1,0,0,0,0,0,0,0,0,0,0,Cyclist Collisions,"['Driver', 'Cyclist']",East,"['Automobile, Station Wagon', 'Bicycle']","['Turning Left', 'Going Ahead']",['Driving Properly'],['Normal'],[],[],[],['Motorist turned left across cyclists path.'],['Disobeyed Traffic Control'],['Inattentive'],D51,False,"['50 to 54', '25 to 29']",3.0
1311644.0,2012-08-25 08:00:00,810,2012,CARLTON ST,SHERBOURNE ST,,Minor Arterial,Toronto and East York,43.663245,-79.37259,631212.9957,4835757.1087,,No Control,Clear,Daylight,Dry,73,Moss Park,73,Moss Park (73),Fatal,1,0,1,0,0,0,0,0,0,0,0,0,0,Pedestrian Collisions,"['Driver', 'Pedestrian']",East,"['Automobile, Station Wagon', 'Other']",['Going Ahead'],['Driving Properly'],['Normal'],['Pedestrian hit at mid-block'],['Coming From Behind Parked Vehicle'],['Unknown'],[],[],[],D51,True,"['30 to 34', '60 to 64']",4.0
1311646.0,2012-08-25 08:00:00,1529,2012,ST CLAIR AVE W,MONDOVI GT,,Major Arterial,Etobicoke York,43.671045,-79.47419,623005.294,4836467.7328,,No Control,Clear,Daylight,Dry,90,Junction Area,90,Junction Area (90),Non-Fatal Injury,1,0,0,0,0,1,0,0,0,0,0,0,0,Pedestrian Collisions,"['Vehicle Owner', 'Driver', 'Pedestrian']",South,"['Other', 'Municipal Transit Bus (TTC)']",['Going Ahead'],['Driving Properly'],['Normal'],['Pedestrian involved in a collision with transit vehicle anywhere along roadway'],['Running onto Roadway'],['Had Been Drinking'],[],[],[],D11,False,"['unknown', '35 to 39', '25 to 29']",3.0
1311647.0,2012-08-25 08:00:00,2350,2012,MARILAKE DR,SUMMERGLADE DR,,Local,Scarborough,43.780945,-79.27089,639140.098,4848995.2974,,No Control,Clear,"Dark, artificial",Dry,128,Agincourt South-Malvern West,128,Agincourt South-Malvern West (128),Fatal,0,0,1,0,0,0,0,0,1,1,0,0,0,SMV Unattended Vehicle,"['Other', 'Driver']",North,"['Other', 'Automobile, Station Wagon']","['Parked', 'Going Ahead']",['Lost control'],['Unknown'],[],[],[],[],[],[],D42,True,"['unknown', '20 to 24']",4.0
1311734.0,2012-08-13 08:00:00,1930,2012,BLOOR ST E,ST PAULS SQ,,Major Arterial,Toronto and East York,43.671145,-79.38239,630405.7356,4836619.057,,No Control,Clear,Daylight,Dry,167,Church-Wellesley,75,Church-Yonge Corridor (75),Non-Fatal Injury,0,1,1,0,0,0,0,0,0,0,0,0,0,Cyclist Collisions,"['Driver', 'Vehicle Owner', 'Cyclist']",East,"['Automobile, Station Wagon', 'Other', 'Bicycle']","['Changing Lanes', 'Going Ahead']",['Improper Lane Change'],['Unknown'],[],[],[],['Cyclist and Driver travelling in same direction. One vehicle sideswipes the other.'],['Driving Properly'],['Normal'],D51,False,"['25 to 29', 'unknown', '60 to 64']",3.0
131219717.0,2013-12-24 10:00:00,1500,2013,VICTORIA PARK AVE,O CONNOR DR,,Major Arterial,North York,43.722369,-79.301685,636795.4153,4842438.2475,,Stop Sign,Clear,Daylight,Dry,120,Clairlea-Birchmount,120,Clairlea-Birchmount (120),Fatal,1,0,1,0,0,0,0,0,0,0,0,0,0,Pedestrian Collisions,"['Driver', 'Pedestrian']",East,"['Automobile, Station Wagon']",['Turning Left'],['Driving Properly'],['Normal'],['Pedestrian hit at mid-block'],"['Crossing, no Traffic Control']",['Unknown'],[],[],[],D41,True,"['65 to 69', '70 to 74']",4.0
1312333.0,2012-07-25 08:00:00,1606,2012,SHEPPARD Aven E,ARAGON Aven,,Major Arterial,Scarborough,43.779745,-79.30349,636519.5049,4848807.742,,No Control,Clear,Daylight,Dry,118,Tam O'Shanter-Sullivan,118,Tam O'Shanter-Sullivan (118),Non-Fatal Injury,0,0,0,0,0,1,0,1,0,0,0,0,0,Other,"['Passenger', 'Vehicle Owner', 'Driver']",East,"['Other', 'Municipal Transit Bus (TTC)']",['Going Ahead'],['Driving Properly'],['Normal'],[],[],[],[],[],[],D42,False,"['70 to 74', 'unknown', '50 to 54']",3.0
1312337.0,2012-07-25 08:00:00,1641,2012,BAY MILLS Blvd,BIRCHMOUNT Rd,,Collector,Scarborough,43.783345,-79.30029,636768.8048,4849212.8604,,No Control,Clear,Daylight,Dry,118,Tam O'Shanter-Sullivan,118,Tam O'Shanter-Sullivan (118),Non-Fatal Injury,0,0,1,1,0,0,0,0,0,1,0,0,0,Turning Movement,"['Vehicle Owner', 'Motorcycle Driver', 'Driver']",East,"['Other', 'Motorcycle', 'Automobile, Station Wagon']","['Going Ahead', 'Turning Left']","['Driving Properly', 'Failed to Yield Right of Way']",['Normal'],[],[],[],[],[],[],D42,False,"['unknown', '25 to 29', '35 to 39']",3.0
1312366.0,2012-08-30 08:00:00,1019,2012,RATHBURN RD,THE EAST MALL,,Minor Arterial,Etobicoke York,43.654945,-79.56429,615772.6413,4834549.9666,At Intersection,Traffic Signal,Clear,Daylight,Other,11,Eringate-Centennial-West Deane,11,Eringate-Centennial-West Deane (11),Non-Fatal Injury,1,0,1,0,0,0,0,0,0,1,0,0,0,Pedestrian Collisions,"['Driver', 'Pedestrian']",North,"['Automobile, Station Wagon', 'Other']",['Turning Left'],['Failed to Yield Right of Way'],['Normal'],['Vehicle turns left while ped crosses with ROW at inter.'],['Crossing with right of way'],['Normal'],[],[],[],D22,False,"['55 to 59', '85 to 89']",3.0
1312584.0,2012-07-29 08:00:00,1713,2012,LAKE SHORE Boul E,CARLAW Aven,,Major Arterial,Toronto and East York,43.654945,-79.33739,634069.5657,4834891.5563,At Intersection,Traffic Signal,Clear,Daylight,Dry,70,South Riverdale,70,South Riverdale (70),Non-Fatal Injury,0,0,1,0,0,0,0,1,0,0,0,0,0,Turning Movement,"['Passenger', 'Driver']",East,"['Other', 'Automobile, Station Wagon']","['Turning Left', 'Going Ahead']","['Improper Turn', 'Driving Properly']","['Inattentive', 'Normal']",[],[],[],[],[],[],D55,False,"['0 to 4', '35 to 39', '55 to 59']",3.0
1313188.0,2012-07-30 08:00:00,830,2012,443 MANSE RD,,,Other,Scarborough,43.775745,-79.17729,646684.8239,4848579.3369,,No Control,Clear,Daylight,Dry,136,West Hill,136,West Hill (136),Non-Fatal Injury,1,0,1,0,0,0,0,0,0,0,0,0,0,Pedestrian Collisions,"['Driver', 'Pedestrian']",North,"['Automobile, Station Wagon', 'Other']",['Reversing'],['Other'],['Unknown'],['Vehicle is reversing and hits pedestrian'],['Other'],['Unknown'],[],[],[],D43,False,"['60 to 64', '80 to 84']",3.0
1313400.0,2012-09-05 08:00:00,1615,2012,KENNETH AVE,PEMBERTON AVE,,Local,North York,43.781345,-79.41269,627728.6039,4848811.1669,,No Control,Clear,Daylight,Dry,50,Newtonbrook East,50,Newtonbrook East (50),Non-Fatal Injury,1,0,1,0,0,0,0,0,0,1,0,0,0,Pedestrian Collisions,"['Driver', 'Pedestrian']",East,"['Automobile, Station Wagon', 'Other']",['Going Ahead'],['Failed to Yield Right of Way'],['Normal'],['Vehicle is going straight thru inter.while ped cross with ROW'],['Crossing with right of way'],['Other'],[],[],[],D32,False,"['65 to 69', '0 to 4']",3.0
1313657.0,2012-08-02 08:00:00,1730,2012,SPADINA AVE,KING ST W,,Major Arterial,Toronto and East York,43.645445,-79.39499,629445.1732,4833745.0014,At Intersection,Traffic Signal,Clear,Daylight,Dry,164,Wellington Place,77,Waterfront Communities-The Island (77),Non-Fatal Injury,0,1,1,0,0,0,0,0,0,0,0,0,0,Cyclist Collisions,"['Driver', 'Cyclist']",North,"['Automobile, Station Wagon', 'Bicycle']","['Turning Right', 'Going Ahead']",['Improper Turn'],['Normal'],[],[],[],['Motorist turning right on green or amber at signalized intersection strikes cyclist.'],['Driving Properly'],['Normal'],D52,False,['30 to 34'],3.0
1313717.0,2012-08-01 08:00:00,1215,2012,DANFORTH AVE,EATON AVE,,Major Arterial,Toronto and East York,43.679445,-79.34249,633603.9401,4837604.3847,,No Control,Clear,Daylight,Dry,66,Danforth,66,Danforth (66),Non-Fatal Injury,1,0,1,0,0,0,0,0,0,0,0,0,0,Pedestrian Collisions,"['Driver', 'Pedestrian']",East,"['Automobile, Station Wagon', 'Other']",['Going Ahead'],['Driving Properly'],['Normal'],['Pedestrian hit at mid-block'],['Running onto Roadway'],['Medical or Physical Disability'],[],[],[],D55,False,"['65 to 69', '25 to 29']",3.0
1313728.0,2012-09-07 08:00:00,525,2012,ROYAL YORK RD,EVANS AVE,,Minor Arterial,Etobicoke York,43.621045,-79.50039,620993.4653,4830876.0805,At Intersection,Traffic Signal,Clear,"Dark, artificial",Dry,160,Mimico-Queensway,17,Mimico (includes Humber Bay Shores) (17),Non-Fatal Injury,0,0,1,1,0,0,0,0,0,1,0,0,0,Turning Movement,"['Motorcycle Driver', 'Vehicle Owner', 'Driver']",North,"['Motorcycle', 'Other', 'Automobile, Station Wagon']","['Going Ahead', 'Turning Left']","['Other', 'Failed to Yield Right of Way']","['Unknown', 'Inattentive']",[],[],[],[],[],[],D22,False,"['55 to 59', 'unknown']",3.0
1314053.0,2012-07-18 08:00:00,1815,2012,3495 SHEPPARD AVE E,,,Major Arterial,Scarborough,43.780345,-79.30099,636719.3164,4848878.5071,,No Control,Clear,Daylight,Dry,118,Tam O'Shanter-Sullivan,118,Tam O'Shanter-Sullivan (118),Non-Fatal Injury,0,1,1,0,0,0,0,0,0,1,0,0,0,Cyclist Collisions,"['Driver', 'Cyclist']",East,"['Automobile, Station Wagon', 'Bicycle']","['Turning Right', 'Going Ahead']",['Failed to Yield Right of Way'],['Inattentive'],[],[],[],"['Motorist turns right at non-signal Inter.(stop, yield, no cont.,and dwy) and strikes cyclist.']",['Driving Properly'],['Normal'],D42,False,"['20 to 24', '15 to 19']",3.0
1314089.0,2012-09-10 08:00:00,943,2012,3133 BAYVIEW AVE,BYNG AVE,,Major Arterial,North York,43.782045,-79.39149,629433.0431,4848921.8401,,No Control,Clear,Daylight,Dry,52,Bayview Village,52,Bayview Village (52),Fatal,1,0,1,0,0,0,0,0,0,1,0,0,0,Pedestrian Collisions,"['Vehicle Owner', 'Driver', 'Pedestrian']",West,"['Other', 'Automobile, Station Wagon']",['Turning Right'],['Failed to Yield Right of Way'],['Inattentive'],['Pedestrian hit at mid-block'],['Walking on Roadway Against Traffic'],['Normal'],[],[],[],D33,True,"['unknown', '50 to 54', '75 to 79']",4.0
1314296.0,2012-09-11 08:00:00,840,2012,GLENGROVE AVE,MARLEE AVE,,Minor Arterial,North York,43.710745,-79.44449,625316.9142,4840921.429,At Intersection,Stop Sign,Clear,Daylight,Dry,31,Yorkdale-Glen Park,31,Yorkdale-Glen Park (31),Fatal,0,0,1,1,0,0,0,0,1,1,0,0,0,Angle,"['Motorcycle Driver', 'Vehicle Owner', 'Driver']",North,"['Motorcycle', 'Other', 'Automobile, Station Wagon']",['Going Ahead'],"['Speed too Fast For Condition', 'Failed to Yield Right of Way']",['Normal'],[],[],[],[],[],[],D13,True,"['20 to 24', 'unknown', '45 to 49']",4.0
1314310.0,2012-07-18 08:00:00,29,2012,EDENBRIDGE Dr,EDGEHILL Rd,,Collector,Etobicoke York,43.671445,-79.51739,619521.8427,4836449.0084,,No Control,Clear,Dark,Dry,9,Edenbridge-Humber Valley,9,Edenbridge-Humber Valley (9),Non-Fatal Injury,0,0,0,1,0,0,0,0,0,0,0,0,0,SMV Other,['Motorcycle Driver'],West,['Motorcycle'],['Going Ahead'],['Lost control'],['Normal'],[],[],[],[],[],[],D22,False,['30 to 34'],3.0
1315100.0,2012-09-14 08:00:00,102,2012,F G GARDINER XY  E,SOUTH KINGSWAY,,,Toronto and East York,43.634787,-79.470248,623397.321,4832446.6657,,No Control,Clear,"Dark, artificial",Dry,85,South Parkdale,85,South Parkdale (85),Fatal,0,0,1,1,0,0,0,0,0,0,0,0,0,SMV Other,"['Vehicle Owner', 'Driver', 'Motorcycle Driver']",East,"['Automobile, Station Wagon', 'Motorcycle']",['Going Ahead'],"['Driving Properly', 'Lost control']","['Normal', 'Had Been Drinking']",[],[],[],[],[],[],D11,True,"['unknown', '35 to 39', '30 to 34']",4.0
1315507.0,2012-08-08 08:00:00,1935,2012,BAYVIEW AVE,NESBITT DR,,Major Arterial,North York,43.694045,-79.36629,631653.5711,4839187.8528,At Intersection,Traffic Signal,Clear,Daylight,Dry,56,Leaside-Bennington,56,Leaside-Bennington (56),Non-Fatal Injury,0,1,1,0,0,0,0,0,0,1,0,0,0,Cyclist Collisions,"['Driver', 'Cyclist']",North,"['Automobile, Station Wagon', 'Bicycle']","['Turning Left', 'Going Ahead']",['Failed to Yield Right of Way'],['Inattentive'],[],[],[],['Motorist turned left across cyclists path.'],['Driving Properly'],['Normal'],D53,False,"['70 to 74', '25 to 29']",3.0
1315616.0,2012-08-09 08:00:00,1523,2012,285 RALEIGH AVE,,,Collector,Scarborough,43.709445,-79.26099,640103.4611,4841070.8282,,No Control,Rain,Daylight,Wet,120,Clairlea-Birchmount,120,Clairlea-Birchmount (120),Non-Fatal Injury,1,0,1,0,0,0,0,0,0,0,0,0,0,Pedestrian Collisions,"['Pedestrian', 'Vehicle Owner', 'Driver']",East,"['Other', 'Automobile, Station Wagon']","['Stopped', 'Reversing']",['Other'],['Normal'],['Vehicle is reversing and hits pedestrian'],['Other'],['Normal'],[],[],[],D41,False,"['50 to 54', 'unknown', '45 to 49', '25 to 29']",3.0
1315724.0,2012-08-10 08:00:00,1409,2012,HILLSIDE AVE,ROYAL YORK RD,,Minor Arterial,Etobicoke York,43.610045,-79.49579,621386.7415,4829661.1099,At Intersection,Stop Sign,Clear,Daylight,Dry,160,Mimico-Queensway,17,Mimico (includes Humber Bay Shores) (17),Non-Fatal Injury,1,0,1,0,0,0,0,0,0,1,0,0,0,Pedestrian Collisions,"['Driver', 'Pedestrian']",East,"['Automobile, Station Wagon', 'Other']",['Turning Right'],['Failed to Yield Right of Way'],['Inattentive'],['Vehicle turns right while ped crosses with ROW at inter.'],['Crossing with right of way'],['Normal'],[],[],[],D22,False,"['65 to 69', '75 to 79']",3.0
1315841.0,2012-08-12 08:00:00,951,2012,CHURCH ST,CARLTON ST,,Major Arterial,Toronto and East York,43.661845,-79.37939,630667.7643,4835590.8879,At Intersection,Traffic Signal,Clear,Daylight,Dry,168,Downtown Yonge East,75,Church-Yonge Corridor (75),Non-Fatal Injury,0,0,1,1,0,0,0,0,0,1,1,0,0,Angle,"['Motorcycle Driver', 'Vehicle Owner', 'Driver']",North,"['Motorcycle', 'Other', 'Automobile, Station Wagon']",['Going Ahead'],"['Driving Properly', 'Disobeyed Traffic Control']",['Normal'],[],[],[],[],[],[],D51,False,"['40 to 44', 'unknown', '35 to 39']",3.0
1316023.0,2012-09-10 08:00:00,915,2012,ALBION RD,FINCH AVE W,,Major Arterial,Etobicoke York,43.741084,-79.589214,613600.0333,4844082.392,At Intersection,Traffic Signal,Clear,Daylight,Dry,2,Mount Olive-Silverstone-Jamestown,2,Mount Olive-Silverstone-Jamestown (2),Non-Fatal Injury,0,0,1,0,0,0,0,0,0,1,0,0,0,Rear End,['Driver'],East,"['Automobile, Station Wagon']","['Stopped', 'Going Ahead']","['Driving Properly', 'Following too Close']","['Normal', 'Unknown']",[],[],[],[],[],[],D23,False,"['45 to 49', 'unknown']",3.0
1316027.0,2012-09-06 08:00:00,1440,2012,KING ST E,VICTORIA ST,,Major Arterial,Toronto and East York,43.649345,-79.37669,630912.6241,4834206.8535,At Intersection,No Control,Clear,Daylight,Dry,168,Downtown Yonge East,75,Church-Yonge Corridor (75),Non-Fatal Injury,0,1,1,0,0,0,0,0,0,1,0,0,0,Cyclist Collisions,"['Vehicle Owner', 'Driver', 'Cyclist']",East,"['Other', 'Automobile, Station Wagon', 'Bicycle']","['Turning Left', 'Going Ahead']",['Failed to Yield Right of Way'],['Unknown'],[],[],[],['Motorist turned left across cyclists path.'],['Driving Properly'],['Normal'],D51,False,"['unknown', '60 to 64', '20 to 24']",3.0
1316232.0,2012-09-21 08:00:00,920,2012,VESTA DR,BATHURST ST,,Major Arterial,North York,43.703345,-79.42589,626831.01,4840127.8424,At Intersection,Traffic Signal,Clear,Daylight,Dry,102,Forest Hill North,102,Forest Hill North (102),Non-Fatal Injury,1,0,1,0,0,0,0,0,0,1,0,0,0,Pedestrian Collisions,"['Vehicle Owner', 'Driver', 'Pedestrian']",East,"['Other', 'Automobile, Station Wagon']",['Turning Left'],['Failed to Yield Right of Way'],['Normal'],['Vehicle turns left while ped crosses with ROW at inter.'],['Crossing with right of way'],['Normal'],[],[],[],D53,False,"['unknown', '70 to 74']",3.0
1316338.0,2012-09-22 08:00:00,1845,2012,264 ATTWELL DR,,,Collector,Etobicoke York,43.695545,-79.58959,613655.8196,4839024.1402,,No Control,Clear,Daylight,Dry,1,West Humber-Clairville,1,West Humber-Clairville (1),Fatal,1,0,1,0,0,0,0,0,0,0,0,0,0,Pedestrian Collisions,"['Driver', 'Pedestrian']",South,"['Automobile, Station Wagon', 'Other']",['Going Ahead'],['Lost control'],['Normal'],['Pedestrian hit on sidewalk or shoulder'],['On Sidewalk or Shoulder'],['Normal'],[],[],[],D23,True,['15 to 19'],4.0
1316385.0,2012-09-13 08:00:00,647,2012,VICTORIA PARK AVE,TERRAVIEW BLVD,,Major Arterial,North York,43.764445,-79.31809,635379.1374,4847084.4677,,No Control,Clear,Daylight,Dry,119,Wexford/Maryvale,119,Wexford/Maryvale (119),Non-Fatal Injury,1,0,0,1,0,0,0,0,0,0,0,0,0,Pedestrian Collisions,"['Motorcycle Driver', 'Pedestrian']",North,"['Motorcycle', 'Other']",['Going Ahead'],['Driving Properly'],['Normal'],['Pedestrian hit at mid-block'],['Running onto Roadway'],['Normal'],[],[],[],D41,False,"['20 to 24', '45 to 49']",3.0
1316502.0,2012-08-14 08:00:00,707,2012,RONCESVALLES AVE,WRIGHT AVE,,Minor Arterial,Toronto and East York,43.645445,-79.44869,625114.1883,4833662.6453,,No Control,Clear,Daylight,Wet,86,Roncesvalles,86,Roncesvalles (86),Non-Fatal Injury,0,1,1,0,0,0,0,0,0,0,0,0,0,Cyclist Collisions,"['Vehicle Owner', 'Driver', 'Cyclist']",South,"['Other', 'Automobile, Station Wagon', 'Bicycle']","['Stopped', 'Going Ahead']",['Other'],['Normal'],[],[],[],['Cyclist struck opened vehicle door'],['Driving Properly'],['Normal'],D11,False,"['unknown', '40 to 44', '10 to 14']",3.0
1316598.0,2012-09-03 08:00:00,1755,2012,PINE ST,WILLIAM ST,,Collector,Etobicoke York,43.704645,-79.50949,620092.4413,4840147.7284,,Stop Sign,Clear,Daylight,Dry,113,Weston,113,Weston (113),Non-Fatal Injury,1,0,0,1,0,0,0,0,0,0,0,0,0,Pedestrian Collisions,"['Motorcycle Driver', 'Pedestrian']",South,"['Motorcycle', 'Other']",['Going Ahead'],['Lost control'],['Unknown'],['Other / Undefined'],['Other'],['Normal'],[],[],[],D12,False,"['unknown', '60 to 64']",3.0
1316631.0,2012-08-16 08:00:00,1624,2012,VICTORIA PARK AVE,CLYDESDALE DR,,Major Arterial,North York,43.784045,-79.32709,634610.7234,4849246.6769,,No Control,Clear,Daylight,Dry,147,L'Amoreaux West,117,L'Amoreaux (117),Non-Fatal Injury,0,0,1,0,0,0,0,0,0,1,0,0,0,Rear End,"['Driver', 'Vehicle Owner']",North,"['Automobile, Station Wagon', 'Other']","['Going Ahead', 'Stopped']","['Following too Close', 'Driving Properly']","['Inattentive', 'Normal']",[],[],[],[],[],[],D42,False,"['35 to 39', 'unknown', '45 to 49', '60 to 64', '50 to 54']",3.0
1316650.0,2012-09-24 08:00:00,1620,2012,EGLINTON AVE E,KENNEDY RD,,Major Arterial,Scarborough,43.732145,-79.26789,639494.862,4843580.357,At Intersection,Traffic Signal,Clear,Daylight,Other,124,Kennedy Park,124,Kennedy Park (124),Non-Fatal Injury,0,0,1,0,0,0,0,0,0,1,1,0,0,Turning Movement,"['Driver', 'Vehicle Owner']",East,"['Automobile, Station Wagon', 'Other']","['Stopped', 'Going Ahead', 'Turning Left']","['Driving Properly', 'Disobeyed Traffic Control', 'Improper Turn']",['Normal'],[],[],[],[],[],[],D41,False,"['50 to 54', 'unknown', '20 to 24', '30 to 34']",3.0
1316760.0,2012-04-07 08:00:00,1250,2012,STEELES AVE W,MURRAY ROSS PKWY,,Major Arterial,Etobicoke York,43.776345,-79.51699,619345.6109,4848100.2098,At Intersection,Traffic Signal,Clear,Daylight,Dry,27,York University Heights,27,York University Heights (27),Non-Fatal Injury,0,0,1,0,0,0,0,1,0,1,0,0,0,Rear End,"['Driver', 'Passenger', 'Vehicle Owner']",West,"['Automobile, Station Wagon', 'Other']","['Going Ahead', 'Slowing or Stopping']","['Following too Close', 'Driving Properly']",['Normal'],[],[],[],[],[],[],D31,False,"['75 to 79', '45 to 49', 'unknown', '50 to 54']",3.0
1317043.0,2012-08-17 08:00:00,2252,2012,QUEEN ST W,LANSDOWNE AVE,,Major Arterial,Toronto and East York,43.640445,-79.43699,626068.268,4833125.0357,,Traffic Signal,Clear,"Dark, artificial",Dry,85,South Parkdale,85,South Parkdale (85),Non-Fatal Injury,1,0,1,0,0,0,0,0,0,0,0,0,0,Pedestrian Collisions,"['Driver', 'Pedestrian']",East,"['Automobile, Station Wagon', 'Other']",['Going Ahead'],['Other'],['Unknown'],['Other / Undefined'],['Running onto Roadway'],['Normal'],[],[],[],D14,False,"['20 to 24', '35 to 39']",3.0