accident_number,date,time,year,street1,street2,offset,road_class,district,latitude,longitude,x,y,accident_location,traffctl,visibility,light,road_surface_condition,hood_158,neighbourhood_new,hood_140,neighbourhood_old,accident_class,pedestrian,cyclist,automobile,motorcycle,truck,trsn_city_veh,emerg_veh,passenger,speeding,aggressive_driving,redlight,alcohol,disability,impact_type,involvement_type,initial_direction,vehicle_type,manoeuver,driver_action,driver_condition,pedestrian_type,pedestrian_action,pedestrian_condition,cyclist_type,cyclist_action,cyclist_condition,division,injury,involvement_age,injury_severity_score
1321943.0,2012-09-19 08:00:00,1846,2012,MIDLAND AVE,PASSMORE AVE,,Major Arterial,Scarborough,43.820745,-79.29489,637117.7356,4853375.6667,At Intersection,Traffic Signal,Clear,Dusk,Dry,130,Milliken,130,Milliken (130),Non-Fatal Injury,1,0,1,0,0,1,0,0,0,0,0,0,0,Pedestrian Collisions,"['Other', 'Driver', 'Pedestrian']",North,"['Automobile, Station Wagon', 'Municipal Transit Bus (TTC)', 'Other']",['Turning Left'],['Driving Properly'],['Normal'],['Pedestrian involved in a collision with transit vehicle anywhere along roadway'],['Crossing without right of way'],['Inattentive'],[],[],[],D42,False,"['unknown', '45 to 49', '65 to 69']",3.0
1321983.0,2012-10-18 08:00:00,1944,2012,ROGERS RD,SILVERTHORN AVE,,Minor Arterial,Etobicoke York,43.682745,-79.46329,623859.9464,4837783.3946,At Intersection,Traffic Signal,Rain,Dark,Wet,110,Keelesdale-Eglinton West,110,Keelesdale-Eglinton West (110),Non-Fatal Injury,1,0,1,0,0,0,0,0,0,1,0,0,0,Pedestrian Collisions,"['Driver', 'Pedestrian']",North,"['Automobile, Station Wagon', 'Other']",['Turning Left'],['Failed to Yield Right of Way'],['Unknown'],['Vehicle turns left while ped crosses with ROW at inter.'],['Crossing with right of way'],['Normal'],[],[],[],D12,False,"['unknown', '50 to 54']",3.0
1322166.0,2012-09-07 08:00:00,2040,2012,BYNG AVE,DORIS AVE,,Minor Arterial,North York,43.776945,-79.41319,627697.7357,4848321.7081,,Traffic Signal,Clear,"Dark, artificial",Dry,151,Yonge-Doris,51,Willowdale East (51),Non-Fatal Injury,1,0,1,0,0,0,0,0,0,1,0,0,0,Pedestrian Collisions,"['Vehicle Owner', 'Driver', 'Pedestrian']",East,"['Other', 'Automobile, Station Wagon']",['Turning Left'],['Failed to Yield Right of Way'],['Normal'],['Vehicle turns left while ped crosses with ROW at inter.'],['Crossing with right of way'],['Normal'],[],[],[],D32,False,"['unknown', '60 to 64', '55 to 59']",3.0
1322204.0,2012-10-25 08:00:00,1522,2012,ST CLAIR AVE W,HENDRICK AVE,,Major Arterial,Toronto and East York,43.680545,-79.431087,626460.178,4837587.6518,,No Control,Clear,Daylight,Dry,94,Wychwood,94,Wychwood (94),Non-Fatal Injury,1,0,0,0,0,1,0,0,0,0,0,0,0,Pedestrian Collisions,"['Driver', 'Pedestrian']",South,"['Municipal Transit Bus (TTC)', 'Other']",['Going Ahead'],['Driving Properly'],['Normal'],['Pedestrian involved in a collision with transit vehicle anywhere along roadway'],"['Crossing, no Traffic Control']",['Unknown'],[],[],[],D13,False,"['40 to 44', '30 to 34']",3.0
1322361.0,2012-10-26 08:00:00,835,2012,BOGERT AVE,BEECROFT RD,,Local,North York,43.760545,-79.41139,627877.5354,4846503.0171,,No Control,Clear,Daylight,Dry,38,Lansing-Westgate,38,Lansing-Westgate (38),Non-Fatal Injury,1,0,0,0,0,0,0,0,0,0,0,0,0,Pedestrian Collisions,"['Driver', 'Pedestrian']",Unknown,['Other'],['Disabled'],['Other'],['Other'],['Pedestrian hit at mid-block'],['Person Getting on/off School Bus'],['Normal'],[],[],[],D32,False,"['unknown', '45 to 49']",3.0
1322488.0,2012-10-28 08:00:00,2208,2012,YONGE ST,ORCHARD VIEW BLVD,,Major Arterial,North York,43.708245,-79.39869,629012.1091,4840714.0278,,No Control,Rain,Dark,Wet,100,Yonge-Eglinton,100,Yonge-Eglinton (100),Non-Fatal Injury,1,0,1,0,0,0,0,0,0,1,0,0,0,Pedestrian Collisions,"['Driver', 'Pedestrian']",North,"['Automobile, Station Wagon', 'Other']",['Overtaking'],['Failed to Yield Right of Way'],['Unknown'],['Vehicle is going straight thru inter.while ped cross without ROW'],"['Crossing, no Traffic Control']",['Normal'],[],[],[],D53,False,"['unknown', '25 to 29']",3.0
1322569.0,2012-09-20 08:00:00,750,2012,DUNDAS St E,HILTZ Ave,,Minor Arterial,Toronto and East York,43.667544,-79.328189,634783.3283,4836305.7526,,No Control,Clear,Daylight,Dry,70,South Riverdale,70,South Riverdale (70),Non-Fatal Injury,0,0,0,1,0,0,0,0,0,0,0,0,0,SMV Other,['Motorcycle Driver'],West,['Motorcycle'],['Going Ahead'],['Lost control'],['Normal'],[],[],[],[],[],[],D55,False,['45 to 49'],3.0
1322655.0,2012-09-22 08:00:00,1526,2012,FRONT St E,SHERBOURNE St,,Minor Arterial,Toronto and East York,43.650345,-79.36789,631620.1277,4834331.8367,At Intersection,Traffic Signal,Clear,Daylight,Dry,166,St Lawrence-East Bayfront-The Islands,77,Waterfront Communities-The Island (77),Non-Fatal Injury,1,0,1,0,0,0,0,0,0,0,0,0,0,Pedestrian Collisions,"['Vehicle Owner', 'Driver', 'Wheelchair']",East,"['Other', 'Automobile, Station Wagon']",['Turning Left'],['Driving Properly'],['Normal'],['Vehicle turns left while ped crosses without ROW at inter.'],['Crossing without right of way'],['Medical or Physical Disability'],[],[],[],D51,False,"['unknown', '40 to 44', '60 to 64']",3.0
1322840.0,2012-09-24 08:00:00,858,2012,BLOOR ST W,CLENDENAN AVE,,Major Arterial,Toronto and East York,43.652545,-79.46999,623381.7753,4834419.3019,At Intersection,Traffic Signal,Clear,Daylight,Dry,88,High Park North,88,High Park North (88),Non-Fatal Injury,1,0,1,0,0,0,0,0,0,1,0,0,0,Pedestrian Collisions,"['Driver', 'Pedestrian']",North,"['Automobile, Station Wagon', 'Other']",['Turning Left'],['Failed to Yield Right of Way'],['Normal'],['Vehicle turns left while ped crosses with ROW at inter.'],['Crossing with right of way'],['Normal'],[],[],[],D11,False,"['35 to 39', '25 to 29']",3.0
1322994.0,2012-09-24 08:00:00,853,2012,LAWRENCE AVE W,BATHURST ST,,Major Arterial,North York,43.719245,-79.42979,626483.3208,4841887.8024,At Intersection,Traffic Signal,Clear,Daylight,Dry,39,Bedford Park-Nortown,39,Bedford Park-Nortown (39),Non-Fatal Injury,1,0,1,0,0,0,0,0,0,0,0,0,0,Pedestrian Collisions,"['Driver', 'Pedestrian']",East,"['Automobile, Station Wagon', 'Other']",['Going Ahead'],['Driving Properly'],['Normal'],['Pedestrian hit at mid-block'],"['Crossing, no Traffic Control']",['Normal'],[],[],[],D53,False,"['65 to 69', '25 to 29']",3.0
1323544.0,2012-11-01 08:00:00,652,2012,LAWRENCE AVE W,CORONA ST,,Major Arterial,North York,43.714145,-79.45329,624600.9053,4841285.7808,,No Control,Rain,Dark,Wet,31,Yorkdale-Glen Park,31,Yorkdale-Glen Park (31),Fatal,1,0,1,0,0,0,0,1,0,1,0,0,0,Pedestrian Collisions,"['Passenger', 'Driver', 'Pedestrian']",East,"['Other', 'Automobile, Station Wagon']","['Going Ahead', 'Changing Lanes']",['Driving Properly'],['Normal'],['Vehicle is going straight thru inter.while ped cross without ROW'],"['Crossing, no Traffic Control']",['Inattentive'],[],[],[],D13,True,"['45 to 49', '50 to 54', '25 to 29', '30 to 34']",4.0
1323691.0,2012-09-21 08:00:00,152,2012,WESTON Rd,LAWRENCE Ave W,,Major Arterial,Etobicoke York,43.700148,-79.516185,619561.9503,4839638.5985,At Intersection,Traffic Signal,Rain,"Dark, artificial",Wet,113,Weston,113,Weston (113),Non-Fatal Injury,0,0,1,0,0,0,0,0,0,1,1,1,0,Angle,"['Driver', 'Other Property Owner', 'Vehicle Owner']",East,"['Automobile, Station Wagon', 'Other']",['Going Ahead'],"['Disobeyed Traffic Control', 'Driving Properly']","['Ability Impaired, Alcohol Over .08', 'Normal']",[],[],[],[],[],[],D12,False,"['30 to 34', 'unknown', '40 to 44']",3.0
1323727.0,2012-11-03 08:00:00,223,2012,ST CLAIR AVE W,OLD WESTON RD,,Major Arterial,Toronto and East York,43.673545,-79.46299,623903.0611,4836762.0593,,Traffic Signal,Clear,"Dark, artificial",Dry,91,Weston-Pelham Park,91,Weston-Pellam Park (91),Non-Fatal Injury,0,0,1,0,0,0,0,1,1,1,0,0,0,SMV Other,"['Vehicle Owner', 'Passenger', 'Driver - Not Hit', 'Driver', 'Other Property Owner']",West,"['Other', 'Automobile, Station Wagon']",['Going Ahead'],['Exceeding Speed Limit'],['Had Been Drinking'],[],[],[],[],[],[],D11,False,"['unknown', '35 to 39', '30 to 34', '20 to 24']",3.0
1323889.0,2012-09-25 08:00:00,1110,2012,KING Stre W,BAY Stre,,Major Arterial,Toronto and East York,43.648245,-79.38179,630503.71,4834076.6513,,No Control,Clear,Daylight,Dry,170,Yonge-Bay Corridor,76,Bay Street Corridor (76),Non-Fatal Injury,0,1,1,0,0,0,0,0,0,1,0,0,0,Cyclist Collisions,"['Vehicle Owner', 'Driver', 'Cyclist']",East,"['Other', 'Automobile, Station Wagon', 'Bicycle']","['Stopped', 'Going Ahead']",['Failed to Yield Right of Way'],['Inattentive'],[],[],[],['Cyclist struck opened vehicle door'],['Driving Properly'],['Normal'],D52,False,"['unknown', '45 to 49', '50 to 54']",3.0
1323931.0,2012-11-01 08:00:00,654,2012,EGLINTON AVE W,PEVERIL HILL  N,,Major Arterial,North York,43.700745,-79.42669,626772.0307,4839837.8526,,No Control,Rain,Dark,Wet,106,Humewood-Cedarvale,106,Humewood-Cedarvale (106),Non-Fatal Injury,1,0,1,0,0,0,0,0,0,0,0,0,0,Pedestrian Collisions,"['Driver', 'Pedestrian']",East,"['Automobile, Station Wagon', 'Other']",['Going Ahead'],['Other'],['Normal'],['Vehicle is going straight thru inter.while ped cross without ROW'],['Crossing without right of way'],['Inattentive'],[],[],[],D13,False,"['unknown', '50 to 54']",3.0
1324043.0,2012-09-27 08:00:00,2055,2012,RICHMOND St W,PETER St,,Major Arterial,Toronto and East York,43.648345,-79.39329,629576.0452,4834069.7372,At Intersection,Traffic Signal,Clear,"Dark, artificial",Dry,164,Wellington Place,77,Waterfront Communities-The Island (77),Non-Fatal Injury,0,1,1,0,0,0,0,0,0,0,0,0,0,Cyclist Collisions,"['Vehicle Owner', 'Driver', 'Cyclist']",South,"['Other', 'Automobile, Station Wagon', 'Bicycle']",['Going Ahead'],['Driving Properly'],['Normal'],[],[],[],"['Cyclist without ROW rides into path of motorist at inter, lnwy, dwy-Cyclist not turn.']",['Disobeyed Traffic Control'],['Inattentive'],D52,False,"['unknown', '45 to 49', '35 to 39']",3.0
1324125.0,2012-09-21 08:00:00,1040,2012,MCNICOLL Ave,PHARMACY Ave,,Minor Arterial,Scarborough,43.804114,-79.330722,634273.5158,4851469.7571,At Intersection,Traffic Signal,Clear,Daylight,Dry,116,Steeles,116,Steeles (116),Non-Fatal Injury,0,0,1,0,1,0,0,1,0,1,1,0,0,Angle,"['Vehicle Owner', 'Passenger', 'Truck Driver', 'Driver']",East,"['Other', 'Truck - Open', 'Automobile, Station Wagon']",['Going Ahead'],"['Driving Properly', 'Disobeyed Traffic Control']","['Normal', 'Inattentive']",[],[],[],[],[],[],D42,False,"['unknown', '45 to 49', '25 to 29']",3.0
1324317.0,2012-11-06 10:00:00,1731,2012,JARVIS ST,WELLESLEY ST E,,Major Arterial,Toronto and East York,43.666245,-79.37829,630746.9046,4836081.2997,At Intersection,Traffic Signal,Clear,Dusk,Dry,71,Cabbagetown-South St.James Town,71,Cabbagetown-South St.James Town (71),Non-Fatal Injury,1,0,1,0,0,0,0,0,0,1,1,0,0,Pedestrian Collisions,"['Driver', 'Pedestrian']",East,"['Automobile, Station Wagon', 'Other']",['Going Ahead'],['Disobeyed Traffic Control'],['Inattentive'],['Vehicle is going straight thru inter.while ped cross with ROW'],['Crossing with right of way'],['Normal'],[],[],[],D51,False,"['65 to 69', '80 to 84']",3.0
1324513.0,2012-11-07 10:00:00,1437,2012,RICHMOND ST W,UNIVERSITY AVE,,Major Arterial,Toronto and East York,43.650045,-79.38629,630136.9074,4834269.4981,At Intersection,Traffic Signal,Clear,Daylight,Dry,170,Yonge-Bay Corridor,76,Bay Street Corridor (76),Fatal,0,1,1,0,0,0,0,1,0,0,0,0,0,Cyclist Collisions,"['Vehicle Owner', 'Driver', 'Passenger', 'Cyclist']",North,"['Other', 'Automobile, Station Wagon', 'Bicycle']",['Going Ahead'],['Driving Properly'],['Normal'],[],[],[],"['Cyclist without ROW rides into path of motorist at inter, lnwy, dwy-Cyclist not turn.']",['Disobeyed Traffic Control'],['Unknown'],D52,True,"['unknown', '30 to 34', '35 to 39', '55 to 59']",4.0
1324692.0,2012-10-02 08:00:00,1820,2012,SHUTER Stre,CHURCH Stre,,Minor Arterial,Toronto and East York,43.654845,-79.37649,630916.8024,4834818.0164,At Intersection,Traffic Signal,Clear,"Dark, artificial",Dry,168,Downtown Yonge East,75,Church-Yonge Corridor (75),Non-Fatal Injury,0,1,1,0,0,0,0,0,0,0,0,0,0,Cyclist Collisions,"['Driver', 'Cyclist']",East,"['Automobile, Station Wagon', 'Bicycle']","['Turning Right', 'Going Ahead']",['Improper Turn'],['Normal'],[],[],[],['Motorist turning right on green or amber at signalized intersection strikes cyclist.'],['Driving Properly'],['Normal'],D51,False,"['45 to 49', '60 to 64']",3.0
1324885.0,2012-10-01 08:00:00,1000,2012,DON MILLS RD,THE DONWAY  E,,Major Arterial,North York,43.732245,-79.34209,633518.9041,4843469.2196,,Traffic Signal,Clear,Daylight,Dry,42,Banbury-Don Mills,42,Banbury-Don Mills (42),Non-Fatal Injury,1,0,1,0,0,0,0,0,0,1,1,0,0,Pedestrian Collisions,"['Driver', 'Other Property Owner', 'Pedestrian']",North,"['Automobile, Station Wagon', 'Other']",['Going Ahead'],"['Disobeyed Traffic Control', 'Driving Properly']",['Normal'],['Pedestrian hit on sidewalk or shoulder'],['On Sidewalk or Shoulder'],['Normal'],[],[],[],D33,False,"['60 to 64', '50 to 54', 'unknown', '85 to 89']",3.0
1324915.0,2012-09-28 08:00:00,953,2012,JOHN ST,KING ST W,,Major Arterial,Toronto and East York,43.646545,-79.38979,629862.1909,4833875.2946,At Intersection,Traffic Signal,Clear,Daylight,Dry,164,Wellington Place,77,Waterfront Communities-The Island (77),Non-Fatal Injury,1,0,1,0,0,0,0,0,0,1,0,0,0,Pedestrian Collisions,"['Vehicle Owner', 'Driver', 'Pedestrian']",East,"['Other', 'Automobile, Station Wagon']",['Turning Left'],['Improper Passing'],['Unknown'],['Vehicle turns left while ped crosses with ROW at inter.'],['Crossing with right of way'],['Normal'],[],[],[],D52,False,"['unknown', '50 to 54', '35 to 39']",3.0
1324964.0,2012-09-28 08:00:00,1322,2012,AVENUE RD,HILLHURST BLVD,,Major Arterial,North York,43.711745,-79.411693,627957.0433,4841082.5977,,No Control,Clear,Daylight,Dry,103,Lawrence Park South,103,Lawrence Park South (103),Non-Fatal Injury,0,1,1,0,0,0,0,0,0,1,0,0,0,Rear End,"['Vehicle Owner', 'Driver', 'Moped Driver']",North,"['Automobile, Station Wagon', 'Moped']",['Going Ahead'],['Improper Passing'],['Normal'],[],[],[],[],[],[],D53,False,"['unknown', '20 to 24', '25 to 29']",3.0
1324973.0,2012-10-04 08:00:00,1748,2012,AVENUE RD,MACPHERSON AVE,,Major Arterial,Toronto and East York,43.677845,-79.39789,629141.7976,4837338.9324,,No Control,Clear,Daylight,Dry,95,Annex,95,Annex (95),Non-Fatal Injury,0,1,0,0,1,0,0,0,0,1,0,0,0,Cyclist Collisions,"['Vehicle Owner', 'Truck Driver', 'Cyclist', 'Other']",South,"['Other', 'Truck - Open', 'Bicycle']","['Slowing or Stopping', 'Overtaking']",['Improper Passing'],['Normal'],[],[],[],['Cyclist and Driver travelling in same direction. One vehicle sideswipes the other.'],['Improper Passing'],['Unknown'],D53,False,"['unknown', '30 to 34', '50 to 54']",3.0
1325529.0,2012-11-13 10:00:00,844,2012,GERRARD ST E,YONGE ST,,Major Arterial,Toronto and East York,43.659045,-79.38209,630456.1285,4835275.6618,At Intersection,Traffic Signal,Clear,Daylight,Dry,168,Downtown Yonge East,75,Church-Yonge Corridor (75),Non-Fatal Injury,0,1,0,0,1,0,0,0,0,0,0,0,0,Cyclist Collisions,"['Vehicle Owner', 'Truck Driver', 'Cyclist']",West,"['Other', 'Truck - Open', 'Bicycle']","['Turning Right', 'Going Ahead']",['Improper Turn'],['Normal'],[],[],[],['Motorist turning right on green or amber at signalized intersection strikes cyclist.'],['Other'],['Unknown'],D51,False,"['unknown', '35 to 39']",3.0
1325621.0,2012-11-12 10:00:00,2004,2012,SHEPPARD AVE E,BIRCHMOUNT RD,,Major Arterial,Scarborough,43.781045,-79.29809,636951.0836,4848961.0465,At Intersection,Traffic Signal,Rain,"Dark, artificial",Wet,118,Tam O'Shanter-Sullivan,118,Tam O'Shanter-Sullivan (118),Non-Fatal Injury,0,0,1,0,0,0,0,1,0,1,0,1,0,Turning Movement,"['Passenger', 'Driver']",East,"['Other', 'Automobile, Station Wagon']","['Going Ahead', 'Turning Left']","['Driving Properly', 'Failed to Yield Right of Way']","['Normal', 'Ability Impaired, Alcohol Over .08']",[],[],[],[],[],[],D42,False,"['75 to 79', '85 to 89', '45 to 49']",3.0
1325969.0,2012-10-16 08:00:00,900,2012,CARLAW AVE,EASTERN AVE,,Minor Arterial,Toronto and East York,43.660145,-79.33969,633872.5396,4835465.372,,No Control,Clear,Daylight,Dry,70,South Riverdale,70,South Riverdale (70),Non-Fatal Injury,0,0,1,0,0,0,0,0,0,0,0,0,0,Turning Movement,['Driver'],North,"['Automobile, Station Wagon']","['Going Ahead', 'Making U Turn']","['Driving Properly', 'Improper Turn']",['Normal'],[],[],[],[],[],[],D55,False,"['30 to 34', '40 to 44']",3.0
1325976.0,2012-10-05 08:00:00,1529,2012,PATINA DR,SIROCCO DR,,Local,North York,43.803245,-79.37019,631100.6562,4851309.9558,,No Control,Clear,Daylight,Dry,48,Hillcrest Village,48,Hillcrest Village (48),Non-Fatal Injury,1,0,1,0,0,0,0,0,0,0,0,0,0,Pedestrian Collisions,"['Driver', 'Pedestrian']",South,"['Automobile, Station Wagon', 'Other']",['Going Ahead'],['Driving Properly'],['Normal'],['Pedestrian hit at mid-block'],['Running onto Roadway'],['Inattentive'],[],[],[],D33,False,"['40 to 44', '15 to 19']",3.0
1326143.0,2012-11-16 10:00:00,1743,2012,FINCH AVE E,WILFRED AVE,,Major Arterial,North York,43.782744,-79.40189,628594.6731,4848983.2672,,No Control,Clear,"Dark, artificial",Dry,152,East Willowdale,51,Willowdale East (51),Non-Fatal Injury,1,0,1,0,0,0,0,0,0,0,0,0,0,Pedestrian Collisions,"['Driver', 'Pedestrian']",East,"['Automobile, Station Wagon', 'Other']",['Going Ahead'],['Driving Properly'],['Normal'],['Vehicle is going straight thru inter.while ped cross without ROW'],"['Crossing, no Traffic Control']",['Unknown'],[],[],[],D32,False,"['40 to 44', '75 to 79']",3.0
1326460.0,2012-09-17 08:00:00,850,2012,BAYVIEW AVE,ROSEDALE VALLEY RD,,Major Arterial,Toronto and East York,43.671445,-79.36179,632065.7911,4836684.9669,,No Control,Other,Other,Other,71,Cabbagetown-South St.James Town,71,Cabbagetown-South St.James Town (71),Non-Fatal Injury,0,0,0,1,0,0,0,0,0,0,0,0,0,Other,"['Vehicle Owner', 'Motorcycle Driver']",South,"['Other', 'Motorcycle']",['Going Ahead'],['Other'],['Unknown'],[],[],[],[],[],[],D51,False,"['unknown', '30 to 34']",3.0
1326517.0,2012-10-10 08:00:00,1429,2012,SHEPPARD AVE E,WARDEN AVE,,Major Arterial,Scarborough,43.778745,-79.30789,636167.6997,4848689.4299,At Intersection,Traffic Signal,Clear,Daylight,Dry,118,Tam O'Shanter-Sullivan,118,Tam O'Shanter-Sullivan (118),Non-Fatal Injury,1,0,0,0,1,0,0,0,0,1,0,0,0,Pedestrian Collisions,"['Pedestrian', 'Vehicle Owner', 'Truck Driver']",South,"['Other', 'Truck - Open']",['Turning Right'],['Failed to Yield Right of Way'],['Normal'],['Vehicle turns right while ped crosses with ROW at inter.'],['Crossing with right of way'],['Normal'],[],[],[],D42,False,"['70 to 74', 'unknown', '60 to 64']",3.0
1326621.0,2012-10-10 08:00:00,617,2012,CHURCH St,JANE St,,Collector,Etobicoke York,43.709145,-79.50589,620373.4931,4840652.7367,,No Control,Clear,"Dark, artificial",Dry,113,Weston,113,Weston (113),Non-Fatal Injury,0,1,1,0,0,0,0,0,0,1,0,0,0,Cyclist Collisions,"['Vehicle Owner', 'Driver', 'Cyclist']",East,"['Other', 'Automobile, Station Wagon', 'Bicycle']","['Turning Left', 'Going Ahead']",['Failed to Yield Right of Way'],['Normal'],[],[],[],['Motorist turned left across cyclists path.'],['Driving Properly'],['Normal'],D12,False,"['unknown', '25 to 29', '30 to 34']",3.0
1326699.0,2012-11-18 10:00:00,104,2012,DUNDAS ST E,RIVER ST,,Major Arterial,Toronto and East York,43.661145,-79.35819,632378.6509,4835546.751,At Intersection,Traffic Controller,Clear,"Dark, artificial",Dry,72,Regent Park,72,Regent Park (72),Non-Fatal Injury,1,0,1,0,0,0,0,0,0,1,0,0,0,Pedestrian Collisions,"['Vehicle Owner', 'Driver', 'Pedestrian']",North,"['Other', 'Automobile, Station Wagon']",['Turning Left'],['Failed to Yield Right of Way'],['Normal'],['Vehicle turns left while ped crosses with ROW at inter.'],['Crossing with right of way'],['Normal'],[],[],[],D51,False,"['unknown', '40 to 44']",3.0
1326729.0,2012-10-09 08:00:00,1249,2012,ST CLAIR AVE W,BOON AVE,,Major Arterial,Toronto and East York,43.677245,-79.446391,625233.4727,4837197.9217,,No Control,Clear,Daylight,Dry,92,Corso Italia-Davenport,92,Corso Italia-Davenport (92),Non-Fatal Injury,1,0,0,0,0,1,0,0,0,0,0,0,0,Pedestrian Collisions,"['Vehicle Owner', 'Driver', 'Pedestrian']",South,"['Other', 'Municipal Transit Bus (TTC)']",['Going Ahead'],['Driving Properly'],['Normal'],['Pedestrian involved in a collision with transit vehicle anywhere along roadway'],"['Crossing, no Traffic Control']",['Normal'],[],[],[],D13,False,"['unknown', '30 to 34', '50 to 54']",3.0
1326780.0,2012-10-11 08:00:00,2148,2012,SHEPPARD AVE E,PARKWAY FOREST DR,,Major Arterial,North York,43.775824,-79.343715,633291.2464,4848306.7071,At Intersection,Traffic Signal,Rain,Dark,Wet,53,Henry Farm,53,Henry Farm (53),Non-Fatal Injury,0,1,1,0,0,0,0,0,0,1,0,0,0,Turning Movement,"['Vehicle Owner', 'Driver', 'Moped Driver']",East,"['Other', 'Automobile, Station Wagon']","['Turning Left', 'Going Ahead']","['Failed to Yield Right of Way', 'Driving Properly']","['Inattentive', 'Normal']",[],[],[],[],[],[],D33,False,"['unknown', '35 to 39', '50 to 54']",3.0
1326902.0,2012-10-11 08:00:00,1312,2012,OAK St,KNOB HILL Park,,Collector,Etobicoke York,43.708346,-79.530689,618377.1102,4840528.2859,,No Control,Clear,Daylight,Dry,113,Weston,113,Weston (113),Non-Fatal Injury,0,0,1,0,0,0,0,0,0,1,0,0,0,Rear End,['Driver'],West,"['Automobile, Station Wagon']","['Slowing or Stopping', 'Going Ahead']","['Driving Properly', 'Following too Close']","['Normal', 'Inattentive']",[],[],[],[],[],[],D12,False,"['70 to 74', '35 to 39']",3.0
1326911.0,2012-10-11 08:00:00,2140,2012,YONGE St,CRESCENT Rd,,Major Arterial,Toronto and East York,43.676945,-79.38949,629820.8469,4837252.0883,At Intersection,Traffic Signal,Clear,"Dark, artificial",Dry,98,Rosedale-Moore Park,98,Rosedale-Moore Park (98),Non-Fatal Injury,0,1,1,0,0,0,0,0,0,1,0,0,0,Cyclist Collisions,"['Driver', 'Cyclist']",North,"['Automobile, Station Wagon', 'Bicycle']","['Turning Left', 'Going Ahead']",['Failed to Yield Right of Way'],['Inattentive'],[],[],[],['Motorist turned left across cyclists path.'],['Driving Properly'],['Normal'],D53,False,"['75 to 79', '20 to 24']",3.0
1326942.0,2012-10-11 08:00:00,739,2012,OSSINGTON AVE,DUNDAS ST W,,Major Arterial,Toronto and East York,43.649321,-79.420772,627357.6242,4834135.5914,,No Control,Clear,Daylight,Dry,81,Trinity-Bellwoods,81,Trinity-Bellwoods (81),Non-Fatal Injury,0,0,1,1,0,0,0,0,0,0,0,0,0,Turning Movement,"['Motorcycle Driver', 'Vehicle Owner', 'Driver']",East,"['Motorcycle', 'Other', 'Taxi']","['Going Ahead', 'Making U Turn']","['Driving Properly', 'Improper Turn']","['Normal', 'Inattentive']",[],[],[],[],[],[],D14,False,"['20 to 24', 'unknown', '50 to 54']",3.0
1326953.0,2012-11-07 10:00:00,1853,2012,LESLIE ST,LAKE SHORE BLVD E,,Major Arterial,Toronto and East York,43.659243,-79.328388,634785.8604,4835383.4913,At Intersection,Traffic Signal,Clear,Dark,Dry,70,South Riverdale,63,The Beaches (63),Non-Fatal Injury,0,1,1,0,0,0,0,0,0,0,0,0,0,Cyclist Collisions,"['Driver', 'Cyclist']",East,"['Automobile, Station Wagon', 'Bicycle']","['Unknown', 'Going Ahead']",['Other'],['Unknown'],[],[],[],['Insufficient information (to determine cyclist crash type).'],['Other'],['Unknown'],D55,False,"['unknown', '45 to 49']",3.0
1327099.0,2012-11-23 10:00:00,643,2012,DAVENPORT RD,LANSDOWNE AVE,,Minor Arterial,Toronto and East York,43.671546,-79.448291,625092.1563,4836562.1046,At Intersection,Traffic Signal,Clear,"Dark, artificial",Dry,171,Junction-Wallace Emerson,93,Dovercourt-Wallace Emerson-Junction (93),Fatal,0,1,1,0,0,0,0,0,0,1,1,0,0,Cyclist Collisions,"['Cyclist', 'Driver']",East,"['Bicycle', 'Passenger Van', 'Automobile, Station Wagon']",['Going Ahead'],"['Disobeyed Traffic Control', 'Driving Properly']","['Normal', 'Unknown']",[],[],[],"['Cyclist without ROW rides into path of motorist at inter, lnwy, dwy-Cyclist not turn.']",[],[],D13,True,"['35 to 39', '60 to 64', '20 to 24']",4.0
1327123.0,2012-11-23 10:00:00,1705,2012,EGLINTON AVE W,JANE ST,,Major Arterial,Etobicoke York,43.684445,-79.49879,620995.1785,4837919.7985,At Intersection,Traffic Signal,Clear,Dark,Dry,115,Mount Dennis,115,Mount Dennis (115),Non-Fatal Injury,0,0,1,0,0,0,0,0,0,0,0,0,0,Sideswipe,['Driver'],West,"['Automobile, Station Wagon']","['Going Ahead', 'Stopped']","['Other', 'Driving Properly']","['Other', 'Normal']",[],[],[],[],[],[],D12,False,"['75 to 79', '35 to 39', '65 to 69']",3.0
1327320.0,2012-11-24 10:00:00,2127,2012,KENNEDY RD,RADNOR AVE,,Major Arterial,Scarborough,43.745945,-79.27369,638995.8184,4845103.3054,At Intersection,No Control,Clear,"Dark, artificial",Dry,126,Dorset Park,126,Dorset Park (126),Non-Fatal Injury,0,0,1,0,0,0,0,1,1,1,0,0,0,SMV Other,"['Passenger', 'Driver', 'Other Property Owner']",South,"['Other', 'Automobile, Station Wagon']",['Going Ahead'],['Speed too Fast For Condition'],['Unknown'],[],[],[],[],[],[],D41,False,"['15 to 19', '20 to 24', 'unknown']",3.0
1327537.0,2012-10-13 08:00:00,1915,2012,BLEECKER ST,EARL ST,,Local,Toronto and East York,43.670445,-79.37509,630995.7636,4836552.8145,,No Control,Rain,Dark,Wet,74,North St.James Town,74,North St.James Town (74),Non-Fatal Injury,1,0,1,0,0,0,0,0,0,0,0,0,0,Pedestrian Collisions,"['Driver', 'Pedestrian']",East,"['Automobile, Station Wagon', 'Other']",['Reversing'],['Other'],['Inattentive'],['Vehicle is reversing and hits pedestrian'],['Other'],['Normal'],[],[],[],D51,False,"['45 to 49', '50 to 54']",3.0