accident_number,date,time,year,street1,street2,offset,road_class,district,latitude,longitude,x,y,accident_location,traffctl,visibility,light,road_surface_condition,hood_158,neighbourhood_new,hood_140,neighbourhood_old,accident_class,pedestrian,cyclist,automobile,motorcycle,truck,trsn_city_veh,emerg_veh,passenger,speeding,aggressive_driving,redlight,alcohol,disability,impact_type,involvement_type,initial_direction,vehicle_type,manoeuver,driver_action,driver_condition,pedestrian_type,pedestrian_action,pedestrian_condition,cyclist_type,cyclist_action,cyclist_condition,division,injury,involvement_age,injury_severity_score
1345912.0,2013-03-11 08:00:00,2215,2013,CHAPMAN RD,ROYAL YORK RD,,Minor Arterial,Etobicoke York,43.687545,-79.52889,618563.0388,4838220.6222,,Stop Sign,Rain,"Dark, artificial",Wet,8,Humber Heights-Westmount,8,Humber Heights-Westmount (8),Non-Fatal Injury,1,0,1,0,0,0,0,0,0,0,0,0,0,Pedestrian Collisions,"['Driver', 'Pedestrian']",North,"['Automobile, Station Wagon', 'Other']",['Turning Left'],['Driving Properly'],['Unknown'],['Vehicle turns left while ped crosses without ROW at inter.'],['Crossing without right of way'],['Unknown'],[],[],[],D23,False,"['25 to 29', '45 to 49']",3.0
1346364.0,2013-03-14 08:00:00,35,2013,QUEEN ST W,DOWLING AVE,,Major Arterial,Toronto and East York,43.639941,-79.439853,625838.3959,4833064.7155,,No Control,Snow,Dark,Loose Snow,85,South Parkdale,85,South Parkdale (85),Non-Fatal Injury,1,0,1,0,0,0,0,0,0,0,0,0,0,Pedestrian Collisions,"['Driver', 'Pedestrian']",West,"['Automobile, Station Wagon', 'Other']","['Going Ahead', 'Other']",[],[],[],[],[],[],[],[],D14,False,"['unknown', '35 to 39']",3.0
1346509.0,2013-03-14 08:00:00,2032,2013,CARLAW AVE,DUNDAS ST E,,Minor Arterial,Toronto and East York,43.663345,-79.34109,633752.5485,4835818.5169,At Intersection,No Control,Clear,"Dark, artificial",Dry,70,South Riverdale,70,South Riverdale (70),Non-Fatal Injury,1,0,1,0,0,0,0,1,0,0,0,0,0,Pedestrian Collisions,"['Passenger', 'Vehicle Owner', 'Driver', 'Pedestrian']",East,"['Other', 'Automobile, Station Wagon']",['Turning Left'],['Driving Properly'],['Normal'],['Pedestrian hit at mid-block'],"['Crossing, no Traffic Control']",['Normal'],[],[],[],D55,False,"['20 to 24', '30 to 34', 'unknown', '45 to 49', '60 to 64']",3.0
1346813.0,2013-03-16 08:00:00,1252,2013,WARDEN AVE,STEELES AVE E,,Major Arterial,Scarborough,43.819645,-79.32439,634747.9211,4853205.0196,,Traffic Signal,Clear,Daylight,Dry,NSA,NSA,NSA,NSA,Non-Fatal Injury,0,1,1,0,0,0,0,0,0,0,0,0,0,Cyclist Collisions,"['Driver', 'Cyclist']",East,"['Automobile, Station Wagon', 'Bicycle']","['Turning Right', 'Going Ahead']",['Improper Turn'],['Normal'],[],[],[],['Motorist turning right on green or amber at signalized intersection strikes cyclist.'],['Other'],['Normal'],D42,False,"['30 to 34', '65 to 69']",3.0
1347268.0,2013-02-10 10:00:00,1445,2013,DUNDAS ST W,PRINCE EDWARD DR N,,Major Arterial,Etobicoke York,43.660645,-79.51049,620099.6316,4835259.4919,At Intersection,Traffic Signal,Clear,Daylight,Wet,9,Edenbridge-Humber Valley,9,Edenbridge-Humber Valley (9),Non-Fatal Injury,1,0,1,0,0,0,0,0,0,1,0,0,0,Pedestrian Collisions,"['Vehicle Owner', 'Driver', 'Pedestrian']",East,"['Other', 'Automobile, Station Wagon']",['Turning Right'],['Failed to Yield Right of Way'],['Inattentive'],['Vehicle turns right while ped crosses with ROW at inter.'],['Crossing with right of way'],['Normal'],[],[],[],D22,False,"['unknown', '50 to 54', '65 to 69']",3.0
1347299.0,2013-02-10 10:00:00,1830,2013,DUFFERIN St,GIBSON St,,Major Arterial,Toronto and East York,43.690345,-79.44809,625069.2932,4838650.2903,At Intersection,Traffic Signal,Clear,"Dark, artificial",Wet,109,Caledonia-Fairbank,109,Caledonia-Fairbank (109),Non-Fatal Injury,1,0,1,0,0,0,0,0,0,1,1,0,0,Pedestrian Collisions,"['Driver', 'Pedestrian']",South,"['Automobile, Station Wagon', 'Other']",['Going Ahead'],['Disobeyed Traffic Control'],['Had Been Drinking'],['Vehicle is going straight thru inter.while ped cross with ROW'],['Crossing with right of way'],['Normal'],[],[],[],D13,False,"['50 to 54', '30 to 34']",3.0
1347648.0,2013-02-13 10:00:00,1447,2013,MARKHAM RD,SELECT AVE,,Major Arterial,Scarborough,43.833441,-79.25101,640616.6014,4854859.4376,,Traffic Signal,Clear,Daylight,Dry,144,Morningside Heights,131,Rouge (131),Non-Fatal Injury,0,0,1,0,0,0,0,0,0,1,0,0,0,Rear End,"['Driver', 'Vehicle Owner']",South,"['Automobile, Station Wagon', 'Other']","['Slowing or Stopping', 'Going Ahead']","['Driving Properly', 'Following too Close']","['Normal', 'Inattentive']",[],[],[],[],[],[],D42,False,"['30 to 34', 'unknown', '35 to 39']",3.0
1347681.0,2013-02-15 10:00:00,1030,2013,HIGHWAY 427 C  N,BURNHAMTHORPE RD,,,Etobicoke York,43.648545,-79.56409,615801.0678,4833839.4445,,No Control,Clear,Daylight,Dry,158,Islington,14,Islington-City Centre West (14),Non-Fatal Injury,1,0,0,0,1,0,0,0,0,0,0,0,0,Pedestrian Collisions,"['Truck Driver', 'Pedestrian']",North,"['Truck - Open', 'Other']",['Slowing or Stopping'],['Other'],['Inattentive'],['Pedestrian hit at mid-block'],['Playing or Working on Highway'],['Normal'],[],[],[],D22,False,"['30 to 34', '55 to 59']",3.0
1347684.0,2013-02-15 10:00:00,208,2013,QUEEN ST E,WAVERLEY RD,,Minor Arterial,Toronto and East York,43.669845,-79.30089,636978.9965,4836606.0267,,No Control,Clear,"Dark, artificial",Wet,63,The Beaches,63,The Beaches (63),Non-Fatal Injury,1,0,1,0,0,0,0,0,1,1,0,1,0,Pedestrian Collisions,"['Vehicle Owner', 'Driver', 'Pedestrian']",South,"['Other', 'Automobile, Station Wagon']",['Going Ahead'],['Speed too Fast For Condition'],"['Ability Impaired, Alcohol']",['Vehicle is going straight thru inter.while ped cross without ROW'],"['Crossing, no Traffic Control']",['Had Been Drinking'],[],[],[],D55,False,"['unknown', '30 to 34', '20 to 24']",3.0
1347790.0,2013-02-15 10:00:00,2103,2013,CASTLEFIELD AVE,ROSELAWN AVE,,Collector,North York,43.700545,-79.44969,624919.1664,4839780.7287,,No Control,Clear,Dark,Dry,108,Briar Hill-Belgravia,108,Briar Hill-Belgravia (108),Non-Fatal Injury,1,0,1,0,0,0,0,0,0,0,0,0,0,Pedestrian Collisions,"['Driver', 'Pedestrian']",North,"['Automobile, Station Wagon', 'Other']",['Going Ahead'],['Driving Properly'],['Normal'],['Pedestrian hit at mid-block'],"['Crossing, no Traffic Control']",['Had Been Drinking'],[],[],[],D13,False,"['20 to 24', '50 to 54']",3.0
1348049.0,2013-02-19 10:00:00,916,2013,YONGE ST,WELLINGTON ST W,,Major Arterial,Toronto and East York,43.647845,-79.37739,630859.429,4834039.1548,At Intersection,Traffic Signal,Rain,Daylight,Wet,170,Yonge-Bay Corridor,76,Bay Street Corridor (76),Non-Fatal Injury,1,0,1,0,0,0,0,0,0,1,0,0,0,Pedestrian Collisions,"['Driver', 'Pedestrian']",South,"['Automobile, Station Wagon', 'Other']",['Turning Right'],['Failed to Yield Right of Way'],['Inattentive'],['Vehicle turns right while ped crosses with ROW at inter.'],['Crossing with right of way'],['Normal'],[],[],[],D52,False,"['35 to 39', '65 to 69']",3.0
1348204.0,2013-02-21 10:00:00,755,2013,KENNEDY RD,TRANSWAY CRES,,Major Arterial,Scarborough,43.731245,-79.26759,639521.1127,4843480.9037,At Intersection,No Control,Clear,Daylight,Dry,125,Ionview,125,Ionview (125),Non-Fatal Injury,1,0,1,0,0,0,0,0,0,1,0,0,0,Pedestrian Collisions,"['Driver', 'Pedestrian']",North,"['Automobile, Station Wagon', 'Other']",['Turning Left'],['Failed to Yield Right of Way'],['Inattentive'],['Vehicle turns left while ped crosses with ROW at inter.'],['Crossing with right of way'],['Normal'],[],[],[],D41,False,"['35 to 39', '25 to 29']",3.0
1348211.0,2013-02-21 10:00:00,924,2013,SHEPPARD AVE W,FAYWOOD BLVD,,Major Arterial,North York,43.752645,-79.45189,624633.799,4845563.867,At Intersection,Traffic Signal,Clear,Daylight,Dry,33,Clanton Park,33,Clanton Park (33),Non-Fatal Injury,1,0,1,0,0,0,0,0,0,1,0,0,0,Pedestrian Collisions,"['Driver', 'Pedestrian']",North,"['Automobile, Station Wagon', 'Other']",['Turning Left'],['Failed to Yield Right of Way'],['Normal'],['Vehicle turns left while ped crosses with ROW at inter.'],['Crossing with right of way'],['Normal'],[],[],[],D32,False,"['60 to 64', '20 to 24']",3.0
1348740.0,2013-02-26 10:00:00,2119,2013,ST CLAIR AVE W,KEELE ST,,Major Arterial,Etobicoke York,43.672345,-79.46849,623462.146,4836620.5828,,No Control,Rain,Dark,Wet,90,Junction Area,90,Junction Area (90),Non-Fatal Injury,0,0,1,0,0,0,0,0,0,0,0,0,0,SMV Other,"['Driver', 'Other Property Owner']",West,"['Automobile, Station Wagon', 'Other']",['Going Ahead'],['Other'],['Normal'],[],[],[],[],[],[],D11,False,"['60 to 64', 'unknown']",3.0
1348815.0,2013-02-28 10:00:00,1426,2013,ROGERS Rd,KEELE St,,Major Arterial,Etobicoke York,43.682145,-79.47159,623192.1825,4837704.3946,,Traffic Signal,Clear,Daylight,Wet,110,Keelesdale-Eglinton West,110,Keelesdale-Eglinton West (110),Non-Fatal Injury,1,0,0,0,0,1,0,0,0,0,0,0,0,Pedestrian Collisions,"['Vehicle Owner', 'Driver', 'Pedestrian']",East,"['Other', 'Municipal Transit Bus (TTC)']",['Stopped'],['Other'],['Normal'],['Pedestrian involved in a collision with transit vehicle anywhere along roadway'],['Person Getting on/off Vehicle'],['Normal'],[],[],[],D12,False,"['unknown', '35 to 39']",3.0
1349045.0,2013-03-02 10:00:00,520,2013,170 FINCH AVE E,,,Major Arterial,North York,43.782445,-79.40319,628490.706,4848948.04,,No Control,Clear,Dawn,Dry,152,East Willowdale,51,Willowdale East (51),Non-Fatal Injury,0,0,1,0,0,0,0,1,1,1,0,0,0,Sideswipe,"['Driver', 'Passenger', 'Vehicle Owner']",West,"['Automobile, Station Wagon', 'Other']",['Going Ahead'],"['Driving Properly', 'Lost control']","['Normal', 'Unknown']",[],[],[],[],[],[],D32,False,"['45 to 49', 'unknown', '20 to 24']",3.0
1349064.0,2013-03-02 10:00:00,1107,2013,ENCHANTED HILLS Cres,WILDERNESS Dr,,Local,Scarborough,43.829145,-79.27609,638610.1245,4854339.959,At Intersection,Stop Sign,Clear,Daylight,Dry,130,Milliken,130,Milliken (130),Non-Fatal Injury,0,1,1,0,0,0,0,0,0,0,0,0,0,Cyclist Collisions,"['Vehicle Owner', 'Driver', 'Cyclist']",East,"['Other', 'Automobile, Station Wagon', 'Bicycle']","['Turning Left', 'Going Ahead']",['Improper Turn'],['Inattentive'],[],[],[],['Motorist turned left across cyclists path.'],['Driving Properly'],['Normal'],D42,False,"['unknown', '55 to 59']",3.0
1349085.0,2013-03-27 08:00:00,1923,2013,DANFORTH Ave,LUTTRELL Ave,,Major Arterial,Toronto and East York,43.689945,-79.29379,637505.4664,4838850.1595,,No Control,Rain,Dusk,Wet,62,East End-Danforth,62,East End-Danforth (62),Non-Fatal Injury,0,0,1,0,0,0,0,1,0,0,0,0,0,Turning Movement,"['Vehicle Owner', 'Driver', 'Passenger']",West,"['Automobile, Station Wagon', 'Other']","['Going Ahead', 'Making U Turn']","['Driving Properly', 'Improper Lane Change']","['Normal', 'Inattentive']",[],[],[],[],[],[],D55,False,"['unknown', '60 to 64', '30 to 34', '50 to 54', '5 to 9']",3.0
1349207.0,2013-03-04 10:00:00,800,2013,37 SIX POINT Rd,,,Local,Etobicoke York,43.635545,-79.52659,618850.9647,4832448.6396,,No Control,Clear,Daylight,Dry,159,Etobicoke City Centre,14,Islington-City Centre West (14),Non-Fatal Injury,0,0,1,0,1,0,0,0,0,0,0,0,0,Angle,"['Vehicle Owner', 'Truck Driver', 'Driver']",East,"['Other', 'Truck - Open', 'Automobile, Station Wagon']","['Reversing', 'Going Ahead']",['Other'],"['Unknown', 'Normal']",[],[],[],[],[],[],D22,False,"['unknown', '25 to 29', '55 to 59']",3.0
1349359.0,2013-03-29 08:00:00,1734,2013,LAKE SHORE BLVD E,DON ROADWAY,,Major Arterial,Toronto and East York,43.650244,-79.348491,633184.7843,4834351.5711,,No Control,Clear,Daylight,Dry,166,St Lawrence-East Bayfront-The Islands,77,Waterfront Communities-The Island (77),Fatal,0,0,1,0,0,0,0,1,1,1,0,0,0,SMV Other,"['Vehicle Owner', 'Driver', 'Passenger', 'Other Property Owner']",East,"['Automobile, Station Wagon']",['Going Ahead'],['Lost control'],['Unknown'],[],[],[],[],[],[],D51,True,"['unknown', '15 to 19']",4.0
1349360.0,2013-02-26 10:00:00,730,2013,15 BESSARION Rd,AT #15,,Local,North York,43.766845,-79.37599,630713.4167,4847257.9976,,No Control,Clear,Dark,Dry,52,Bayview Village,52,Bayview Village (52),Non-Fatal Injury,1,0,1,0,0,0,0,0,0,0,0,0,0,Pedestrian Collisions,"['Pedestrian', 'Driver']",East,"['Other', 'Automobile, Station Wagon']",['Reversing'],['Other'],['Normal'],['Vehicle is reversing and hits pedestrian'],['Other'],['Normal'],[],[],[],D33,False,"['75 to 79', '60 to 64']",3.0
1350051.0,2013-03-11 08:00:00,2023,2013,BIRCHMOUNT RD,LAWRENCE AVE E,,Major Arterial,Scarborough,43.747545,-79.28479,638098.3994,4845262.444,At Intersection,Traffic Signal,Rain,"Dark, artificial",Wet,126,Dorset Park,126,Dorset Park (126),Non-Fatal Injury,1,0,1,0,0,0,0,0,0,1,0,0,0,Pedestrian Collisions,"['Driver', 'Pedestrian']",East,"['Automobile, Station Wagon', 'Other']",['Turning Left'],['Failed to Yield Right of Way'],['Inattentive'],['Vehicle turns left while ped crosses with ROW at inter.'],['Crossing with right of way'],['Normal'],[],[],[],D41,False,"['65 to 69', '20 to 24']",3.0
1350140.0,2013-04-04 08:00:00,1251,2013,THE EAST MALL,BLOOR St W,,Major Arterial,Etobicoke York,43.636945,-79.55669,616420.2591,4832561.4712,At Intersection,Traffic Signal,Clear,Daylight,Dry,158,Islington,14,Islington-City Centre West (14),Non-Fatal Injury,0,0,1,0,0,0,0,0,0,0,0,0,0,SMV Other,"['Driver', 'Other Property Owner']",North,"['Automobile, Station Wagon', 'Other']",['Going Ahead'],['Lost control'],['Unknown'],[],[],[],[],[],[],D22,False,"['85 to 89', 'unknown']",3.0
1350472.0,2013-04-06 08:00:00,845,2013,SHEPPARD AVE W,BATHURST ST,,Major Arterial,North York,43.755445,-79.43849,625706.7404,4845895.0985,At Intersection,Traffic Signal,Clear,Daylight,Dry,33,Clanton Park,33,Clanton Park (33),Non-Fatal Injury,1,0,1,0,0,0,0,0,0,1,0,0,0,Pedestrian Collisions,"['Driver', 'Pedestrian']",North,"['Automobile, Station Wagon', 'Other']",['Turning Left'],['Failed to Yield Right of Way'],['Inattentive'],['Vehicle turns left while ped crosses with ROW at inter.'],['Crossing with right of way'],['Medical or Physical Disability'],[],[],[],D32,False,"['75 to 79', '85 to 89']",3.0
1350654.0,2013-03-30 08:00:00,1214,2013,JANE ST,DALRYMPLE DR,,Major Arterial,Etobicoke York,43.677233,-79.496135,621223.6924,4837122.6863,At Intersection,No Control,Clear,Daylight,Dry,111,Rockcliffe-Smythe,111,Rockcliffe-Smythe (111),Non-Fatal Injury,0,1,1,0,0,0,0,0,0,1,0,0,0,Cyclist Collisions,"['Driver', 'Cyclist']",North,"['Automobile, Station Wagon', 'Bicycle']","['Turning Left', 'Going Ahead']",['Failed to Yield Right of Way'],['Unknown'],[],[],[],['Motorist turned left across cyclists path.'],['Driving Properly'],['Normal'],D12,False,"['unknown', '40 to 44']",3.0
1350729.0,2013-03-21 08:00:00,1800,2013,631 SHEPPARD Ave W,,,Major Arterial,North York,43.755345,-79.43939,625634.4961,4845882.6265,,No Control,Clear,Daylight,Wet,33,Clanton Park,34,Bathurst Manor (34),Non-Fatal Injury,0,0,1,0,0,0,0,0,1,1,0,0,0,Sideswipe,['Driver'],East,"['Automobile, Station Wagon']","['Changing Lanes', 'Going Ahead']","['Improper Lane Change', 'Speed too Fast For Condition']",['Normal'],[],[],[],[],[],[],D32,False,"['40 to 44', '35 to 39']",3.0
1350739.0,2013-03-21 08:00:00,1315,2013,QUEEN ST W,BATHURST ST,,Major Arterial,Toronto and East York,43.647116,-79.403972,628717.1921,4833916.6173,At Intersection,Traffic Signal,Clear,Daylight,Wet,164,Wellington Place,77,Waterfront Communities-The Island (77),Non-Fatal Injury,0,1,0,0,1,0,0,0,0,0,0,0,0,Cyclist Collisions,"['Vehicle Owner', 'Truck Driver', 'Other', 'Cyclist']",East,"['Truck-Tractor', 'Bicycle']","['Turning Right', 'Going Ahead']",['Driving Properly'],['Normal'],[],[],[],"['Motorist without ROW drives into path of cyclist at inter, lnwy, dwy-Driver not turn.']",['Failed to Yield Right of Way'],['Normal'],D14,False,"['unknown', '35 to 39', '20 to 24']",3.0
1350745.0,2013-04-07 08:00:00,1145,2013,DON MILLS RD,LEITH HILL RD,,Major Arterial,North York,43.777144,-79.347888,632952.491,4848446.6037,,Traffic Signal,Clear,Daylight,Dry,47,Don Valley Village,47,Don Valley Village (47),Non-Fatal Injury,0,0,1,0,0,0,0,1,0,1,1,0,0,Angle,"['Passenger', 'Driver']",East,"['Other', 'Automobile, Station Wagon']",['Going Ahead'],"['Driving Properly', 'Disobeyed Traffic Control']","['Normal', 'Inattentive']",[],[],[],[],[],[],D33,False,"['Over 95', '60 to 64', '25 to 29']",3.0
1351180.0,2013-04-10 08:00:00,1419,2013,KEELE St,CALVINGTON Dr,,Major Arterial,North York,43.733545,-79.48369,622112.479,4843395.1772,At Intersection,Traffic Signal,Rain,Daylight,Wet,155,Downsview,26,Downsview-Roding-CFB (26),Non-Fatal Injury,0,0,1,0,0,0,0,0,1,1,0,0,0,Turning Movement,['Driver'],East,"['Automobile, Station Wagon']","['Unknown', 'Turning Right']","['Exceeding Speed Limit', 'Driving Properly']","['Unknown', 'Normal']",[],[],[],[],[],[],D31,False,['65 to 69'],3.0
1351388.0,2013-03-28 08:00:00,1413,2013,WESTON Rd,FAIRGLEN Cres,,Major Arterial,Etobicoke York,43.708445,-79.53389,618119.0207,4840534.7153,,No Control,Clear,Daylight,Dry,113,Weston,113,Weston (113),Non-Fatal Injury,0,0,1,0,0,0,0,1,0,1,0,0,0,Turning Movement,"['Passenger', 'Driver', 'Vehicle Owner']",East,"['Other', 'Automobile, Station Wagon']","['Turning Left', 'Going Ahead']","['Driving Properly', 'Improper Passing']","['Normal', 'Inattentive']",[],[],[],[],[],[],D12,False,"['35 to 39', '30 to 34', 'unknown', '50 to 54']",3.0
1351458.0,2013-04-12 08:00:00,2110,2013,STEELES Ave E,BIRCHMOUNT Rd,,Major Arterial,Scarborough,43.821345,-79.31689,635347.2148,4853406.076,At Intersection,Traffic Signal,Clear,"Dark, artificial",Wet,116,Steeles,116,Steeles (116),Non-Fatal Injury,0,1,1,0,0,0,0,1,0,1,0,0,0,Cyclist Collisions,"['Driver', 'Passenger', 'Cyclist']",East,"['Automobile, Station Wagon', 'Other', 'Bicycle']","['Turning Left', 'Going Ahead']","['Failed to Yield Right of Way', 'Driving Properly']",['Normal'],[],[],[],['Insufficient information (to determine cyclist crash type).'],['Driving Properly'],['Normal'],D42,False,"['45 to 49', '25 to 29', '20 to 24', '55 to 59']",3.0
1351471.0,2013-04-12 08:00:00,2056,2013,JANE ST,STONG CRT,,Major Arterial,Etobicoke York,43.762446,-79.518886,619220.6393,4846553.7871,,No Control,Rain,"Dark, artificial",Wet,24,Black Creek,24,Black Creek (24),Fatal,1,0,1,0,0,0,0,0,1,1,0,0,0,Pedestrian Collisions,"['Driver', 'Pedestrian']",North,"['Automobile, Station Wagon']",['Going Ahead'],['Exceeding Speed Limit'],['Inattentive'],['Pedestrian hit at mid-block'],"['Crossing, no Traffic Control']",['Unknown'],[],[],[],D31,True,"['35 to 39', '50 to 54']",4.0
1351606.0,2013-04-13 08:00:00,1846,2013,KENNEDY RD,401 C E KENNEDY RAMP RD E,,Major Arterial,Scarborough,43.773146,-79.283893,638111.7004,4848107.3236,At Intersection,Traffic Signal,Clear,Dusk,Dry,126,Dorset Park,126,Dorset Park (126),Fatal,0,1,1,0,0,0,0,1,1,1,1,1,0,Cyclist Collisions,"['Driver', 'Passenger', 'Cyclist']",South,"['Automobile, Station Wagon', 'Bicycle']","['Going Ahead', 'Stopped']","['Driving Properly', 'Disobeyed Traffic Control']","['Normal', 'Ability Impaired, Alcohol Over .08']",[],[],[],"['Motorist without ROW drives into path of cyclist at inter, lnwy, dwy-Driver not turn.']",['Driving Properly'],['Unknown'],D41,True,"['40 to 44', '75 to 79', '20 to 24', '45 to 49', '25 to 29', '50 to 54', '35 to 39']",4.0
1351701.0,2013-04-12 08:00:00,1213,2013,CHURCH ST,GOULD ST,,Minor Arterial,Toronto and East York,43.658245,-79.37789,630796.5256,4835193.4235,At Intersection,Traffic Signal,Rain,Daylight,Wet,168,Downtown Yonge East,75,Church-Yonge Corridor (75),Non-Fatal Injury,1,0,1,0,0,0,0,0,0,1,0,0,0,Pedestrian Collisions,"['Vehicle Owner', 'Driver', 'Pedestrian']",East,"['Other', 'Automobile, Station Wagon']",['Turning Left'],['Failed to Yield Right of Way'],['Inattentive'],['Vehicle turns left while ped crosses with ROW at inter.'],['Crossing with right of way'],['Normal'],[],[],[],D51,False,"['unknown', '30 to 34', '80 to 84']",3.0
1351710.0,2013-04-13 08:00:00,1130,2013,THE QUEENSWAY,PARK LAWN Rd,,Major Arterial,Etobicoke York,43.629045,-79.49039,621784.1503,4831779.2002,At Intersection,Traffic Signal,Clear,Daylight,Dry,16,Stonegate-Queensway,16,Stonegate-Queensway (16),Non-Fatal Injury,1,0,1,0,0,0,0,1,0,0,0,0,0,Pedestrian Collisions,"['Passenger', 'Vehicle Owner', 'Driver', 'Pedestrian']",East,"['Other', 'Automobile, Station Wagon']",['Going Ahead'],['Driving Properly'],['Normal'],['Vehicle is going straight thru inter.while ped cross without ROW'],['Running onto Roadway'],['Normal'],[],[],[],D22,False,"['10 to 14', 'unknown', '45 to 49', '55 to 59']",3.0
1351718.0,2013-03-11 08:00:00,2054,2013,BLOOR St W,MARKLAND Dr,,Major Arterial,Etobicoke York,43.633545,-79.57079,615289.4176,4832164.1805,At Intersection,Traffic Signal,Rain,"Dark, artificial",Wet,12,Markland Wood,12,Markland Wood (12),Non-Fatal Injury,1,0,1,0,0,0,0,0,0,1,0,0,0,Pedestrian Collisions,"['Driver', 'Pedestrian']",North,"['Automobile, Station Wagon', 'Other']",['Turning Left'],['Failed to Yield Right of Way'],['Unknown'],['Vehicle turns left while ped crosses with ROW at inter.'],['Crossing with right of way'],['Unknown'],[],[],[],D22,False,"['55 to 59', '25 to 29']",3.0
1351724.0,2013-03-19 08:00:00,1715,2013,FINCH Ave E,VICTORIA PARK Ave,,Major Arterial,Scarborough,43.793645,-79.32899,634436.3135,4850309.82,,No Control,Clear,Daylight,Dry,147,L'Amoreaux West,117,L'Amoreaux (117),Non-Fatal Injury,0,0,1,0,0,0,0,0,0,0,0,0,0,Approaching,['Driver'],East,"['Automobile, Station Wagon']",['Going Ahead'],"['Lost control', 'Driving Properly']","['Unknown', 'Normal']",[],[],[],[],[],[],D42,False,"['55 to 59', '50 to 54']",3.0
1351850.0,2013-04-16 08:00:00,900,2013,HILLHURST BLVD,AVENUE RD,,Major Arterial,North York,43.712046,-79.411693,627956.4027,4841116.0281,At Intersection,Traffic Signal,Clear,Daylight,Dry,103,Lawrence Park South,103,Lawrence Park South (103),Fatal,0,0,1,0,0,0,0,1,0,0,0,0,1,SMV Other,"['Passenger', 'Driver', 'Other Property Owner']",East,"['Automobile, Station Wagon']",['Going Ahead'],['Lost control'],['Medical or Physical Disability'],[],[],[],[],[],[],D53,True,"['15 to 19', '55 to 59', 'unknown']",4.0
1351876.0,2013-04-16 08:00:00,1450,2013,AVENUE RD,FAIRLAWN AVE,,Major Arterial,North York,43.727843,-79.417888,627423.8278,4842860.966,,Traffic Signal,Clear,Daylight,Dry,39,Bedford Park-Nortown,39,Bedford Park-Nortown (39),Fatal,1,0,0,0,1,0,0,0,0,0,0,0,0,Pedestrian Collisions,"['Truck Driver', 'Vehicle Owner', 'Pedestrian']",North,"['Truck - Closed (Blazer, etc)']",['Going Ahead'],['Driving Properly'],['Normal'],['Pedestrian hit at mid-block'],"['Crossing, no Traffic Control']",['Unknown'],[],[],[],D32,True,"['35 to 39', 'unknown', '65 to 69']",4.0
1352962.0,2013-04-24 08:00:00,843,2013,MURRIE ST,ROYAL YORK RD,,Minor Arterial,Etobicoke York,43.605845,-79.49409,621532.3873,4829197.1354,At Intersection,Stop Sign,Rain,Daylight,Wet,160,Mimico-Queensway,17,Mimico (includes Humber Bay Shores) (17),Non-Fatal Injury,0,0,1,0,0,0,0,0,1,1,0,0,0,SMV Other,"['Vehicle Owner', 'Driver']",East,"['Other', 'Automobile, Station Wagon']",['Going Ahead'],['Lost control'],['Normal'],[],[],[],[],[],[],D22,False,"['unknown', '75 to 79']",3.0
1353008.0,2013-03-08 10:00:00,1815,2013,DUNDAS ST E,CRAVEN RD,,Minor Arterial,Toronto and East York,43.668445,-79.31959,635474.5705,4836419.8282,At Intersection,Stop Sign,Clear,Dusk,Dry,65,Greenwood-Coxwell,65,Greenwood-Coxwell (65),Non-Fatal Injury,0,1,1,0,0,0,0,0,0,0,0,0,0,Cyclist Collisions,"['Vehicle Owner', 'Driver', 'Cyclist']",North,"['Other', 'Automobile, Station Wagon', 'Bicycle']",['Going Ahead'],['Driving Properly'],['Normal'],[],[],[],"['Cyclist without ROW rides into path of motorist at inter, lnwy, dwy-Cyclist not turn.']",['Wrong Way on One Way Road'],['Normal'],D55,False,"['unknown', '50 to 54', '30 to 34']",3.0
1353255.0,2020-07-21 08:00:00,643,2020,81 MCCORMACK ST,AVON AVE,5 m East of,Local,Etobicoke York,43.676165,-79.475795,622865.455,4837033.9982,At/Near Private Drive,No Control,Clear,Daylight,Dry,111,Rockcliffe-Smythe,111,Rockcliffe-Smythe (111),Non-Fatal Injury,1,0,0,0,0,0,0,0,0,0,0,0,0,Pedestrian Collisions,['Pedestrian'],Unknown,[],[],[],[],['Pedestrian hit at private driveway'],['Pushing/Working on Vehicle'],['Normal'],[],[],[],D12,False,['60 to 64'],3.0
1353471.0,2013-04-27 08:00:00,1542,2013,KINGSTON RD,CELESTE DR,,Major Arterial,Scarborough,43.757045,-79.19929,644959.491,4846463.6643,At Intersection,Traffic Signal,Clear,Daylight,Dry,136,West Hill,136,West Hill (136),Non-Fatal Injury,1,0,1,0,0,0,0,0,0,1,1,0,0,Pedestrian Collisions,"['Vehicle Owner', 'Driver', 'Other', 'Pedestrian']",East,"['Other', 'Automobile, Station Wagon']","['Turning Left', 'Going Ahead']","['Improper Turn', 'Disobeyed Traffic Control']",['Inattentive'],['Pedestrian hit on sidewalk or shoulder'],['On Sidewalk or Shoulder'],['Normal'],[],[],[],D43,False,"['unknown', '15 to 19', '20 to 24', '70 to 74']",3.0
1353552.0,2013-04-28 08:00:00,2350,2013,JARVIS ST,ADELAIDE ST E,,Major Arterial,Toronto and East York,43.651545,-79.37239,631254.6111,4834457.9849,At Intersection,Traffic Signal,Rain,Dark,Wet,168,Downtown Yonge East,75,Church-Yonge Corridor (75),Non-Fatal Injury,1,0,0,0,1,0,0,0,0,1,0,0,0,Pedestrian Collisions,"['Vehicle Owner', 'Truck Driver', 'Pedestrian']",South,"['Other', 'Truck - Open']",['Turning Left'],['Failed to Yield Right of Way'],['Normal'],['Vehicle turns left while ped crosses with ROW at inter.'],['Crossing with right of way'],['Had Been Drinking'],[],[],[],D51,False,"['unknown', '60 to 64', '35 to 39']",3.0