accident_number,date,time,year,street1,street2,offset,road_class,district,latitude,longitude,x,y,accident_location,traffctl,visibility,light,road_surface_condition,hood_158,neighbourhood_new,hood_140,neighbourhood_old,accident_class,pedestrian,cyclist,automobile,motorcycle,truck,trsn_city_veh,emerg_veh,passenger,speeding,aggressive_driving,redlight,alcohol,disability,impact_type,involvement_type,initial_direction,vehicle_type,manoeuver,driver_action,driver_condition,pedestrian_type,pedestrian_action,pedestrian_condition,cyclist_type,cyclist_action,cyclist_condition,division,injury,involvement_age,injury_severity_score
1382346.0,2013-10-21 08:00:00,702,2013,RUSHLEY DR,LAWRENCE AVE E,,Major Arterial,Scarborough,43.752963,-79.258067,640237.3448,4845909.0947,,No Control,Rain,"Dawn, artificial",Wet,157,Bendale South,127,Bendale (127),Non-Fatal Injury,0,1,1,0,0,0,0,0,0,1,0,0,0,Cyclist Collisions,"['Driver', 'Cyclist']",East,"['Automobile, Station Wagon', 'Bicycle']","['Turning Left', 'Going Ahead']",['Failed to Yield Right of Way'],['Unknown'],[],[],[],['Motorist turned left across cyclists path.'],['Driving Properly'],['Normal'],D41,False,"['unknown', '30 to 34']",3.0
1382388.0,2013-08-13 08:00:00,1639,2013,ST CLAIR AVE W,DUFFERIN ST,,Major Arterial,Toronto and East York,43.677951,-79.443073,625499.4611,4837281.3475,At Intersection,Traffic Signal,Clear,Daylight,Dry,92,Corso Italia-Davenport,92,Corso Italia-Davenport (92),Non-Fatal Injury,0,1,0,0,0,1,0,0,0,0,0,0,0,Cyclist Collisions,"['Vehicle Owner', 'Driver', 'Cyclist']",South,"['Street Car', 'Bicycle']",['Going Ahead'],['Driving Properly'],['Normal'],[],[],[],"['Cyclist without ROW rides into path of motorist at inter, lnwy, dwy-Cyclist not turn.']",['Disobeyed Traffic Control'],['Inattentive'],D13,False,"['unknown', '30 to 34', '55 to 59']",3.0
1382461.0,2013-08-15 08:00:00,1140,2013,LAWRENCE Ave E,COLLINSGROVE Rd,,Minor Arterial,Scarborough,43.76916,-79.182834,646254.7101,4847838.1605,At Intersection,Traffic Signal,Clear,Daylight,Dry,136,West Hill,136,West Hill (136),Non-Fatal Injury,1,0,1,0,0,0,0,0,0,1,0,0,0,Pedestrian Collisions,"['Driver', 'Pedestrian']",North,"['Automobile, Station Wagon', 'Other']",['Turning Left'],['Failed to Yield Right of Way'],['Normal'],['Vehicle turns left while ped crosses with ROW at inter.'],['Crossing with right of way'],['Normal'],[],[],[],D43,False,"['75 to 79', '80 to 84']",3.0
1382610.0,2013-08-17 08:00:00,228,2013,BLOOR ST W,CLINTON ST,,Major Arterial,Toronto and East York,43.663825,-79.417209,627614.2394,4835751.9253,,No Control,Clear,Dark,Dry,80,Palmerston-Little Italy,80,Palmerston-Little Italy (80),Non-Fatal Injury,0,0,1,0,0,0,0,1,0,0,0,0,0,Turning Movement,"['Passenger', 'Driver', 'Other']",West,"['Other', 'Automobile, Station Wagon']","['Making U Turn', 'Parked', 'Going Ahead']","['Improper Turn', 'Driving Properly']","['Fatigue', 'Normal']",[],[],[],[],[],[],D14,False,"['35 to 39', '30 to 34', 'unknown', '15 to 19']",3.0
1382675.0,2013-08-16 08:00:00,1340,2013,QUEEN ST W,OHARA AVE,,Major Arterial,Toronto and East York,43.641043,-79.434192,626292.6966,4833195.705,,No Control,Clear,Daylight,Dry,85,South Parkdale,85,South Parkdale (85),Non-Fatal Injury,1,0,1,0,0,0,0,0,0,0,0,0,0,Pedestrian Collisions,"['Driver', 'Pedestrian']",East,"['Automobile, Station Wagon', 'Other']",['Going Ahead'],['Driving Properly'],['Normal'],['Vehicle is going straight thru inter.while ped cross without ROW'],"['Crossing, no Traffic Control']",['Inattentive'],[],[],[],D14,False,"['45 to 49', '15 to 19']",3.0
1382682.0,2013-08-16 08:00:00,1756,2013,DANFORTH AVE,COXWELL AVE,,Major Arterial,Toronto and East York,43.683501,-79.322917,635172.5343,4838086.5757,,No Control,Clear,Daylight,Dry,64,Woodbine Corridor,64,Woodbine Corridor (64),Non-Fatal Injury,1,0,1,0,0,0,0,0,0,0,0,0,0,Pedestrian Collisions,"['Driver', 'Pedestrian']",South,"['Automobile, Station Wagon', 'Other']",['Going Ahead'],['Driving Properly'],['Normal'],['Pedestrian hit at mid-block'],['Walking on Roadway with Traffic'],['Inattentive'],[],[],[],D55,False,['65 to 69'],3.0
1382722.0,2013-08-18 08:00:00,1915,2013,TWYN RIVERS Dr,SHEPPARD Ave E,,Collector,Scarborough,43.81454,-79.156947,648226.0153,4852924.3989,,No Control,Clear,Dark,Dry,144,Morningside Heights,131,Rouge (131),Non-Fatal Injury,0,0,0,1,0,0,0,0,0,0,0,0,0,SMV Other,"['Vehicle Owner', 'Motorcycle Driver']",West,"['Other', 'Motorcycle']",['Going Ahead'],['Lost control'],['Normal'],[],[],[],[],[],[],D42,False,"['unknown', '40 to 44']",3.0
1382904.0,2013-08-20 08:00:00,1335,2013,DAN LECKIE WAY,LAKE SHORE BLVD W,,Major Arterial,Toronto and East York,43.637316,-79.397136,629289.5304,4832838.8261,At Intersection,Traffic Signal,Clear,Daylight,Dry,165,Harbourfront-CityPlace,77,Waterfront Communities-The Island (77),Non-Fatal Injury,1,0,1,0,0,0,0,0,0,1,0,0,0,Pedestrian Collisions,"['Driver', 'Pedestrian']",East,"['Automobile, Station Wagon', 'Other']",['Turning Right'],['Failed to Yield Right of Way'],['Normal'],['Vehicle turns right while ped crosses with ROW at inter.'],['Crossing with right of way'],['Normal'],[],[],[],D14,False,"['40 to 44', '0 to 4', '35 to 39']",3.0
1382978.0,2013-07-15 08:00:00,1153,2013,KENNEDY RD,KENMARK BLVD,,Major Arterial,Scarborough,43.729945,-79.266986,639572.7767,4843337.5366,,Stop Sign,Clear,Daylight,Dry,124,Kennedy Park,124,Kennedy Park (124),Non-Fatal Injury,1,0,1,0,0,0,0,0,0,1,0,0,0,Pedestrian Collisions,"['Driver', 'Pedestrian']",South,"['Automobile, Station Wagon', 'Other']",['Turning Right'],['Failed to Yield Right of Way'],['Inattentive'],['Vehicle turns right while ped crosses with ROW at inter.'],['Crossing with right of way'],['Normal'],[],[],[],D41,False,"['35 to 39', '65 to 69']",3.0
1383434.0,2013-08-22 08:00:00,1850,2013,ST CLAIR AVE W,LAUGHTON AVE,,Major Arterial,Toronto and East York,43.674712,-79.457637,624332.1767,4836899.6799,,Traffic Signal,Clear,Daylight,Dry,91,Weston-Pelham Park,91,Weston-Pellam Park (91),Non-Fatal Injury,1,0,0,0,0,1,0,0,0,0,0,0,0,Pedestrian Collisions,"['Vehicle Owner', 'Driver', 'Pedestrian']",South,"['Other', 'Municipal Transit Bus (TTC)']",['Going Ahead'],['Driving Properly'],['Normal'],['Pedestrian involved in a collision with transit vehicle anywhere along roadway'],"['Crossing, no Traffic Control']",['Inattentive'],[],[],[],D11,False,"['unknown', '40 to 44', '20 to 24']",3.0
1383447.0,2013-08-23 08:00:00,1730,2013,OLD YORK MILLS RD,YONGE ST,,Major Arterial,North York,43.743292,-79.406482,628309.4799,4844594.4049,,Stop Sign,Clear,Daylight,Dry,41,Bridle Path-Sunnybrook-York Mills,41,Bridle Path-Sunnybrook-York Mills (41),Non-Fatal Injury,0,1,1,0,0,0,0,0,0,1,0,0,0,Cyclist Collisions,"['Vehicle Owner', 'Driver', 'Cyclist']",South,"['Other', 'Automobile, Station Wagon', 'Bicycle']","['Turning Right', 'Going Ahead']",['Failed to Yield Right of Way'],['Normal'],[],[],[],"['Motorist turns right at non-signal Inter.(stop, yield, no cont.,and dwy) and strikes cyclist.']",['Driving Properly'],['Normal'],D32,False,"['unknown', '45 to 49', '30 to 34']",3.0
1383479.0,2013-08-23 08:00:00,845,2013,GREENWOOD AVE,GERRARD ST E,,Minor Arterial,Toronto and East York,43.671061,-79.328082,634784.0822,4836696.5372,,No Control,Clear,Daylight,Dry,70,South Riverdale,70,South Riverdale (70),Non-Fatal Injury,0,1,1,0,0,0,0,0,0,1,0,0,0,Turning Movement,"['Vehicle Owner', 'Driver', 'Moped Driver']",South,"['Other', 'Automobile, Station Wagon', 'Moped']","['Turning Right', 'Going Ahead']","['Failed to Yield Right of Way', 'Driving Properly']","['Inattentive', 'Normal']",[],[],[],[],[],[],D55,False,"['unknown', '25 to 29', '40 to 44']",3.0
1383674.0,2013-08-26 08:00:00,808,2013,BRIMLEY Rd,DORCOT Ave,,Major Arterial,Scarborough,43.759646,-79.257388,640276.392,4846652.4942,,No Control,Rain,Daylight,Wet,156,Bendale-Glen Andrew,127,Bendale (127),Non-Fatal Injury,0,0,1,0,0,0,0,0,0,0,0,0,0,Turning Movement,['Driver'],South,"['Automobile, Station Wagon']","['Making U Turn', 'Going Ahead']","['Improper Turn', 'Driving Properly']","['Normal', 'Inattentive']",[],[],[],[],[],[],D43,False,['55 to 59'],3.0
1383697.0,2013-08-28 08:00:00,2015,2013,LAWRENCE Ave E,BARRYMORE Rd,,Major Arterial,Scarborough,43.754271,-79.251552,640758.7857,4846065.4198,,Traffic Signal,Clear,"Dark, artificial",Dry,157,Bendale South,127,Bendale (127),Non-Fatal Injury,1,0,1,0,0,0,0,0,0,0,0,0,0,Pedestrian Collisions,"['Driver', 'Pedestrian']",North,"['Automobile, Station Wagon', 'Other']",['Going Ahead'],['Driving Properly'],['Normal'],['Vehicle is going straight thru inter.while ped cross without ROW'],['Crossing without right of way'],['Unknown'],[],[],[],D43,False,"['25 to 29', '70 to 74']",3.0
1383782.0,2013-08-03 08:00:00,1610,2013,DANFORTH Ave,BROADVIEW Ave,,Major Arterial,Toronto and East York,43.676192,-79.358859,632291.6478,4837216.8564,,Traffic Signal,Clear,Daylight,Dry,68,North Riverdale,68,North Riverdale (68),Non-Fatal Injury,0,0,1,1,0,0,0,0,0,1,1,0,0,Angle,"['Motorcycle Driver', 'Vehicle Owner', 'Driver']",East,"['Motorcycle', 'Other', 'Automobile, Station Wagon']","['Going Ahead', 'Stopped']","['Driving Properly', 'Disobeyed Traffic Control']","['Normal', 'Inattentive']",[],[],[],[],[],[],D55,False,"['40 to 44', 'unknown', '75 to 79']",3.0
1383802.0,2013-10-29 08:00:00,1130,2013,DUNDAS ST W,ROYAL YORK RD,,Major Arterial,Etobicoke York,43.658003,-79.517085,619573.1146,4834956.5386,,No Control,Clear,Daylight,Dry,15,Kingsway South,15,Kingsway South (15),Non-Fatal Injury,0,0,1,0,0,0,0,1,0,0,0,0,1,SMV Other,"['Passenger', 'Driver']",West,"['Other', 'Automobile, Station Wagon']",['Going Ahead'],['Lost control'],['Medical or Physical Disability'],[],[],[],[],[],[],D22,False,"['65 to 69', '80 to 84']",3.0
1383943.0,2013-08-27 08:00:00,2020,2013,YONGE St,BELSIZE Dr,,Major Arterial,Toronto and East York,43.700286,-79.397029,629163.0233,4839832.6554,At Intersection,Traffic Signal,Rain,"Dark, artificial",Wet,174,South Eglinton-Davisville,104,Mount Pleasant West (104),Non-Fatal Injury,1,0,0,0,1,0,0,0,0,1,0,0,0,Pedestrian Collisions,"['Truck Driver', 'Pedestrian']",East,"['Truck - Open', 'Other']",['Turning Left'],['Failed to Yield Right of Way'],['Inattentive'],['Vehicle turns left while ped crosses with ROW at inter.'],['Crossing with right of way'],['Normal'],[],[],[],D53,False,['25 to 29'],3.0
1383954.0,2013-10-30 08:00:00,45,2013,DUFFERIN ST,ST CLAIR AVE W,,Major Arterial,Toronto and East York,43.67789,-79.443042,625502.0871,4837274.6195,Intersection Related,No Control,Rain,"Dark, artificial",Wet,92,Corso Italia-Davenport,92,Corso Italia-Davenport (92),Non-Fatal Injury,1,0,0,0,0,1,0,0,0,0,0,0,0,Pedestrian Collisions,"['Other', 'Driver', 'Pedestrian']",East,['Municipal Transit Bus (TTC)'],['Going Ahead'],['Driving Properly'],['Normal'],['Pedestrian involved in a collision with transit vehicle anywhere along roadway'],['Running onto Roadway'],['Had Been Drinking'],[],[],[],D13,False,"['unknown', '45 to 49', '75 to 79']",3.0
1384025.0,2013-08-29 08:00:00,1005,2013,EGLINTON AVE E,BRIMLEY RD,,Major Arterial,Scarborough,43.736685,-79.248081,641079.53,4844118.1327,,Traffic Signal,Clear,Daylight,Dry,124,Kennedy Park,124,Kennedy Park (124),Non-Fatal Injury,1,0,1,0,0,0,0,0,0,1,0,0,0,Pedestrian Collisions,"['Vehicle Owner', 'Driver', 'Pedestrian']",South,"['Other', 'Automobile, Station Wagon']",['Turning Left'],['Failed to Yield Right of Way'],['Normal'],['Vehicle turns left while ped crosses with ROW at inter.'],['Crossing with right of way'],['Normal'],[],[],[],D41,False,"['unknown', '55 to 59', '25 to 29']",3.0
1384076.0,2013-09-29 08:00:00,1939,2013,ISLINGTON Ave,BEAUMONDE HEIGHTS Dr,,Major Arterial,Etobicoke York,43.743189,-79.568057,615299.6189,4844345.4089,,No Control,Clear,"Dark, artificial",Dry,3,Thistletown-Beaumond Heights,3,Thistletown-Beaumond Heights (3),Non-Fatal Injury,0,0,1,0,0,0,0,1,0,0,0,1,0,Approaching,"['Passenger', 'Driver', 'Vehicle Owner']",North,"['Other', 'Automobile, Station Wagon']",['Going Ahead'],"['Driving Properly', 'Lost control']","['Normal', 'Ability Impaired, Alcohol Over .08']",[],[],[],[],[],[],D23,False,"['45 to 49', '30 to 34', 'unknown']",3.0
1384077.0,2013-08-31 08:00:00,1400,2013,45 OVERLEA Blvd,,,Major Arterial,North York,43.705756,-79.349002,633020.8496,4840516.1191,,No Control,Clear,Daylight,Dry,55,Thorncliffe Park,55,Thorncliffe Park (55),Non-Fatal Injury,0,0,0,1,0,0,0,0,0,0,0,0,0,SMV Other,"['Vehicle Owner', 'Motorcycle Driver']",East,"['Other', 'Motorcycle']",['Going Ahead'],['Lost control'],['Normal'],[],[],[],[],[],[],D53,False,"['unknown', '35 to 39']",3.0
1384088.0,2013-08-30 08:00:00,1340,2013,KING St W,SHAW St,,Major Arterial,Toronto and East York,43.641425,-79.415004,627839.5401,4833267.5067,,Traffic Signal,Clear,Daylight,Dry,162,West Queen West,82,Niagara (82),Non-Fatal Injury,0,0,1,0,0,0,0,1,0,0,0,0,0,Approaching,"['Passenger', 'Vehicle Owner', 'Driver']",East,"['Other', 'Automobile, Station Wagon']",['Going Ahead'],"['Driving Properly', 'Other']","['Normal', 'Unknown']",[],[],[],[],[],[],D14,False,"['30 to 34', 'unknown']",3.0
1384125.0,2013-09-01 08:00:00,1220,2013,HARBORD St,EUCLID Ave,,Minor Arterial,Toronto and East York,43.66075,-79.413425,627925.8624,4835416.2333,,Traffic Controller,Clear,Daylight,Dry,80,Palmerston-Little Italy,80,Palmerston-Little Italy (80),Non-Fatal Injury,0,1,1,0,0,0,0,0,0,0,0,0,0,Cyclist Collisions,"['Driver', 'Cyclist']",East,"['Automobile, Station Wagon', 'Bicycle']","['Going Ahead', 'Changing Lanes']",['Driving Properly'],['Normal'],[],[],[],['Cyclist and Driver travelling in same direction. One vehicle sideswipes the other.'],['Improper Lane Change'],['Inattentive'],D14,False,"['70 to 74', '60 to 64']",3.0
1384474.0,2013-10-30 08:00:00,1022,2013,CHILTERN HILL RD,EGLINTON AVE W,,Major Arterial,North York,43.700518,-79.427753,626686.855,4839811.0163,,Stop Sign,Clear,Daylight,Dry,106,Humewood-Cedarvale,106,Humewood-Cedarvale (106),Fatal,1,0,1,0,0,0,0,0,0,1,0,0,0,Pedestrian Collisions,"['Driver', 'Pedestrian']",South,['Delivery Van'],['Going Ahead'],['Failed to Yield Right of Way'],['Inattentive'],['Vehicle is going straight thru inter.while ped cross with ROW'],['Crossing with right of way'],['Unknown'],[],[],[],D13,True,"['unknown', '55 to 59', 'Over 95']",4.0
1384542.0,2013-10-28 08:00:00,1902,2013,DAVENPORT Rd,GREENLAW Ave,,Minor Arterial,Toronto and East York,43.672,-79.445606,625307.6667,4836616.5798,At Intersection,No Control,Clear,Dusk,Dry,171,Junction-Wallace Emerson,93,Dovercourt-Wallace Emerson-Junction (93),Non-Fatal Injury,0,1,1,0,0,0,0,0,0,1,0,0,0,Cyclist Collisions,"['Driver', 'Cyclist']",East,"['Automobile, Station Wagon', 'Bicycle']","['Turning Left', 'Going Ahead']",['Failed to Yield Right of Way'],['Normal'],[],[],[],['Motorist turned left across cyclists path.'],['Driving Properly'],['Normal'],D13,False,"['25 to 29', '30 to 34']",3.0
1384646.0,2013-11-01 08:00:00,551,2013,DUNDAS St E,REGENT St,,Major Arterial,Toronto and East York,43.659845,-79.36409,631905.7773,4835392.9718,,No Control,Rain,"Dark, artificial",Wet,72,Regent Park,72,Regent Park (72),Non-Fatal Injury,1,0,1,0,0,0,0,0,1,1,0,0,0,Pedestrian Collisions,"['Driver', 'Pedestrian']",Unknown,"['Automobile, Station Wagon', 'Other']",['Going Ahead'],['Speed too Fast For Condition'],['Inattentive'],['Pedestrian hit at mid-block'],['Other'],['Normal'],[],[],[],D51,False,"['30 to 34', 'unknown']",3.0
1384688.0,2013-09-05 08:00:00,1345,2013,BLOOR St W,PRINCE EDWARD Dr S,,Major Arterial,Etobicoke York,43.64868,-79.505443,620530.5101,4833937.9424,At Intersection,Traffic Signal,Clear,Daylight,Dry,16,Stonegate-Queensway,16,Stonegate-Queensway (16),Non-Fatal Injury,0,0,0,1,0,1,0,0,0,1,0,0,0,Turning Movement,"['Driver', 'Vehicle Owner', 'Motorcycle Driver']",East,"['Municipal Transit Bus (TTC)', 'Other', 'Motorcycle']","['Going Ahead', 'Turning Left']","['Driving Properly', 'Failed to Yield Right of Way']","['Normal', 'Inattentive']",[],[],[],[],[],[],D22,False,"['50 to 54', 'unknown', '45 to 49']",3.0
1385120.0,2013-10-15 08:00:00,726,2013,947 WARDEN Ave,,,Major Arterial,Scarborough,43.734305,-79.29021,637692.3576,4843782.9219,,No Control,Clear,Daylight,Dry,119,Wexford/Maryvale,119,Wexford/Maryvale (119),Non-Fatal Injury,0,0,1,0,0,0,0,0,0,1,0,0,0,Approaching,['Driver'],North,"['Automobile, Station Wagon']","['Going Ahead', 'Changing Lanes']","['Failed to Yield Right of Way', 'Driving Properly']","['Inattentive', 'Normal']",[],[],[],[],[],[],D41,False,"['50 to 54', '35 to 39', '45 to 49']",3.0
1385276.0,2013-11-03 09:00:00,1625,2013,18 LONGSPUR RD,,,Collector,Toronto and East York,43.705802,-79.325069,634949.0485,4840559.9099,,No Control,Clear,Daylight,Dry,54,O'Connor-Parkview,54,O'Connor-Parkview (54),Fatal,1,0,1,0,0,0,0,0,0,0,0,0,0,Pedestrian Collisions,"['Driver', 'Pedestrian']",West,"['Automobile, Station Wagon', 'Other']",['Reversing'],['Other'],['Normal'],['Vehicle is reversing and hits pedestrian'],['Other'],['Normal'],[],[],[],D55,True,"['60 to 64', '85 to 89']",4.0
1385463.0,2013-09-09 08:00:00,1250,2013,KING St W,WILSON PARK Rd,,Major Arterial,Toronto and East York,43.636626,-79.441554,625708.1078,4832693.965,,No Control,Clear,Daylight,Dry,85,South Parkdale,85,South Parkdale (85),Non-Fatal Injury,0,0,0,1,0,0,0,1,0,0,0,0,0,Sideswipe,"['Motorcycle Driver', 'Motorcycle Passenger']",East,['Motorcycle'],['Going Ahead'],"['Driving Properly', 'Lost control']",['Normal'],[],[],[],[],[],[],D14,False,"['25 to 29', '30 to 34']",3.0
1385469.0,2013-09-09 08:00:00,1047,2013,LAKE SHORE BLVD E,BOOTH AVE,,Major Arterial,Toronto and East York,43.653514,-79.340778,633799.539,4834727.156,,Stop Sign,Clear,Daylight,Dry,70,South Riverdale,70,South Riverdale (70),Non-Fatal Injury,0,1,1,0,0,0,0,0,0,1,0,0,0,Cyclist Collisions,"['Vehicle Owner', 'Driver', 'Cyclist']",South,"['Other', 'Automobile, Station Wagon', 'Bicycle']","['Turning Right', 'Going Ahead']",['Failed to Yield Right of Way'],['Inattentive'],[],[],[],"['Motorist turns right at non-signal Inter.(stop, yield, no cont.,and dwy) and strikes cyclist.']",['Driving Properly'],['Normal'],D55,False,"['unknown', '45 to 49', '65 to 69']",3.0
1385611.0,2013-09-30 08:00:00,857,2013,LAKE SHORE BLVD W,NET DR,,Major Arterial,Toronto and East York,43.634032,-79.438045,625996.5762,4832411.1886,,No Control,Clear,Daylight,Dry,85,South Parkdale,85,South Parkdale (85),Fatal,0,0,1,0,0,0,0,1,0,0,0,0,0,Turning Movement,"['Vehicle Owner', 'Driver', 'Passenger']",East,"['Automobile, Station Wagon']","['Turning Left', 'Going Ahead']","['Improper Turn', 'Driving Properly']",['Normal'],[],[],[],[],[],[],D14,True,"['unknown', '20 to 24', '55 to 59', '35 to 39']",4.0
1385686.0,2013-11-07 10:00:00,926,2013,STEELES AVE E,STRAWBERRY HILLS DR,,Major Arterial,Scarborough,43.829833,-79.280391,638262.7124,4854409.1739,,,Other,Daylight,Other,130,Milliken,130,Milliken (130),Non-Fatal Injury,0,0,1,0,0,0,0,0,0,0,0,0,0,Other,['Driver'],,"['Automobile, Station Wagon']",['Unknown'],[],[],[],[],[],[],[],[],D42,False,"['70 to 74', '30 to 34']",3.0
1385893.0,2013-10-20 08:00:00,2014,2013,SHALLMAR BLVD,BATHURST ST,,Major Arterial,North York,43.704264,-79.426135,626809.3317,4840229.5354,,No Control,Clear,"Dark, artificial",Dry,102,Forest Hill North,102,Forest Hill North (102),Non-Fatal Injury,1,0,1,0,0,0,0,1,0,1,0,0,0,Pedestrian Collisions,"['Pedestrian', 'Passenger', 'Driver']",South,"['Other', 'Automobile, Station Wagon']",['Turning Left'],['Failed to Yield Right of Way'],['Inattentive'],['Vehicle turns left while ped crosses with ROW at inter.'],['Crossing with right of way'],['Had Been Drinking'],[],[],[],D53,False,"['50 to 54', '85 to 89', '80 to 84']",3.0
1385904.0,2013-10-28 08:00:00,1200,2013,MORNINGSIDE AVE,401 C E MORNINGSIDE AVE S RAMP,,Major Arterial,Scarborough,43.794856,-79.196506,645092.1265,4850668.0517,,Traffic Signal,Clear,Daylight,Dry,135,Morningside,135,Morningside (135),Non-Fatal Injury,0,0,1,0,0,0,0,0,0,0,0,0,0,Rear End,['Driver'],North,"['Automobile, Station Wagon']","['Stopped', 'Reversing']",['Other'],['Normal'],[],[],[],[],[],[],D43,False,"['55 to 59', 'unknown']",3.0
1385964.0,2013-10-21 08:00:00,2025,2013,WILSON AVE,NORTHGATE DR,,Major Arterial,North York,43.730326,-79.468089,623375.4891,4843060.7707,,Traffic Signal,Rain,"Dark, artificial",Wet,155,Downsview,26,Downsview-Roding-CFB (26),Non-Fatal Injury,1,0,1,0,0,0,0,0,0,1,0,0,0,Pedestrian Collisions,"['Vehicle Owner', 'Driver', 'Pedestrian']",North,"['Other', 'Automobile, Station Wagon']",['Turning Left'],['Failed to Yield Right of Way'],['Normal'],['Pedestrian involved in a collision with transit vehicle anywhere along roadway'],['Crossing with right of way'],['Normal'],[],[],[],D32,False,"['unknown', '50 to 54', '20 to 24']",3.0
1385995.0,2013-10-07 08:00:00,626,2013,DUPONT St,HOWLAND Ave,,Major Arterial,Toronto and East York,43.673678,-79.41183,628026.9816,4836854.5207,,Traffic Signal,Rain,Daylight,Wet,95,Annex,95,Annex (95),Non-Fatal Injury,0,0,1,0,0,0,0,0,0,0,0,0,0,Turning Movement,"['Driver', 'Vehicle Owner']",East,"['Automobile, Station Wagon', 'Other']","['Going Ahead', 'Making U Turn']","['Driving Properly', 'Improper Turn']",['Normal'],[],[],[],[],[],[],D14,False,"['20 to 24', 'unknown', '35 to 39']",3.0
1386051.0,2013-10-22 08:00:00,811,2013,BATHURST ST,COLLEGE ST,,Major Arterial,Toronto and East York,43.656409,-79.40768,628398.34,4834942.982,At Intersection,Traffic Signal,Clear,Daylight,Dry,78,Kensington-Chinatown,78,Kensington-Chinatown (78),Non-Fatal Injury,0,1,1,0,0,0,0,0,0,0,0,0,0,Cyclist Collisions,"['Driver', 'Cyclist']",South,"['Automobile, Station Wagon', 'Bicycle']","['Turning Left', 'Going Ahead']",['Driving Properly'],['Normal'],[],[],[],"['Cyclist without ROW rides into path of motorist at inter, lnwy, dwy-Cyclist not turn.']",['Other'],['Normal'],D14,False,"['50 to 54', '45 to 49']",3.0
1386112.0,2013-10-07 08:00:00,855,2013,GERRARD ST W,UNIVERSITY AVE,,Minor Arterial,Toronto and East York,43.657805,-79.388194,629966.6179,4835128.3641,,No Control,Clear,Daylight,Wet,170,Yonge-Bay Corridor,76,Bay Street Corridor (76),Non-Fatal Injury,1,0,1,0,0,0,0,0,0,0,0,0,0,Pedestrian Collisions,"['Driver', 'Pedestrian']",East,"['Automobile, Station Wagon', 'Other']",['Going Ahead'],['Driving Properly'],['Normal'],['Pedestrian hit at mid-block'],['Running onto Roadway'],['Inattentive'],[],[],[],D52,False,"['55 to 59', '15 to 19']",3.0
1386246.0,2013-06-23 08:00:00,1015,2013,1491 LAKE SHORE BLVD W,,,Major Arterial,Toronto and East York,43.635951,-79.442912,625599.9734,4832616.942,Non Intersection,Stop Sign,Clear,Daylight,Dry,85,South Parkdale,85,South Parkdale (85),Non-Fatal Injury,0,1,1,0,0,0,0,0,0,1,0,0,0,Cyclist Collisions,"['Driver', 'Cyclist']",North,"['Automobile, Station Wagon', 'Bicycle']",['Going Ahead'],['Failed to Yield Right of Way'],['Inattentive'],[],[],[],"['Motorist without ROW drives into path of cyclist at inter, lnwy, dwy-Driver not turn.']",['Driving Properly'],['Normal'],D14,False,"['40 to 44', '25 to 29']",3.0
1386339.0,2013-09-11 08:00:00,16,2013,STEELES AVE E,PICKERING TOWN LINE,,Minor Arterial,Scarborough,43.855197,-79.171344,646968.2837,4857414.3532,,No Control,Clear,Dark,Dry,144,Morningside Heights,131,Rouge (131),Non-Fatal Injury,0,0,0,1,0,0,0,0,0,0,0,0,0,Sideswipe,['Motorcycle Driver'],West,['Motorcycle'],"['Changing Lanes', 'Going Ahead']","['Lost control', 'Driving Properly']",['Normal'],[],[],[],[],[],[],D42,False,"['25 to 29', '20 to 24']",3.0
1386391.0,2013-06-17 08:00:00,1430,2013,DANFORTH Road,MACK Aven,,Minor Arterial,Scarborough,43.700145,-79.27269,639182.3603,4840018.2204,,Traffic Signal,Clear,Daylight,Dry,121,Oakridge,121,Oakridge (121),Non-Fatal Injury,0,0,1,0,1,0,0,0,0,0,0,0,0,Angle,"['Vehicle Owner', 'Truck Driver', 'Driver']",East,"['Other', 'Truck - Open', 'Automobile, Station Wagon']","['Unknown', 'Going Ahead', 'Stopped']",[],[],[],[],[],[],[],[],D41,False,"['unknown', '45 to 49', '55 to 59']",3.0
1386411.0,2013-10-08 08:00:00,1452,2013,LAWRENCE AVE E,SCARBOROUGH GOLF CLUB RD,,Major Arterial,Scarborough,43.76184,-79.215831,643616.4289,4846967.4037,,Traffic Signal,Clear,Daylight,Dry,141,Golfdale-Cedarbrae-Woburn,137,Woburn (137),Non-Fatal Injury,1,0,1,0,0,0,0,0,0,0,0,0,0,Pedestrian Collisions,"['Driver', 'Pedestrian']",East,"['Automobile, Station Wagon', 'Other']",['Turning Right'],['Improper Turn'],['Normal'],['Vehicle turns right while ped crosses with ROW at inter.'],['Crossing with right of way'],['Normal'],[],[],[],D43,False,"['20 to 24', '70 to 74']",3.0
1386526.0,2013-09-13 08:00:00,722,2013,ROSELAWN AVE,BATHURST ST,,Major Arterial,North York,43.705184,-79.426357,626789.505,4840331.3747,,Traffic Signal,Clear,Daylight,Dry,102,Forest Hill North,102,Forest Hill North (102),Non-Fatal Injury,0,0,1,0,0,0,0,0,0,1,1,0,0,Angle,['Driver'],East,"['Automobile, Station Wagon']","['Going Ahead', 'Stopped']","['Driving Properly', 'Disobeyed Traffic Control']",['Normal'],[],[],[],[],[],[],D53,False,"['55 to 59', '50 to 54', '75 to 79']",3.0