accident_number,date,time,year,street1,street2,offset,road_class,district,latitude,longitude,x,y,accident_location,traffctl,visibility,light,road_surface_condition,hood_158,neighbourhood_new,hood_140,neighbourhood_old,accident_class,pedestrian,cyclist,automobile,motorcycle,truck,trsn_city_veh,emerg_veh,passenger,speeding,aggressive_driving,redlight,alcohol,disability,impact_type,involvement_type,initial_direction,vehicle_type,manoeuver,driver_action,driver_condition,pedestrian_type,pedestrian_action,pedestrian_condition,cyclist_type,cyclist_action,cyclist_condition,division,injury,involvement_age,injury_severity_score
1386536.0,2013-10-05 08:00:00,1922,2013,4750 DUFFERIN ST,,,Major Arterial,North York,43.776274,-79.468707,623231.3741,4848163.0542,,No Control,Clear,Dark,Dry,34,Bathurst Manor,34,Bathurst Manor (34),Non-Fatal Injury,0,0,1,1,0,0,0,1,0,1,0,0,0,Turning Movement,"['Motorcycle Passenger', 'Motorcycle Driver', 'Driver']",North,"['Motorcycle', 'Automobile, Station Wagon']","['Going Ahead', 'Turning Left']","['Driving Properly', 'Failed to Yield Right of Way']",['Normal'],[],[],[],[],[],[],D32,False,"['50 to 54', '25 to 29', '55 to 59']",3.0
1386590.0,2013-10-09 08:00:00,1658,2013,SECORD AVE,BARRINGTON AVE,,Collector,Toronto and East York,43.692603,-79.302364,636808.4258,4839131.1855,,Stop Sign,Clear,Daylight,Dry,61,Taylor-Massey,61,Taylor-Massey (61),Non-Fatal Injury,1,0,1,0,0,0,0,1,0,1,0,0,0,Pedestrian Collisions,"['Passenger', 'Driver', 'Pedestrian']",North,"['Other', 'Automobile, Station Wagon']",['Going Ahead'],['Failed to Yield Right of Way'],['Inattentive'],['Vehicle is going straight thru inter.while ped cross with ROW'],['Crossing with right of way'],['Normal'],[],[],[],D55,False,"['0 to 4', '20 to 24', '40 to 44']",3.0
1386644.0,2013-09-14 08:00:00,1649,2013,SPADINA AVE,BALDWIN ST,,Major Arterial,Toronto and East York,43.65549,-79.399074,629094.2699,4834854.2681,,No Control,Clear,Daylight,Dry,78,Kensington-Chinatown,78,Kensington-Chinatown (78),Non-Fatal Injury,1,0,0,0,0,1,0,0,0,0,0,0,0,Pedestrian Collisions,"['Vehicle Owner', 'Driver', 'Pedestrian']",West,"['Other', 'Municipal Transit Bus (TTC)']",['Going Ahead'],['Driving Properly'],['Normal'],['Pedestrian involved in a collision with transit vehicle anywhere along roadway'],"['Crossing, no Traffic Control']",['Inattentive'],[],[],[],D52,False,"['unknown', '40 to 44', '35 to 39']",3.0
1386767.0,2013-10-11 08:00:00,1515,2013,1092 KEELE ST,,,Local,Etobicoke York,43.67919,-79.47034,623298.9881,4837378.0596,,No Control,Clear,Daylight,Dry,91,Weston-Pelham Park,91,Weston-Pellam Park (91),Non-Fatal Injury,1,0,1,0,0,0,0,0,0,0,0,0,0,Pedestrian Collisions,"['Driver', 'Pedestrian']",East,"['Automobile, Station Wagon', 'Other']",['Going Ahead'],['Driving Properly'],['Normal'],['Pedestrian hit at private driveway'],['Running onto Roadway'],['Inattentive'],[],[],[],D12,False,"['30 to 34', '5 to 9']",3.0
1386819.0,2013-09-15 08:00:00,1125,2013,DON MILLS Rd,O CONNOR Dr,,Major Arterial,Toronto and East York,43.695563,-79.339641,633797.745,4839399.1059,,Traffic Signal,Clear,Daylight,Dry,58,Old East York,58,Old East York (58),Non-Fatal Injury,0,0,1,0,1,0,0,1,1,1,0,0,0,Rear End,"['Driver', 'Truck Driver', 'Passenger', 'Vehicle Owner']",South,"['Automobile, Station Wagon', 'Truck - Open', 'Other']","['Stopped', 'Going Ahead']","['Driving Properly', 'Exceeding Speed Limit']","['Normal', 'Ability Impaired, Drugs']",[],[],[],[],[],[],D55,False,"['45 to 49', '40 to 44', '30 to 34', '60 to 64', 'unknown', '25 to 29', '65 to 69']",3.0
1386836.0,2013-10-11 08:00:00,1650,2013,SHEPPARD Ave E,SHAUGHNESSY BLVD,,Major Arterial,North York,43.773719,-79.353313,632523.4795,4848057.507,,Traffic Signal,Clear,Daylight,Dry,53,Henry Farm,53,Henry Farm (53),Non-Fatal Injury,0,0,1,0,0,0,0,0,0,1,0,0,0,Turning Movement,['Driver'],East,"['Automobile, Station Wagon']","['Turning Left', 'Going Ahead']","['Failed to Yield Right of Way', 'Driving Properly']","['Inattentive', 'Normal']",[],[],[],[],[],[],D33,False,"['45 to 49', '20 to 24']",3.0
1386873.0,2013-10-11 08:00:00,927,2013,DANFORTH Ave,WOODINGTON Ave,,Major Arterial,Toronto and East York,43.683932,-79.32088,635335.7488,4838137.7664,,Traffic Signal,Clear,Daylight,Dry,64,Woodbine Corridor,64,Woodbine Corridor (64),Non-Fatal Injury,1,0,1,0,0,0,0,0,0,1,0,0,0,Pedestrian Collisions,"['Vehicle Owner', 'Driver', 'Pedestrian']",North,"['Other', 'Automobile, Station Wagon']",['Turning Left'],['Failed to Yield Right of Way'],['Normal'],['Vehicle turns left while ped crosses with ROW at inter.'],['Crossing with right of way'],['Normal'],[],[],[],D55,False,"['unknown', '50 to 54', '60 to 64']",3.0
1386897.0,2013-09-15 08:00:00,1937,2013,DUPONT St,DOVERCOURT Rd,,Major Arterial,Toronto and East York,43.669692,-79.43275,626348.9075,4836379.7461,,Traffic Signal,Rain,"Dark, artificial",Wet,172,Dovercourt Village,93,Dovercourt-Wallace Emerson-Junction (93),Non-Fatal Injury,0,1,1,0,0,0,0,0,0,1,0,0,0,Cyclist Collisions,"['Driver', 'Cyclist']",West,"['Automobile, Station Wagon', 'Bicycle']","['Going Ahead', 'Stopped']",['Improper Passing'],['Inattentive'],[],[],[],['Cyclist and Driver travelling in same direction. One vehicle rear-ended the other.'],['Driving Properly'],['Normal'],D14,False,"['20 to 24', '30 to 34']",3.0
1387019.0,2013-09-18 08:00:00,837,2013,FINCH AVE E,SANDHURST CRCL,,Major Arterial,Scarborough,43.808814,-79.262767,639728.7846,4852104.281,,Traffic Signal,Clear,Daylight,Dry,129,Agincourt North,129,Agincourt North (129),Non-Fatal Injury,1,0,1,0,0,0,0,0,0,0,0,0,0,Pedestrian Collisions,"['Driver', 'Pedestrian']",North,"['Automobile, Station Wagon', 'Other']",['Turning Left'],['Improper Turn'],['Inattentive'],['Vehicle turns left while ped crosses with ROW at inter.'],['Crossing with right of way'],['Normal'],[],[],[],D42,False,"['55 to 59', '70 to 74']",3.0
1387238.0,2013-09-21 08:00:00,2140,2013,QUEEN ST W,BATHURST ST,,Major Arterial,Toronto and East York,43.647116,-79.403972,628717.1921,4833916.6173,At Intersection,Traffic Signal,Clear,"Dark, artificial",Dry,164,Wellington Place,77,Waterfront Communities-The Island (77),Non-Fatal Injury,0,1,1,0,0,0,0,0,0,0,0,0,0,Cyclist Collisions,"['Driver', 'Cyclist']",East,"['Automobile, Station Wagon', 'Bicycle']","['Changing Lanes', 'Going Ahead']",['Improper Lane Change'],['Had Been Drinking'],[],[],[],['Cyclist and Driver travelling in same direction. One vehicle sideswipes the other.'],['Driving Properly'],['Normal'],D14,False,"['15 to 19', '40 to 44']",3.0
1387287.0,2013-10-13 08:00:00,1331,2013,SHEPPARD Ave W,SENTINEL Rd,,Major Arterial,North York,43.743838,-79.490878,621512.7832,4844527.7956,,No Control,Rain,Daylight,Wet,155,Downsview,26,Downsview-Roding-CFB (26),Non-Fatal Injury,0,0,1,0,0,0,0,1,0,0,0,0,0,Rear End,"['Driver', 'Passenger']",East,"['Automobile, Station Wagon', 'Other']","['Making U Turn', 'Going Ahead']","['Improper Turn', 'Driving Properly']","['Inattentive', 'Normal']",[],[],[],[],[],[],D31,False,"['40 to 44', '5 to 9', '10 to 14', '50 to 54']",3.0
1387422.0,2013-09-23 08:00:00,1355,2013,DON MILLS RD,EGLINTON AVE E,,Major Arterial,North York,43.720492,-79.338863,633804.9578,4842169.0826,,Traffic Signal,Clear,Daylight,Dry,44,Flemingdon Park,44,Flemingdon Park (44),Non-Fatal Injury,0,0,1,1,0,0,0,0,0,1,0,0,0,Turning Movement,"['Motorcycle Driver', 'Driver']",North,"['Motorcycle', 'Automobile, Station Wagon']","['Going Ahead', 'Turning Left']","['Driving Properly', 'Failed to Yield Right of Way']",['Normal'],[],[],[],[],[],[],D55,False,"['40 to 44', '80 to 84']",3.0
1387438.0,2013-09-25 08:00:00,1127,2013,DIXON Rd,MARTIN GROVE Rd,,Major Arterial,Etobicoke York,43.691245,-79.572307,615056.7769,4838570.4017,,No Control,Clear,Daylight,Dry,1,West Humber-Clairville,1,West Humber-Clairville (1),Non-Fatal Injury,0,0,1,0,0,0,0,1,0,1,0,0,0,Sideswipe,"['Driver', 'Passenger']",East,"['Automobile, Station Wagon', 'Other']","['Going Ahead', 'Changing Lanes']","['Driving Properly', 'Failed to Yield Right of Way']","['Normal', 'Inattentive']",[],[],[],[],[],[],D23,False,"['40 to 44', '5 to 9', '20 to 24']",3.0
1387447.0,2013-09-17 08:00:00,1527,2013,KINGSTON RD,MIDLAND AVE,,Major Arterial,Scarborough,43.711112,-79.24818,641131.5995,4841277.7044,,Traffic Signal,Clear,Daylight,Dry,123,Cliffcrest,123,Cliffcrest (123),Non-Fatal Injury,0,0,1,0,0,0,0,1,0,0,0,0,0,Turning Movement,"['Driver', 'Passenger']",East,"['Automobile, Station Wagon', 'Other']","['Going Ahead', 'Turning Left', 'Stopped']","['Driving Properly', 'Improper Turn']","['Normal', 'Inattentive']",[],[],[],[],[],[],D41,False,"['75 to 79', '60 to 64', '85 to 89', '65 to 69']",3.0
1387491.0,2013-09-25 08:00:00,2025,2013,923 AVENUE Rd,,,Major Arterial,Toronto and East York,43.701007,-79.407092,628350.6278,4839897.1046,,No Control,Clear,"Dark, artificial",Dry,100,Yonge-Eglinton,100,Yonge-Eglinton (100),Non-Fatal Injury,0,0,1,0,0,0,0,1,0,0,0,0,0,SMV Other,"['Vehicle Owner', 'Passenger', 'Other Property Owner', 'Driver']",North,"['Other', 'Automobile, Station Wagon']",['Going Ahead'],['Lost control'],['Normal'],[],[],[],[],[],[],D53,False,"['unknown', '55 to 59', '50 to 54']",3.0
1387644.0,2013-09-26 08:00:00,1830,2013,COLLEGE St,SHAW St,,Major Arterial,Toronto and East York,43.654845,-79.420291,627384.7359,4834749.842,,Stop Sign,Clear,Daylight,Dry,81,Trinity-Bellwoods,81,Trinity-Bellwoods (81),Non-Fatal Injury,0,1,1,0,0,0,0,0,0,1,0,0,0,Cyclist Collisions,"['Vehicle Owner', 'Driver', 'Cyclist']",South,"['Other', 'Automobile, Station Wagon', 'Bicycle']","['Turning Left', 'Going Ahead']",['Failed to Yield Right of Way'],['Inattentive'],[],[],[],['Motorist turned left across cyclists path.'],['Driving Properly'],['Normal'],D14,False,"['unknown', '25 to 29', '40 to 44']",3.0
1387683.0,2013-10-03 08:00:00,748,2013,1090 DON MILLS Rd,,,Major Arterial,North York,43.733699,-79.342525,633480.6408,4843630.0068,,No Control,Clear,Daylight,Dry,42,Banbury-Don Mills,42,Banbury-Don Mills (42),Non-Fatal Injury,0,1,1,0,0,0,0,0,0,1,0,0,0,Cyclist Collisions,"['Driver', 'Cyclist']",North,"['Automobile, Station Wagon', 'Bicycle']","['Turning Left', 'Going Ahead']",['Failed to Yield Right of Way'],['Inattentive'],[],[],[],['Motorist turned left across cyclists path.'],['Driving Properly'],['Normal'],D33,False,"['20 to 24', '45 to 49']",3.0
1387708.0,2013-10-02 08:00:00,752,2013,77 KING St W,,,Major Arterial,Toronto and East York,43.648146,-79.38219,630471.6652,4834065.0271,,No Control,Clear,Daylight,Dry,170,Yonge-Bay Corridor,76,Bay Street Corridor (76),Non-Fatal Injury,0,1,1,0,0,0,0,0,1,1,0,0,0,Cyclist Collisions,"['Driver', 'Cyclist']",East,"['Automobile, Station Wagon', 'Bicycle']","['Going Ahead', 'Stopped', 'Overtaking']","['Exceeding Speed Limit', 'Other']","['Normal', 'Inattentive']",[],[],[],['Cyclist struck opened vehicle door'],['Driving Properly'],['Normal'],D52,False,"['35 to 39', '55 to 59', '30 to 34']",3.0
1387866.0,2013-09-30 08:00:00,1640,2013,EGLINTON Ave E,SUTHERLAND Dr,,Major Arterial,North York,43.713069,-79.367221,631536.9319,4841299.2585,,Traffic Signal,Clear,Daylight,Dry,56,Leaside-Bennington,56,Leaside-Bennington (56),Non-Fatal Injury,0,0,1,1,0,0,0,0,0,1,0,0,0,Turning Movement,"['Motorcycle Driver', 'Driver']",East,"['Motorcycle', 'Automobile, Station Wagon']","['Going Ahead', 'Turning Left']","['Driving Properly', 'Failed to Yield Right of Way']",['Normal'],[],[],[],[],[],[],D53,False,"['20 to 24', '45 to 49']",3.0
1387882.0,2013-09-28 08:00:00,1136,2013,LOWER SHERBOURNE Stre,THE ESPLANADE,,Minor Arterial,Toronto and East York,43.649043,-79.36729,631671.3598,4834188.1843,,Traffic Signal,Clear,Daylight,Dry,166,St Lawrence-East Bayfront-The Islands,77,Waterfront Communities-The Island (77),Non-Fatal Injury,1,0,1,0,0,0,0,0,0,1,0,0,0,Pedestrian Collisions,"['Driver', 'Pedestrian']",East,"['Automobile, Station Wagon', 'Other']",['Turning Left'],['Failed to Yield Right of Way'],['Inattentive'],['Vehicle turns left while ped crosses with ROW at inter.'],['Crossing with right of way'],['Normal'],[],[],[],D51,False,"['75 to 79', '80 to 84']",3.0
1387900.0,2013-09-29 08:00:00,1305,2013,BIRCHMOUNT Rd,BERTRAND Ave,,Major Arterial,Scarborough,43.735228,-79.279865,638523.3397,4843902.6789,,Traffic Signal,Clear,Daylight,Dry,119,Wexford/Maryvale,119,Wexford/Maryvale (119),Non-Fatal Injury,0,0,1,0,0,0,0,1,0,1,0,0,0,Turning Movement,"['Passenger', 'Driver']",North,"['Other', 'Automobile, Station Wagon']","['Turning Left', 'Going Ahead']","['Failed to Yield Right of Way', 'Driving Properly']",['Normal'],[],[],[],[],[],[],D41,False,"['55 to 59', '40 to 44', '70 to 74', '75 to 79']",3.0
1387944.0,2013-10-09 08:00:00,1018,2013,DAVENPORT RD,MOUNT ROYAL AVE,,Minor Arterial,Toronto and East York,43.674498,-79.432582,626352.3657,4836913.7726,At Intersection,No Control,Clear,Daylight,Dry,94,Wychwood,94,Wychwood (94),Non-Fatal Injury,0,1,1,0,0,0,0,0,0,0,0,0,0,Cyclist Collisions,"['Vehicle Owner', 'Driver', 'Cyclist']",West,"['Delivery Van', 'Bicycle']","['Turning Right', 'Going Ahead']",['Improper Turn'],['Inattentive'],[],[],[],"['Motorist turns right at non-signal Inter.(stop, yield, no cont.,and dwy) and strikes cyclist.']",['Driving Properly'],['Normal'],D13,False,"['unknown', '45 to 49', '50 to 54']",3.0
1387956.0,2013-10-14 08:00:00,1800,2013,LAWRENCE Ave E,GREENHOLM CRCL,,Major Arterial,Scarborough,43.760314,-79.222965,643045.8085,4846785.57,,Traffic Signal,Clear,Daylight,Dry,141,Golfdale-Cedarbrae-Woburn,137,Woburn (137),Non-Fatal Injury,1,0,1,0,0,0,0,0,0,1,1,1,0,Pedestrian Collisions,"['Driver', 'Pedestrian']",South,"['Automobile, Station Wagon', 'Other']",['Going Ahead'],['Disobeyed Traffic Control'],"['Ability Impaired, Alcohol']",['Vehicle is going straight thru inter.while ped cross with ROW'],['Crossing with right of way'],['Normal'],[],[],[],D43,False,"['50 to 54', '60 to 64']",3.0
1388126.0,2013-10-25 08:00:00,1032,2013,DANFORTH AVE,CHISHOLM AVE,,Major Arterial,Toronto and East York,43.687815,-79.303394,636736.2999,4838597.712,,No Control,Clear,Daylight,Dry,62,East End-Danforth,62,East End-Danforth (62),Non-Fatal Injury,0,0,1,0,0,0,0,0,0,0,0,0,0,Turning Movement,"['Vehicle Owner', 'Other', 'Driver']",East,"['Other', 'Automobile, Station Wagon']","['Parked', 'Turning Left', 'Going Ahead']","['Driving Properly', 'Other']",['Unknown'],[],[],[],[],[],[],D55,False,"['unknown', '40 to 44', '60 to 64']",3.0
1388238.0,2013-10-31 08:00:00,2045,2013,DANFORTH AVE,BARRINGTON AVE,,Major Arterial,Toronto and East York,43.688437,-79.30054,636964.9021,4838671.5038,,No Control,Rain,"Dark, artificial",Wet,62,East End-Danforth,62,East End-Danforth (62),Non-Fatal Injury,1,0,1,0,0,0,0,0,0,0,0,0,0,Pedestrian Collisions,"['Driver', 'Vehicle Owner', 'Pedestrian']",East,"['Automobile, Station Wagon', 'Other']",['Going Ahead'],['Driving Properly'],['Normal'],['Vehicle is going straight thru inter.while ped cross without ROW'],['Running onto Roadway'],['Inattentive'],[],[],[],D55,False,"['30 to 34', 'unknown', '5 to 9']",3.0
1388364.0,2013-10-29 08:00:00,1525,2013,DON MILLS Rd,DON VALLEY PARKWAY  S,,Major Arterial,Toronto and East York,43.700644,-79.337688,633943.8124,4839966.5759,,No Control,Clear,Daylight,Dry,58,Old East York,58,Old East York (58),Non-Fatal Injury,0,0,1,0,0,0,0,1,0,0,0,0,0,Approaching,"['Passenger', 'Driver']",North,"['Other', 'Automobile, Station Wagon']",['Going Ahead'],"['Driving Properly', 'Lost control']","['Normal', 'Inattentive']",[],[],[],[],[],[],D55,False,"['30 to 34', '55 to 59', '35 to 39']",3.0
1388412.0,2013-11-03 09:00:00,920,2013,THE DONWAY  W,LAWRENCE AVE E,,Minor Arterial,North York,43.738459,-79.347087,633102.7008,4844151.3358,,No Control,Clear,Daylight,Dry,42,Banbury-Don Mills,42,Banbury-Don Mills (42),Non-Fatal Injury,0,0,1,0,0,0,0,1,1,1,0,0,0,SMV Other,"['Passenger', 'Driver', 'Other Property Owner']",North,"['Other', 'Automobile, Station Wagon']",['Going Ahead'],['Exceeding Speed Limit'],['Inattentive'],[],[],[],[],[],[],D33,False,"['25 to 29', '20 to 24', 'unknown']",3.0
1388425.0,2013-11-03 09:00:00,1130,2013,WARDEN Ave,FINCH Ave E,,Major Arterial,Scarborough,43.796763,-79.315753,635494.222,4850677.7095,,Traffic Signal,Clear,Daylight,Dry,148,East L'Amoreaux,117,L'Amoreaux (117),Non-Fatal Injury,0,0,1,0,0,0,0,0,0,1,1,0,0,Turning Movement,['Driver'],North,"['Automobile, Station Wagon']","['Going Ahead', 'Turning Left']","['Disobeyed Traffic Control', 'Driving Properly']","['Unknown', 'Normal']",[],[],[],[],[],[],D42,False,"['60 to 64', '80 to 84']",3.0
1388451.0,2013-11-04 10:00:00,2009,2013,YONGE St,DAVISVILLE Ave,,Major Arterial,Toronto and East York,43.698291,-79.396632,629199.2976,4839611.7014,,No Control,Clear,"Dawn, artificial",Dry,174,South Eglinton-Davisville,104,Mount Pleasant West (104),Non-Fatal Injury,0,0,1,0,0,0,0,1,0,1,0,0,0,Rear End,"['Passenger', 'Driver']",South,"['Other', 'Automobile, Station Wagon']",['Going Ahead'],"['Driving Properly', 'Following too Close']",['Normal'],[],[],[],[],[],[],D53,False,"['65 to 69', '75 to 79', '30 to 34']",3.0
1388459.0,2013-11-04 10:00:00,1435,2013,VINE Ave,JACKSON Pl,,Local,Toronto and East York,43.66659,-79.467273,623572.0642,4835983.2259,,No Control,Clear,Daylight,Dry,90,Junction Area,90,Junction Area (90),Non-Fatal Injury,0,0,1,0,0,0,0,0,0,0,0,0,0,Turning Movement,['Driver'],East,"['Automobile, Station Wagon']","['Going Ahead', 'Turning Left']","['Driving Properly', 'Improper Turn']",['Normal'],[],[],[],[],[],[],D11,False,['50 to 54'],3.0
1388488.0,2013-11-01 08:00:00,500,2013,LAKE SHORE BLVD W,BATHURST ST,,Major Arterial,Toronto and East York,43.636473,-79.399638,629089.5182,4832741.306,,Traffic Signal,Rain,Dark,Wet,165,Harbourfront-CityPlace,77,Waterfront Communities-The Island (77),Non-Fatal Injury,0,1,1,0,0,0,0,0,0,0,0,0,0,Cyclist Collisions,"['Cyclist', 'Driver']",South,"['Bicycle', 'Automobile, Station Wagon']",['Going Ahead'],['Driving Properly'],['Normal'],[],[],[],['Cyclist and Driver travelling in same direction. One vehicle rear-ended the other.'],['Disobeyed Traffic Control'],['Inattentive'],D14,False,"['30 to 34', '20 to 24']",3.0
1388506.0,2013-09-22 08:00:00,1750,2013,KIPLING Ave,ESTHER LORRIE Dr,,Major Arterial,Etobicoke York,43.731658,-79.576381,614651.3725,4843053.1765,,No Control,Clear,Daylight,Dry,4,Rexdale-Kipling,4,Rexdale-Kipling (4),Non-Fatal Injury,0,0,1,0,0,0,0,1,0,1,0,0,0,Rear End,"['Vehicle Owner', 'Driver', 'Passenger']",South,"['Other', 'Automobile, Station Wagon']","['Going Ahead', 'Turning Right']","['Following too Close', 'Improper Turn']",['Inattentive'],[],[],[],[],[],[],D23,False,"['unknown', '40 to 44', '30 to 34', '35 to 39']",3.0
1388519.0,2013-08-25 08:00:00,1615,2013,THE EAST MALL,EAST MALL CRES,,Minor Arterial,Etobicoke York,43.631426,-79.552326,616782.9601,4831954.6477,,Traffic Signal,Clear,Daylight,Dry,159,Etobicoke City Centre,14,Islington-City Centre West (14),Non-Fatal Injury,0,0,1,0,0,0,0,0,0,1,1,0,0,Turning Movement,"['Vehicle Owner', 'Driver']",North,"['Other', 'Automobile, Station Wagon']","['Going Ahead', 'Turning Left']","['Disobeyed Traffic Control', 'Driving Properly']",['Normal'],[],[],[],[],[],[],D22,False,"['unknown', '35 to 39', '25 to 29']",3.0
1388613.0,2013-11-03 09:00:00,902,2013,SANDHURST CRCL,FINCH AVE E,,Major Arterial,Scarborough,43.808814,-79.262767,639728.7846,4852104.281,,Traffic Signal,Clear,Daylight,Dry,129,Agincourt North,129,Agincourt North (129),Non-Fatal Injury,1,0,1,0,0,0,0,0,0,1,0,0,0,Pedestrian Collisions,"['Driver', 'Pedestrian']",North,"['Automobile, Station Wagon', 'Other']",['Turning Left'],['Failed to Yield Right of Way'],['Other'],['Vehicle turns left while ped crosses with ROW at inter.'],['Crossing with right of way'],['Normal'],[],[],[],D42,False,"['60 to 64', '0 to 4', '5 to 9']",3.0
1388623.0,2013-11-01 08:00:00,2240,2013,BAY ST,LAKE SHORE BLVD W,,Major Arterial,Toronto and East York,43.644187,-79.37833,630791.5582,4833631.4044,,No Control,Clear,"Dark, artificial",Dry,166,St Lawrence-East Bayfront-The Islands,77,Waterfront Communities-The Island (77),Non-Fatal Injury,1,0,1,0,0,0,0,0,0,0,0,0,0,Pedestrian Collisions,"['Driver', 'Pedestrian']",East,"['Automobile, Station Wagon', 'Other']",['Going Ahead'],['Driving Properly'],['Normal'],['Pedestrian hit at mid-block'],['Running onto Roadway'],"['Ability Impaired, Alcohol']",[],[],[],D52,False,"['25 to 29', '20 to 24']",3.0
1388642.0,2013-03-06 10:00:00,2010,2013,BRIMLEY Rd,EAGLEDANCE Dr,,Major Arterial,Scarborough,43.824977,-79.286044,637819.3621,4853860.4005,,Traffic Signal,Clear,"Dark, artificial",Dry,130,Milliken,130,Milliken (130),Non-Fatal Injury,0,0,1,0,0,0,0,0,0,1,1,0,0,Angle,"['Driver', 'Vehicle Owner']",North,"['Automobile, Station Wagon', 'Other']",['Going Ahead'],"['Disobeyed Traffic Control', 'Driving Properly']","['Inattentive', 'Normal']",[],[],[],[],[],[],D42,False,"['50 to 54', 'unknown']",3.0
1393549.0,2020-07-26 08:00:00,2119,2020,881 SHEPPARD AVE W,,,Major Arterial,North York,43.751918,-79.455127,624374.7013,4845478.2573,Non Intersection,No Control,Clear,"Dark, artificial",Dry,33,Clanton Park,33,Clanton Park (33),Fatal,1,0,1,0,0,0,0,0,1,1,0,0,0,Pedestrian Collisions,"['Driver', 'Pedestrian']",East,"['Automobile, Station Wagon']",['Going Ahead'],['Exceeding Speed Limit'],['Normal'],['Pedestrian hit at mid-block'],"['Crossing, no Traffic Control']",['Unknown'],[],[],[],D32,True,['25 to 29'],4.0
139578.0,2020-01-21 10:00:00,701,2020,ALNESS ST,SUPERTEST RD,,Minor Arterial,North York,43.776736,-79.474407,622771.7153,4848205.8983,At Intersection,Traffic Signal,Clear,"Dark, artificial",Dry,27,York University Heights,27,York University Heights (27),Fatal,1,0,0,0,1,0,0,0,0,1,0,0,0,Pedestrian Collisions,"['Truck Driver', 'Pedestrian']",East,['Truck-Tractor'],['Turning Right'],['Failed to Yield Right of Way'],['Inattentive'],['Vehicle turns right while ped crosses with ROW at inter.'],['Crossing with right of way'],['Unknown'],[],[],[],D32,True,"['50 to 54', '25 to 29']",4.0
13999959.0,2013-11-30 10:00:00,1556,2013,BLOOR ST W,NEILSON DR,,Major Arterial,Etobicoke York,43.63444,-79.567218,615575.8451,4832268.5483,,Traffic Signal,Other,Daylight,Other,12,Markland Wood,12,Markland Wood (12),Fatal,0,0,1,0,0,0,0,0,0,0,0,0,0,Turning Movement,['Driver'],West,"['Automobile, Station Wagon']","['Turning Left', 'Going Ahead']","['Improper Turn', 'Driving Properly']",['Unknown'],[],[],[],[],[],[],D22,True,"['35 to 39', '30 to 34']",4.0
1402441.0,2020-07-28 08:00:00,700,2020,STANLEY AVE,STATION RD,,Local,Etobicoke York,43.614997,-79.494197,621505.3221,4830213.4192,Intersection Related,Stop Sign,Clear,Daylight,Dry,160,Mimico-Queensway,17,Mimico (includes Humber Bay Shores) (17),Fatal,1,0,1,0,0,0,0,0,0,0,0,0,0,Pedestrian Collisions,"['Pedestrian', 'Driver']",East,"['Automobile, Station Wagon']",['Going Ahead'],['Driving Properly'],['Inattentive'],['Pedestrian hit at mid-block'],['Walking on Roadway with Traffic'],['Normal'],[],[],[],D22,True,"['80 to 84', '65 to 69']",4.0
1411275.0,2020-07-28 08:00:00,845,2020,MIDLAND  AVE,COPTHORNE  AVE,,Major Arterial,Scarborough,43.820635,-79.294894,637117.6658,4853363.4428,At Intersection,Traffic Signal,Clear,Daylight,Dry,130,Milliken,130,Milliken (130),Non-Fatal Injury,1,0,1,0,0,0,0,0,0,1,0,0,0,Pedestrian Collisions,"['Driver', 'Pedestrian']",South,"['Automobile, Station Wagon']",['Turning Right'],['Failed to Yield Right of Way'],['Inattentive'],['Vehicle turns right while ped crosses with ROW at inter.'],['Crossing with right of way'],['Normal'],[],[],[],D42,False,"['55 to 59', '60 to 64']",3.0
141375171.0,2014-01-19 10:00:00,2145,2014,EGLINTON AVE W,NORTHCLIFFE BLVD,,Major Arterial,North York,43.69625,-79.447673,625090.6223,4839306.7506,At Intersection,Traffic Signal,Clear,"Dark, artificial",Wet,107,Oakwood Village,107,Oakwood Village (107),Fatal,1,0,1,0,0,0,0,0,0,0,0,0,0,Pedestrian Collisions,"['Driver', 'Pedestrian']",South,"['Automobile, Station Wagon']",['Going Ahead'],['Driving Properly'],['Normal'],['Vehicle is going straight thru inter.while ped cross without ROW'],['Crossing without right of way'],['Unknown'],[],[],[],D13,True,"['15 to 19', '35 to 39']",4.0
141413547.0,2014-01-26 10:00:00,1310,2014,SHEPPARD AVE E,CONSUMERS RD,,Major Arterial,North York,43.775088,-79.331226,634297.9694,4848245.1453,,Traffic Signal,Snow,Daylight,Loose Snow,53,Henry Farm,53,Henry Farm (53),Fatal,0,0,1,0,0,0,0,1,0,0,0,0,0,Rear End,"['Driver', 'Passenger']",East,"['Automobile, Station Wagon', 'Passenger Van']","['Stopped', 'Going Ahead']","['Driving Properly', 'Other']","['Normal', 'Unknown']",[],[],[],[],[],[],D33,True,"['50 to 54', '15 to 19', '70 to 74']",4.0
141513588.0,2014-02-12 10:00:00,127,2014,DANFORTH RD,HIBBERTS DR,,Minor Arterial,Scarborough,43.708708,-79.267062,639615.9753,4840978.7286,,No Control,Clear,"Dark, artificial",Dry,120,Clairlea-Birchmount,120,Clairlea-Birchmount (120),Fatal,1,0,1,0,0,0,0,0,0,0,0,0,0,Pedestrian Collisions,"['Driver', 'Pedestrian']",Unknown,"['Automobile, Station Wagon']",['Going Ahead'],['Driving Properly'],['Normal'],['Other / Undefined'],['Other'],['Had Been Drinking'],[],[],[],D41,True,"['55 to 59', '50 to 54']",4.0