accident_number,date,time,year,street1,street2,offset,road_class,district,latitude,longitude,x,y,accident_location,traffctl,visibility,light,road_surface_condition,hood_158,neighbourhood_new,hood_140,neighbourhood_old,accident_class,pedestrian,cyclist,automobile,motorcycle,truck,trsn_city_veh,emerg_veh,passenger,speeding,aggressive_driving,redlight,alcohol,disability,impact_type,involvement_type,initial_direction,vehicle_type,manoeuver,driver_action,driver_condition,pedestrian_type,pedestrian_action,pedestrian_condition,cyclist_type,cyclist_action,cyclist_condition,division,injury,involvement_age,injury_severity_score
141518658.0,2014-02-12 10:00:00,2017,2014,ST CLAIR AVE E,HERRON AVE,,Major Arterial,Scarborough,43.711142,-79.285129,638154.7786,4841218.7876,,No Control,Clear,"Dark, artificial",Ice,120,Clairlea-Birchmount,120,Clairlea-Birchmount (120),Fatal,1,0,1,0,0,0,0,0,1,1,0,0,0,Pedestrian Collisions,"['Driver', 'Pedestrian']",East,['Pick Up Truck'],['Going Ahead'],['Driving Properly'],['Unknown'],['Pedestrian hit at mid-block'],"['Crossing, no Traffic Control']",['Unknown'],[],[],[],D41,True,"['40 to 44', '15 to 19']",4.0
141603063.0,2014-02-26 10:00:00,1646,2014,YORK MILLS RD,UPJOHN RD,,Major Arterial,North York,43.75495,-79.350871,632761.5239,4845976.8351,,No Control,Clear,Daylight,Dry,42,Banbury-Don Mills,42,Banbury-Don Mills (42),Fatal,0,0,1,0,0,0,0,1,0,1,0,0,0,Turning Movement,"['Passenger', 'Driver']",West,"['Automobile, Station Wagon']","['Turning Left', 'Stopped', 'Going Ahead']","['Failed to Yield Right of Way', 'Driving Properly']","['Inattentive', 'Normal']",[],[],[],[],[],[],D33,True,"['10 to 14', '30 to 34', '55 to 59', '80 to 84']",4.0
141649049.0,2014-03-06 10:00:00,735,2014,PRINCE EDWARD DR N,SHAND AVE,,Collector,Etobicoke York,43.65729,-79.509113,620217.3556,4834888.8698,,No Control,Snow,Daylight,Slush,15,Kingsway South,15,Kingsway South (15),Fatal,0,0,1,0,0,0,0,0,0,0,0,0,0,SMV Other,['Driver'],South,"['Automobile, Station Wagon']",['Pulling Onto Shoulder or towardCurb'],['Lost control'],['Unknown'],[],[],[],[],[],[],D22,True,['50 to 54'],4.0
1417758.0,2020-07-30 08:00:00,953,2020,746 OSSINGTON AVE,,3 m East of,Minor Arterial,Toronto and East York,43.662532,-79.425884,626917.5259,4835595.0134,At/Near Private Drive,No Control,Clear,Daylight,Dry,172,Dovercourt Village,93,Dovercourt-Wallace Emerson-Junction (93),Non-Fatal Injury,1,0,0,0,0,1,0,0,0,0,0,0,0,Pedestrian Collisions,"['Driver', 'Pedestrian']",East,['Municipal Transit Bus (TTC)'],['Turning Right'],['Driving Properly'],['Normal'],['Pedestrian involved in a collision with transit vehicle anywhere along roadway'],"['Crossing, no Traffic Control']",['Normal'],[],[],[],D14,False,"['40 to 44', '70 to 74']",3.0
1419288.0,2020-07-30 08:00:00,1340,2020,SPADINA AVE,COLLEGE ST,,Major Arterial,Scarborough,43.657874,-79.400012,629013.5258,4835117.5838,At Intersection,Traffic Signal,Clear,Daylight,Dry,78,Kensington-Chinatown,78,Kensington-Chinatown (78),Non-Fatal Injury,0,1,1,0,0,0,0,0,0,0,0,0,0,Cyclist Collisions,"['Cyclist', 'Driver']",North,"['Bicycle', 'Pick Up Truck']","['Changing Lanes', 'Going Ahead']",['Driving Properly'],['Normal'],[],[],[],['Cyclist and Driver travelling in same direction. One vehicle sideswipes the other.'],['Improper Lane Change'],['Inattentive'],D52,False,"['20 to 24', '45 to 49']",3.0
141945030.0,2014-04-23 08:00:00,1755,2014,DUNDAS ST W,KENSINGTON AVE,,Major Arterial,Toronto and East York,43.652541,-79.39986,629037.2042,4834525.5204,,No Control,Clear,"Daylight, artificial",Dry,78,Kensington-Chinatown,78,Kensington-Chinatown (78),Fatal,1,0,1,0,0,0,0,0,0,0,0,0,0,Pedestrian Collisions,"['Driver', 'Pedestrian']",South,"['Automobile, Station Wagon']",['Going Ahead'],['Driving Properly'],['Normal'],['Vehicle is going straight thru inter.while ped cross without ROW'],"['Crossing, no Traffic Control']",['Inattentive'],[],[],[],D14,True,"['50 to 54', '25 to 29']",4.0
142041479.0,2014-05-08 08:00:00,2108,2014,RENFORTH DR,ERINGATE DR,,Minor Arterial,Etobicoke York,43.660464,-79.583576,614206.9843,4835136.1957,,No Control,Clear,"Dusk, artificial",Dry,11,Eringate-Centennial-West Deane,11,Eringate-Centennial-West Deane (11),Fatal,0,0,1,1,0,0,0,0,1,1,0,0,0,Turning Movement,"['Driver', 'Motorcycle Driver']",North,"['Automobile, Station Wagon', 'Motorcycle']","['Turning Left', 'Going Ahead']","['Improper Turn', 'Exceeding Speed Limit']","['Normal', 'Unknown']",[],[],[],[],[],[],D22,True,"['25 to 29', '20 to 24']",4.0
142049204.0,2014-05-10 08:00:00,233,2014,DUNDAS ST W,AUGUSTA AVE,,Major Arterial,Toronto and East York,43.652262,-79.401134,628935.0633,4834492.5535,,No Control,Clear,"Dark, artificial",Dry,78,Kensington-Chinatown,78,Kensington-Chinatown (78),Fatal,1,0,1,0,0,0,0,1,0,0,0,0,0,Pedestrian Collisions,"['Pedestrian', 'Driver', 'Passenger']",West,"['Automobile, Station Wagon']","['Changing Lanes', 'Stopped']","['Improper Lane Change', 'Driving Properly']","['Unknown', 'Normal']",['Other / Undefined'],['Other'],['Had Been Drinking'],[],[],[],D14,True,"['25 to 29', '30 to 34', '60 to 64', '20 to 24']",4.0
142120007.0,2014-05-21 08:00:00,610,2014,HIGHWAY 27  S,BELFIELD RD,,Major Arterial,Etobicoke York,43.699229,-79.587123,613847.6487,4839436.6824,,Traffic Signal,Clear,Daylight,Dry,1,West Humber-Clairville,1,West Humber-Clairville (1),Fatal,0,0,1,0,0,0,0,0,0,0,0,0,0,Rear End,['Driver'],South,"['Automobile, Station Wagon']","['Going Ahead', 'Stopped']","['Other', 'Driving Properly']",['Normal'],[],[],[],[],[],[],D23,True,"['60 to 64', '35 to 39', '30 to 34', '50 to 54', '40 to 44']",4.0
1421797.0,2020-07-30 08:00:00,1950,2020,ISLINGTON AVE,BLOOR ST W,,Major Arterial,Etobicoke York,43.644576,-79.523395,619090.8449,4833456.2251,At Intersection,Traffic Signal,Clear,Daylight,Dry,16,Stonegate-Queensway,16,Stonegate-Queensway (16),Non-Fatal Injury,0,0,1,1,0,0,0,0,0,1,0,0,0,Turning Movement,"['Driver', 'Motorcycle Driver']",North,"['Automobile, Station Wagon', 'Motorcycle']","['Turning Left', 'Going Ahead']","['Failed to Yield Right of Way', 'Driving Properly']","['Inattentive', 'Normal']",[],[],[],[],[],[],D22,False,"['45 to 49', '25 to 29']",3.0
142211983.0,2014-06-03 08:00:00,1250,2014,53 CRAIGMORE CRES,,,Local,North York,43.763236,-79.397456,628993.4006,4846823.5029,,No Control,Clear,Daylight,Dry,153,Avondale,51,Willowdale East (51),Fatal,1,0,1,0,0,0,0,0,0,0,0,0,0,Pedestrian Collisions,"['Driver', 'Pedestrian']",North,"['Automobile, Station Wagon']",['Reversing'],['Other'],['Unknown'],['Vehicle is reversing and hits pedestrian'],['Other'],['Normal'],[],[],[],D32,True,"['75 to 79', '85 to 89']",4.0
142300273.0,2014-06-16 08:00:00,827,2014,BROADVIEW AVE,FAIRVIEW BLVD,,Minor Arterial,Toronto and East York,43.675116,-79.357845,632375.7527,4837098.9697,,No Control,Rain,Daylight,Wet,68,North Riverdale,68,North Riverdale (68),Fatal,0,0,0,1,0,0,0,0,0,0,0,0,0,SMV Other,['Motorcycle Driver'],North,['Motorcycle'],['Going Ahead'],['Driving Properly'],['Unknown'],[],[],[],[],[],[],D55,True,['45 to 49'],4.0
142454660.0,2014-07-08 08:00:00,1024,2014,MCNICOLL AVE,PHARMACY AVE,,Minor Arterial,Scarborough,43.804114,-79.330722,634273.5158,4851469.7571,At Intersection,Traffic Signal,Clear,Daylight,Dry,116,Steeles,116,Steeles (116),Fatal,0,0,1,0,0,0,0,1,0,1,1,0,0,Angle,"['Driver', 'Passenger']",South,"['Automobile, Station Wagon', 'Delivery Van']",['Going Ahead'],"['Driving Properly', 'Disobeyed Traffic Control']","['Normal', 'Inattentive']",[],[],[],[],[],[],D42,True,"['80 to 84', '30 to 34', '90 to 94', '85 to 89']",4.0
142471584.0,2014-07-10 08:00:00,1909,2014,BLOOR ST W,DUNDAS ST W,,Minor Arterial,Toronto and East York,43.656863,-79.452602,624775.0338,4834924.872,,No Control,Clear,Daylight,Dry,88,High Park North,88,High Park North (88),Fatal,1,0,1,0,0,0,0,0,0,0,0,0,0,Pedestrian Collisions,"['Driver', 'Pedestrian']",East,"['Automobile, Station Wagon']",['Reversing'],['Other'],['Normal'],['Vehicle is reversing and hits pedestrian'],['Other'],['Unknown'],[],[],[],D11,True,"['50 to 54', '65 to 69']",4.0
142510103.0,2014-07-16 08:00:00,1615,2014,MCRAE DR,MILLWOOD RD,,Collector,North York,43.704775,-79.368121,631482.5611,4840376.6642,At Intersection,Traffic Signal,Clear,Daylight,Dry,56,Leaside-Bennington,56,Leaside-Bennington (56),Fatal,1,0,1,0,0,0,0,0,0,1,0,0,0,Pedestrian Collisions,"['Driver', 'Pedestrian']",South,['Passenger Van'],['Turning Right'],['Failed to Yield Right of Way'],['Had Been Drinking'],['Vehicle turns right while ped crosses with ROW at inter.'],['Crossing with right of way'],['Normal'],[],[],[],D53,True,"['50 to 54', '5 to 9']",4.0
142586405.0,2014-07-28 08:00:00,553,2014,HUMBERLINE DR,FINCH AVE W,,Major Arterial,Etobicoke York,43.73503,-79.617862,611304.4259,4843371.1288,At Intersection,Traffic Signal,Rain,"Dawn, artificial",Wet,1,West Humber-Clairville,1,West Humber-Clairville (1),Fatal,1,0,0,0,0,1,0,0,0,0,0,0,0,Pedestrian Collisions,"['Driver', 'Pedestrian']",North,['Intercity Bus'],['Turning Left'],['Driving Properly'],['Normal'],['Pedestrian involved in a collision with transit vehicle anywhere along roadway'],['Crossing without right of way'],['Unknown'],[],[],[],D23,True,"['60 to 64', '30 to 34']",4.0
142588079.0,2014-07-28 08:00:00,1200,2014,DUDLEY AVE,FINCH AVE E,,Major Arterial,North York,43.781047,-79.409702,627969.682,4848782.6839,,Stop Sign,Clear,Daylight,Dry,152,East Willowdale,51,Willowdale East (51),Fatal,0,0,1,0,0,0,0,1,0,1,0,0,0,Turning Movement,"['Passenger', 'Driver']",East,"['Automobile, Station Wagon']","['Going Ahead', 'Turning Left']","['Driving Properly', 'Disobeyed Traffic Control']","['Normal', 'Unknown']",[],[],[],[],[],[],D32,True,"['60 to 64', '65 to 69', '70 to 74', '90 to 94']",4.0
142655086.0,2014-08-07 08:00:00,1618,2014,5800 YONGE ST,,,Major Arterial,North York,43.784381,-79.416683,627400.8409,4849142.2086,At Intersection,Traffic Signal,Clear,Daylight,Dry,50,Newtonbrook East,50,Newtonbrook East (50),Fatal,1,0,1,0,0,0,0,1,0,1,1,0,0,Pedestrian Collisions,"['Driver', 'Passenger', 'Pedestrian']",South,"['Automobile, Station Wagon']","['Going Ahead', 'Turning Left']","['Disobeyed Traffic Control', 'Driving Properly']",['Normal'],['Pedestrian hit on sidewalk or shoulder'],['On Sidewalk or Shoulder'],['Unknown'],[],[],[],D32,True,"['25 to 29', '20 to 24', '40 to 44']",4.0
142657110.0,2014-08-07 08:00:00,2214,2014,ST CLAIR AVE W,LANSDOWNE AVE,,Major Arterial,Toronto and East York,43.675994,-79.45193,624789.5734,4837050.6333,,No Control,Clear,"Dark, artificial",Dry,92,Corso Italia-Davenport,92,Corso Italia-Davenport (92),Fatal,1,0,0,0,0,1,0,0,0,0,0,0,0,Pedestrian Collisions,"['Driver', 'Pedestrian']",Unknown,['Street Car'],['Going Ahead'],['Driving Properly'],['Unknown'],['Pedestrian involved in a collision with transit vehicle anywhere along roadway'],['Coming From Behind Parked Vehicle'],['Unknown'],[],[],[],D13,True,"['50 to 54', '65 to 69']",4.0
142723300.0,2014-08-17 08:00:00,2306,2014,DAWES RD,GOWER ST,,Minor Arterial,Toronto and East York,43.702246,-79.296924,637224.8282,4840211.1675,At Intersection,Traffic Signal,Clear,"Dark, artificial",Dry,61,Taylor-Massey,61,Taylor-Massey (61),Fatal,1,0,1,0,0,0,0,1,0,1,0,0,0,Pedestrian Collisions,"['Driver', 'Passenger', 'Pedestrian']",East,"['Automobile, Station Wagon']",['Turning Left'],['Failed to Yield Right of Way'],['Inattentive'],['Vehicle turns left while ped crosses with ROW at inter.'],['Crossing with right of way'],['Unknown'],[],[],[],D55,True,"['40 to 44', '10 to 14', '60 to 64']",4.0
142723818.0,2014-08-18 08:00:00,125,2014,QUEEN ST E,TRACY ST,,Major Arterial,Toronto and East York,43.656085,-79.362254,632062.0609,4834978.2943,,No Control,Clear,"Dark, artificial",Dry,73,Moss Park,73,Moss Park (73),Fatal,1,0,1,0,0,0,0,0,0,0,0,0,0,Pedestrian Collisions,"['Driver', 'Pedestrian']",Unknown,['Passenger Van'],['Going Ahead'],['Lost control'],['Inattentive'],['Pedestrian hit on sidewalk or shoulder'],['On Sidewalk or Shoulder'],"['Normal', 'Unknown']",[],[],[],D51,True,"['25 to 29', '45 to 49', '60 to 64']",4.0
142740894.0,2014-08-20 08:00:00,1639,2014,VICTORIA PARK AVE,O CONNOR DR,,Major Arterial,North York,43.723372,-79.302089,636760.5913,4842548.9785,At Intersection,Traffic Signal,Clear,Daylight,Dry,120,Clairlea-Birchmount,120,Clairlea-Birchmount (120),Fatal,1,0,1,0,0,0,0,0,0,1,0,0,0,Pedestrian Collisions,"['Pedestrian', 'Driver']",East,['Delivery Van'],['Turning Left'],['Failed to Yield Right of Way'],['Inattentive'],['Vehicle turns left while ped crosses with ROW at inter.'],['Crossing with right of way'],"['Unknown', 'Normal']",[],[],[],D41,True,"['75 to 79', '55 to 59']",4.0
142879736.0,2014-09-10 08:00:00,620,2014,OKEEFE LANE,DUNDAS SQ,,Laneway,Toronto and East York,43.655387,-79.379863,630643.6317,4834872.8964,,No Control,Clear,"Dark, artificial",Dry,168,Downtown Yonge East,75,Church-Yonge Corridor (75),Fatal,1,0,0,0,1,0,0,0,0,0,0,0,0,Pedestrian Collisions,"['Truck Driver', 'Pedestrian']",South,['Truck - Dump'],['Reversing'],['Other'],['Inattentive'],['Vehicle is reversing and hits pedestrian'],['Other'],['Had Been Drinking'],[],[],[],D51,True,"['30 to 34', '25 to 29']",4.0
142937129.0,2014-09-18 08:00:00,2001,2014,ST CLAIR AVE W,DEER PARK CRES,,Major Arterial,Toronto and East York,43.687525,-79.396793,629209.4424,4838415.7372,,No Control,Clear,"Dark, artificial",Dry,97,Yonge-St.Clair,97,Yonge-St.Clair (97),Fatal,1,0,0,0,0,1,0,0,0,0,0,0,0,Pedestrian Collisions,"['Driver', 'Pedestrian']",East,['Street Car'],['Going Ahead'],['Driving Properly'],['Normal'],['Pedestrian involved in a collision with transit vehicle anywhere along roadway'],"['Crossing, no Traffic Control']",['Unknown'],[],[],[],D53,True,"['60 to 64', '75 to 79']",4.0
142962876.0,2014-09-22 08:00:00,2059,2014,KING ST W,CLOSE AVE,,Major Arterial,Toronto and East York,43.63745,-79.434711,626258.3608,4832795.8668,,Pedestrian Crossover,Clear,"Dark, artificial",Dry,85,South Parkdale,85,South Parkdale (85),Fatal,1,0,1,0,0,0,0,0,0,1,0,0,0,Pedestrian Collisions,"['Driver', 'Pedestrian']",East,"['Automobile, Station Wagon']",['Going Ahead'],['Failed to Yield Right of Way'],['Inattentive'],['Pedestrian hit a PXO/ped. Mid-block signal'],"['Crossing, Pedestrian Crossover']",['Unknown'],[],[],[],D14,True,"['25 to 29', '35 to 39']",4.0
143015764.0,2014-09-30 08:00:00,1608,2014,ST CLAIR AVE W,KEELE ST,,Major Arterial,Etobicoke York,43.672331,-79.468509,623460.643,4836618.9996,,No Control,Clear,Daylight,Dry,90,Junction Area,90,Junction Area (90),Fatal,1,0,0,0,0,1,0,0,0,0,0,0,0,Pedestrian Collisions,"['Driver', 'Pedestrian']",East,['Street Car'],['Slowing or Stopping'],['Driving Properly'],['Normal'],['Pedestrian involved in a collision with transit vehicle anywhere along roadway'],"['Crossing, no Traffic Control']",['Unknown'],[],[],[],D11,True,"['45 to 49', '70 to 74']",4.0
143022510.0,2014-10-01 08:00:00,1620,2014,35 IRWIN RD,,,Local,Etobicoke York,43.725997,-79.55511,616375.4101,4842454.0927,,No Control,Clear,Daylight,Wet,5,Elms-Old Rexdale,5,Elms-Old Rexdale (5),Fatal,0,0,0,1,0,0,0,0,1,1,0,0,0,SMV Other,['Motorcycle Driver'],East,['Motorcycle'],['Going Ahead'],['Lost control'],['Unknown'],[],[],[],[],[],[],D23,True,['20 to 24'],4.0
143084786.0,2014-10-11 08:00:00,1024,2014,LAWRENCE AVE W,ALLEN X N LAWRENCE RAMP,,Major Arterial,North York,43.716307,-79.443202,625409.0785,4841541.1154,At Intersection,Traffic Signal,Clear,Daylight,Dry,32,Englemount-Lawrence,32,Englemount-Lawrence (32),Fatal,1,0,0,0,0,1,0,0,0,0,0,0,0,Pedestrian Collisions,"['Driver', 'Pedestrian']",North,['Municipal Transit Bus (TTC)'],['Turning Left'],['Improper Turn'],['Normal'],['Pedestrian involved in a collision with transit vehicle anywhere along roadway'],['Crossing with right of way'],['Normal'],[],[],[],D13,True,"['30 to 34', '65 to 69']",4.0
143117140.0,2014-10-16 08:00:00,1927,2014,VICTORIA PARK AVE,EGLINTON AVE E,,Major Arterial,North York,43.725833,-79.303104,636673.239,4842820.6341,,No Control,Rain,"Dark, artificial",Wet,119,Wexford/Maryvale,119,Wexford/Maryvale (119),Fatal,1,0,1,0,0,0,0,0,0,0,0,0,0,Pedestrian Collisions,"['Driver', 'Pedestrian']",South,"['Automobile, Station Wagon']",['Going Ahead'],['Driving Properly'],['Normal'],['Pedestrian hit at mid-block'],"['Crossing, no Traffic Control']",['Unknown'],[],[],[],D41,True,"['50 to 54', '55 to 59']",4.0
143234908.0,2014-11-04 10:00:00,807,2014,ORTON PARK RD,SLAN AVE,,Minor Arterial,Scarborough,43.777968,-79.211902,643894.0134,4848765.4927,,No Control,Clear,Daylight,Dry,135,Morningside,135,Morningside (135),Fatal,0,0,1,0,0,0,0,0,1,1,0,0,0,SMV Other,['Driver'],North,"['Automobile, Station Wagon']",['Going Ahead'],['Lost control'],['Unknown'],[],[],[],[],[],[],D43,True,['25 to 29'],4.0
143250160.0,2014-11-06 10:00:00,1254,2014,MIDLAND AVE,GILDER DR,,Major Arterial,Scarborough,43.736033,-79.258769,640220.3523,4844027.5738,At Intersection,Traffic Signal,Clear,Daylight,Dry,138,Eglinton East,138,Eglinton East (138),Fatal,1,0,1,0,0,0,0,0,0,0,0,0,0,Pedestrian Collisions,"['Pedestrian', 'Driver']",North,['Passenger Van'],['Going Ahead'],['Lost control'],['Normal'],['Pedestrian hit on sidewalk or shoulder'],['On Sidewalk or Shoulder'],['Normal'],[],[],[],D41,True,"['40 to 44', '30 to 34']",4.0
143335677.0,2014-11-20 10:00:00,1245,2014,2440 DUNDAS ST W,,,Minor Arterial,Toronto and East York,43.658259,-79.452983,624741.4207,4835079.3432,At Intersection,Traffic Signal,Clear,Daylight,Dry,88,High Park North,88,High Park North (88),Fatal,1,0,1,0,0,0,0,0,0,1,0,0,0,Pedestrian Collisions,"['Pedestrian', 'Driver']",East,['Delivery Van'],['Turning Left'],['Failed to Yield Right of Way'],['Inattentive'],['Vehicle turns left while ped crosses with ROW at inter.'],['Crossing with right of way'],['Unknown'],[],[],[],D11,True,"['65 to 69', '55 to 59']",4.0
143339762.0,2014-11-21 10:00:00,600,2014,FINCH AVE W,DRIFTWOOD AVE,,Major Arterial,Etobicoke York,43.758048,-79.513431,619668.5043,4846073.1915,At Intersection,Traffic Signal,Clear,"Dawn, artificial",Dry,25,Glenfield-Jane Heights,25,Glenfield-Jane Heights (25),Fatal,1,0,1,0,0,0,0,0,0,0,0,0,0,Pedestrian Collisions,"['Pedestrian', 'Driver']",East,"['Automobile, Station Wagon']",['Going Ahead'],['Driving Properly'],['Normal'],['Vehicle is going straight thru inter.while ped cross without ROW'],['Crossing without right of way'],['Unknown'],[],[],[],D31,True,"['60 to 64', '40 to 44']",4.0
143357519.0,2014-11-24 10:00:00,350,2014,DON VALLEY PARKWAY  N,LEASIDE BDGE,,Major Arterial,Toronto and East York,43.697508,-79.349437,633004.039,4839599.3643,,No Control,Rain,"Dark, artificial",Wet,58,Old East York,58,Old East York (58),Fatal,0,0,1,0,0,0,0,0,1,1,0,1,0,SMV Other,['Driver'],North,"['Automobile, Station Wagon']",['Going Ahead'],['Exceeding Speed Limit'],"['Ability Impaired, Alcohol']",[],[],[],[],[],[],D55,True,['20 to 24'],4.0
143362651.0,2014-11-24 10:00:00,1800,2014,ELLESMERE RD,MILITARY TRL,,Major Arterial,Scarborough,43.779742,-79.217136,643468.5681,4848953.4394,At Intersection,Traffic Signal,Clear,"Dark, artificial",Dry,135,Morningside,135,Morningside (135),Fatal,0,0,1,0,0,0,0,0,0,1,1,1,0,Angle,['Driver'],South,"['Automobile, Station Wagon']",['Going Ahead'],"['Disobeyed Traffic Control', 'Driving Properly']","['Ability Impaired, Alcohol', 'Unknown']",[],[],[],[],[],[],D43,True,"['25 to 29', '20 to 24']",4.0
143380193.0,2014-11-27 10:00:00,1420,2014,549 COLLEGE ST,,,Major Arterial,Toronto and East York,43.655574,-79.412013,628050.7154,4834843.5484,,No Control,Clear,Daylight,Dry,81,Trinity-Bellwoods,81,Trinity-Bellwoods (81),Fatal,0,0,1,0,0,0,0,1,0,0,0,0,0,SMV Other,"['Passenger', 'Driver']",North,"['Automobile, Station Wagon']",['Going Ahead'],['Lost control'],['Inattentive'],[],[],[],[],[],[],D14,True,"['90 to 94', '65 to 69']",4.0
143440580.0,2014-12-07 10:00:00,944,2014,KENNEDY RD,RANSTONE GDNS,,Major Arterial,Scarborough,43.742171,-79.272052,639136.4486,4844686.8956,,Traffic Signal,Clear,Daylight,Dry,125,Ionview,125,Ionview (125),Fatal,0,0,1,0,0,0,0,0,0,0,0,0,0,Approaching,"['Driver', 'Truck Driver']",North,"['Automobile, Station Wagon', 'Tow Truck']",['Going Ahead'],"['Lost control', 'Driving Properly']","['Unknown', 'Normal']",[],[],[],[],[],[],D41,True,"['80 to 84', '60 to 64', '50 to 54']",4.0
143471771.0,2014-12-12 10:00:00,1320,2014,SHEPPARD AVE E,404 N SHEPPARD W RAMP,,Major Arterial,North York,43.77582,-79.337749,633771.3802,4848315.8851,,Traffic Signal,Clear,Daylight,Wet,53,Henry Farm,53,Henry Farm (53),Fatal,0,0,1,0,0,0,0,1,0,1,1,0,0,Turning Movement,"['Passenger', 'Driver']",East,"['Automobile, Station Wagon']","['Going Ahead', 'Turning Left']","['Disobeyed Traffic Control', 'Driving Properly']","['Inattentive', 'Normal']",[],[],[],[],[],[],D33,True,"['50 to 54', '20 to 24', '40 to 44']",4.0
143474139.0,2014-12-12 10:00:00,1840,2014,COXWELL AVE,COSBURN AVE,,Minor Arterial,Toronto and East York,43.694125,-79.328006,634738.5664,4839258.237,At Intersection,Traffic Signal,Clear,"Dusk, artificial",Dry,59,Danforth East York,59,Danforth East York (59),Fatal,1,0,1,0,0,0,0,0,0,0,0,0,0,Pedestrian Collisions,"['Pedestrian', 'Driver']",North,"['Automobile, Station Wagon']",['Turning Left'],['Improper Turn'],['Inattentive'],['Vehicle turns left while ped crosses with ROW at inter.'],['Crossing with right of way'],['Normal'],[],[],[],D55,True,"['40 to 44', '75 to 79']",4.0
143507481.0,2014-12-18 10:00:00,843,2014,6030 BATHURST ST,,,Major Arterial,North York,43.788577,-79.446666,624979.5078,4849562.5326,,No Control,Clear,Daylight,Dry,36,Newtonbrook West,36,Newtonbrook West (36),Fatal,1,0,1,0,0,0,0,1,0,0,0,0,0,Pedestrian Collisions,"['Pedestrian', 'Driver', 'Passenger']",East,"['Automobile, Station Wagon']",['Going Ahead'],['Driving Properly'],['Normal'],['Pedestrian hit at mid-block'],['Running onto Roadway'],['Inattentive'],[],[],[],D32,True,"['75 to 79', '25 to 29', 'unknown']",4.0
144397.0,2020-01-21 10:00:00,1900,2020,OAKWOOD AVE,VAUGHAN RD,,Minor Arterial,North York,43.69258,-79.44083,625649.7188,4838909.493,At Intersection,Traffic Signal,Clear,"Dark, artificial",Wet,107,Oakwood Village,107,Oakwood Village (107),Non-Fatal Injury,0,0,1,0,0,0,0,0,0,0,0,0,0,Turning Movement,['Driver'],North,"['Automobile, Station Wagon']","['Turning Left', 'Going Ahead']","['Improper Turn', 'Driving Properly']","['Inattentive', 'Normal']",[],[],[],[],[],[],D13,False,"['65 to 69', '55 to 59']",3.0
1468565.0,2020-08-06 08:00:00,1557,2020,941 PROGRESS AVE,,40 m East of,Minor Arterial,Scarborough,43.783114,-79.231799,642280.6105,4849302.646,Non Intersection,No Control,Clear,Daylight,Dry,142,Woburn North,137,Woburn (137),Non-Fatal Injury,1,0,1,0,0,0,0,0,0,0,0,0,0,Pedestrian Collisions,"['Driver', 'Pedestrian']",South,"['Automobile, Station Wagon']",['Going Ahead'],['Driving Properly'],['Normal'],['Pedestrian hit at mid-block'],"['Crossing, no Traffic Control']",['Inattentive'],[],[],[],D43,False,"['35 to 39', '50 to 54']",3.0
1472371.0,2020-08-07 08:00:00,700,2020,HORNER AVE,ALDERBRAE AVE,,Minor Arterial,Etobicoke York,43.602622,-79.540775,617770.9953,4828771.9289,At Intersection,Stop Sign,Clear,Daylight,Dry,20,Alderwood,20,Alderwood (20),Non-Fatal Injury,0,0,1,1,0,0,0,0,0,1,0,0,0,Turning Movement,"['Driver', 'Motorcycle Driver']",South,"['Automobile, Station Wagon', 'Motorcycle']","['Turning Left', 'Going Ahead']","['Failed to Yield Right of Way', 'Driving Properly']",['Normal'],[],[],[],[],[],[],D22,False,"['55 to 59', '30 to 34']",3.0
1487545.0,2020-08-09 08:00:00,1106,2020,YONGE  ST,ELM  ST,13 m South o,Major Arterial,Toronto and East York,43.657725,-79.381496,630506.8844,4835129.9924,Intersection Related,No Control,Clear,Daylight,Dry,168,Downtown Yonge East,75,Church-Yonge Corridor (75),Non-Fatal Injury,1,0,0,0,0,1,0,0,0,0,0,0,0,Pedestrian Collisions,"['Driver', 'Pedestrian']",South,['Municipal Transit Bus (TTC)'],['Going Ahead'],['Driving Properly'],['Normal'],['Pedestrian involved in a collision with transit vehicle anywhere along roadway'],"['Crossing, no Traffic Control']",['Inattentive'],[],[],[],D51,False,"['40 to 44', '30 to 34']",3.0
1488478.0,2020-08-09 08:00:00,1345,2020,KINGSTON RD,BROOKLAWN AVE,,Major Arterial,Scarborough,43.721976,-79.235935,642092.4217,4842505.2335,At Intersection,Traffic Signal,Clear,Daylight,Dry,123,Cliffcrest,123,Cliffcrest (123),Non-Fatal Injury,0,0,1,0,0,0,0,1,1,1,0,0,0,Rear End,"['Driver', 'Passenger']",West,"['Automobile, Station Wagon']","['Going Ahead', 'Stopped']","['Speed too Fast For Condition', 'Driving Properly']","['Inattentive', 'Normal']",[],[],[],[],[],[],D43,False,"['35 to 39', '60 to 64', '55 to 59']",3.0
1491395.0,2020-08-09 08:00:00,2239,2020,GOLDSMITH AVE,CHRYSLER CRES,40 m East of,Local,Etobicoke York,43.743945,-79.305675,636425.0241,4844828.0031,Non Intersection,No Control,Clear,Dark,Dry,119,Wexford/Maryvale,119,Wexford/Maryvale (119),Non-Fatal Injury,0,0,0,1,0,0,0,0,1,1,0,0,0,SMV Unattended Vehicle,['Motorcycle Driver'],East,['Motorcycle'],['Going Ahead'],['Lost control'],['Unknown'],[],[],[],[],[],[],D41,False,['40 to 44'],3.0
1492582.0,2020-08-10 08:00:00,551,2020,MARKHAM RD,FINCH  AVE E,,Major Arterial,Scarborough,43.812899,-79.243037,641306.0874,4852591.4955,At Intersection,Traffic Signal,Clear,"Dark, artificial",Dry,145,Malvern West,132,Malvern (132),Non-Fatal Injury,1,0,1,0,0,0,0,1,0,1,0,0,0,Pedestrian Collisions,"['Driver', 'Passenger', 'Pedestrian']",South,"['Automobile, Station Wagon']",['Turning Left'],['Failed to Yield Right of Way'],['Normal'],['Vehicle turns left while ped crosses with ROW at inter.'],['Crossing with right of way'],['Normal'],[],[],[],D42,False,"['25 to 29', '20 to 24', '50 to 54']",3.0