accident_number,date,time,year,street1,street2,offset,road_class,district,latitude,longitude,x,y,accident_location,traffctl,visibility,light,road_surface_condition,hood_158,neighbourhood_new,hood_140,neighbourhood_old,accident_class,pedestrian,cyclist,automobile,motorcycle,truck,trsn_city_veh,emerg_veh,passenger,speeding,aggressive_driving,redlight,alcohol,disability,impact_type,involvement_type,initial_direction,vehicle_type,manoeuver,driver_action,driver_condition,pedestrian_type,pedestrian_action,pedestrian_condition,cyclist_type,cyclist_action,cyclist_condition,division,injury,involvement_age,injury_severity_score
1494344.0,2020-08-10 08:00:00,1117,2020,OAKWOOD AVE,JESMOND AVE,25 m South o,Minor Arterial,North York,43.689456,-79.439487,625764.4783,4838564.566,At Intersection,Traffic Signal,Clear,Daylight,Dry,107,Oakwood Village,107,Oakwood Village (107),Non-Fatal Injury,0,1,1,0,0,0,0,0,0,0,0,0,0,Cyclist Collisions,"['Cyclist', 'Driver']",North,"['Bicycle', 'Automobile, Station Wagon']","['Making U Turn', 'Going Ahead']",['Driving Properly'],['Normal'],[],[],[],[],['Improper Turn'],['Normal'],D13,False,"['15 to 19', '65 to 69']",3.0
1501323.0,2020-08-11 08:00:00,1109,2020,THE EAST MALL,MONTEBELLO GDNS,,Minor Arterial,Etobicoke York,43.647765,-79.559978,616134.1917,4833758.5615,Non Intersection,Stop Sign,Clear,Daylight,Dry,158,Islington,14,Islington-City Centre West (14),Fatal,1,0,1,0,0,0,0,0,0,0,0,0,0,Pedestrian Collisions,"['Pedestrian', 'Driver']",East,"['Automobile, Station Wagon']",['Turning Left'],['Improper Turn'],['Normal'],['Vehicle turns left while ped crosses without ROW at inter.'],"['Crossing, no Traffic Control']",['Unknown'],[],[],[],D22,True,"['0 to 4', '35 to 39', '80 to 84', '5 to 9']",4.0
1510299.0,2020-08-12 08:00:00,1528,2020,ST CLAIR AVE E,NORTH BONNINGTON AVE,,Major Arterial,Scarborough,43.715445,-79.265682,639711.5018,4841729.2956,At Intersection,No Control,Clear,Daylight,Dry,120,Clairlea-Birchmount,120,Clairlea-Birchmount (120),Non-Fatal Injury,0,0,1,0,0,0,0,1,1,1,0,0,0,Rear End,"['Driver', 'Passenger']",West,"['Automobile, Station Wagon']","['Going Ahead', 'Stopped']","['Speed too Fast For Condition', 'Driving Properly']","['Other', 'Normal']",[],[],[],[],[],[],D41,False,"['unknown', '50 to 54', '25 to 29', '85 to 89', '65 to 69', '70 to 74']",3.0
1521326.0,2020-08-14 08:00:00,445,2020,LAKE SHORE BLVD E,CHERRY ST,,Major Arterial,Toronto and East York,43.648921,-79.355998,632582.2917,4834192.6135,Intersection Related,Traffic Signal,Clear,"Dawn, artificial",Dry,166,St Lawrence-East Bayfront-The Islands,77,Waterfront Communities-The Island (77),Fatal,1,0,0,0,0,0,0,0,0,0,0,0,0,Pedestrian Collisions,"['Pedestrian', 'Driver']",East,['Other'],['Going Ahead'],['Other'],['Unknown'],['Vehicle is going straight thru inter.while ped cross without ROW'],['Crossing without right of way'],['Other'],[],[],[],D51,True,"['60 to 64', 'unknown']",4.0
1522941.0,2020-08-14 08:00:00,1105,2020,CALEDONIA RD,GLENGROVE AVE,,Minor Arterial,North York,43.706359,-79.465266,623652.1361,4840403.1037,At Intersection,No Control,Clear,Daylight,Dry,31,Yorkdale-Glen Park,31,Yorkdale-Glen Park (31),Fatal,1,0,1,0,0,0,0,0,0,0,0,0,0,Pedestrian Collisions,"['Pedestrian', 'Driver']",West,"['Automobile, Station Wagon']",['Going Ahead'],['Driving Properly'],['Normal'],['Vehicle is going straight thru inter.while ped cross without ROW'],"['Crossing, no Traffic Control']","['Unknown', 'Inattentive']",[],[],[],D13,True,"['0 to 4', '45 to 49', '20 to 24']",4.0
1533233.0,2020-08-15 08:00:00,1835,2020,THE WESTWAY,SANDWELL DR,21 m West of,Minor Arterial,Etobicoke York,43.683776,-79.564822,615674.3474,4837751.282,Intersection Related,No Control,Clear,Daylight,Dry,7,Willowridge-Martingrove-Richview,7,Willowridge-Martingrove-Richview (7),Non-Fatal Injury,0,0,1,1,0,0,0,0,0,1,0,0,0,Turning Movement,"['Driver', 'Motorcycle Driver']",East,"['Pick Up Truck', 'Motorcycle']","['Turning Right', 'Going Ahead']","['Improper Turn', 'Driving Properly']","['Inattentive', 'Normal']",[],[],[],[],[],[],D23,False,"['65 to 69', '25 to 29']",3.0
1535541.0,2020-08-16 08:00:00,145,2020,YONGE ST,GERRARD ST E,25 m East of,Major Arterial,Toronto and East York,43.659022,-79.382076,630457.3072,4835273.1294,Intersection Related,No Control,Clear,"Dark, artificial",Dry,168,Downtown Yonge East,75,Church-Yonge Corridor (75),Non-Fatal Injury,0,0,0,1,0,0,0,1,0,0,0,0,0,SMV Other,"['Motorcycle Driver', 'Motorcycle Passenger']",North,['Motorcycle'],['Unknown'],['Lost control'],['Normal'],[],[],[],[],[],[],D51,False,['30 to 34'],3.0
1548237.0,2020-08-17 08:00:00,2335,2020,455 FINCHDENE SQ,,16 m West of,Local,Scarborough,43.816489,-79.236324,641837.4955,4853001.7114,Non Intersection,No Control,Clear,Dark,Dry,144,Morningside Heights,131,Rouge (131),Non-Fatal Injury,0,0,0,1,0,0,0,0,0,0,0,0,0,SMV Other,['Motorcycle Driver'],South,['Motorcycle'],['Going Ahead'],['Lost control'],['Unknown'],[],[],[],[],[],[],D42,False,['35 to 39'],3.0
1551312.0,2020-08-18 08:00:00,1235,2020,HILDA AVE,MOORE PARK AVE,,Collector,North York,43.792048,-79.42683,626568.1769,4849978.1816,At Intersection,Stop Sign,Clear,Daylight,Dry,36,Newtonbrook West,36,Newtonbrook West (36),Non-Fatal Injury,0,1,1,0,0,0,0,0,0,0,0,0,0,Cyclist Collisions,"['Cyclist', 'Driver']",East,"['Bicycle', 'Automobile, Station Wagon']",['Going Ahead'],['Driving Properly'],['Normal'],[],[],[],"['Cyclist without ROW rides into path of motorist at inter, lnwy, dwy-Cyclist not turn.']",['Disobeyed Traffic Control'],['Inattentive'],D32,False,"['10 to 14', '80 to 84']",3.0
1554066.0,2020-08-18 08:00:00,1925,2020,KENNEDY RD,FLORA DR,50 m South o,Major Arterial,Scarborough,43.747805,-79.274371,638936.6827,4845308.7441,At/Near Private Drive,No Control,Clear,Daylight,Dry,126,Dorset Park,126,Dorset Park (126),Non-Fatal Injury,0,0,1,1,0,1,0,0,0,1,0,0,0,Turning Movement,"['Driver', 'Motorcycle Driver']",East,"['Automobile, Station Wagon', 'Motorcycle', 'Municipal Transit Bus (TTC)']","['Turning Right', 'Going Ahead']","['Failed to Yield Right of Way', 'Driving Properly']","['Inattentive', 'Normal']",[],[],[],[],[],[],D41,False,"['60 to 64', '55 to 59', '35 to 39']",3.0
1558610.0,2020-08-19 08:00:00,1244,2020,JARVIS ST,SHUTER ST,,Major Arterial,Toronto and East York,43.655287,-79.373874,631126.7919,4834871.2371,At Intersection,Traffic Signal,Clear,Daylight,Dry,73,Moss Park,73,Moss Park (73),Non-Fatal Injury,0,0,0,1,1,0,0,0,1,1,0,0,0,Turning Movement,"['Motorcycle Driver', 'Truck Driver']",North,"['Motorcycle', 'Truck - Closed (Blazer, etc)']","['Going Ahead', 'Turning Left']","['Exceeding Speed Limit', 'Driving Properly']","['Inattentive', 'Normal']",[],[],[],[],[],[],D51,False,"['30 to 34', '60 to 64']",3.0
1559839.0,2020-08-19 08:00:00,1537,2020,WARDEN AVE,ST CLAIR AVE E,15 m East of,Major Arterial,Scarborough,43.711974,-79.280963,638488.4907,4841318.1454,At Intersection,Traffic Signal,Clear,Daylight,Dry,120,Clairlea-Birchmount,120,Clairlea-Birchmount (120),Non-Fatal Injury,0,0,1,0,0,0,0,0,0,0,0,0,0,SMV Other,['Driver'],West,"['Automobile, Station Wagon']",['Going Ahead'],['Lost control'],['Inattentive'],[],[],[],[],[],[],D41,False,['40 to 44'],3.0
1566873.0,2020-08-20 08:00:00,1535,2020,SHEPPARD AVE W,KEELE ST,,Major Arterial,North York,43.744704,-79.486408,621870.9481,4844630.5435,At Intersection,Traffic Signal,Clear,Daylight,Dry,155,Downsview,26,Downsview-Roding-CFB (26),Non-Fatal Injury,1,0,1,0,0,0,0,1,1,1,1,0,0,Pedestrian Collisions,"['Driver', 'Passenger', 'Pedestrian']",South,"['Automobile, Station Wagon', 'Delivery Van']","['Turning Right', 'Going Ahead']","['Disobeyed Traffic Control', 'Driving Properly']","['Normal', 'Unknown']",['Pedestrian hit on sidewalk or shoulder'],['On Sidewalk or Shoulder'],['Normal'],[],[],[],D31,False,"['40 to 44', '45 to 49', '50 to 54', '20 to 24']",3.0
1567749.0,2020-08-20 08:00:00,1743,2020,1602 BATHURST ST,,50 m South o,Major Arterial,North York,43.688666,-79.420535,627293.5388,4838505.7426,Non Intersection,No Control,Clear,Daylight,Dry,101,Forest Hill South,101,Forest Hill South (101),Non-Fatal Injury,1,0,1,0,0,0,0,0,0,0,0,0,0,Pedestrian Collisions,"['Driver', 'Pedestrian']",North,"['Automobile, Station Wagon']",['Going Ahead'],['Driving Properly'],['Normal'],['Pedestrian hit at mid-block'],"['Crossing, no Traffic Control']",['Normal'],[],[],[],D13,False,"['20 to 24', '30 to 34']",3.0
1573372.0,2020-08-21 08:00:00,1417,2020,JARVIS ST,DUNDAS ST E,50 m North o,Major Arterial,Toronto and East York,43.657691,-79.374805,631046.488,4835136.7623,Non Intersection,No Control,Clear,Daylight,Dry,73,Moss Park,73,Moss Park (73),Non-Fatal Injury,0,0,1,1,0,0,0,0,0,1,0,0,0,Angle,"['Driver', 'Motorcycle Driver']",North,"['Automobile, Station Wagon', 'Motorcycle']","['Merging', 'Going Ahead']","['Failed to Yield Right of Way', 'Driving Properly']",['Normal'],[],[],[],[],[],[],D51,False,"['25 to 29', '60 to 64']",3.0
1584883.0,2020-08-23 08:00:00,421,2020,ST CLAIR AVE E,KENNEDY RD,,Major Arterial,Scarborough,43.716452,-79.261302,640061.9996,4841848.5303,At Intersection,Traffic Signal,Clear,"Dark, artificial",Dry,120,Clairlea-Birchmount,120,Clairlea-Birchmount (120),Non-Fatal Injury,0,1,0,0,0,0,0,0,0,0,0,0,0,Cyclist Collisions,"['Driver', 'Cyclist']",North,['Bicycle'],['Going Ahead'],['Other'],['Unknown'],[],[],[],"['Motorist without ROW drives into path of cyclist at inter, lnwy, dwy-Driver not turn.']",['Driving Properly'],['Normal'],D41,False,"['unknown', '40 to 44']",3.0
1600299.0,2020-08-25 08:00:00,1011,2020,ROYAL YORK RD,SIMPSON AVE,,Minor Arterial,Etobicoke York,43.618308,-79.499255,621090.5356,4830573.7577,At Intersection,No Control,Clear,Daylight,Dry,160,Mimico-Queensway,17,Mimico (includes Humber Bay Shores) (17),Non-Fatal Injury,0,1,1,0,0,0,0,0,0,0,0,0,0,Cyclist Collisions,"['Driver', 'Cyclist']",South,"['Automobile, Station Wagon', 'Bicycle']","['Stopped', 'Going Ahead']",['Driving Properly'],['Normal'],[],[],[],['Cyclist and Driver travelling in same direction. One vehicle rear-ended the other.'],['Driving Properly'],['Had Been Drinking'],D22,False,"['30 to 34', '50 to 54']",3.0
1603307.0,2020-08-25 08:00:00,1736,2020,HOWARD ST,EDGEDALE RD,,Local,Toronto and East York,43.671263,-79.373225,631144.3347,4836646.6113,At Intersection,Stop Sign,Clear,Daylight,Dry,74,North St.James Town,74,North St.James Town (74),Non-Fatal Injury,0,1,1,0,0,0,0,0,0,0,0,0,0,Cyclist Collisions,"['Cyclist', 'Driver']",East,"['Bicycle', 'Automobile, Station Wagon']","['Going Ahead', 'Turning Left']",['Driving Properly'],['Normal'],[],[],[],"['Cyclist without ROW rides into path of motorist at inter, lnwy, dwy-Cyclist not turn.']",['Wrong Way on One Way Road'],['Normal'],D51,False,"['30 to 34', '25 to 29']",3.0
1604895.0,2020-08-25 08:00:00,2148,2020,F G GARDINER XY  E,LAKE SHORE BLVD E,65 m West of,Expressway,Toronto and East York,43.653227,-79.341464,633744.8565,4834694.1749,Non Intersection,No Control,Clear,"Dark, artificial",Dry,70,South Riverdale,70,South Riverdale (70),Non-Fatal Injury,0,0,1,1,0,0,0,0,1,1,0,0,0,Rear End,"['Motorcycle Driver', 'Driver']",East,"['Motorcycle', 'Automobile, Station Wagon']","['Going Ahead', 'Stopped']","['Speed too Fast For Condition', 'Driving Properly']","['Inattentive', 'Normal']",[],[],[],[],[],[],D55,False,"['40 to 44', '30 to 34']",3.0
1630486.0,2020-08-29 08:00:00,1419,2020,YONGE ST,FLORENCE AVE,,Major Arterial,North York,43.758155,-79.410083,627987.8411,4846239.5907,At Intersection,Traffic Signal,Clear,Daylight,Dry,153,Avondale,51,Willowdale East (51),Non-Fatal Injury,0,0,1,1,0,0,0,0,0,1,0,0,0,Turning Movement,"['Driver', 'Motorcycle Driver']",North,"['Automobile, Station Wagon', 'Motorcycle']","['Turning Left', 'Going Ahead']","['Failed to Yield Right of Way', 'Driving Properly']",['Normal'],[],[],[],[],[],[],D32,False,"['75 to 79', '25 to 29']",3.0
1636966.0,2020-08-30 08:00:00,1340,2020,BRIMLEY RD,BARKDENE HILLS,50 m South o,Collector,Etobicoke York,43.714793,-79.238925,641868.5314,4841702.3333,Non Intersection,No Control,Clear,Daylight,Dry,123,Cliffcrest,123,Cliffcrest (123),Non-Fatal Injury,0,1,1,0,0,0,0,0,0,1,0,0,0,Cyclist Collisions,"['Driver', 'Cyclist']",North,"['Automobile, Station Wagon', 'Bicycle']",['Going Ahead'],['Improper Passing'],['Unknown'],[],[],[],['Cyclist and Driver travelling in same direction. One vehicle rear-ended the other.'],['Driving Properly'],['Normal'],D41,False,"['unknown', '25 to 29']",3.0
1650701.0,2020-09-01 08:00:00,1205,2020,EGLINTON AVE E,BELLAMY RD N,,Major Arterial,Scarborough,43.740187,-79.232021,642364.5344,4844534.5559,At Intersection,Traffic Signal,Clear,Daylight,Dry,138,Eglinton East,138,Eglinton East (138),Non-Fatal Injury,0,0,1,0,0,0,0,1,0,1,0,0,0,Turning Movement,"['Driver', 'Passenger']",East,"['Automobile, Station Wagon']","['Turning Left', 'Going Ahead']","['Failed to Yield Right of Way', 'Driving Properly']","['Inattentive', 'Normal']",[],[],[],[],[],[],D43,False,"['65 to 69', '30 to 34', '10 to 14']",3.0
1650875.0,2020-09-01 08:00:00,1238,2020,BLOOR ST W,GLADSTONE AVE,9 m South of,Major Arterial,Toronto and East York,43.660174,-79.433826,626282.1171,4835321.0079,At Intersection,No Control,Clear,Daylight,Dry,83,Dufferin Grove,83,Dufferin Grove (83),Non-Fatal Injury,0,1,1,0,0,0,0,0,0,0,0,0,0,Cyclist Collisions,"['Driver', 'Cyclist']",East,"['Automobile, Station Wagon', 'Bicycle']","['Slowing or Stopping', 'Going Ahead']",['Improper Lane Change'],['Normal'],[],[],[],['Cyclist and Driver travelling in same direction. One vehicle sideswipes the other.'],['Driving Properly'],['Normal'],D14,False,['50 to 54'],3.0
1655498.0,2020-09-02 08:00:00,230,2020,67 POTTERY RD,,339 m West o,Minor Arterial,Toronto and East York,43.68669,-79.360172,632162.7532,4838380.7101,Non Intersection,No Control,Rain,"Dark, artificial",Wet,57,Broadview North,57,Broadview North (57),Non-Fatal Injury,0,0,1,0,0,0,0,0,0,0,0,0,0,SMV Other,['Driver'],West,"['Automobile, Station Wagon']",['Going Ahead'],['Lost control'],['Normal'],[],[],[],[],[],[],D55,False,['40 to 44'],3.0
1656894.0,2020-09-02 08:00:00,937,2020,BATHURST ST,WOLSELEY ST,8 m East of,Major Arterial,Toronto and East York,43.647952,-79.404285,628690.1636,4834008.9806,At Intersection,No Control,Clear,Daylight,Dry,78,Kensington-Chinatown,78,Kensington-Chinatown (78),Non-Fatal Injury,0,0,0,0,0,1,0,1,0,0,0,0,0,Other,"['Driver', 'Passenger']",South,['Municipal Transit Bus (TTC)'],['Slowing or Stopping'],['Driving Properly'],['Normal'],[],[],[],[],[],[],D14,False,"['45 to 49', '35 to 39']",3.0
1670162.0,2020-09-04 08:00:00,431,2020,DUNDAS ST W,NOTTINGHAM DR,,Major Arterial,Etobicoke York,43.655867,-79.522228,619162.6362,4834711.9098,Non Intersection,No Control,Clear,"Dark, artificial",Dry,15,Kingsway South,15,Kingsway South (15),Fatal,0,0,0,1,0,0,0,0,0,0,0,0,0,SMV Other,['Motorcycle Driver'],West,['Motorcycle'],['Going Ahead'],['Lost control'],['Unknown'],[],[],[],[],[],[],D22,True,"['30 to 34', 'unknown']",4.0
1670339.0,2020-09-04 08:00:00,551,2020,FINCH AVE W,400 N FINCH E RAMP,,Major Arterial,Etobicoke York,43.755072,-79.527622,618531.9988,4845722.2571,Non Intersection,No Control,Clear,"Dark, artificial",Dry,25,Glenfield-Jane Heights,25,Glenfield-Jane Heights (25),Fatal,0,1,1,0,0,0,0,0,0,1,0,0,0,Cyclist Collisions,"['Cyclist', 'Driver']",West,"['Automobile, Station Wagon', 'Bicycle']",['Going Ahead'],['Following too Close'],['Unknown'],[],[],[],['Cyclist and Driver travelling in same direction. One vehicle rear-ended the other.'],['Driving Properly'],['Normal'],D31,True,"['unknown', '50 to 54', '60 to 64']",4.0
1673785.0,2020-09-04 08:00:00,1543,2020,BIRCHMOUNT RD,CASS AVE,,Major Arterial,Scarborough,43.77888,-79.297031,637041.2476,4848722.3418,At Intersection,No Control,Clear,Daylight,Dry,118,Tam O'Shanter-Sullivan,118,Tam O'Shanter-Sullivan (118),Fatal,0,0,1,1,0,0,0,0,1,1,0,0,0,Turning Movement,"['Driver', 'Motorcycle Driver']",North,"['Automobile, Station Wagon', 'Motorcycle']","['Turning Left', 'Going Ahead']","['Failed to Yield Right of Way', 'Exceeding Speed Limit']","['Inattentive', 'Normal']",[],[],[],[],[],[],D42,True,"['25 to 29', '30 to 34']",4.0
1675722.0,2020-09-04 08:00:00,2030,2020,WILSON  AVE,AVENUE  RD,,Major Arterial,North York,43.739798,-79.421603,627099.3247,4844183.0365,Intersection Related,Traffic Signal,Clear,Daylight,Dry,39,Bedford Park-Nortown,39,Bedford Park-Nortown (39),Non-Fatal Injury,1,0,1,0,1,0,0,0,0,0,0,0,0,Pedestrian Collisions,"['Driver', 'Truck Driver', 'Pedestrian']",West,"['Automobile, Station Wagon', 'Truck - Closed (Blazer, etc)']","['Going Ahead', 'Stopped']","['Other', 'Driving Properly']","['Unknown', 'Normal']",['Vehicle is going straight thru inter.while ped cross with ROW'],['Crossing with right of way'],['Normal'],[],[],[],D32,False,"['20 to 24', 'unknown', '30 to 34', '70 to 74', '80 to 84']",3.0
1676151.0,2020-09-04 08:00:00,2146,2020,AVENUE RD,BLOOR ST W,,Major Arterial,Toronto and East York,43.668646,-79.394099,629467.1625,4836323.1689,At Intersection,Traffic Signal,Clear,Dark,Dry,169,Bay-Cloverhill,76,Bay Street Corridor (76),Non-Fatal Injury,0,0,1,1,0,0,0,0,1,1,0,0,0,Turning Movement,"['Driver', 'Motorcycle Driver']",North,"['Automobile, Station Wagon', 'Motorcycle']","['Turning Left', 'Going Ahead']","['Improper Turn', 'Driving Properly']",['Normal'],[],[],[],[],[],[],D52,False,"['25 to 29', '30 to 34']",3.0
1676594.0,2020-09-04 08:00:00,2314,2020,LAWRENCE AVE E,MORNINGSIDE AVE,53 m West of,Major Arterial,Scarborough,43.768134,-79.187076,645915.7831,4847716.7227,Non Intersection,No Control,Clear,"Dark, artificial",Dry,136,West Hill,136,West Hill (136),Non-Fatal Injury,1,0,1,0,0,0,0,0,0,0,0,0,0,Pedestrian Collisions,"['Driver', 'Pedestrian']",East,"['Automobile, Station Wagon']",['Going Ahead'],['Driving Properly'],['Normal'],['Pedestrian hit at mid-block'],['Pushing/Working on Vehicle'],"['Ability Impaired, Alcohol']",[],[],[],D43,False,"['20 to 24', '25 to 29']",3.0
1684477.0,2020-09-06 08:00:00,433,2020,WESTON RD,TORYORK  DR,16 m South o,Major Arterial,Etobicoke York,43.753264,-79.542667,617324.3436,4845500.0323,Intersection Related,Traffic Signal,Clear,"Dark, artificial",Dry,21,Humber Summit,21,Humber Summit (21),Non-Fatal Injury,1,0,1,0,0,0,0,0,1,1,0,0,0,Pedestrian Collisions,"['Driver', 'Pedestrian']",East,"['Automobile, Station Wagon']",['Going Ahead'],['Lost control'],['Unknown'],['Pedestrian hit on sidewalk or shoulder'],['On Sidewalk or Shoulder'],['Normal'],[],[],[],D31,False,"['40 to 44', '25 to 29']",3.0
1685668.0,2020-09-06 08:00:00,1100,2020,ROGERS RD,BOON AVE,10 m East of,Minor Arterial,Etobicoke York,43.684645,-79.449245,624988.0483,4838015.4864,At Intersection,No Control,Clear,Daylight,Dry,109,Caledonia-Fairbank,109,Caledonia-Fairbank (109),Non-Fatal Injury,0,0,1,1,0,0,0,0,0,0,0,0,0,Rear End,"['Motorcycle Driver', 'Driver']",West,"['Motorcycle', 'Automobile, Station Wagon']",['Going Ahead'],"['Lost control', 'Driving Properly']","['Inattentive', 'Normal']",[],[],[],[],[],[],D13,False,"['50 to 54', '25 to 29']",3.0
1690188.0,2020-09-07 08:00:00,1,2020,KINGSTON RD,BELLAMY RD S,160 m East o,Major Arterial,Scarborough,43.733206,-79.223132,643096.9489,4843774.5246,Non Intersection,No Control,Clear,"Dark, artificial",Dry,139,Scarborough Village,139,Scarborough Village (139),Non-Fatal Injury,0,0,1,1,0,0,0,0,0,0,0,0,0,Rear End,"['Driver', 'Motorcycle Driver']",West,"['Automobile, Station Wagon', 'Motorcycle']",['Going Ahead'],['Other'],['Unknown'],[],[],[],[],[],[],D43,False,"['60 to 64', '50 to 54']",3.0
169709.0,2020-01-25 10:00:00,505,2020,F G GARDINER XY  W,LOWER SHERBOURNE ST,150 m West o,Expressway,Scarborough,43.646361,-79.367122,631690.7694,4833890.5797,Non Intersection,No Control,Rain,"Dark, artificial",Wet,166,St Lawrence-East Bayfront-The Islands,77,Waterfront Communities-The Island (77),Non-Fatal Injury,0,0,0,0,1,0,0,0,0,0,0,0,0,SMV Other,['Truck Driver'],West,"['Truck - Closed (Blazer, etc)']",['Going Ahead'],['Lost control'],['Inattentive'],[],[],[],[],[],[],D51,False,['25 to 29'],3.0
1717092.0,2020-09-10 08:00:00,2240,2020,BLOOR ST E,CHURCH ST,,Major Arterial,Toronto and East York,43.670973,-79.383121,630347.1768,4836598.8052,Intersection Related,Traffic Signal,Clear,"Dark, artificial",Dry,167,Church-Wellesley,75,Church-Yonge Corridor (75),Non-Fatal Injury,0,1,0,1,0,0,0,1,1,1,0,0,0,SMV Other,"['Motorcycle Driver', 'Moped Passenger']",East,['Motorcycle'],['Going Ahead'],['Improper Passing'],['Inattentive'],[],[],[],[],[],[],D51,False,"['40 to 44', '35 to 39']",3.0
1725469.0,2020-09-12 08:00:00,256,2020,DUNDAS  ST E,PARLIAMENT ST,,Major Arterial,Toronto and East York,43.659369,-79.365978,631754.5846,4835337.1058,Intersection Related,Traffic Signal,Clear,"Dark, artificial",Dry,72,Regent Park,72,Regent Park (72),Non-Fatal Injury,1,0,1,0,0,0,0,0,0,1,1,0,0,Pedestrian Collisions,"['Driver', 'Pedestrian']",East,"['Automobile, Station Wagon']",['Going Ahead'],['Disobeyed Traffic Control'],['Unknown'],['Vehicle is going straight thru inter.while ped cross without ROW'],['Crossing with right of way'],['Normal'],[],[],[],D51,False,"['25 to 29', '50 to 54']",3.0
1740995.0,2020-09-14 08:00:00,1200,2020,VICTORIA ST,SHUTER ST,84 m North o,Collector,Toronto and East York,43.655104,-79.379085,630706.9823,4834842.6908,Non Intersection,No Control,Clear,Daylight,Dry,168,Downtown Yonge East,75,Church-Yonge Corridor (75),Non-Fatal Injury,1,0,1,0,0,0,0,0,0,0,0,0,0,Pedestrian Collisions,"['Driver', 'Pedestrian']",South,"['Automobile, Station Wagon']",['Going Ahead'],['Other'],['Inattentive'],['Other / Undefined'],['Other'],['Normal'],[],[],[],D51,False,"['60 to 64', '35 to 39']",3.0
1743037.0,2020-09-14 08:00:00,1722,2020,LAKE SHORE BLVD E,LESLIE ST,,Major Arterial,Toronto and East York,43.659163,-79.32841,634784.2655,4835374.5705,Intersection Related,Traffic Signal,Clear,Daylight,Dry,70,South Riverdale,70,South Riverdale (70),Non-Fatal Injury,1,0,1,0,0,0,0,0,0,1,0,0,0,Pedestrian Collisions,"['Driver', 'Pedestrian']",South,['Passenger Van'],['Turning Right'],['Failed to Yield Right of Way'],['Unknown'],['Vehicle turns right while ped crosses with ROW at inter.'],['Crossing with right of way'],['Normal'],[],[],[],D55,False,['unknown'],3.0
1759488.0,2020-09-16 08:00:00,2230,2020,POTTERY RD,BROADVIEW AVE,332 m West o,Minor Arterial,Toronto and East York,43.686358,-79.358859,632269.3059,4838345.9302,Non Intersection,No Control,Clear,"Dark, artificial",Dry,57,Broadview North,57,Broadview North (57),Non-Fatal Injury,0,0,0,1,0,0,0,0,1,1,0,0,0,SMV Other,['Motorcycle Driver'],West,['Motorcycle'],['Going Ahead'],['Speed too Fast For Condition'],['Normal'],[],[],[],[],[],[],D55,False,['25 to 29'],3.0
1764344.0,2020-09-17 08:00:00,1544,2020,BELFIELD RD,MARTIN GROVE RD,,Major Arterial,Etobicoke York,43.701876,-79.575588,614772.0788,4839746.5706,At Intersection,Traffic Signal,Clear,Daylight,Dry,1,West Humber-Clairville,1,West Humber-Clairville (1),Non-Fatal Injury,1,0,1,0,0,0,0,0,0,1,0,0,0,Pedestrian Collisions,"['Driver', 'Pedestrian']",East,['Pick Up Truck'],['Turning Left'],['Failed to Yield Right of Way'],['Unknown'],['Vehicle turns left while ped crosses with ROW at inter.'],['Crossing with right of way'],['Normal'],[],[],[],D23,False,"['25 to 29', '50 to 54']",3.0
1766011.0,2020-09-17 08:00:00,2000,2020,QUEEN ST E,CARROLL ST,3 m West of,Major Arterial,Toronto and East York,43.658259,-79.352199,632868.0745,4835235.7987,At Intersection,Pedestrian Crossover,Clear,"Dark, artificial",Dry,70,South Riverdale,70,South Riverdale (70),Non-Fatal Injury,1,0,1,0,0,0,0,0,0,0,0,0,0,Pedestrian Collisions,"['Driver', 'Pedestrian']",South,"['Automobile, Station Wagon']",['Going Ahead'],['Other'],['Had Been Drinking'],['Pedestrian hit a PXO/ped. Mid-block signal'],['Running onto Roadway'],['Inattentive'],[],[],[],D55,False,"['55 to 59', '35 to 39']",3.0
1766820.0,2020-09-17 08:00:00,2240,2020,WARDEN AVE,401 C E WARDEN N RAMP,,Major Arterial,Scarborough,43.769049,-79.303577,636536.8446,4847619.6415,At Intersection,Traffic Signal,Clear,"Dark, artificial",Dry,119,Wexford/Maryvale,119,Wexford/Maryvale (119),Fatal,0,0,1,1,0,0,0,0,0,0,0,0,0,Turning Movement,"['Motorcycle Driver', 'Driver']",North,"['Motorcycle', 'Automobile, Station Wagon']","['Going Ahead', 'Turning Left']",['Other'],"['Normal', 'Unknown']",[],[],[],[],[],[],D41,True,"['30 to 34', '20 to 24']",4.0
1772544.0,2020-09-18 08:00:00,1818,2020,MUTUAL ST,CARLTON ST,,Local,Toronto and East York,43.66239,-79.378139,630767.4487,4835653.3884,Non Intersection,No Control,Clear,"Dusk, artificial",Dry,167,Church-Wellesley,75,Church-Yonge Corridor (75),Non-Fatal Injury,1,0,1,0,0,0,0,0,0,0,0,0,0,Pedestrian Collisions,"['Driver', 'Pedestrian']",North,"['Automobile, Station Wagon']",['Going Ahead'],['Other'],['Unknown'],['Pedestrian hit at mid-block'],"['Crossing, no Traffic Control']",['Had Been Drinking'],[],[],[],D51,False,"['unknown', '60 to 64']",3.0