accident_number,date,time,year,street1,street2,offset,road_class,district,latitude,longitude,x,y,accident_location,traffctl,visibility,light,road_surface_condition,hood_158,neighbourhood_new,hood_140,neighbourhood_old,accident_class,pedestrian,cyclist,automobile,motorcycle,truck,trsn_city_veh,emerg_veh,passenger,speeding,aggressive_driving,redlight,alcohol,disability,impact_type,involvement_type,initial_direction,vehicle_type,manoeuver,driver_action,driver_condition,pedestrian_type,pedestrian_action,pedestrian_condition,cyclist_type,cyclist_action,cyclist_condition,division,injury,involvement_age,injury_severity_score
2000130290.0,2022-01-20 10:00:00,1910,2022,1875 STEELES AVE W,,120 m East o,Major Arterial,North York,43.787585,-79.468059,623260.2761,4849420.2782,Non Intersection,No Control,Clear,"Dark, artificial",Dry,34,Bathurst Manor,34,Bathurst Manor (34),Property Damage O,0,0,1,0,0,0,0,0,0,1,0,0,0,Turning Movement,['Driver'],East,"['Pick Up Truck', 'Automobile, Station Wagon']","['Turning Left', 'Going Ahead']","['Failed to Yield Right of Way', 'Driving Properly']","['Inattentive', 'Normal']",[],[],[],[],[],[],D32,False,"['25 to 29', '70 to 74']",3.0
2000144156.0,2022-01-22 10:00:00,1914,2022,92 ASHRIDGE DR,,100 m North ,Local,Scarborough,43.81531,-79.268764,639231.333,4852815.6577,Non Intersection,No Control,Clear,"Dark, artificial",Packed Snow,129,Agincourt North,129,Agincourt North (129),Non-Fatal Injury,1,0,1,0,0,0,0,0,0,0,0,0,0,Pedestrian Collisions,"['Driver', 'Pedestrian']",North,"['Automobile, Station Wagon']",['Going Ahead'],[],[],['Pedestrian hit at mid-block'],['Person Getting on/off Vehicle'],['Normal'],[],[],[],D42,False,"['unknown', '90 to 94']",3.0
2000145218.0,2022-01-22 10:00:00,2306,2022,WESTON RD,DEE AVE,,Major Arterial,Etobicoke York,43.711131,-79.535136,618013.3629,4840831.2581,Intersection Related,No Control,Clear,"Dark, artificial",Dry,23,Pelmo Park-Humberlea,23,Pelmo Park-Humberlea (23),Fatal,1,0,1,0,0,0,0,0,0,1,0,0,0,Pedestrian Collisions,"['Driver', 'Pedestrian']",North,"['Automobile, Station Wagon']",['Going Ahead'],['Improper Passing'],['Unknown'],['Vehicle is going straight thru inter.while ped cross without ROW'],['Crossing without right of way'],['Other'],[],[],[],D12,True,"['30 to 34', '50 to 54']",4.0
2000170861.0,2022-01-26 10:00:00,1600,2022,STEELES AV W,NORFINCH DR,230 m West o,Major Arterial,,43.772772,-79.533733,618005.2313,4847679.3771,Non Intersection,No Control,Clear,Daylight,Dry,24,Black Creek,24,Black Creek (24),Non-Fatal Injury,0,0,1,0,0,0,0,0,0,0,0,0,0,Sideswipe,['Driver'],West,"['Automobile, Station Wagon', 'School Bus']","['Going Ahead', 'Stopped']","['Other', 'Driving Properly']","['Other', 'Normal']",[],[],[],[],[],[],D31,False,"['25 to 29', '50 to 54', '40 to 44']",3.0
2000176791.0,2022-01-27 10:00:00,1447,2022,FINCH AVE W,ELANA DR,,Major Arterial,North York,43.756823,-79.519908,619149.5345,4845927.7993,At/Near Private Drive,No Control,Clear,Daylight,Wet,25,Glenfield-Jane Heights,25,Glenfield-Jane Heights (25),Non-Fatal Injury,1,0,1,0,0,0,0,0,0,0,0,0,0,Pedestrian Collisions,"['Driver', 'Pedestrian']",East,"['Automobile, Station Wagon']",['Going Ahead'],['Driving Properly'],['Normal'],['Pedestrian hit at mid-block'],"['Crossing, no Traffic Control']",['Inattentive'],[],[],[],D31,False,"['35 to 39', '45 to 49']",3.0
2000184133.0,2022-01-28 10:00:00,1506,2022,THE QUEENSWAY,ISLINGTON AVE,ISLINGTON AV,Major Arterial,Etobicoke York,43.623351,-79.515498,619769.9126,4831110.2857,Non Intersection,No Control,Clear,Daylight,Dry,159,Etobicoke City Centre,14,Islington-City Centre West (14),Fatal,1,0,1,0,0,0,0,1,0,1,0,0,0,Pedestrian Collisions,"['Passenger', 'Driver', 'Pedestrian']",East,"['Automobile, Station Wagon']",['Turning Right'],['Failed to Yield Right of Way'],['Inattentive'],['Pedestrian hit on sidewalk or shoulder'],['On Sidewalk or Shoulder'],['Normal'],[],[],[],D22,True,"['30 to 34', '80 to 84']",4.0
2000196904.0,2022-01-30 10:00:00,1415,2022,GARDINER XWY W,STRACHAN AVE,374 m West o,Expressway,Toronto and East York,43.636824,-79.414432,627895.4373,4832757.3878,Non Intersection,No Control,Clear,Daylight,Dry,163,Fort York-Liberty Village,82,Niagara (82),Non-Fatal Injury,0,0,1,0,0,0,0,1,1,1,0,0,0,Rear End,"['Driver', 'Passenger']",West,"['Automobile, Station Wagon']",['Going Ahead'],"['Lost control', 'Driving Properly']","['Inattentive', 'Normal']",[],[],[],[],[],[],D14,False,"['35 to 39', '30 to 34']",3.0
2000220559.0,2022-02-02 10:00:00,2000,2022,BATHURST ST,WOLSELEY ST,5 m East of,Major Arterial,Toronto and East York,43.647952,-79.404285,628690.1636,4834008.9806,At Intersection,No Control,Snow,Dark,Wet,78,Kensington-Chinatown,78,Kensington-Chinatown (78),Non-Fatal Injury,0,0,1,0,0,0,0,0,0,0,0,0,1,SMV Other,['Driver'],South,"['Automobile, Station Wagon']",['Going Ahead'],['Lost control'],['Medical or Physical Disability'],[],[],[],[],[],[],D14,False,['60 to 64'],3.0
2000223282.0,2022-02-03 10:00:00,922,2022,F G GARDINER XY  W,ROYAL YORK RD,EAST OF ISLI,Expressway,Etobicoke York,43.622718,-79.501651,620888.3697,4831060.051,Non Intersection,No Control,Clear,Daylight,Wet,160,Mimico-Queensway,17,Mimico (includes Humber Bay Shores) (17),Fatal,0,0,1,0,1,0,0,0,1,1,0,0,0,Rear End,"['Driver', 'Truck Driver']",West,"['Automobile, Station Wagon', 'Truck - Open']",['Going Ahead'],"['Exceeding Speed Limit', 'Driving Properly']","['Inattentive', 'Normal']",[],[],[],[],[],[],D22,True,['25 to 29'],4.0
2000226271.0,2022-02-03 10:00:00,1655,2022,JANE ST,DRIFTWOOD AVE,,Major Arterial,North York,43.765837,-79.519641,619153.1338,4846929.3214,At Intersection,Traffic Signal,Drifting Snow,Dusk,Wet,24,Black Creek,24,Black Creek (24),Non-Fatal Injury,1,0,1,0,0,0,0,0,0,1,0,0,0,Pedestrian Collisions,"['Driver', 'Pedestrian']",South,"['Automobile, Station Wagon']",['Turning Left'],['Failed to Yield Right of Way'],['Unknown'],['Vehicle turns left while ped crosses with ROW at inter.'],['Crossing with right of way'],['Normal'],[],[],[],D31,False,"['50 to 54', '65 to 69']",3.0
2000232737.0,2022-02-04 10:00:00,1623,2022,SHEPPARD AVE E,YONGE ST,75 m East of,Major Arterial,North York,43.761584,-79.41006,627982.3814,4846620.4682,Non Intersection,No Control,Clear,Daylight,Slush,153,Avondale,51,Willowdale East (51),Non-Fatal Injury,1,0,1,0,0,0,0,0,0,0,0,0,0,Pedestrian Collisions,"['Driver', 'Pedestrian']",East,"['Automobile, Station Wagon']",['Going Ahead'],['Driving Properly'],['Normal'],['Pedestrian hit at mid-block'],"['Crossing, no Traffic Control']",['Normal'],[],[],[],D32,False,"['65 to 69', '80 to 84']",3.0
2000258732.0,2022-02-08 10:00:00,2039,2022,BIRCHMOUNT ROAD,ZENITH DR,18 m S of,Minor Arterial,Scarborough,43.711009,-79.269771,639392.3849,4841229.7287,Intersection Related,Stop Sign,Clear,Dark,Dry,120,Clairlea-Birchmount,120,Clairlea-Birchmount (120),Non-Fatal Injury,1,0,1,0,0,0,0,0,0,0,0,0,0,Pedestrian Collisions,"['Driver', 'Pedestrian']",Unknown,['Pick Up Truck'],['Turning Left'],['Lost control'],['Normal'],['Pedestrian hit on sidewalk or shoulder'],['On Sidewalk or Shoulder'],['Normal'],[],[],[],D41,False,"['50 to 54', '30 to 34']",3.0
2000267263.0,2022-02-10 10:00:00,700,2022,WILLIAM R ALLEN RD,TRANSIT RD,,Major Arterial,North York,43.741763,-79.45425,624466.3527,4844351.7128,At Intersection,Traffic Signal,Clear,Daylight,Wet,33,Clanton Park,33,Clanton Park (33),Non-Fatal Injury,0,0,1,0,1,0,0,0,0,1,1,0,0,Turning Movement,"['Truck Driver', 'Driver']",East,"['Truck-Tractor', 'Automobile, Station Wagon']","['Going Ahead', 'Turning Left']","['Disobeyed Traffic Control', 'Driving Properly']",['Normal'],[],[],[],[],[],[],D32,False,"['25 to 29', '65 to 69']",3.0
2000271559.0,2022-02-10 10:00:00,1900,2022,YONGE ST,ERSKINE AVE,,Major Arterial,,43.711005,-79.399272,628959.2995,4841019.6592,At Intersection,No Control,Clear,"Dark, artificial",Dry,173,North Toronto,104,Mount Pleasant West (104),Non-Fatal Injury,1,0,1,0,0,0,0,1,0,1,0,0,0,Pedestrian Collisions,"['Driver', 'Passenger', 'Pedestrian']",North,"['Automobile, Station Wagon']",['Turning Left'],['Failed to Yield Right of Way'],['Inattentive'],['Vehicle turns left while ped crosses with ROW at inter.'],['Crossing with right of way'],['Normal'],[],[],[],D53,False,"['30 to 34', '35 to 39', '60 to 64']",3.0
2000284125.0,2022-02-12 10:00:00,1945,2022,384 O CONNOR DR,,100 m East o,Major Arterial,Toronto and East York,43.695937,-79.33755,633965.4144,4839444.0202,Non Intersection,No Control,Clear,"Dark, artificial",Dry,58,Old East York,58,Old East York (58),Non-Fatal Injury,0,0,0,0,0,1,0,1,0,0,0,0,0,Other,"['Driver', 'Passenger']",West,['Municipal Transit Bus (TTC)'],['Slowing or Stopping'],['Driving Properly'],['Normal'],[],[],[],[],[],[],D55,False,"['40 to 44', '65 to 69']",3.0
2000320162.0,2022-02-18 10:00:00,1144,2022,BAY ST,COLLEGE ST,,Major Arterial,Etobicoke York,43.660742,-79.385814,630152.1831,4835458.2876,At Intersection,Traffic Signal,Clear,Daylight,Wet,170,Yonge-Bay Corridor,76,Bay Street Corridor (76),Fatal,1,0,1,0,0,0,0,0,0,1,0,0,0,Pedestrian Collisions,"['Pedestrian', 'Driver']",North,"['Automobile, Station Wagon']",['Turning Right'],['Failed to Yield Right of Way'],['Normal'],['Vehicle turns right while ped crosses with ROW at inter.'],['Crossing with right of way'],['Normal'],[],[],[],D52,True,['80 to 84'],4.0
2000348171.0,2022-02-22 10:00:00,2350,2022,484 WILSON HEIGHTS BLVD,,,Minor Arterial,North York,43.746848,-79.454181,624461.3706,4844916.5801,Non Intersection,No Control,Clear,"Dark, artificial",Wet,155,Downsview,26,Downsview-Roding-CFB (26),Non-Fatal Injury,0,0,1,0,0,0,0,0,0,0,0,0,0,SMV Other,['Driver'],North,"['Automobile, Station Wagon']",['Going Ahead'],['Lost control'],['Unknown'],[],[],[],[],[],[],D32,False,['25 to 29'],3.0
2000368462.0,2022-02-25 10:00:00,2216,2022,BAYVIEW AV,DAVISVILLE AV,5 m West of,Major Arterial,North York,43.702994,-79.374103,631004.4582,4840169.3889,Intersection Related,Traffic Signal,Snow,"Dark, artificial",Wet,56,Leaside-Bennington,56,Leaside-Bennington (56),Non-Fatal Injury,1,0,1,0,0,0,0,0,0,1,0,0,0,Pedestrian Collisions,"['Driver', 'Pedestrian']",North,['Pick Up Truck'],['Turning Left'],['Failed to Yield Right of Way'],['Unknown'],['Vehicle turns left while ped crosses with ROW at inter.'],['Crossing with right of way'],['Normal'],[],[],[],D53,False,"['50 to 54', '45 to 49']",3.0
2000370303.0,2022-02-26 10:00:00,813,2022,BURNHAMTHORPE RD,HIGHWAY 427 C N,40 m West of,Major Arterial,Etobicoke York,43.645625,-79.562526,615932.8168,4833517.3252,Overpass or Bridge,No Control,Clear,Daylight,Dry,158,Islington,14,Islington-City Centre West (14),Non-Fatal Injury,0,1,1,0,0,0,0,0,0,0,0,0,0,Cyclist Collisions,"['Driver', 'Cyclist']",East,"['Automobile, Station Wagon', 'Bicycle']",['Going Ahead'],['Other'],['Unknown'],[],[],[],['Cyclist and Driver travelling in same direction. One vehicle sideswipes the other.'],['Driving Properly'],['Normal'],D22,False,"['unknown', '60 to 64']",3.0
2000372294.0,2022-02-26 10:00:00,1430,2022,THE QUEENSWAY,SHERWAY GARDENS RD,,Major Arterial,Etobicoke York,43.614997,-79.552219,616823.4077,4830130.1575,At Intersection,Traffic Signal,Clear,Daylight,Dry,159,Etobicoke City Centre,14,Islington-City Centre West (14),Non-Fatal Injury,1,0,1,0,0,0,0,0,0,1,0,0,0,Pedestrian Collisions,"['Driver', 'Pedestrian']",North,"['Automobile, Station Wagon']",['Turning Right'],['Failed to Yield Right of Way'],['Inattentive'],['Vehicle turns right while ped crosses with ROW at inter.'],['Crossing with right of way'],['Normal'],[],[],[],D22,False,"['40 to 44', '65 to 69']",3.0
2000375775.0,2022-02-27 10:00:00,348,2022,YORE RD,KEELE ST,,Major Arterial,,43.691695,-79.474223,622960.4428,4838761.1438,Intersection Related,No Control,Clear,"Dark, artificial",Dry,112,Beechborough-Greenbrook,112,Beechborough-Greenbrook (112),Fatal,0,0,1,0,0,0,0,0,0,0,0,0,0,SMV Other,['Driver'],West,"['Automobile, Station Wagon']",['Going Ahead'],['Lost control'],['Unknown'],[],[],[],[],[],[],D12,True,['20 to 24'],4.0
2000383216.0,2022-02-28 10:00:00,1050,2022,FINCH AVE E,MCCOWAN RD,,Major Arterial,Scarborough,43.807955,-79.266467,639433.1825,4852002.6334,At Intersection,Traffic Signal,Clear,Daylight,Dry,129,Agincourt North,129,Agincourt North (129),Fatal,1,0,0,0,0,1,0,0,0,0,0,0,0,Pedestrian Collisions,"['Pedestrian', 'Driver']",East,['Municipal Transit Bus (TTC)'],['Turning Right'],['Improper Turn'],['Normal'],['Vehicle turns right while ped crosses with ROW at inter.'],['Crossing with right of way'],['Normal'],[],[],[],D42,True,['45 to 49'],4.0
2000415804.0,2022-03-05 10:00:00,120,2022,BRIMORTON DR,MCCOWAN RD,37 m West of,Collector,Scarborough,43.765364,-79.248927,640944.0629,4847301.9331,Intersection Related,Traffic Signal,Clear,"Dark, artificial",Dry,142,Woburn North,137,Woburn (137),Non-Fatal Injury,0,0,1,0,0,0,0,1,1,1,0,0,0,SMV Other,"['Driver', 'Passenger']",West,"['Automobile, Station Wagon']",['Going Ahead'],['Lost control'],['Inattentive'],[],[],[],[],[],[],D43,False,['20 to 24'],3.0
2000422292.0,2022-03-06 10:00:00,240,2022,LAKE SHORE BLVD W,JAMESON AVE,,Major Arterial,,43.633368,-79.43645,626126.6287,4832339.8652,Non Intersection,No Control,Clear,Dark,Dry,85,South Parkdale,85,South Parkdale (85),Fatal,0,0,1,0,0,0,0,1,0,0,0,0,0,SMV Other,"['Passenger', 'Driver']",East,"['Automobile, Station Wagon']",['Going Ahead'],['Lost control'],['Unknown'],[],[],[],[],[],[],D14,True,"['15 to 19', '30 to 34']",4.0
2000425405.0,2022-03-06 10:00:00,1521,2022,DUNDAS ST E,BOND ST,,Local,Toronto and East York,43.656188,-79.378276,630769.8659,4834964.358,At/Near Private Drive,No Control,Clear,Daylight,Dry,168,Downtown Yonge East,75,Church-Yonge Corridor (75),Fatal,1,0,1,0,0,0,0,0,0,1,0,0,0,Pedestrian Collisions,"['Vehicle Owner', 'Pedestrian', 'Driver']",Unknown,"['Automobile, Station Wagon']",['Turning Right'],['Failed to Yield Right of Way'],['Inattentive'],['Pedestrian hit on sidewalk or shoulder'],['On Sidewalk or Shoulder'],"['Ability Impaired, Alcohol']",[],[],[],D51,True,"['unknown', '45 to 49', '55 to 59']",4.0
2000427556.0,2022-03-06 10:00:00,2233,2022,460 PAPE AVE,,8 m West of ,Minor Arterial,Toronto and East York,43.671691,-79.341853,633672.5021,4836744.2233,Non Intersection,No Control,Clear,Dark,Dry,69,Blake-Jones,69,Blake-Jones (69),Non-Fatal Injury,1,0,1,0,0,0,0,0,0,1,0,0,0,Pedestrian Collisions,"['Driver', 'Pedestrian']",South,"['Automobile, Station Wagon']",['Going Ahead'],['Driving Properly'],['Normal'],['Pedestrian hit at mid-block'],"['Crossing, no Traffic Control']","['Ability Impaired, Alcohol']",[],[],[],D55,False,"['45 to 49', '15 to 19']",3.0
2000427862.0,2022-03-07 10:00:00,5,2022,145 STEELES AVE E,,50 m East of,Major Arterial,North York,43.80054,-79.408313,628039.8224,4850949.8331,Non Intersection,No Control,Clear,"Dark, artificial",Dry,50,Newtonbrook East,50,Newtonbrook East (50),Non-Fatal Injury,0,0,1,0,0,0,0,1,0,0,0,0,0,Approaching,"['Driver', 'Passenger']",West,"['Pick Up Truck', 'Delivery Van', 'Automobile, Station Wagon']",['Going Ahead'],"['Lost control', 'Driving Properly']","['Had Been Drinking', 'Normal']",[],[],[],[],[],[],D32,False,"['45 to 49', '65 to 69', '55 to 59', '25 to 29']",3.0
2000429734.0,2022-03-07 10:00:00,930,2022,BATHURST ST,JOICEY BLVD,1 m South of,Major Arterial,North York,43.733817,-79.433131,626183.5942,4843501.139,At Intersection,Traffic Signal,Rain,Daylight,Wet,39,Bedford Park-Nortown,39,Bedford Park-Nortown (39),Non-Fatal Injury,1,0,1,0,0,0,0,0,0,1,0,0,0,Pedestrian Collisions,"['Driver', 'Pedestrian']",East,['Pick Up Truck'],['Turning Left'],['Failed to Yield Right of Way'],['Normal'],['Vehicle turns left while ped crosses with ROW at inter.'],['Crossing with right of way'],['Normal'],[],[],[],D32,False,"['30 to 34', '80 to 84']",3.0
2000435603.0,2022-03-08 10:00:00,700,2022,DUNDAS ST W,ANNETTE ST,6 m West of,Minor Arterial,North York,43.664412,-79.458736,624264.8374,4835754.0816,At Intersection,Traffic Signal,Clear,Daylight,Dry,90,Junction Area,90,Junction Area (90),Non-Fatal Injury,0,0,1,0,0,0,0,0,0,1,0,0,0,Rear End,['Driver'],South,"['Automobile, Station Wagon']","['Going Ahead', 'Stopped']","['Failed to Yield Right of Way', 'Driving Properly']","['Inattentive', 'Normal']",[],[],[],[],[],[],D11,False,"['75 to 79', '65 to 69', 'unknown']",3.0
2000444231.0,2022-03-09 10:00:00,1100,2022,DANFORTH AVE,WOODBINE AVE,10 m West of,Major Arterial,Toronto and East York,43.685603,-79.31274,635988.058,4838336.6702,Intersection Related,Traffic Signal,Clear,Daylight,Dry,62,East End-Danforth,62,East End-Danforth (62),Non-Fatal Injury,0,0,1,0,1,0,0,0,0,0,0,0,0,Rear End,"['Truck Driver', 'Driver']",West,"['Truck - Dump', 'Automobile, Station Wagon']",['Slowing or Stopping'],"['Lost control', 'Driving Properly']","['Inattentive', 'Normal']",[],[],[],[],[],[],D55,False,['45 to 49'],3.0
2000444865.0,2022-03-09 10:00:00,1251,2022,WILSON AVENUE,CLAYSON ROAD,,Major Arterial,North York,43.717593,-79.522998,618978.452,4841566.3049,At Intersection,Traffic Signal,Clear,Daylight,Dry,154,Oakdale-Beverley Heights,26,Downsview-Roding-CFB (26),Non-Fatal Injury,0,0,1,1,0,0,0,0,1,1,1,0,0,Turning Movement,"['Driver', 'Motorcycle Driver']",East,"['Automobile, Station Wagon', 'Motorcycle']","['Turning Left', 'Going Ahead']","['Failed to Yield Right of Way', 'Disobeyed Traffic Control']","['Inattentive', 'Unknown']",[],[],[],[],[],[],D31,False,"['70 to 74', '20 to 24']",3.0
2000459968.0,2022-03-11 10:00:00,1445,2022,MARKHAM RD,NASHDENE RD,,Major Arterial,Scarborough,43.820166,-79.24615,641038.6066,4853393.303,At Intersection,Traffic Signal,Clear,Daylight,Dry,144,Morningside Heights,131,Rouge (131),Non-Fatal Injury,1,0,0,0,1,0,0,0,0,0,0,0,0,Pedestrian Collisions,"['Truck Driver', 'Pedestrian']",North,['Truck-Tractor'],['Going Ahead'],['Driving Properly'],['Normal'],['Other / Undefined'],['Other'],['Medical or Physical Disability'],[],[],[],D42,False,"['50 to 54', '20 to 24']",3.0
2000469670.0,2022-03-13 09:00:00,324,2022,RATHBURN RD,CENTENNIAL PARK ROAD,36 m West of,Minor Arterial,Etobicoke York,43.65053,-79.581714,614375.9764,4834035.4633,Non Intersection,No Control,Clear,"Dark, artificial",Dry,11,Eringate-Centennial-West Deane,11,Eringate-Centennial-West Deane (11),Non-Fatal Injury,0,0,1,0,0,0,0,0,1,1,0,1,0,SMV Other,['Driver'],West,"['Automobile, Station Wagon']",['Going Ahead'],['Lost control'],"['Ability Impaired, Alcohol']",[],[],[],[],[],[],D22,False,['35 to 39'],3.0
2000495169.0,2022-03-16 08:00:00,1945,2022,15 THORNCLIFFE PARK DR,,10 m East of,Collector,North York,43.703654,-79.347598,633138.6244,4840284.916,Non Intersection,No Control,"Fog, Mist, Smoke, Dust","Dark, artificial",Dry,55,Thorncliffe Park,55,Thorncliffe Park (55),Non-Fatal Injury,1,0,1,0,0,0,0,0,0,1,0,0,0,Pedestrian Collisions,"['Driver', 'Pedestrian']",West,"['Automobile, Station Wagon']",['Turning Left'],['Failed to Yield Right of Way'],['Inattentive'],['Pedestrian hit at mid-block'],"['Crossing, no Traffic Control']",['Normal'],[],[],[],D53,False,"['20 to 24', '75 to 79']",3.0
2000518219.0,2022-03-20 08:00:00,252,2022,BATHURST ST,NIAGARA ST,,Major Arterial,Toronto and East York,43.641841,-79.401851,628899.5306,4833334.0521,At Intersection,Traffic Signal,Rain,"Dark, artificial",Wet,164,Wellington Place,77,Waterfront Communities-The Island (77),Non-Fatal Injury,1,0,1,0,0,0,0,1,0,1,0,0,0,Pedestrian Collisions,"['Driver', 'Pedestrian', 'Passenger']",North,['Pick Up Truck'],['Turning Left'],['Failed to Yield Right of Way'],['Had Been Drinking'],['Vehicle turns left while ped crosses with ROW at inter.'],['Crossing with right of way'],['Normal'],[],[],[],D14,False,"['30 to 34', '25 to 29', '15 to 19']",3.0
2000545515.0,2022-03-23 08:00:00,2330,2022,YONGE ST,PATRICIA AVE,,Major Arterial,North York,43.790183,-79.418094,627274.9899,4849784.44,At Intersection,Traffic Signal,Rain,"Dark, artificial",Wet,50,Newtonbrook East,50,Newtonbrook East (50),Non-Fatal Injury,0,0,1,0,0,0,0,1,0,1,1,0,0,Turning Movement,"['Driver', 'Passenger']",East,"['Automobile, Station Wagon']","['Going Ahead', 'Turning Left']","['Disobeyed Traffic Control', 'Driving Properly']","['Inattentive', 'Normal']",[],[],[],[],[],[],D32,False,"['65 to 69', '35 to 39', '20 to 24']",3.0
2000584749.0,2022-03-29 08:00:00,1718,2022,WILSON AVE,WENDELL AVE,1 m  of,Major Arterial,Etobicoke York,43.716788,-79.52705,618653.6334,4841471.0899,Intersection Related,Traffic Signal,Clear,Daylight,Dry,154,Oakdale-Beverley Heights,26,Downsview-Roding-CFB (26),Non-Fatal Injury,0,1,1,0,0,0,0,0,0,1,1,0,0,Cyclist Collisions,"['Driver', 'Cyclist']",East,"['Automobile, Station Wagon', 'Bicycle']","['Going Ahead', 'Turning Left']",['Disobeyed Traffic Control'],['Inattentive'],[],[],[],[],['Driving Properly'],['Normal'],D31,False,"['15 to 19', '55 to 59']",3.0
2000598961.0,2022-03-31 08:00:00,1736,2022,LAKE SHORE BLVD W,SUPERIOR AVE,,Major Arterial,Etobicoke York,43.614878,-79.48862,621955.5826,4830208.3782,At Intersection,Traffic Signal,Clear,Daylight,Dry,161,Humber Bay Shores,17,Mimico (includes Humber Bay Shores) (17),Fatal,1,0,1,0,0,0,0,0,0,1,1,0,0,Pedestrian Collisions,"['Pedestrian', 'Driver', 'Other']",East,"['Automobile, Station Wagon', 'Other']","['Going Ahead', 'Parked']",['Disobeyed Traffic Control'],['Inattentive'],['Vehicle is going straight thru inter.while ped cross with ROW'],['Crossing with right of way'],['Normal'],[],[],[],D22,True,"['40 to 44', '35 to 39', '75 to 79', 'unknown']",4.0
2000627947.0,2022-04-05 08:00:00,125,2022,LANSDOWNE AVE,LAPPIN AVE,,Minor Arterial,Etobicoke York,43.664824,-79.445697,625315.2629,4835819.4522,Non Intersection,No Control,Clear,"Dark, artificial",Dry,171,Junction-Wallace Emerson,93,Dovercourt-Wallace Emerson-Junction (93),Fatal,1,0,1,0,0,0,0,0,0,0,0,0,0,Pedestrian Collisions,"['Pedestrian', 'Driver']",South,['Pick Up Truck'],['Going Ahead'],['Driving Properly'],['Normal'],['Pedestrian hit at mid-block'],"['Crossing, no Traffic Control']",['Inattentive'],[],[],[],D11,True,"['45 to 49', '40 to 44']",4.0
2000630643.0,2022-04-05 08:00:00,1230,2022,FINCH AVE W,400 S FINCH E RAMP,,Major Arterial,Etobicoke York,43.753958,-79.532718,618123.9402,4845591.2511,Non Intersection,No Control,Clear,Daylight,Dry,22,Humbermede,22,Humbermede (22),Fatal,1,0,0,0,1,0,0,0,0,0,0,0,0,Pedestrian Collisions,"['Driver', 'Pedestrian']",West,['Truck-Tractor'],['Going Ahead'],['Driving Properly'],['Normal'],['Pedestrian hit at mid-block'],['Walking on Roadway with Traffic'],['Inattentive'],[],[],[],D31,True,"['35 to 39', '60 to 64']",4.0
2000662470.0,2022-04-09 08:00:00,2338,2022,KNIGHTON DR,WYNDCLIFF CR,,Local,North York,43.737357,-79.31544,635653.6275,4844080.2723,At Intersection,Stop Sign,Clear,"Dark, artificial",Dry,43,Victoria Village,43,Victoria Village (43),Non-Fatal Injury,0,0,0,1,0,0,0,0,0,0,0,0,0,SMV Other,['Motorcycle Driver'],South,['Motorcycle'],['Turning Left'],['Lost control'],['Normal'],[],[],[],[],[],[],D33,False,['15 to 19'],3.0
2000673769.0,2022-04-11 08:00:00,1607,2022,22 BENTON RD,,2 m South of,Collector,,43.708949,-79.471324,623158.7399,4840681.7412,At/Near Private Drive,No Control,Clear,Daylight,Dry,30,Brookhaven-Amesbury,30,Brookhaven-Amesbury (30),Non-Fatal Injury,0,0,1,0,0,0,0,0,0,0,0,0,0,SMV Other,['Driver'],North,"['Automobile, Station Wagon']",['Reversing'],['Other'],['Other'],[],[],[],[],[],[],D12,False,['15 to 19'],3.0
2000677048.0,2022-04-12 08:00:00,556,2022,DANFORTH RD,MACKINAC CR,3 m South of,Major Arterial,Scarborough,43.749533,-79.244441,641342.4171,4845551.3024,Intersection Related,No Control,Clear,Dark,Dry,157,Bendale South,127,Bendale (127),Non-Fatal Injury,0,0,1,0,0,0,0,0,0,0,0,0,0,Approaching,['Driver'],North,"['Automobile, Station Wagon']",['Going Ahead'],"['Lost control', 'Driving Properly']","['Unknown', 'Normal']",[],[],[],[],[],[],D43,False,"['25 to 29', '35 to 39']",3.0
2000692125.0,2022-04-14 08:00:00,316,2022,SPADINA AVE,KING ST W,,Major Arterial,Toronto and East York,43.644992,-79.394862,629456.4697,4833694.8896,Non Intersection,No Control,Rain,"Dark, artificial",Wet,164,Wellington Place,77,Waterfront Communities-The Island (77),Fatal,1,0,1,0,0,0,0,0,1,1,0,0,0,Pedestrian Collisions,"['Pedestrian', 'Driver']",East,"['Automobile, Station Wagon']",['Going Ahead'],['Exceeding Speed Limit'],['Unknown'],['Pedestrian hit at mid-block'],"['Crossing, no Traffic Control']",['Normal'],[],[],[],D14,True,"['30 to 34', 'unknown']",4.0
2000697983.0,2022-04-14 08:00:00,2042,2022,CALEDONIA RD,KITCHENER AVE,,Minor Arterial,,43.688998,-79.460521,624070.2402,4838482.014,At Intersection,Traffic Signal,Clear,"Dark, artificial",Dry,109,Caledonia-Fairbank,109,Caledonia-Fairbank (109),Non-Fatal Injury,0,1,1,0,0,0,0,1,0,0,0,0,0,Cyclist Collisions,"['Driver', 'Cyclist', 'Cyclist Passenger']",North,"['Automobile, Station Wagon', 'Bicycle']","['Turning Left', 'Going Ahead']",['Improper Turn'],['Normal'],[],[],[],['Motorist turned left across cyclists path.'],['Driving Properly'],['Normal'],D13,False,"['55 to 59', '20 to 24', '15 to 19']",3.0