accident_number,date,time,year,street1,street2,offset,road_class,district,latitude,longitude,x,y,accident_location,traffctl,visibility,light,road_surface_condition,hood_158,neighbourhood_new,hood_140,neighbourhood_old,accident_class,pedestrian,cyclist,automobile,motorcycle,truck,trsn_city_veh,emerg_veh,passenger,speeding,aggressive_driving,redlight,alcohol,disability,impact_type,involvement_type,initial_direction,vehicle_type,manoeuver,driver_action,driver_condition,pedestrian_type,pedestrian_action,pedestrian_condition,cyclist_type,cyclist_action,cyclist_condition,division,injury,involvement_age,injury_severity_score
2000699120.0,2022-04-15 08:00:00,43,2022,DON VALLEY PARKWAY  S,LEASIDE BDGE,,Expressway,Toronto and East York,43.697924,-79.350124,632947.7599,4839644.4651,Non Intersection,No Control,Clear,"Dark, artificial",Dry,57,Broadview North,57,Broadview North (57),Fatal,1,0,1,0,0,0,0,0,0,0,0,0,0,Pedestrian Collisions,"['Pedestrian', 'Driver']",South,"['Automobile, Station Wagon']",['Going Ahead'],['Driving Properly'],['Normal'],['Other / Undefined'],['Other'],['Unknown'],[],[],[],D55,True,"['35 to 39', '60 to 64']",4.0
2000699426.0,2022-04-15 08:00:00,211,2022,665 KENNEDY RD,,,Major Arterial,Scarborough,43.726008,-79.265292,639718.3629,4842903.1293,Non Intersection,No Control,Clear,"Dark, artificial",Dry,124,Kennedy Park,124,Kennedy Park (124),Non-Fatal Injury,0,0,1,0,0,0,0,1,0,1,0,0,0,Turning Movement,"['Driver', 'Passenger']",North,"['Automobile, Station Wagon']","['Turning Left', 'Going Ahead']","['Failed to Yield Right of Way', 'Driving Properly']","['Inattentive', 'Normal']",[],[],[],[],[],[],D41,False,"['25 to 29', '60 to 64']",3.0
2000709624.0,2022-04-16 08:00:00,1635,2022,GERRARD ST W,ELIZABETH ST,30 m East of,Minor Arterial,Toronto and East York,43.658164,-79.385913,630149.7707,4835171.8112,Non Intersection,No Control,Clear,Daylight,Dry,170,Yonge-Bay Corridor,76,Bay Street Corridor (76),Non-Fatal Injury,1,0,1,0,0,0,0,0,0,0,0,0,0,Pedestrian Collisions,"['Driver', 'Pedestrian']",South,"['Automobile, Station Wagon']",['Going Ahead'],['Driving Properly'],['Normal'],['Pedestrian hit at mid-block'],"['Crossing, no Traffic Control']",['Inattentive'],[],[],[],D52,False,"['35 to 39', '55 to 59']",3.0
2000718408.0,2022-04-18 08:00:00,554,2022,MARTIN GROVE RD,GARFELLA DR,5 m South of,Minor Arterial,Etobicoke York,43.744216,-79.595325,613102.0594,4844421.8846,At Intersection,Traffic Signal,Clear,"Dark, artificial",Dry,2,Mount Olive-Silverstone-Jamestown,2,Mount Olive-Silverstone-Jamestown (2),Non-Fatal Injury,1,0,1,0,0,0,0,0,0,0,0,0,0,Pedestrian Collisions,"['Driver', 'Pedestrian']",East,"['Automobile, Station Wagon']",['Turning Left'],['Driving Properly'],['Inattentive'],['Vehicle turns left while ped crosses with ROW at inter.'],['Crossing with right of way'],['Normal'],[],[],[],D23,False,"['25 to 29', '40 to 44']",3.0
2000722938.0,2022-04-18 08:00:00,2120,2022,KENNEDY RD,STEELES AVE E,,Major Arterial,Scarborough,43.823619,-79.307025,636135.3475,4853674.8288,At Intersection,Traffic Signal,Rain,"Dark, artificial",Slush,130,Milliken,130,Milliken (130),Non-Fatal Injury,0,1,0,0,1,0,0,0,0,0,0,0,0,Cyclist Collisions,"['Cyclist', 'Truck Driver']",East,"['Bicycle', 'Truck - Closed (Blazer, etc)']","['Going Ahead', 'Turning Left']",['Driving Properly'],['Normal'],[],[],[],"['Cyclist without ROW rides into path of motorist at inter, lnwy, dwy-Cyclist not turn.']",['Other'],['Normal'],D42,False,"['60 to 64', '25 to 29']",3.0
2000725125.0,2022-04-19 08:00:00,837,2022,1491 LAKE SHORE BLVD W,,10 m North o,Major Arterial,,43.636389,-79.444042,625507.911,4832663.8782,Non Intersection,No Control,Clear,Daylight,Dry,85,South Parkdale,85,South Parkdale (85),Non-Fatal Injury,0,0,1,1,0,0,0,0,0,1,0,0,0,Rear End,"['Motorcycle Driver', 'Driver']",East,"['Motorcycle', 'Pick Up Truck']",['Going Ahead'],"['Improper Passing', 'Driving Properly']",['Normal'],[],[],[],[],[],[],D14,False,"['35 to 39', '20 to 24']",3.0
2000729543.0,2022-04-19 08:00:00,2015,2022,LAKE SHORE BLVD W,LAKE CRES,63 m West of,Major Arterial,Etobicoke York,43.606276,-79.490588,621814.144,4829250.1335,Non Intersection,No Control,Clear,"Dark, artificial",Dry,160,Mimico-Queensway,17,Mimico (includes Humber Bay Shores) (17),Non-Fatal Injury,0,0,1,0,0,0,0,0,1,1,0,0,0,Approaching,['Driver'],East,"['Automobile, Station Wagon', 'Pick Up Truck']",['Going Ahead'],"['Lost control', 'Driving Properly']","['Unknown', 'Normal']",[],[],[],[],[],[],D22,False,"['20 to 24', '30 to 34']",3.0
2000746819.0,2022-04-22 08:00:00,1000,2022,SPADINA AV,QUEEN ST W,10 m South o,Major Arterial,Toronto and East York,43.648761,-79.396351,629328.2899,4834111.1645,Intersection Related,Traffic Signal,Clear,Daylight,Dry,164,Wellington Place,77,Waterfront Communities-The Island (77),Non-Fatal Injury,0,1,0,0,1,0,0,0,0,1,0,0,0,Cyclist Collisions,"['Truck Driver', 'Cyclist']",South,"['Truck - Dump', 'Bicycle']",['Going Ahead'],['Improper Passing'],['Normal'],[],[],[],[],['Driving Properly'],['Normal'],D52,False,"['50 to 54', '35 to 39']",3.0
2000768413.0,2022-04-25 08:00:00,1345,2022,452 DANFORTH AVE,,30 m West of,Major Arterial,Toronto and East York,43.677825,-79.350108,632993.462,4837412.218,Non Intersection,No Control,Rain,Daylight,Wet,68,North Riverdale,68,North Riverdale (68),Non-Fatal Injury,1,1,0,0,0,0,0,0,1,1,0,0,0,Pedestrian Collisions,"['Moped Driver', 'Pedestrian']",North,['Moped'],['Going Ahead'],['Speed too Fast For Condition'],['Inattentive'],['Pedestrian hit at mid-block'],['Person Getting on/off Vehicle'],['Inattentive'],[],[],[],D55,False,"['35 to 39', '5 to 9']",3.0
2000773802.0,2022-04-26 08:00:00,1003,2022,WESTON RD,HUMBER BLVD,,Major Arterial,Etobicoke York,43.683356,-79.480282,622489.1234,4837826.0185,Intersection Related,No Control,Clear,Daylight,Dry,111,Rockcliffe-Smythe,111,Rockcliffe-Smythe (111),Non-Fatal Injury,0,0,1,1,0,0,0,0,1,1,0,0,0,Sideswipe,"['Motorcycle Driver', 'Driver']",South,"['Motorcycle', 'Automobile, Station Wagon', 'Passenger Van']","['Going Ahead', 'Changing Lanes']","['Failed to Yield Right of Way', 'Driving Properly']","['Inattentive', 'Normal']",[],[],[],[],[],[],D12,False,"['30 to 34', '60 to 64']",3.0
2000774562.0,2022-04-26 08:00:00,1149,2022,BLUFFWOOD DR,STEELES AVE E,,Major Arterial,North York,43.807639,-79.376056,630619.2179,4851788.7029,At Intersection,Traffic Signal,Clear,Daylight,Dry,49,Bayview Woods-Steeles,49,Bayview Woods-Steeles (49),Fatal,1,0,1,0,0,0,0,0,0,0,0,0,0,Pedestrian Collisions,"['Pedestrian', 'Driver']",North,"['Automobile, Station Wagon']",['Turning Right'],['Improper Turn'],['Inattentive'],['Vehicle turns right while ped crosses with ROW at inter.'],['Crossing with right of way'],['Inattentive'],[],[],[],D33,True,"['Over 95', '60 to 64']",4.0
2000785196.0,2022-04-27 08:00:00,2135,2022,MORNINGSIDE AVE,FINCH AVE E,,Minor Arterial,Scarborough,43.819625,-79.221034,643059.6646,4853376.3444,At Intersection,Traffic Signal,Clear,"Dark, artificial",Dry,145,Malvern West,132,Malvern (132),Non-Fatal Injury,1,0,1,0,0,0,0,1,1,1,0,0,0,Pedestrian Collisions,"['Driver', 'Passenger', 'Pedestrian']",North,"['Automobile, Station Wagon']",['Turning Left'],['Exceeding Speed Limit'],['Inattentive'],['Vehicle turns left while ped crosses with ROW at inter.'],['Crossing with right of way'],['Normal'],[],[],[],D42,False,"['25 to 29', '20 to 24']",3.0
2000833786.0,2022-05-04 08:00:00,2315,2022,KEELE ST,TORO RD,,Major Arterial,North York,43.759757,-79.490039,621548.1098,4846297.0651,Intersection Related,Traffic Signal,Clear,"Dark, artificial",Dry,27,York University Heights,27,York University Heights (27),Non-Fatal Injury,0,1,1,0,0,0,0,0,0,1,0,0,0,Cyclist Collisions,"['Driver', 'Cyclist']",North,"['Automobile, Station Wagon', 'Bicycle']",['Going Ahead'],['Other'],['Unknown'],[],[],[],['Cyclist and Driver travelling in same direction. One vehicle rear-ended the other.'],['Driving Properly'],['Unknown'],D31,False,"['20 to 24', '40 to 44']",3.0
2000850476.0,2022-05-07 08:00:00,935,2022,REINER RD,FAYWOOD BLVD,,Collector,,43.749636,-79.450214,624774.9826,4845232.1963,At Intersection,Stop Sign,Clear,Daylight,Dry,33,Clanton Park,33,Clanton Park (33),Non-Fatal Injury,1,0,1,0,0,0,0,0,0,1,0,0,0,Pedestrian Collisions,"['Driver', 'Pedestrian']",North,"['Automobile, Station Wagon']",['Turning Left'],['Failed to Yield Right of Way'],['Inattentive'],['Vehicle turns left while ped crosses with ROW at inter.'],['Crossing with right of way'],['Normal'],[],[],[],D32,False,"['50 to 54', '70 to 74']",3.0
2000852942.0,2022-05-07 08:00:00,1630,2022,PARKVIEW AVE,LONGMORE ST,70 m West of,Local,,43.773455,-79.401767,628624.4865,4847951.7721,Non Intersection,No Control,Clear,Daylight,Dry,152,East Willowdale,51,Willowdale East (51),Non-Fatal Injury,0,0,0,1,0,0,0,0,1,1,0,0,0,SMV Other,['Motorcycle Driver'],East,['Motorcycle'],['Going Ahead'],['Lost control'],['Normal'],[],[],[],[],[],[],D32,False,['50 to 54'],3.0
2000860343.0,2022-05-08 08:00:00,1915,2022,ST CLAIR AVE W,GUNNS RD,2 m West of,Major Arterial,Etobicoke York,43.67171,-79.47108,623254.652,4836546.206,Intersection Related,Traffic Signal,Clear,Daylight,Dry,90,Junction Area,90,Junction Area (90),Non-Fatal Injury,0,0,1,0,0,0,0,1,1,1,1,0,0,Turning Movement,"['Driver', 'Passenger']",South,"['Automobile, Station Wagon']","['Going Ahead', 'Turning Right']","['Other', 'Disobeyed Traffic Control', 'Driving Properly']","['Inattentive', 'Normal']",[],[],[],[],[],[],D11,False,"['15 to 19', '25 to 29', '35 to 39', '0 to 4']",3.0
2000874402.0,2022-05-10 08:00:00,1632,2022,CONSILIUM PL,PROGRESS AVE,,Minor Arterial,Scarborough,43.776595,-79.250499,640791.1742,4848546.6365,At Intersection,Traffic Signal,Clear,Daylight,Dry,142,Woburn North,137,Woburn (137),Non-Fatal Injury,0,0,1,1,0,0,0,0,0,0,0,0,0,Turning Movement,"['Driver', 'Motorcycle Driver']",East,"['Automobile, Station Wagon', 'Motorcycle']","['Turning Left', 'Going Ahead']","['Improper Turn', 'Driving Properly']","['Inattentive', 'Normal']",[],[],[],[],[],[],D43,False,"['50 to 54', '55 to 59']",3.0
2000874869.0,2022-05-10 08:00:00,1728,2022,ELLESMERE RD,MIDLAND AVE,,Major Arterial,Scarborough,43.767852,-79.271076,639155.4973,4847540.8027,At Intersection,Traffic Signal,Clear,Daylight,Dry,156,Bendale-Glen Andrew,127,Bendale (127),Non-Fatal Injury,1,0,1,0,0,0,0,0,0,0,0,0,0,Pedestrian Collisions,"['Driver', 'Pedestrian']",East,"['Automobile, Station Wagon']",['Going Ahead'],['Driving Properly'],['Inattentive'],['Vehicle is going straight thru inter.while ped cross without ROW'],['Crossing without right of way'],['Inattentive'],[],[],[],D41,False,"['55 to 59', '10 to 14']",3.0
2000881205.0,2022-05-11 08:00:00,1455,2022,NORTH QUEEN ST,NOVA RD,,Minor Arterial,Etobicoke York,43.616034,-79.556918,616442.2346,4830238.729,At Intersection,Traffic Signal,Clear,Daylight,Dry,159,Etobicoke City Centre,14,Islington-City Centre West (14),Non-Fatal Injury,0,0,1,0,0,0,0,0,0,0,0,0,0,SMV Other,['Driver'],East,"['Automobile, Station Wagon']",['Turning Left'],['Lost control'],['Unknown'],[],[],[],[],[],[],D22,False,['80 to 84'],3.0
2000899254.0,2022-05-13 08:00:00,2210,2022,SALINAS CRT,ROSELAWN AVE,,Local,Toronto and East York,43.70048,-79.449024,624972.9661,4839774.5132,Intersection Related,No Control,Clear,"Dark, artificial",Dry,108,Briar Hill-Belgravia,108,Briar Hill-Belgravia (108),Fatal,0,1,0,1,0,0,0,0,0,0,0,0,0,SMV Other,['Moped Driver'],East,['Motorcycle'],['Going Ahead'],['Lost control'],['Had Been Drinking'],[],[],[],[],[],[],D13,True,['35 to 39'],4.0
2000905786.0,2022-05-14 08:00:00,2045,2022,151 CHERRY ST,,12 m South o,Collector,Toronto and East York,43.639537,-79.347293,633305.0781,4833164.3419,Non Intersection,No Control,Clear,"Dark, artificial",Loose Sand or Gravel,70,South Riverdale,70,South Riverdale (70),Non-Fatal Injury,0,0,0,1,0,0,0,1,1,1,0,0,0,SMV Other,"['Motorcycle Driver', 'Motorcycle Passenger']",North,['Motorcycle'],['Going Ahead'],['Lost control'],['Normal'],[],[],[],[],[],[],D51,False,"['60 to 64', '75 to 79']",3.0
2000933204.0,2022-05-18 08:00:00,1642,2022,WILSON AVE,KEELE ST,,Major Arterial,North York,43.726569,-79.482028,622260.5181,4842622.8433,At Intersection,Traffic Signal,Clear,Daylight,Dry,155,Downsview,26,Downsview-Roding-CFB (26),Non-Fatal Injury,1,0,1,0,0,0,0,0,0,1,0,0,0,Pedestrian Collisions,"['Driver', 'Pedestrian']",East,"['Automobile, Station Wagon']","['Turning Left', 'Going Ahead']",['Failed to Yield Right of Way'],['Normal'],['Vehicle turns left while ped crosses with ROW at inter.'],['Crossing with right of way'],['Normal'],[],[],[],D31,False,"['70 to 74', '50 to 54']",3.0
2000945428.0,2022-05-20 08:00:00,1045,2022,ISLINGTON AVE,PRINCESS MARGARET BLVD,,Major Arterial,,43.675574,-79.537082,617926.2558,4836879.4045,At Intersection,Traffic Signal,Clear,Daylight,Dry,9,Edenbridge-Humber Valley,9,Edenbridge-Humber Valley (9),Non-Fatal Injury,0,0,1,0,0,0,0,0,0,1,1,0,0,Angle,['Driver'],North,"['Pick Up Truck', 'Off Road - Other']","['Going Ahead', 'Other']","['Disobeyed Traffic Control', 'Driving Properly']","['Inattentive', 'Normal']",[],[],[],[],[],[],D22,False,"['40 to 44', '30 to 34']",3.0
2000962188.0,2022-05-22 08:00:00,1443,2022,DUFFERIN ST,CROATIA ST,,Major Arterial,Toronto and East York,43.658274,-79.434741,626212.32,4835108.5957,At Intersection,Stop Sign,Clear,Daylight,Dry,83,Dufferin Grove,83,Dufferin Grove (83),Non-Fatal Injury,1,0,1,0,0,0,0,1,0,1,0,0,0,Pedestrian Collisions,"['Driver', 'Passenger', 'Pedestrian']",East,"['Automobile, Station Wagon']",['Turning Left'],['Failed to Yield Right of Way'],['Inattentive'],['Vehicle turns left while ped crosses without ROW at inter.'],['Crossing without right of way'],['Inattentive'],[],[],[],D14,False,"['60 to 64', '40 to 44', '65 to 69']",3.0
2000963706.0,2022-05-22 08:00:00,1911,2022,2467 QUEEN ST E,,,Minor Arterial,Toronto and East York,43.673403,-79.283077,638406.8845,4837030.7607,At Intersection,Stop Sign,Clear,Daylight,Dry,63,The Beaches,63,The Beaches (63),Fatal,0,0,1,0,0,0,0,0,0,0,0,0,0,SMV Other,"['Driver', 'Other']",South,"['Pick Up Truck', 'Automobile, Station Wagon']","['Going Ahead', 'Parked']",['Lost control'],['Unknown'],[],[],[],[],[],[],D55,True,"['65 to 69', 'unknown']",4.0
2000984362.0,2022-05-25 08:00:00,1656,2022,COLLEGE ST,EUCLID AVE,60 m West of,Major Arterial,Toronto and East York,43.655512,-79.411853,628063.7492,4834836.9094,Non Intersection,No Control,Clear,Daylight,Dry,81,Trinity-Bellwoods,81,Trinity-Bellwoods (81),Non-Fatal Injury,0,1,1,0,0,0,0,0,0,0,0,0,0,Cyclist Collisions,"['Cyclist', 'Driver']",West,"['Bicycle', 'Automobile, Station Wagon']",['Going Ahead'],['Driving Properly'],['Normal'],[],[],[],['Cyclist and Driver travelling in same direction. One vehicle sideswipes the other.'],['Driving Properly'],['Had Been Drinking'],D14,False,"['40 to 44', '30 to 34']",3.0
2000986496.0,2022-05-25 08:00:00,2312,2022,LAKE SHORE BLVD W,BRITISH COLUMBIA RD,,Major Arterial,Toronto and East York,43.630168,-79.426128,626966.0181,4832000.1996,Non Intersection,No Control,Clear,"Dark, artificial",Dry,163,Fort York-Liberty Village,82,Niagara (82),Fatal,0,0,1,0,0,0,0,0,0,0,0,0,0,Approaching,['Driver'],East,"['Automobile, Station Wagon']",['Going Ahead'],"['Lost control', 'Driving Properly']",['Normal'],[],[],[],[],[],[],D14,True,"['20 to 24', '40 to 44']",4.0
2000988089.0,2022-05-26 08:00:00,831,2022,STEELES AVE E,MAXOME AVE,,Major Arterial,North York,43.800986,-79.406207,628208.2825,4851002.629,At Intersection,Traffic Signal,Clear,Daylight,Dry,50,Newtonbrook East,50,Newtonbrook East (50),Non-Fatal Injury,0,1,1,0,0,0,0,0,0,0,0,0,0,Cyclist Collisions,"['Driver', 'Cyclist']",North,"['Automobile, Station Wagon', 'Bicycle']","['Turning Left', 'Going Ahead']",['Improper Turn'],['Inattentive'],[],[],[],['Motorist turned left across cyclists path.'],['Driving Properly'],['Normal'],D32,False,['20 to 24'],3.0
2001001629.0,2022-05-27 08:00:00,2341,2022,6 KEMP SQUARE,,1 m West of,Local,,43.699996,-79.495494,621229.4972,4839651.7622,Non Intersection,No Control,Clear,"Dark, artificial",Dry,30,Brookhaven-Amesbury,30,Brookhaven-Amesbury (30),Non-Fatal Injury,0,0,1,0,0,0,0,0,0,0,0,1,0,SMV Other,['Driver'],South,"['Automobile, Station Wagon']",['Going Ahead'],['Lost control'],"['Ability Impaired, Alcohol Over .08']",[],[],[],[],[],[],D12,False,['45 to 49'],3.0
2001007343.0,2022-05-28 08:00:00,2015,2022,DON VALLEY PARKWAY  S,LAWRENCE AVE E,50 m North o,Expressway,North York,43.739955,-79.332233,634295.504,4844341.46,Non Intersection,No Control,Clear,Daylight,Dry,42,Banbury-Don Mills,42,Banbury-Don Mills (42),Non-Fatal Injury,0,0,1,1,0,0,0,0,0,1,0,0,0,Rear End,"['Motorcycle Driver', 'Driver']",South,"['Motorcycle', 'Automobile, Station Wagon']","['Going Ahead', 'Slowing or Stopping']","['Following too Close', 'Driving Properly']","['Inattentive', 'Normal']",[],[],[],[],[],[],D33,False,"['40 to 44', '15 to 19']",3.0
2001020904.0,2022-05-30 08:00:00,1847,2022,QUEENS QUAY E,MERCHANTS WHARF,19 m South o,Minor Arterial,Toronto and East York,43.645484,-79.364284,631921.5749,4833797.6847,At Intersection,No Control,Clear,Daylight,Dry,166,St Lawrence-East Bayfront-The Islands,77,Waterfront Communities-The Island (77),Non-Fatal Injury,0,1,1,0,0,0,0,0,0,0,0,0,0,Cyclist Collisions,"['Driver', 'Cyclist']",East,"['Automobile, Station Wagon', 'Bicycle']","['Turning Right', 'Going Ahead']",['Improper Turn'],['Normal'],[],[],[],"['Motorist turns right at non-signal Inter.(stop, yield, no cont.,and dwy) and strikes cyclist.']",['Driving Properly'],['Normal'],D51,False,"['50 to 54', '10 to 14']",3.0
2001021476.0,2022-05-30 08:00:00,2012,2022,THE DONWAY E,GUYTOI CRT,3 m North of,Minor Arterial,North York,43.732337,-79.341464,633569.1146,4843480.4465,Intersection Related,No Control,Clear,"Dusk, artificial",Dry,42,Banbury-Don Mills,42,Banbury-Don Mills (42),Non-Fatal Injury,1,0,1,0,0,0,0,0,0,0,0,0,0,Pedestrian Collisions,"['Driver', 'Pedestrian']",East,"['Automobile, Station Wagon']",['Going Ahead'],['Driving Properly'],['Normal'],['Vehicle is going straight thru inter.while ped cross without ROW'],['Running onto Roadway'],['Other'],[],[],[],D33,False,"['30 to 34', '20 to 24']",3.0
2001027552.0,2022-05-31 08:00:00,1636,2022,EASTERN AVE,WOODFIELD RD,7 m North of,Minor Arterial,Toronto and East York,43.663516,-79.320537,635409.305,4835870.8498,At Intersection,Stop Sign,Clear,Daylight,Dry,63,The Beaches,63,The Beaches (63),Non-Fatal Injury,0,0,1,0,0,0,0,1,0,1,0,0,0,Angle,"['Driver', 'Passenger']",South,"['Automobile, Station Wagon']",['Going Ahead'],"['Disobeyed Traffic Control', 'Driving Properly']",['Normal'],[],[],[],[],[],[],D55,False,"['20 to 24', '25 to 29']",3.0
2001048848.0,2022-06-03 08:00:00,1240,2022,25 RIPLEY AVE,,1 m South of,Local,,43.637358,-79.474689,623033.8379,4832725.6156,Non Intersection,No Control,Clear,Daylight,Dry,87,High Park-Swansea,87,High Park-Swansea (87),Non-Fatal Injury,1,0,1,0,0,0,0,0,1,1,0,0,0,Pedestrian Collisions,"['Driver', 'Pedestrian']",North,['Delivery Van'],['Going Ahead'],['Other'],['Inattentive'],['Pedestrian hit at mid-block'],['Pushing/Working on Vehicle'],['Normal'],[],[],[],D11,False,"['45 to 49', '30 to 34']",3.0
2001049162.0,2022-06-03 08:00:00,1443,2022,GERRARD ST E,NORMANDY BLVD,,Minor Arterial,,43.679259,-79.313381,635950.7239,4837631.03,At Intersection,No Control,Clear,Daylight,Dry,64,Woodbine Corridor,64,Woodbine Corridor (64),Non-Fatal Injury,0,0,1,1,0,0,0,0,0,0,0,0,0,Turning Movement,"['Driver', 'Motorcycle Driver']",East,"['Automobile, Station Wagon', 'Motorcycle']","['Turning Left', 'Going Ahead']","['Improper Turn', 'Driving Properly']",['Unknown'],[],[],[],[],[],[],D55,False,"['60 to 64', '45 to 49']",3.0
2001058259.0,2022-06-04 08:00:00,1945,2022,MARKHAM RD,STEELES AVE E,,Major Arterial,Scarborough,43.836528,-79.251148,640598.2559,4855202.066,At Intersection,Traffic Signal,Clear,Daylight,Dry,144,Morningside Heights,131,Rouge (131),Non-Fatal Injury,0,0,1,0,0,0,0,1,0,1,0,0,0,Turning Movement,"['Driver', 'Passenger']",North,"['Automobile, Station Wagon', 'Pick Up Truck']","['Turning Left', 'Going Ahead']","['Failed to Yield Right of Way', 'Driving Properly']","['Inattentive', 'Normal']",[],[],[],[],[],[],D42,False,"['25 to 29', '60 to 64', '45 to 49', '65 to 69', '55 to 59']",3.0
2001063847.0,2022-06-05 08:00:00,1625,2022,KING ST W,CLOSE AVE,30 m West of,Major Arterial,Toronto and East York,43.637389,-79.43468,626260.9891,4832789.1392,Non Intersection,No Control,Clear,Daylight,Dry,85,South Parkdale,85,South Parkdale (85),Non-Fatal Injury,1,0,1,0,0,0,0,0,0,0,0,0,0,Pedestrian Collisions,"['Driver', 'Pedestrian']",East,"['Automobile, Station Wagon']",['Going Ahead'],['Driving Properly'],['Normal'],['Pedestrian hit at mid-block'],['Running onto Roadway'],['Inattentive'],[],[],[],D14,False,"['30 to 34', '25 to 29']",3.0
2001085402.0,2022-06-08 08:00:00,1554,2022,DUNDAS ST W,LAKEVIEW AVE,25 m East of,Minor Arterial,Toronto and East York,43.649314,-79.42274,627198.9271,4834131.7956,Intersection Related,No Control,Clear,Daylight,Dry,81,Trinity-Bellwoods,81,Trinity-Bellwoods (81),Non-Fatal Injury,0,1,1,0,0,0,0,0,0,0,0,0,0,Cyclist Collisions,"['Driver', 'Cyclist']",West,"['Pick Up Truck', 'Bicycle']","['Changing Lanes', 'Going Ahead']",['Improper Lane Change'],['Inattentive'],[],[],[],['Cyclist and Driver travelling in same direction. One vehicle sideswipes the other.'],['Driving Properly'],['Normal'],D14,False,['55 to 59'],3.0
2001096338.0,2022-06-10 08:00:00,307,2022,695 MIDLAND AVE,,,Major Arterial,Scarborough,43.726344,-79.254642,640575.3687,4842958.4591,Non Intersection,No Control,Clear,"Dark, artificial",Dry,124,Kennedy Park,124,Kennedy Park (124),Non-Fatal Injury,0,0,1,0,0,0,0,0,0,0,0,0,0,SMV Other,['Driver'],North,"['Automobile, Station Wagon']",['Going Ahead'],['Lost control'],['Had Been Drinking'],[],[],[],[],[],[],D41,False,['20 to 24'],3.0
2001097209.0,2022-06-10 08:00:00,749,2022,THE WEST MALL,BURNHAMTHORPE RD,,Major Arterial,Etobicoke York,43.64448,-79.567203,615557.8075,4833383.6362,At Intersection,Traffic Signal,Clear,Daylight,Dry,13,Etobicoke West Mall,13,Etobicoke West Mall (13),Non-Fatal Injury,0,0,0,0,1,0,0,1,0,1,0,0,0,Turning Movement,"['Truck Driver', 'Driver', 'Passenger']",South,"['Truck (other)', 'Other']","['Turning Right', 'Going Ahead']","['Failed to Yield Right of Way', 'Driving Properly']","['Inattentive', 'Normal']",[],[],[],[],[],[],D22,False,"['45 to 49', '55 to 59', '50 to 54']",3.0
2001105848.0,2022-06-11 08:00:00,1140,2022,DUFFERIN ST,ORFUS RD,25 m North o,Major Arterial,North York,43.720385,-79.456126,624359.5298,4841974.5617,Intersection Related,Traffic Signal,Clear,Daylight,Dry,31,Yorkdale-Glen Park,31,Yorkdale-Glen Park (31),Non-Fatal Injury,0,0,1,0,0,0,0,0,0,1,0,0,0,SMV Other,['Driver'],South,"['Automobile, Station Wagon']",['Going Ahead'],['Lost control'],['Normal'],[],[],[],[],[],[],D32,False,['90 to 94'],3.0
2001109273.0,2022-06-11 08:00:00,1236,2022,YONGE ST,ALBERTUS AVE,10 m South o,Major Arterial,North York,43.714495,-79.400012,628892.2005,4841406.1222,Intersection Related,No Control,Clear,"Dark, artificial",Dry,99,Mount Pleasant East,99,Mount Pleasant East (99),Non-Fatal Injury,1,0,1,0,0,0,0,0,0,0,0,0,0,Pedestrian Collisions,"['Driver', 'Pedestrian']",South,"['Automobile, Station Wagon']",['Going Ahead'],['Driving Properly'],['Normal'],['Pedestrian hit at mid-block'],"['Crossing, no Traffic Control']",['Inattentive'],[],[],[],D53,False,"['65 to 69', '20 to 24']",3.0
2001122186.0,2022-06-13 08:00:00,1815,2022,SHEPPARD AVE W,SENTINEL RD,,Major Arterial,North York,43.743579,-79.491809,621438.3432,4844497.6647,At Intersection,Traffic Signal,Clear,Daylight,Dry,155,Downsview,26,Downsview-Roding-CFB (26),Fatal,0,0,1,1,0,0,0,0,1,1,0,0,0,Turning Movement,"['Driver', 'Motorcycle Driver']",East,"['Automobile, Station Wagon', 'Motorcycle']","['Turning Left', 'Going Ahead']","['Failed to Yield Right of Way', 'Speed too Fast For Condition']","['Normal', 'Other']",[],[],[],[],[],[],D31,True,"['40 to 44', '35 to 39']",4.0
2001126945.0,2022-06-14 08:00:00,1159,2022,836 BLOOR ST W,,2 m South of,Major Arterial,Toronto and East York,43.662306,-79.423663,627097.0789,4835573.3131,Non Intersection,No Control,Clear,Daylight,Dry,80,Palmerston-Little Italy,80,Palmerston-Little Italy (80),Non-Fatal Injury,1,1,0,0,0,0,0,0,0,0,0,0,0,Pedestrian Collisions,"['Cyclist', 'Pedestrian']",North,['Bicycle'],['Going Ahead'],[],[],['Pedestrian hit at mid-block'],"['Crossing, no Traffic Control']",['Inattentive'],['Cyclist strikes pedestrian.'],['Driving Properly'],['Unknown'],D14,False,"['20 to 24', '75 to 79']",3.0
2001127226.0,2022-06-14 08:00:00,1246,2022,HUMBERLINE DR,HUDDERSFIELD RD,326 m South ,Minor Arterial,Etobicoke York,43.74034,-79.619365,611173.5608,4843958.8615,At/Near Private Drive,No Control,Clear,Daylight,Dry,1,West Humber-Clairville,1,West Humber-Clairville (1),Non-Fatal Injury,0,0,1,0,1,0,0,0,0,0,0,0,0,Angle,"['Truck Driver', 'Driver']",South,"['Truck - Closed (Blazer, etc)', 'Automobile, Station Wagon']","['Reversing', 'Going Ahead']","['Other', 'Driving Properly']",['Normal'],[],[],[],[],[],[],D23,False,"['30 to 34', '80 to 84']",3.0