accident_number,date,time,year,street1,street2,offset,road_class,district,latitude,longitude,x,y,accident_location,traffctl,visibility,light,road_surface_condition,hood_158,neighbourhood_new,hood_140,neighbourhood_old,accident_class,pedestrian,cyclist,automobile,motorcycle,truck,trsn_city_veh,emerg_veh,passenger,speeding,aggressive_driving,redlight,alcohol,disability,impact_type,involvement_type,initial_direction,vehicle_type,manoeuver,driver_action,driver_condition,pedestrian_type,pedestrian_action,pedestrian_condition,cyclist_type,cyclist_action,cyclist_condition,division,injury,involvement_age,injury_severity_score
2001145268.0,2022-06-16 08:00:00,1930,2022,OVERLEA BLVD,THORNCLIFFE PARK DR,3 m South of,Major Arterial,North York,43.707385,-79.343669,633446.919,4840705.614,At Intersection,Traffic Signal,Clear,Daylight,Dry,55,Thorncliffe Park,55,Thorncliffe Park (55),Non-Fatal Injury,0,1,1,0,0,0,0,1,0,0,0,0,0,Cyclist Collisions,"['Cyclist', 'Driver', 'Passenger']",East,"['Bicycle', 'Automobile, Station Wagon']",['Going Ahead'],['Driving Properly'],['Normal'],[],[],[],"['Cyclist without ROW rides into path of motorist at inter, lnwy, dwy-Cyclist not turn.']",['Disobeyed Traffic Control'],['Inattentive'],D53,False,"['10 to 14', '80 to 84']",3.0
2001153999.0,2022-06-17 08:00:00,2350,2022,360 ROYAL YORK RD,,31 m North o,Minor Arterial,,43.617835,-79.499057,621107.4613,4830521.514,At/Near Private Drive,No Control,Clear,Dark,Dry,160,Mimico-Queensway,17,Mimico (includes Humber Bay Shores) (17),Non-Fatal Injury,0,0,1,1,0,0,0,0,0,1,0,0,0,Turning Movement,"['Driver', 'Motorcycle Driver']",North,"['Automobile, Station Wagon', 'Motorcycle']","['Turning Left', 'Going Ahead']","['Failed to Yield Right of Way', 'Driving Properly']","['Inattentive', 'Normal']",[],[],[],[],[],[],D22,False,"['50 to 54', '45 to 49']",3.0
2001159151.0,2022-06-18 08:00:00,1855,2022,GAMBLE AVE,PAPE AVE,,Major Arterial,Toronto and East York,43.690329,-79.349132,633044.4911,4838802.5253,At Intersection,Stop Sign,Clear,Daylight,Dry,58,Old East York,58,Old East York (58),Non-Fatal Injury,1,0,1,0,0,0,0,0,0,1,0,0,0,Pedestrian Collisions,"['Driver', 'Pedestrian']",East,"['Automobile, Station Wagon']",['Going Ahead'],['Failed to Yield Right of Way'],['Inattentive'],['Vehicle is going straight thru inter.while ped cross with ROW'],['Crossing with right of way'],['Normal'],[],[],[],D55,False,['60 to 64'],3.0
2001159560.0,2022-06-18 08:00:00,2015,2022,BRIMLEY RD,EGLINTON AVE E,,Major Arterial,Scarborough,43.736624,-79.24805,641082.1697,4844111.4105,At Intersection,Traffic Signal,Clear,Daylight,Dry,124,Kennedy Park,124,Kennedy Park (124),Non-Fatal Injury,1,0,1,0,0,0,0,0,0,0,0,0,0,Pedestrian Collisions,"['Driver', 'Pedestrian']",North,"['Automobile, Station Wagon']",['Turning Left'],['Improper Turn'],['Inattentive'],['Vehicle turns left while ped crosses with ROW at inter.'],['Crossing with right of way'],['Normal'],[],[],[],D41,False,"['35 to 39', '25 to 29']",3.0
2001166978.0,2022-06-20 08:00:00,47,2022,MARKHAM RD,BLAKEMANOR BLVD,,Major Arterial,Scarborough,43.749045,-79.221446,643194.9621,4845536.599,Non Intersection,No Control,Clear,"Dark, artificial",Dry,141,Golfdale-Cedarbrae-Woburn,137,Woburn (137),Fatal,1,0,0,0,0,1,0,0,0,0,0,0,0,Pedestrian Collisions,"['Pedestrian', 'Driver']",North,['Municipal Transit Bus (TTC)'],['Going Ahead'],['Driving Properly'],['Normal'],['Pedestrian hit at mid-block'],['Running onto Roadway'],['Other'],[],[],[],D43,True,['30 to 34'],4.0
2001169875.0,2022-06-20 08:00:00,1235,2022,BRIMLEY RD,BRIMORTON DR,110 m South ,Major Arterial,Scarborough,43.764178,-79.259158,640123.3281,4847152.8461,Non Intersection,No Control,Clear,Daylight,Dry,156,Bendale-Glen Andrew,127,Bendale (127),Non-Fatal Injury,0,0,1,0,0,0,0,0,1,1,0,0,0,SMV Other,['Driver'],North,"['Automobile, Station Wagon']",['Going Ahead'],['Lost control'],['Unknown'],[],[],[],[],[],[],D41,False,['15 to 19'],3.0
2001175617.0,2022-06-21 08:00:00,906,2022,28 TREMONT CRES,,,Local,North York,43.736521,-79.352756,632650.4729,4843927.0003,Non Intersection,No Control,Clear,Daylight,Dry,42,Banbury-Don Mills,42,Banbury-Don Mills (42),Fatal,1,0,0,0,1,0,0,0,0,0,0,0,0,Pedestrian Collisions,"['Pedestrian', 'Driver']",East,['Truck (other)'],['Reversing'],['Other'],['Normal'],['Vehicle is reversing and hits pedestrian'],['Walking on Roadway Against Traffic'],['Normal'],[],[],[],D33,True,"['85 to 89', '35 to 39']",4.0
2001178288.0,2022-06-21 08:00:00,1530,2022,ADELAIDE ST E,POWER ST,,Major Arterial,North York,43.654006,-79.362697,632030.8947,4834746.6888,At Intersection,Stop Sign,Clear,Daylight,Dry,73,Moss Park,73,Moss Park (73),Non-Fatal Injury,0,0,1,1,0,0,0,0,1,1,0,0,0,Angle,"['Motorcycle Driver', 'Driver']",East,"['Motorcycle', 'Automobile, Station Wagon']",['Going Ahead'],"['Exceeding Speed Limit', 'Driving Properly']",['Normal'],[],[],[],[],[],[],D51,False,['25 to 29'],3.0
2001187840.0,2022-06-22 08:00:00,2046,2022,WILLIAM R ALLEN RD,SHEPPARD AVE W,400 m South ,Major Arterial,North York,43.750247,-79.46336,623715.3158,4845280.339,Non Intersection,No Control,Clear,"Dark, artificial",Dry,155,Downsview,26,Downsview-Roding-CFB (26),Non-Fatal Injury,0,0,1,0,0,0,0,1,1,1,0,0,0,SMV Other,"['Driver', 'Passenger']",South,"['Automobile, Station Wagon']",['Going Ahead'],['Failed to Yield Right of Way'],['Other'],[],[],[],[],[],[],D32,False,"['60 to 64', '40 to 44']",3.0
2001202991.0,2022-06-24 08:00:00,2210,2022,1760 Albion Rd,,,Major Arterial,Etobicoke York,43.743365,-79.603,612485.6712,4844316.9197,Non Intersection,No Control,Clear,"Dark, artificial",Dry,1,West Humber-Clairville,1,West Humber-Clairville (1),Fatal,0,0,1,1,0,0,0,0,0,0,0,0,0,Turning Movement,"['Motorcycle Driver', 'Driver']",East,"['Automobile, Station Wagon']","['Going Ahead', 'Turning Left']","['Driving Properly', 'Improper Turn']","['Normal', 'Inattentive']",[],[],[],[],[],[],D23,True,"['60 to 64', '20 to 24']",4.0
2001212143.0,2022-06-26 08:00:00,600,2022,SPADINA AVE,QUEEN ST W,50 m South o,Major Arterial,Toronto and East York,43.648482,-79.396251,629336.9535,4834080.3338,Non Intersection,No Control,Clear,Daylight,Dry,164,Wellington Place,77,Waterfront Communities-The Island (77),Non-Fatal Injury,0,1,1,0,0,0,0,0,0,0,0,0,0,Cyclist Collisions,"['Driver', 'Cyclist']",South,"['Automobile, Station Wagon', 'Bicycle']",['Going Ahead'],['Other'],['Other'],[],[],[],['Cyclist and Driver travelling in same direction. One vehicle sideswipes the other.'],['Other'],['Other'],D52,False,"['unknown', '30 to 34']",3.0
2001217698.0,2022-06-27 08:00:00,238,2022,QUEEN ST W,BELLWOODS AVE,,Major Arterial,Toronto and East York,43.645774,-79.410747,628173.6474,4833757.085,At Intersection,No Control,Clear,"Dark, artificial",Dry,162,West Queen West,82,Niagara (82),Non-Fatal Injury,0,1,1,0,0,0,0,0,0,1,0,0,0,Cyclist Collisions,"['Driver', 'Cyclist']",East,"['Automobile, Station Wagon', 'Bicycle']","['Turning Left', 'Going Ahead']",['Failed to Yield Right of Way'],['Inattentive'],[],[],[],['Motorist turned left across cyclists path.'],['Driving Properly'],['Normal'],D14,False,"['55 to 59', '25 to 29']",3.0
2001223141.0,2022-06-27 08:00:00,1956,2022,BAY ST,SCOLLARD ST,7 m West of,Major Arterial,Toronto and East York,43.672064,-79.390491,629750.6758,4836708.421,At Intersection,Traffic Signal,Clear,Daylight,Dry,95,Annex,95,Annex (95),Non-Fatal Injury,0,0,1,0,0,0,0,0,0,1,1,0,0,Angle,['Driver'],North,"['Other', 'Automobile, Station Wagon']",['Going Ahead'],"['Disobeyed Traffic Control', 'Driving Properly']",['Normal'],[],[],[],[],[],[],D53,False,"['55 to 59', 'unknown']",3.0
2001244232.0,2022-06-30 08:00:00,1813,2022,ORTON PARK RD,BRIMORTON DR,53 m South o,Minor Arterial,Scarborough,43.77064,-79.208415,644192.2392,4847957.6696,Non Intersection,No Control,Clear,Daylight,Dry,141,Golfdale-Cedarbrae-Woburn,137,Woburn (137),Non-Fatal Injury,0,0,1,0,0,0,0,0,1,1,0,0,1,SMV Other,['Driver'],North,"['Automobile, Station Wagon']",['Going Ahead'],['Lost control'],['Medical or Physical Disability'],[],[],[],[],[],[],D43,False,['70 to 74'],3.0
2001244804.0,2022-06-30 08:00:00,1942,2022,575 CENTENNIAL PARK BLVD,,10 m North o,Collector,,43.653765,-79.595409,613265.4705,4834375.9675,At/Near Private Drive,No Control,Clear,Daylight,Dry,11,Eringate-Centennial-West Deane,11,Eringate-Centennial-West Deane (11),Non-Fatal Injury,0,0,0,1,0,0,0,0,1,1,0,0,0,SMV Other,['Motorcycle Driver'],North,['Motorcycle'],['Going Ahead'],['Lost control'],['Normal'],[],[],[],[],[],[],D22,False,['50 to 54'],3.0
2001252821.0,2022-07-01 08:00:00,2341,2022,WELLINGTON ST W,UNIVERSITY AVE,,Major Arterial,Toronto and East York,43.646311,-79.384059,630324.9025,4833858.2897,At Intersection,Traffic Signal,Clear,"Dark, artificial",Wet,170,Yonge-Bay Corridor,76,Bay Street Corridor (76),Fatal,1,0,1,0,0,0,0,1,0,1,1,1,0,Pedestrian Collisions,"['Pedestrian', 'Driver', 'Passenger']",Unknown,"['Automobile, Station Wagon']",['Going Ahead'],"['Disobeyed Traffic Control', 'Driving Properly']","['Ability Impaired, Alcohol Over .08', 'Normal']","['Vehicle is going straight thru inter.while ped cross with ROW', 'Pedestrian hit on sidewalk or shoulder']","['Crossing with right of way', 'On Sidewalk or Shoulder']",['Normal'],[],[],[],D52,True,"['25 to 29', '30 to 34', '50 to 54', '45 to 49']",4.0
2001253169.0,2022-07-02 08:00:00,42,2022,ADELAIDE ST E,YONGE ST,,Major Arterial,Toronto and East York,43.650336,-79.378429,630770.2294,4834314.1752,At Intersection,Traffic Signal,Clear,"Dark, artificial",Dry,168,Downtown Yonge East,75,Church-Yonge Corridor (75),Non-Fatal Injury,1,0,1,0,0,0,0,0,1,1,0,0,0,Pedestrian Collisions,"['Driver', 'Pedestrian']",East,"['Automobile, Station Wagon']",['Going Ahead'],['Exceeding Speed Limit'],['Normal'],['Vehicle is going straight thru inter.while ped cross without ROW'],['Crossing without right of way'],['Normal'],[],[],[],D51,False,['20 to 24'],3.0
2001257548.0,2022-07-02 08:00:00,1809,2022,ADELAIDE ST W,PORTLAND ST,8 m East of,Major Arterial,Toronto and East York,43.645659,-79.400592,628992.9053,4833760.0465,At Intersection,Traffic Signal,Clear,Daylight,Dry,164,Wellington Place,77,Waterfront Communities-The Island (77),Non-Fatal Injury,0,1,0,0,1,0,0,0,0,1,0,0,0,Cyclist Collisions,"['Truck Driver', 'Cyclist']",North,"['Truck (other)', 'Bicycle']","['Turning Right', 'Going Ahead']",['Failed to Yield Right of Way'],['Normal'],[],[],[],['Motorist turning right on green or amber at signalized intersection strikes cyclist.'],['Driving Properly'],['Normal'],D14,False,"['45 to 49', '15 to 19']",3.0
2001265655.0,2022-07-03 08:00:00,2245,2022,701 WARDEN AVE,,,Minor Arterial,Scarborough,43.710311,-79.280322,638543.9632,4841134.5164,Non Intersection,No Control,Clear,"Dusk, artificial",Dry,121,Oakridge,121,Oakridge (121),Fatal,0,0,1,0,0,0,0,1,0,0,0,0,0,Rear End,"['Driver', 'Passenger']",South,"['Automobile, Station Wagon']",['Going Ahead'],"['Driving Properly', 'Lost control']","['Normal', 'Unknown']",[],[],[],[],[],[],D41,True,"['40 to 44', '55 to 59', '45 to 49', '75 to 79', '0 to 4', '5 to 9', '85 to 89']",4.0
2001272860.0,2022-07-04 08:00:00,2145,2022,LAKE SHORE BV W,ONTARIO PLACE BV,25 m East of,Major Arterial,Toronto and East York,43.632376,-79.410892,628190.4417,4832268.8412,Non Intersection,No Control,Clear,"Dark, artificial",Dry,163,Fort York-Liberty Village,82,Niagara (82),Non-Fatal Injury,0,0,1,1,0,0,0,0,1,1,0,0,0,Sideswipe,"['Motorcycle Driver', 'Driver']",East,"['Motorcycle', 'Pick Up Truck']",['Going Ahead'],"['Exceeding Speed Limit', 'Driving Properly']","['Inattentive', 'Normal']",[],[],[],[],[],[],D14,False,"['20 to 24', '30 to 34']",3.0
2001286974.0,2022-07-06 08:00:00,1945,2022,KING ST W,GWYNNE AVE,5 m South of,Major Arterial,Toronto and East York,43.638579,-79.428821,626731.0875,4832930.2328,Intersection Related,No Control,Clear,"Dusk, artificial",Dry,85,South Parkdale,85,South Parkdale (85),Non-Fatal Injury,1,0,1,0,0,0,0,0,0,0,0,0,0,Pedestrian Collisions,"['Driver', 'Pedestrian']",North,"['Automobile, Station Wagon']",['Going Ahead'],['Driving Properly'],['Normal'],['Vehicle is going straight thru inter.while ped cross without ROW'],['Crossing without right of way'],['Inattentive'],[],[],[],D14,False,['25 to 29'],3.0
2001292860.0,2022-07-07 08:00:00,1605,2022,KEELE ST,MURRAY ROSS PARKWAY,,Major Arterial,North York,43.767241,-79.492,621375.1174,4847125.3987,At Intersection,Traffic Signal,Clear,Daylight,Dry,27,York University Heights,27,York University Heights (27),Non-Fatal Injury,0,1,0,0,1,0,0,0,0,0,0,0,0,Cyclist Collisions,"['Truck Driver', 'Cyclist']",South,"['Truck-Tractor', 'Bicycle']","['Turning Right', 'Going Ahead']",['Improper Turn'],['Inattentive'],[],[],[],['Motorist turning right on red at signalized intersection strikes cyclist.'],['Driving Properly'],['Normal'],D31,False,"['55 to 59', '70 to 74']",3.0
2001311462.0,2022-07-09 08:00:00,2233,2022,DON VALLEY PARKWAY  S,DVP S YORK MILLS E RAMP,30 m North o,Expressway,North York,43.758597,-79.335994,633951.0566,4846405.8441,Non Intersection,No Control,Clear,"Dark, artificial",Dry,149,Parkwoods-O'Connor Hills,45,Parkwoods-Donalda (45),Non-Fatal Injury,0,0,1,1,0,0,0,1,1,1,0,0,0,Rear End,"['Driver', 'Passenger']",South,"['Motorcycle', 'Automobile, Station Wagon']","['Going Ahead', 'Slowing or Stopping']","['Lost control', 'Driving Properly']","['Unknown', 'Normal']",[],[],[],[],[],[],D33,False,"['20 to 24', '30 to 34']",3.0
2001318455.0,2022-07-11 08:00:00,3,2022,GUILDWOOD PKWY,GALLOWAY RD,,Minor Arterial,Scarborough,43.749594,-79.18938,645775.3604,4845653.5095,At Intersection,Stop Sign,Clear,"Dark, artificial",Dry,140,Guildwood,140,Guildwood (140),Non-Fatal Injury,0,0,1,0,0,0,0,1,1,1,0,0,0,Approaching,"['Driver', 'Passenger']",East,"['Automobile, Station Wagon']",['Going Ahead'],"['Disobeyed Traffic Control', 'Driving Properly']","['Other', 'Normal']",[],[],[],[],[],[],D43,False,"['20 to 24', '40 to 44']",3.0
2001319854.0,2022-07-11 08:00:00,749,2022,F G GARDINER XY  E,GARDINER E LOWER JARVIS RAMP,5 m North of,Expressway,Toronto and East York,43.641997,-79.379878,630671.4549,4833385.7381,Non Intersection,No Control,Clear,Daylight,Dry,166,St Lawrence-East Bayfront-The Islands,77,Waterfront Communities-The Island (77),Non-Fatal Injury,0,0,1,0,1,0,0,0,0,1,0,0,0,Rear End,"['Truck Driver', 'Driver']",East,"['Truck - Open', 'Automobile, Station Wagon']","['Slowing or Stopping', 'Stopped']","['Following too Close', 'Driving Properly']",['Normal'],[],[],[],[],[],[],D52,False,"['55 to 59', '50 to 54', '65 to 69']",3.0
2001329600.0,2022-07-12 08:00:00,1407,2022,QUEEN ST W,BROCK AVE,,Major Arterial,Toronto and East York,43.641402,-79.43233,626442.1275,4833238.4114,At Intersection,Traffic Signal,Clear,Daylight,Dry,85,South Parkdale,85,South Parkdale (85),Non-Fatal Injury,1,0,1,0,0,0,0,0,0,0,0,0,0,Pedestrian Collisions,"['Driver', 'Pedestrian']",East,"['Automobile, Station Wagon']","['Turning Left', 'Going Ahead']","['Improper Turn', 'Driving Properly']",['Normal'],['Pedestrian hit on sidewalk or shoulder'],['On Sidewalk or Shoulder'],['Normal'],[],[],[],D14,False,"['30 to 34', '60 to 64', '50 to 54']",3.0
2001330011.0,2022-07-12 08:00:00,1508,2022,JANE ST,FINCH AVE W,50 m South o,Major Arterial,North York,43.756674,-79.517574,619337.7224,4845914.6109,Non Intersection,No Control,Clear,Daylight,Dry,25,Glenfield-Jane Heights,25,Glenfield-Jane Heights (25),Non-Fatal Injury,1,0,1,0,0,0,0,1,0,0,0,0,0,Pedestrian Collisions,"['Driver', 'Passenger', 'Pedestrian']",North,"['Automobile, Station Wagon']",['Going Ahead'],['Driving Properly'],['Normal'],['Pedestrian hit at mid-block'],"['Crossing, no Traffic Control']",['Normal'],[],[],[],D31,False,"['40 to 44', '60 to 64', '10 to 14', '0 to 4', '15 to 19']",3.0
2001333771.0,2022-07-13 08:00:00,345,2022,NORGROVE CRES,SUMMITCREST DR,50 m North o,Local,Etobicoke York,43.686335,-79.529254,618536.0855,4838085.7152,Non Intersection,No Control,Clear,"Dark, artificial",Dry,7,Willowridge-Martingrove-Richview,7,Willowridge-Martingrove-Richview (7),Non-Fatal Injury,1,0,1,0,0,0,0,0,0,0,0,0,0,Pedestrian Collisions,"['Driver', 'Pedestrian']",East,"['Automobile, Station Wagon']",['Going Ahead'],['Other'],['Unknown'],['Pedestrian hit at mid-block'],['Running onto Roadway'],['Other'],[],[],[],D23,False,['30 to 34'],3.0
2001336552.0,2022-07-13 08:00:00,1311,2022,LAKESHORE BLVD E,YONGE ST,60 m East of,Major Arterial,Toronto and East York,43.644316,-79.374988,631060.8208,4833651.0037,Non Intersection,No Control,Clear,Daylight,Dry,166,St Lawrence-East Bayfront-The Islands,77,Waterfront Communities-The Island (77),Non-Fatal Injury,0,0,1,0,1,0,0,0,0,1,0,0,0,Rear End,"['Driver', 'Truck Driver']",West,"['Automobile, Station Wagon', 'Truck - Closed (Blazer, etc)']","['Changing Lanes', 'Going Ahead']","['Improper Lane Change', 'Following too Close']",['Inattentive'],[],[],[],[],[],[],D51,False,"['30 to 34', '50 to 54']",3.0
2001340330.0,2022-07-13 08:00:00,2338,2022,EGLINTON AVE E,DANFORTH RD,20 m South o,Major Arterial,Scarborough,43.737025,-79.246127,641236.0854,4844159.224,At Intersection,Traffic Signal,Clear,Dark,Dry,138,Eglinton East,138,Eglinton East (138),Non-Fatal Injury,1,0,1,0,0,0,0,0,0,0,0,0,0,Pedestrian Collisions,"['Driver', 'Pedestrian']",West,"['Automobile, Station Wagon']",['Turning Left'],['Improper Turn'],['Normal'],['Vehicle turns left while ped crosses with ROW at inter.'],['Crossing with right of way'],['Normal'],[],[],[],D43,False,['50 to 54'],3.0
2001344891.0,2022-07-14 08:00:00,1600,2022,EVANS AVE,TREEVIEW DR,,Major Arterial,Etobicoke York,43.61344,-79.536372,618105.1819,4829979.6495,At Intersection,Traffic Signal,Clear,Daylight,Dry,20,Alderwood,20,Alderwood (20),Non-Fatal Injury,0,1,1,0,0,0,0,0,0,0,0,0,0,Cyclist Collisions,"['Driver', 'Cyclist']",East,"['Passenger Van', 'Bicycle']","['Turning Left', 'Going Ahead']",['Improper Turn'],['Inattentive'],[],[],[],['Motorist turned left across cyclists path.'],['Other'],['Inattentive'],D22,False,"['75 to 79', '60 to 64']",3.0
2001353218.0,2022-07-15 08:00:00,1830,2022,UNIVERSITY AVE,ELM ST,,Major Arterial,Toronto and East York,43.656253,-79.388934,629910.2948,4834954.8351,At Intersection,Traffic Signal,Clear,Daylight,Dry,78,Kensington-Chinatown,78,Kensington-Chinatown (78),Non-Fatal Injury,0,0,1,0,0,0,0,0,0,1,1,0,0,Angle,['Driver'],South,"['Other', 'Automobile, Station Wagon']",['Going Ahead'],"['Disobeyed Traffic Control', 'Driving Properly']","['Inattentive', 'Normal']",[],[],[],[],[],[],D52,False,"['25 to 29', '50 to 54']",3.0
2001354914.0,2022-07-15 08:00:00,2317,2022,BATHURST ST,EGLINTON AVE W,3 m North of,Major Arterial,,43.700888,-79.425563,626862.5398,4839855.4586,At Intersection,Traffic Signal,Clear,Dark,Dry,106,Humewood-Cedarvale,106,Humewood-Cedarvale (106),Non-Fatal Injury,0,1,1,0,0,0,0,0,0,0,0,0,0,Cyclist Collisions,"['Cyclist', 'Driver']",South,"['Bicycle', 'Automobile, Station Wagon']","['Going Ahead', 'Stopped']",['Driving Properly'],['Normal'],[],[],[],['Cyclist and Driver travelling in same direction. One vehicle sideswipes the other.'],['Lost control'],['Had Been Drinking'],D13,False,"['35 to 39', '55 to 59']",3.0
2001361814.0,2022-07-16 08:00:00,2237,2022,NORTH QUEEN ST,MANSTOR RD,,Minor Arterial,Etobicoke York,43.618144,-79.557628,616380.8739,4830472.0746,Intersection Related,No Control,Clear,"Dark, artificial",Dry,159,Etobicoke City Centre,14,Islington-City Centre West (14),Fatal,0,0,0,1,0,0,0,0,0,0,0,0,0,SMV Other,['Motorcycle Driver'],West,['Motorcycle'],['Going Ahead'],['Lost control'],['Unknown'],[],[],[],[],[],[],D22,True,['45 to 49'],4.0
2001364051.0,2022-07-17 08:00:00,946,2022,KEELE ST,LAWRENCE AVE W,15 m North o,Major Arterial,North York,43.708655,-79.478038,622618.4171,4840639.1355,Intersection Related,Traffic Signal,Clear,Daylight,Dry,30,Brookhaven-Amesbury,30,Brookhaven-Amesbury (30),Non-Fatal Injury,0,0,1,0,1,0,0,0,1,1,0,0,0,Rear End,"['Driver', 'Truck Driver']",South,"['Automobile, Station Wagon', 'Truck - Dump']","['Going Ahead', 'Stopped']","['Exceeding Speed Limit', 'Driving Properly']","['Unknown', 'Normal']",[],[],[],[],[],[],D12,False,"['35 to 39', '55 to 59']",3.0
2001379315.0,2022-07-19 08:00:00,1245,2022,MORNINGSIDE AVE,MILITARY TRL,,Major Arterial,Scarborough,43.789206,-79.194324,645281.3625,4850044.3558,At Intersection,Traffic Signal,Clear,Daylight,Dry,135,Morningside,135,Morningside (135),Non-Fatal Injury,1,0,1,0,0,0,0,0,0,1,0,0,0,Pedestrian Collisions,"['Driver', 'Pedestrian']",South,"['Automobile, Station Wagon']",['Turning Left'],['Failed to Yield Right of Way'],['Normal'],['Vehicle turns left while ped crosses with ROW at inter.'],['Crossing with right of way'],['Normal'],[],[],[],D43,False,"['40 to 44', '10 to 14']",3.0
2001380523.0,2022-07-19 08:00:00,1550,2022,TRETHEWEY DR,BLACK CREEK DR,189 m West o,Minor Arterial,,43.695502,-79.488467,621804.8196,4839162.9404,Non Intersection,No Control,Clear,Daylight,Dry,30,Brookhaven-Amesbury,30,Brookhaven-Amesbury (30),Non-Fatal Injury,0,0,1,1,0,0,0,0,0,0,0,0,0,Turning Movement,"['Driver', 'Motorcycle Driver']",East,"['Automobile, Station Wagon', 'Motorcycle']","['Turning Left', 'Going Ahead']","['Improper Turn', 'Driving Properly']",['Normal'],[],[],[],[],[],[],D12,False,"['20 to 24', '35 to 39']",3.0
2001395408.0,2022-07-21 08:00:00,1510,2022,WARDEN AVE,COMSTOCK RD,,Major Arterial,Scarborough,43.721461,-79.284953,638145.2424,4842365.1561,At Intersection,Traffic Signal,Clear,Daylight,Dry,120,Clairlea-Birchmount,120,Clairlea-Birchmount (120),Fatal,1,0,1,0,0,0,0,1,0,1,0,0,0,Pedestrian Collisions,"['Driver', 'Pedestrian', 'Passenger']",North,"['Automobile, Station Wagon']","['Going Ahead', 'Turning Left']","['Driving Properly', 'Failed to Yield Right of Way']",['Normal'],['Pedestrian hit on sidewalk or shoulder'],['On Sidewalk or Shoulder'],['Normal'],[],[],[],D41,True,"['75 to 79', '35 to 39', '20 to 24', '15 to 19']",4.0
2001404331.0,2022-07-22 08:00:00,1815,2022,ST CLAIR AVE W,CALEDONIA RD,50 m East of,Major Arterial,Toronto and East York,43.675387,-79.454189,624608.7306,4836979.8217,Non Intersection,No Control,Clear,Daylight,Dry,92,Corso Italia-Davenport,92,Corso Italia-Davenport (92),Non-Fatal Injury,1,0,0,0,0,1,0,0,0,1,0,0,0,Pedestrian Collisions,"['Driver', 'Pedestrian']",South,['Street Car'],['Going Ahead'],['Driving Properly'],['Normal'],['Pedestrian involved in a collision with transit vehicle anywhere along roadway'],"['Crossing, no Traffic Control']",['Normal'],[],[],[],D13,False,"['55 to 59', '45 to 49']",3.0
2001414066.0,2022-07-24 08:00:00,142,2022,BRIMLEY RD,WATERFIELD DR,,Major Arterial,Scarborough,43.765128,-79.259509,640092.8575,4847257.7644,At Intersection,Traffic Signal,Clear,"Dark, artificial",Dry,156,Bendale-Glen Andrew,127,Bendale (127),Fatal,0,0,0,1,0,0,0,0,0,0,0,0,0,SMV Other,['Motorcycle Driver'],South,['Motorcycle'],['Going Ahead'],['Lost control'],['Unknown'],[],[],[],[],[],[],D43,True,['35 to 39'],4.0
2001417954.0,2022-07-24 08:00:00,1635,2022,MIDLAND AVE,FINCH AVE E,2 m North of,Major Arterial,Scarborough,43.804583,-79.286739,637810.3824,4851594.1567,Non Intersection,No Control,Clear,Daylight,Dry,130,Milliken,130,Milliken (130),Non-Fatal Injury,0,0,1,0,0,0,0,1,0,1,0,0,0,Turning Movement,"['Driver', 'Passenger']",East,"['Automobile, Station Wagon', 'Pick Up Truck']","['Turning Left', 'Going Ahead']","['Failed to Yield Right of Way', 'Driving Properly']","['Inattentive', 'Normal']",[],[],[],[],[],[],D42,False,"['35 to 39', '65 to 69', '40 to 44', '45 to 49']",3.0
2001421096.0,2022-07-25 08:00:00,403,2022,KINGSTON RD,SCARBOROUGH GOLF CLUB RD,,Major Arterial,Scarborough,43.745928,-79.209316,644179.069,4845211.4503,Intersection Related,Traffic Signal,Clear,Dawn,Dry,140,Guildwood,140,Guildwood (140),Fatal,0,0,1,0,0,0,0,0,0,0,0,0,0,SMV Other,['Driver'],East,"['Automobile, Station Wagon']",['Going Ahead'],['Lost control'],['Inattentive'],[],[],[],[],[],[],D43,True,['50 to 54'],4.0
2001422943.0,2022-07-25 08:00:00,950,2022,PARK LAWN RD,LAKE SHORE BLVD W,N OF LAKE SH,Major Arterial,Etobicoke York,43.623656,-79.483226,622373.0284,4831191.2189,At Intersection,Traffic Signal,Clear,Daylight,Dry,161,Humber Bay Shores,17,Mimico (includes Humber Bay Shores) (17),Non-Fatal Injury,1,0,1,0,0,0,0,0,0,1,0,0,0,Pedestrian Collisions,"['Driver', 'Wheelchair']",South,"['Automobile, Station Wagon']",['Turning Right'],['Failed to Yield Right of Way'],['Normal'],['Vehicle turns right while ped crosses with ROW at inter.'],['Crossing with right of way'],['Normal'],[],[],[],D22,False,"['80 to 84', '60 to 64']",3.0
2001426544.0,2022-07-25 08:00:00,2000,2022,YORK ST,LAKESHORE W GARDINER,,Major Arterial,Toronto and East York,43.641688,-79.380946,630585.9835,4833349.7387,At Intersection,Traffic Signal,Clear,Daylight,Dry,166,St Lawrence-East Bayfront-The Islands,77,Waterfront Communities-The Island (77),Non-Fatal Injury,0,0,0,1,0,1,0,0,0,0,0,0,0,Turning Movement,"['Motorcycle Driver', 'Driver']",South,"['Motorcycle', 'Bus (Other) (Go Bus, Gray Coa']","['Turning Right', 'Going Ahead']","['Improper Turn', 'Driving Properly']",['Normal'],[],[],[],[],[],[],D52,False,"['25 to 29', '50 to 54']",3.0