accident_number,date,time,year,street1,street2,offset,road_class,district,latitude,longitude,x,y,accident_location,traffctl,visibility,light,road_surface_condition,hood_158,neighbourhood_new,hood_140,neighbourhood_old,accident_class,pedestrian,cyclist,automobile,motorcycle,truck,trsn_city_veh,emerg_veh,passenger,speeding,aggressive_driving,redlight,alcohol,disability,impact_type,involvement_type,initial_direction,vehicle_type,manoeuver,driver_action,driver_condition,pedestrian_type,pedestrian_action,pedestrian_condition,cyclist_type,cyclist_action,cyclist_condition,division,injury,involvement_age,injury_severity_score
2001427156.0,2022-07-24 08:00:00,2254,2022,REXDALE BLVD,KIPLING AVE,100 m East o,Major Arterial,Etobicoke York,43.711875,-79.565456,615569.2549,4840871.1718,Non Intersection,No Control,Rain,"Dark, artificial",Wet,1,West Humber-Clairville,1,West Humber-Clairville (1),Non-Fatal Injury,1,0,1,0,0,0,0,0,0,1,0,1,0,Pedestrian Collisions,"['Driver', 'Pedestrian']",East,"['Automobile, Station Wagon']",['Going Ahead'],['Failed to Yield Right of Way'],"['Ability Impaired, Alcohol Over .08']",['Pedestrian hit at mid-block'],['Pushing/Working on Vehicle'],['Normal'],[],[],[],D23,False,"['45 to 49', '20 to 24']",3.0
2001452847.0,2022-07-29 08:00:00,1156,2022,WILSON  AVE,BATHURST  ST,60 m West of,Major Arterial,North York,43.737059,-79.435085,626019.432,4843858.2363,At/Near Private Drive,No Control,Clear,Daylight,Dry,33,Clanton Park,33,Clanton Park (33),Non-Fatal Injury,1,0,1,0,0,0,0,1,1,1,0,0,0,Pedestrian Collisions,"['Driver', 'Passenger', 'Pedestrian']",West,"['Automobile, Station Wagon']",['Pulling Onto Shoulder or towardCurb'],['Speed too Fast For Condition'],['Inattentive'],['Pedestrian hit on sidewalk or shoulder'],['Other'],['Other'],[],[],[],D32,False,"['45 to 49', '15 to 19', '70 to 74']",3.0
2001453011.0,2022-07-29 08:00:00,1220,2022,BRIMLEY RD,OMNI DR,,Major Arterial,Scarborough,43.771941,-79.261875,639886.5311,4848010.4538,Intersection Related,Traffic Signal,Clear,Daylight,Dry,156,Bendale-Glen Andrew,127,Bendale (127),Non-Fatal Injury,0,0,1,0,0,0,0,1,0,1,1,0,0,Turning Movement,"['Driver', 'Passenger']",East,"['Automobile, Station Wagon']","['Going Ahead', 'Turning Left']","['Disobeyed Traffic Control', 'Driving Properly']","['Inattentive', 'Normal']",[],[],[],[],[],[],D43,False,"['85 to 89', '50 to 54', '75 to 79']",3.0
2001456323.0,2022-07-29 08:00:00,2045,2022,636 TRETHEWEY DR,,3 m West of,Minor Arterial,North York,43.696936,-79.494991,621276.1969,4839312.6428,At Intersection,No Control,Clear,"Dusk, artificial",Dry,30,Brookhaven-Amesbury,30,Brookhaven-Amesbury (30),Non-Fatal Injury,0,0,1,1,0,0,0,1,1,1,0,0,0,Turning Movement,"['Driver', 'Motorcycle Driver', 'Passenger']",East,"['Automobile, Station Wagon', 'Motorcycle']","['Turning Left', 'Going Ahead']","['Speed too Fast For Condition', 'Driving Properly']","['Inattentive', 'Normal']",[],[],[],[],[],[],D12,False,"['40 to 44', '20 to 24', 'unknown']",3.0
2001457680.0,2022-07-30 08:00:00,45,2022,DON VALLEY PARKWAY  N,LAWRENCE AVE E,250 m South ,Expressway,North York,43.737429,-79.332172,634306.0637,4844061.0091,Non Intersection,No Control,Clear,"Dark, artificial",Dry,42,Banbury-Don Mills,42,Banbury-Don Mills (42),Non-Fatal Injury,0,0,1,0,0,0,0,0,0,0,0,0,0,SMV Other,['Driver'],North,"['Automobile, Station Wagon']",['Going Ahead'],['Lost control'],['Other'],[],[],[],[],[],[],D33,False,['20 to 24'],3.0
2001458223.0,2022-07-30 08:00:00,336,2022,WILSON AVE,CLAYSON RD,,Major Arterial,North York,43.717631,-79.522998,618978.3767,4841570.5253,At Intersection,Traffic Signal,Clear,"Dark, artificial",Dry,154,Oakdale-Beverley Heights,26,Downsview-Roding-CFB (26),Fatal,1,0,1,0,0,0,0,0,1,1,0,1,0,Pedestrian Collisions,"['Pedestrian', 'Driver']",East,"['Automobile, Station Wagon']","['Going Ahead', 'Stopped']","['Exceeding Speed Limit', 'Driving Properly']","['Ability Impaired, Alcohol', 'Normal']",['Vehicle is going straight thru inter.while ped cross with ROW'],['Crossing with right of way'],['Normal'],[],[],[],D31,True,"['20 to 24', '40 to 44', '30 to 34']",4.0
2001460697.0,2022-07-30 08:00:00,1356,2022,NEILSON RD,SHEPPARD AVE E,,Major Arterial,Scarborough,43.798041,-79.217685,643380.6249,4850984.8851,At Intersection,Traffic Signal,Clear,Daylight,Dry,146,Malvern East,132,Malvern (132),Non-Fatal Injury,0,0,1,0,0,0,0,1,0,1,0,0,0,Turning Movement,"['Driver', 'Passenger']",North,"['Automobile, Station Wagon']","['Turning Left', 'Going Ahead']","['Failed to Yield Right of Way', 'Driving Properly']",['Normal'],[],[],[],[],[],[],D42,False,"['45 to 49', '20 to 24', '70 to 74']",3.0
2001463724.0,2022-07-30 08:00:00,2201,2022,WARDEN AVE,BAMBURGH CRCL,,Major Arterial,Scarborough,43.811564,-79.323329,634851.4339,4852309.2222,At Intersection,Traffic Signal,Clear,"Dark, artificial",Dry,116,Steeles,116,Steeles (116),Non-Fatal Injury,1,0,1,0,0,0,0,0,0,1,1,0,0,Pedestrian Collisions,"['Driver', 'Pedestrian']",South,['Pick Up Truck'],['Going Ahead'],['Disobeyed Traffic Control'],['Normal'],['Vehicle is going straight thru inter.while ped cross with ROW'],['Crossing with right of way'],['Normal'],[],[],[],D42,False,"['25 to 29', '15 to 19']",3.0
2001464726.0,2022-07-31 08:00:00,112,2022,KENNEDY RD,TRANSWAY CRES,,Major Arterial,Scarborough,43.731146,-79.26752,639526.9801,4843470.0262,At Intersection,No Control,Clear,"Dark, artificial",Dry,124,Kennedy Park,124,Kennedy Park (124),Fatal,0,0,1,1,0,0,0,1,1,1,0,0,0,Turning Movement,"['Motorcycle Driver', 'Driver', 'Passenger']",North,"['Motorcycle', 'Automobile, Station Wagon']","['Going Ahead', 'Turning Left']","['Exceeding Speed Limit', 'Driving Properly']","['Unknown', 'Normal']",[],[],[],[],[],[],D41,True,"['35 to 39', '30 to 34', '15 to 19']",4.0
2001470034.0,2022-07-31 08:00:00,2025,2022,DISCO RD,ATTWELL DR,,Collector,Etobicoke York,43.701339,-79.608921,612087.2531,4839641.3273,At Intersection,No Control,Clear,Daylight,Dry,1,West Humber-Clairville,1,West Humber-Clairville (1),Non-Fatal Injury,0,0,0,1,0,0,0,0,0,0,0,0,0,SMV Other,['Motorcycle Driver'],North,['Motorcycle'],['Other'],['Lost control'],['Other'],[],[],[],[],[],[],D23,False,['40 to 44'],3.0
2001477527.0,2022-08-01 08:00:00,2222,2022,STEELES AVE E,SEWELLS RD,,Minor Arterial,Scarborough,43.84653,-79.207355,644094.9339,4856388.3444,Non Intersection,No Control,Clear,Dark,Dry,144,Morningside Heights,131,Rouge (131),Fatal,0,0,1,0,0,0,0,1,1,1,0,0,0,Approaching,"['Driver', 'Passenger']",West,"['Automobile, Station Wagon']",['Going Ahead'],"['Driving Properly', 'Exceeding Speed Limit']",['Normal'],[],[],[],[],[],[],D42,True,"['40 to 44', '20 to 24', '0 to 4', '30 to 34', '5 to 9', '35 to 39']",4.0
2001485578.0,2022-08-03 08:00:00,25,2022,JANE ST,ALLIANCE AVE,100 m South ,Major Arterial,Toronto and East York,43.675166,-79.495258,621298.5508,4836894.4006,Non Intersection,No Control,Clear,"Dark, artificial",Dry,111,Rockcliffe-Smythe,111,Rockcliffe-Smythe (111),Non-Fatal Injury,1,0,1,0,0,0,0,0,0,0,0,0,0,Pedestrian Collisions,"['Driver', 'Pedestrian']",North,"['Automobile, Station Wagon']",['Slowing or Stopping'],['Other'],['Other'],['Other / Undefined'],['Other'],['Normal'],[],[],[],D12,False,"['55 to 59', '20 to 24']",3.0
2001487064.0,2022-08-03 08:00:00,855,2022,DEAUVILLE LANE,GRENOBLE DR,,Collector,North York,43.716502,-79.330341,634500.3417,4841739.7296,At Intersection,Stop Sign,Clear,Daylight,Dry,44,Flemingdon Park,44,Flemingdon Park (44),Non-Fatal Injury,1,0,1,0,0,0,0,0,0,1,0,0,0,Pedestrian Collisions,"['Driver', 'Pedestrian']",North,"['Automobile, Station Wagon']",['Going Ahead'],['Failed to Yield Right of Way'],['Inattentive'],['Vehicle is going straight thru inter.while ped cross with ROW'],['Crossing with right of way'],['Normal'],[],[],[],D55,False,"['90 to 94', '40 to 44']",3.0
2001490698.0,2022-08-03 08:00:00,1800,2022,ROYAL YORK RD,STANLEY AVE,,Minor Arterial,Etobicoke York,43.614253,-79.497592,621232.8674,4830125.827,At Intersection,No Control,Clear,Daylight,Dry,160,Mimico-Queensway,17,Mimico (includes Humber Bay Shores) (17),Fatal,1,0,1,0,0,0,0,0,0,0,0,0,0,Pedestrian Collisions,"['Driver', 'Pedestrian']",North,"['Automobile, Station Wagon']","['Turning Left', 'Going Ahead']",['Improper Turn'],['Inattentive'],['Vehicle turns left while ped crosses with ROW at inter.'],['Crossing with right of way'],['Normal'],[],[],[],D22,True,"['35 to 39', '85 to 89']",4.0
2001503800.0,2022-08-05 08:00:00,1533,2022,VICTORIA PARK AVE,SURREY AVE,,Major Arterial,Scarborough,43.736197,-79.307391,636304.4336,4843964.6475,At/Near Private Drive,Traffic Signal,Clear,Daylight,Dry,119,Wexford/Maryvale,119,Wexford/Maryvale (119),Fatal,0,0,1,0,0,0,0,1,0,1,0,0,0,Turning Movement,"['Passenger', 'Driver']",North,"['Automobile, Station Wagon']","['Going Ahead', 'Turning Left']","['Driving Properly', 'Failed to Yield Right of Way']","['Normal', 'Inattentive']",[],[],[],[],[],[],D41,True,"['85 to 89', '25 to 29', '70 to 74', '15 to 19']",4.0
2001504296.0,2022-08-05 08:00:00,1640,2022,DUPONT ST,OSSINGTON AVE,1 m West of,Major Arterial,Etobicoke York,43.670024,-79.428989,626651.4172,4836422.3543,Intersection Related,Traffic Signal,Clear,Daylight,Dry,172,Dovercourt Village,93,Dovercourt-Wallace Emerson-Junction (93),Property Damage O,0,0,0,0,0,1,0,1,0,0,0,0,0,Other,"['Driver', 'Passenger']",East,"['Bus (Other) (Go Bus, Gray Coa']",['Changing Lanes'],['Driving Properly'],['Normal'],[],[],[],[],[],[],D14,False,"['40 to 44', '55 to 59']",3.0
2001506529.0,2022-08-05 08:00:00,2231,2022,QUEEN  ST E,ORCHARD PARK BLVD,12 m East of,Minor Arterial,Toronto and East York,43.666957,-79.313518,635967.4603,4836264.4998,Intersection Related,No Control,Clear,"Dark, artificial",Dry,63,The Beaches,63,The Beaches (63),Non-Fatal Injury,1,0,1,0,0,0,0,0,0,0,0,0,0,Pedestrian Collisions,"['Driver', 'Pedestrian']",East,['Pick Up Truck'],['Going Ahead'],['Driving Properly'],['Normal'],['Pedestrian hit at mid-block'],"['Crossing, no Traffic Control']",['Normal'],[],[],[],D55,False,['60 to 64'],3.0
2001507092.0,2022-08-06 08:00:00,40,2022,ST CLAIR  AVE W,LAUGHTON  AVE,1662 St Clai,Major Arterial,Etobicoke York,43.674651,-79.457607,624334.7211,4836892.95,At Intersection,Traffic Signal,Clear,"Dark, artificial",Dry,91,Weston-Pelham Park,91,Weston-Pellam Park (91),Non-Fatal Injury,1,0,1,0,0,0,0,0,0,0,0,1,0,Pedestrian Collisions,"['Driver', 'Pedestrian']",North,"['Automobile, Station Wagon']",['Going Ahead'],['Other'],"['Ability Impaired, Alcohol']",['Vehicle is going straight thru inter.while ped cross without ROW'],['Crossing without right of way'],['Inattentive'],[],[],[],D11,False,"['45 to 49', '55 to 59']",3.0
2001513623.0,2022-08-07 08:00:00,13,2022,HIGHWAY 2A  E,HIGHLAND CREEK OVERPASS,200 m East o,Expressway,Scarborough,43.784403,-79.165149,647640.5845,4849562.5297,Non Intersection,No Control,Clear,Dark,Dry,133,Centennial Scarborough,133,Centennial Scarborough (133),Fatal,1,0,1,0,0,0,0,0,0,0,0,0,0,Pedestrian Collisions,"['Driver', 'Pedestrian']",East,"['Automobile, Station Wagon']",['Going Ahead'],['Driving Properly'],['Normal'],['Pedestrian hit at mid-block'],"['Crossing, no Traffic Control']",['Inattentive'],[],[],[],D43,True,['45 to 49'],4.0
2001514494.0,2022-08-07 08:00:00,414,2022,KENNEDY RD,MERRIAN RD,18 m East of,Major Arterial,Scarborough,43.727336,-79.26588,639667.9165,4843049.6321,At Intersection,Traffic Signal,Clear,"Dark, artificial",Dry,124,Kennedy Park,124,Kennedy Park (124),Non-Fatal Injury,1,0,0,1,0,0,0,0,0,0,0,0,0,Pedestrian Collisions,"['Motorcycle Driver', 'Pedestrian']",South,['Motorcycle'],['Going Ahead'],['Other'],['Unknown'],['Vehicle is going straight thru inter.while ped cross without ROW'],['Crossing without right of way'],['Normal'],[],[],[],D41,False,"['30 to 34', '60 to 64']",3.0
2001527997.0,2022-08-09 08:00:00,532,2022,STEELES AVE W,BATHURST ST,,Major Arterial,North York,43.792338,-79.445712,625048.4226,4849981.6907,At Intersection,Traffic Signal,Clear,Dark,Dry,36,Newtonbrook West,36,Newtonbrook West (36),Fatal,0,0,1,0,0,0,0,1,0,0,0,0,0,Rear End,"['Passenger', 'Driver']",East,"['Automobile, Station Wagon']","['Going Ahead', 'Stopped']","['Lost control', 'Driving Properly']","['Unknown', 'Normal']",[],[],[],[],[],[],D32,True,"['30 to 34', '20 to 24', '60 to 64']",4.0
2001535137.0,2022-08-10 08:00:00,648,2022,525 ELM ST,,5 m South of,Collector,Toronto and East York,43.655848,-79.391498,629704.4133,4834905.8434,Non Intersection,No Control,Clear,Daylight,Dry,78,Kensington-Chinatown,78,Kensington-Chinatown (78),Non-Fatal Injury,1,0,1,0,0,0,0,0,0,0,0,0,0,Pedestrian Collisions,"['Driver', 'Pedestrian']",East,"['Automobile, Station Wagon']",['Going Ahead'],['Driving Properly'],['Normal'],['Pedestrian hit at mid-block'],"['Crossing, no Traffic Control']",['Normal'],[],[],[],D52,False,"['25 to 29', '30 to 34']",3.0
2001536072.0,2022-08-10 08:00:00,939,2022,MARTIN GROVE RD,STEELES AVE W,15 m South o,Minor Arterial,Etobicoke York,43.757792,-79.603336,612431.6011,4845918.7897,Non Intersection,No Control,Clear,Daylight,Dry,1,West Humber-Clairville,1,West Humber-Clairville (1),Non-Fatal Injury,1,0,1,0,0,0,0,0,0,0,0,0,0,Pedestrian Collisions,"['Driver', 'Pedestrian']",West,"['Automobile, Station Wagon']",['Turning Left'],['Driving Properly'],['Normal'],['Pedestrian hit at mid-block'],"['Crossing, no Traffic Control']",['Normal'],[],[],[],D23,False,"['50 to 54', '60 to 64']",3.0
2001538160.0,2022-08-10 08:00:00,1438,2022,BLOOR ST W,JOPLING AVE S,,Major Arterial,Etobicoke York,43.640822,-79.539516,617797.9831,4833016.2906,At Intersection,Stop Sign,Clear,Daylight,Dry,158,Islington,14,Islington-City Centre West (14),Fatal,0,0,1,1,0,0,0,0,0,1,0,0,0,Turning Movement,"['Motorcycle Driver', 'Driver']",East,"['Motorcycle', 'Automobile, Station Wagon']","['Going Ahead', 'Turning Left']","['Driving Properly', 'Disobeyed Traffic Control']",['Normal'],[],[],[],[],[],[],D22,True,"['45 to 49', '90 to 94']",4.0
2001544933.0,2022-08-11 08:00:00,1314,2022,QUEEN ST E,YONGE ST,1 m South of,Major Arterial,Toronto and East York,43.652369,-79.379222,630701.8679,4834538.7172,At Intersection,Traffic Signal,Clear,Daylight,Dry,168,Downtown Yonge East,75,Church-Yonge Corridor (75),Non-Fatal Injury,0,0,0,1,1,0,0,0,0,1,1,0,0,Turning Movement,"['Truck Driver', 'Motorcycle Driver']",West,"['Truck - Dump', 'Motorcycle']","['Turning Right', 'Going Ahead']","['Disobeyed Traffic Control', 'Driving Properly']","['Inattentive', 'Normal']",[],[],[],[],[],[],D51,False,"['50 to 54', '55 to 59']",3.0
2001549410.0,2022-08-12 08:00:00,410,2022,DUFFERIN ST,GERRY FITZGERALD DR,,Major Arterial,North York,43.783106,-79.470119,623103.7202,4848919.7512,Non Intersection,No Control,Clear,"Dawn, artificial",Dry,34,Bathurst Manor,34,Bathurst Manor (34),Fatal,0,0,1,0,0,0,0,0,0,0,0,0,0,Approaching,['Driver'],North,"['Automobile, Station Wagon']",['Going Ahead'],"['Lost control', 'Driving Properly']","['Fatigue', 'Normal']",[],[],[],[],[],[],D32,True,"['30 to 34', '55 to 59']",4.0
2001553400.0,2022-08-12 08:00:00,1620,2022,EGLINTON AVE E,DON VALLEY PKWY SOUTHBOUND RAM,5 m North of,Major Arterial,North York,43.722975,-79.330417,634479.7367,4842458.5267,Non Intersection,No Control,Clear,Daylight,Dry,44,Flemingdon Park,44,Flemingdon Park (44),Non-Fatal Injury,0,1,1,0,0,0,0,0,0,0,0,0,0,Cyclist Collisions,"['Cyclist', 'Driver']",West,"['Bicycle', 'Automobile, Station Wagon']","['Going Ahead', 'Turning Right']",['Driving Properly'],['Normal'],[],[],[],"['Cyclist without ROW rides into path of motorist at inter, lnwy, dwy-Cyclist not turn.']",['Other'],['Inattentive'],D55,False,"['20 to 24', '55 to 59']",3.0
2001555147.0,2022-08-12 08:00:00,2105,2022,LAKE SHORE BLVD W [E/B],BRITISH COLUMBIA RD,29 m South o,Major Arterial,Toronto and East York,43.631171,-79.429263,626711.0039,4832106.8055,Non Intersection,Traffic Signal,Clear,Daylight,Dry,85,South Parkdale,85,South Parkdale (85),Non-Fatal Injury,1,0,1,0,0,0,0,0,0,0,0,0,0,Pedestrian Collisions,"['Driver', 'Pedestrian']",East,"['Automobile, Station Wagon']",['Going Ahead'],['Driving Properly'],['Normal'],['Vehicle is going straight thru inter.while ped cross without ROW'],['Crossing marked crosswalk without ROW'],['Normal'],[],[],[],D14,False,"['40 to 44', '30 to 34']",3.0
2001556474.0,2022-08-13 08:00:00,220,2022,672 KENNEDY RD,,8 m East of,Major Arterial,Scarborough,43.726512,-79.265514,639699.3105,4842958.7317,Non Intersection,No Control,Clear,"Dark, artificial",Dry,124,Kennedy Park,124,Kennedy Park (124),Non-Fatal Injury,0,0,1,0,0,0,0,1,0,0,0,1,0,Rear End,"['Driver', 'Passenger']",South,"['Automobile, Station Wagon']","['Going Ahead', 'Stopped']","['Lost control', 'Driving Properly']","['Ability Impaired, Alcohol Over .08', 'Normal']",[],[],[],[],[],[],D41,False,"['25 to 29', '40 to 44', '45 to 49', '55 to 59']",3.0
2001591004.0,2022-08-18 08:00:00,30,2022,F G GARDINER XY  W,STRACHAN AVE,450 m West o,Expressway,Toronto and East York,43.636424,-79.415782,627787.3901,4832710.8835,Non Intersection,No Control,Clear,"Dark, artificial",Dry,163,Fort York-Liberty Village,82,Niagara (82),Non-Fatal Injury,0,0,1,1,0,0,0,0,0,0,0,0,0,Rear End,"['Motorcycle Driver', 'Driver']",West,"['Motorcycle', 'Automobile, Station Wagon']","['Changing Lanes', 'Stopped']","['Improper Lane Change', 'Driving Properly']",['Normal'],[],[],[],[],[],[],D14,False,"['45 to 49', '25 to 29']",3.0
2001598507.0,2022-08-19 08:00:00,25,2022,KEELE ST,SHEPPARD AVE W,5 m East of,Major Arterial,North York,43.744704,-79.486408,621870.9481,4844630.5435,At Intersection,Traffic Signal,Clear,"Dark, artificial",Dry,155,Downsview,26,Downsview-Roding-CFB (26),Non-Fatal Injury,1,0,0,0,1,0,0,0,0,0,0,0,0,Pedestrian Collisions,"['Truck Driver', 'Pedestrian']",North,['Truck (other)'],['Turning Right'],['Improper Turn'],['Inattentive'],['Vehicle turns right while ped crosses with ROW at inter.'],['Crossing with right of way'],['Normal'],[],[],[],D31,False,['55 to 59'],3.0
2001599980.0,2022-08-19 08:00:00,830,2022,YONGE ST,CONNAUGHT AV,,Major Arterial,North York,43.789359,-79.417888,627293.3133,4849693.2388,At Intersection,Stop Sign,Clear,Daylight,Dry,50,Newtonbrook East,50,Newtonbrook East (50),Non-Fatal Injury,0,0,1,0,0,0,0,0,0,1,0,0,0,Angle,['Driver'],East,"['Automobile, Station Wagon']",['Going Ahead'],"['Failed to Yield Right of Way', 'Driving Properly']",['Normal'],[],[],[],[],[],[],D32,False,"['55 to 59', '60 to 64']",3.0
2001603653.0,2022-08-19 08:00:00,1804,2022,ROYAL YORK RD,STRATH HUMBER CRT,34 m South o,Minor Arterial,Etobicoke York,43.661727,-79.517726,619514.0392,4835369.2135,At Intersection,Traffic Signal,Clear,Daylight,Dry,9,Edenbridge-Humber Valley,9,Edenbridge-Humber Valley (9),Non-Fatal Injury,0,0,1,0,0,0,0,1,0,1,1,0,0,Turning Movement,"['Driver', 'Passenger']",North,"['Automobile, Station Wagon']","['Going Ahead', 'Turning Left', 'Slowing or Stopping']","['Disobeyed Traffic Control', 'Driving Properly']",['Normal'],[],[],[],[],[],[],D22,False,"['70 to 74', '45 to 49', '65 to 69']",3.0
2001624588.0,2022-08-22 08:00:00,1958,2022,MEADOWVALE RD,SHEPPARD AVE E,36 m South o,Minor Arterial,Scarborough,43.807902,-79.170619,647142.7439,4852162.7339,At/Near Private Drive,No Control,Clear,"Dusk, artificial",Wet,143,West Rouge,131,Rouge (131),Non-Fatal Injury,0,1,0,0,1,0,0,1,0,1,0,0,0,Cyclist Collisions,"['Truck Driver', 'Cyclist', 'Passenger']",South,"['Truck - Closed (Blazer, etc)', 'Bicycle']","['Turning Right', 'Going Ahead']",['Failed to Yield Right of Way'],['Normal'],[],[],[],"['Motorist turns right at non-signal Inter.(stop, yield, no cont.,and dwy) and strikes cyclist.']",['Driving Properly'],['Normal'],D42,False,"['40 to 44', '10 to 14', '15 to 19']",3.0
2001624731.0,2022-08-22 08:00:00,2031,2022,2978 WESTON RD,,,Major Arterial,Etobicoke York,43.726855,-79.535571,617947.4625,4842577.0089,Non Intersection,No Control,Rain,"Dark, artificial",Wet,23,Pelmo Park-Humberlea,23,Pelmo Park-Humberlea (23),Fatal,0,0,1,0,0,0,0,0,0,0,0,0,0,Approaching,['Driver'],North,"['Automobile, Station Wagon']",['Going Ahead'],"['Driving Properly', 'Lost control']","['Normal', 'Unknown']",[],[],[],[],[],[],D31,True,"['75 to 79', '20 to 24']",4.0
2001632835.0,2022-08-23 08:00:00,2252,2022,SHEPPARD AVE E,BAYVIEW AVE,,Major Arterial,North York,43.766516,-79.388011,629746.5718,4847202.5519,At Intersection,Traffic Signal,Clear,"Dark, artificial",Dry,52,Bayview Village,52,Bayview Village (52),Non-Fatal Injury,0,0,1,0,0,0,0,1,0,1,0,0,0,Turning Movement,"['Driver', 'Passenger']",East,"['Automobile, Station Wagon']","['Turning Left', 'Going Ahead']","['Failed to Yield Right of Way', 'Driving Properly']","['Inattentive', 'Normal']",[],[],[],[],[],[],D33,False,"['80 to 84', '75 to 79']",3.0
2001661839.0,2022-08-27 08:00:00,2220,2022,F G GARDINER XY  E,STRACHAN AVE,380 m West o,Expressway,Toronto and East York,43.63666,-79.414516,627889.0095,4832739.0441,Non Intersection,No Control,Clear,"Dark, artificial",Dry,163,Fort York-Liberty Village,82,Niagara (82),Non-Fatal Injury,0,0,1,1,0,0,0,1,0,0,0,0,0,Rear End,"['Motorcycle Driver', 'Driver', 'Passenger']",East,"['Motorcycle', 'Automobile, Station Wagon']","['Changing Lanes', 'Slowing or Stopping']","['Improper Lane Change', 'Driving Properly']",['Normal'],[],[],[],[],[],[],D14,False,"['30 to 34', '20 to 24', '25 to 29']",3.0
2001669318.0,2022-08-29 08:00:00,35,2022,LAKE SHORE BLVD W,JAMESON AVE,,Major Arterial,Toronto and East York,43.633269,-79.43452,626282.5246,4832331.8042,Intersection Related,No Control,Clear,"Dark, artificial",Dry,85,South Parkdale,85,South Parkdale (85),Non-Fatal Injury,1,0,1,0,0,0,0,0,0,0,0,0,0,Pedestrian Collisions,"['Driver', 'Pedestrian']",North,"['Automobile, Station Wagon']",['Going Ahead'],['Other'],['Unknown'],['Pedestrian hit at mid-block'],['Walking on Roadway Against Traffic'],['Inattentive'],[],[],[],D14,False,"['unknown', '35 to 39']",3.0
2001682289.0,2022-08-30 08:00:00,1910,2022,124 EDENBRIDGE DR,,5 m East of,Collector,Etobicoke York,43.671797,-79.514888,619722.8453,4836491.7106,At/Near Private Drive,No Control,Clear,Daylight,Dry,9,Edenbridge-Humber Valley,9,Edenbridge-Humber Valley (9),Non-Fatal Injury,0,1,1,0,0,0,0,0,0,0,0,0,0,Cyclist Collisions,"['Driver', 'Cyclist']",East,"['Automobile, Station Wagon', 'Bicycle']","['Turning Left', 'Other', 'Going Ahead']",['Driving Properly'],['Normal'],[],[],[],['Motorist turned left across cyclists path.'],['Other'],['Other'],D22,False,"['30 to 34', '20 to 24']",3.0
2001686607.0,2022-08-31 08:00:00,1147,2022,ROGERS RD,GILBERT AVE,3 m North of,Minor Arterial,Etobicoke York,43.683348,-79.459544,624160.6356,4837855.9671,At Intersection,No Control,Clear,Daylight,Dry,109,Caledonia-Fairbank,109,Caledonia-Fairbank (109),Non-Fatal Injury,1,0,1,0,0,0,0,0,0,1,0,0,0,Pedestrian Collisions,"['Driver', 'Pedestrian']",East,"['Automobile, Station Wagon']",['Turning Left'],['Failed to Yield Right of Way'],['Inattentive'],['Vehicle turns left while ped crosses with ROW at inter.'],"['Crossing, Pedestrian Crossover']",['Normal'],[],[],[],D13,False,"['55 to 59', '70 to 74']",3.0
2001697085.0,2022-09-01 08:00:00,1820,2022,DUNDAS ST W,CHELSEA AVE,3 m North of,Minor Arterial,,43.658145,-79.45296,624743.5114,4835066.7166,At Intersection,No Control,Clear,Daylight,Dry,88,High Park North,88,High Park North (88),Non-Fatal Injury,0,0,1,1,0,0,0,0,0,0,0,0,0,Turning Movement,"['Driver', 'Motorcycle Driver']",North,"['Automobile, Station Wagon', 'Motorcycle']","['Turning Left', 'Going Ahead']","['Improper Turn', 'Driving Properly']",['Normal'],[],[],[],[],[],[],D11,False,"['55 to 59', '40 to 44']",3.0
2001698920.0,2022-09-01 08:00:00,2336,2022,WESTON RD,JANE ST,,Major Arterial,Etobicoke York,43.691222,-79.500865,620814.3292,4838669.4506,At Intersection,Traffic Signal,Clear,"Dark, artificial",Dry,115,Mount Dennis,115,Mount Dennis (115),Non-Fatal Injury,0,0,1,0,0,0,0,1,1,1,1,0,0,Angle,"['Driver', 'Passenger']",West,"['Automobile, Station Wagon']",['Going Ahead'],"['Disobeyed Traffic Control', 'Driving Properly']","['Unknown', 'Normal']",[],[],[],[],[],[],D12,False,"['35 to 39', '65 to 69', '20 to 24']",3.0
2001708028.0,2022-09-03 08:00:00,753,2022,BAYVIEW BLOOR DVP S RAMP,DON VALLEY PARKWAY  S,3 m East of,Expressway Ramp,Toronto and East York,43.682494,-79.362987,631945.0734,4837910.204,Non Intersection,No Control,Clear,Daylight,Dry,57,Broadview North,57,Broadview North (57),Non-Fatal Injury,0,0,0,1,0,0,0,0,0,0,0,0,0,SMV Other,['Motorcycle Driver'],East,['Motorcycle'],['Going Ahead'],['Lost control'],['Normal'],[],[],[],[],[],[],D55,False,['45 to 49'],3.0
2001712442.0,2022-09-03 08:00:00,2100,2022,WILSON AVE,CORNELIUS PKWY,,Major Arterial,,43.728224,-79.477031,622659.6119,4842814.0389,At Intersection,No Control,Clear,Dark,Dry,155,Downsview,26,Downsview-Roding-CFB (26),Fatal,0,1,1,0,0,0,0,1,0,1,0,0,0,Cyclist Collisions,"['Driver', 'Cyclist', 'Passenger']",East,"['Automobile, Station Wagon', 'Bicycle']","['Turning Left', 'Going Ahead']",['Failed to Yield Right of Way'],['Inattentive'],[],[],[],['Motorist turned left across cyclists path.'],['Driving Properly'],['Normal'],D31,True,"['55 to 59', '40 to 44', '15 to 19']",4.0