accident_number,date,time,year,street1,street2,offset,road_class,district,latitude,longitude,x,y,accident_location,traffctl,visibility,light,road_surface_condition,hood_158,neighbourhood_new,hood_140,neighbourhood_old,accident_class,pedestrian,cyclist,automobile,motorcycle,truck,trsn_city_veh,emerg_veh,passenger,speeding,aggressive_driving,redlight,alcohol,disability,impact_type,involvement_type,initial_direction,vehicle_type,manoeuver,driver_action,driver_condition,pedestrian_type,pedestrian_action,pedestrian_condition,cyclist_type,cyclist_action,cyclist_condition,division,injury,involvement_age,injury_severity_score
2001719120.0,2022-09-04 08:00:00,2120,2022,DANFORTH AVE,LEYTON AVE,,Major Arterial,Scarborough,43.693495,-79.27782,638784.334,4839271.0438,At Intersection,Stop Sign,Clear,"Dark, artificial",Dry,121,Oakridge,121,Oakridge (121),Non-Fatal Injury,0,0,1,0,0,0,0,0,1,1,0,0,0,Angle,['Driver'],East,"['Automobile, Station Wagon']",['Going Ahead'],"['Disobeyed Traffic Control', 'Driving Properly']","['Other', 'Normal']",[],[],[],[],[],[],D41,False,"['15 to 19', '55 to 59']",3.0
2001720780.0,2022-09-05 08:00:00,424,2022,YONGE ST,COLLEGE ST,,Major Arterial,Toronto and East York,43.661299,-79.383067,630372.4711,4835524.4628,At Intersection,Traffic Signal,Clear,"Dark, artificial",Dry,168,Downtown Yonge East,75,Church-Yonge Corridor (75),Fatal,1,0,1,0,0,0,0,0,0,1,0,0,0,Pedestrian Collisions,"['Driver', 'Pedestrian']",South,"['Automobile, Station Wagon']","['Overtaking', 'Stopped']","['Improper Passing', 'Driving Properly']","['Unknown', 'Normal']",['Other / Undefined'],['Other'],['Other'],[],[],[],D51,True,"['30 to 34', '25 to 29', '40 to 44']",4.0
2001730201.0,2022-09-06 08:00:00,1411,2022,SCARLETT RD,BRAEBURN AVE,39 m North o,Major Arterial,Etobicoke York,43.700743,-79.526279,618747.421,4839690.175,At/Near Private Drive,No Control,Clear,Daylight,Dry,8,Humber Heights-Westmount,8,Humber Heights-Westmount (8),Non-Fatal Injury,0,0,1,0,0,0,0,1,0,1,0,0,0,Turning Movement,"['Driver', 'Passenger']",North,"['Automobile, Station Wagon']","['Turning Left', 'Going Ahead']","['Failed to Yield Right of Way', 'Driving Properly']",['Normal'],[],[],[],[],[],[],D23,False,"['55 to 59', '25 to 29', '50 to 54']",3.0
2001733583.0,2022-09-06 08:00:00,2222,2022,DANFORTH RD,MIDLAND AVE,71 m West of,Major Arterial,Scarborough,43.724185,-79.25436,640603.1332,4842719.1486,Non Intersection,No Control,Clear,"Dawn, artificial",Dry,124,Kennedy Park,124,Kennedy Park (124),Non-Fatal Injury,1,0,1,0,0,0,0,0,0,0,0,0,0,Pedestrian Collisions,"['Driver', 'Pedestrian']",South,"['Automobile, Station Wagon']",['Going Ahead'],['Driving Properly'],['Normal'],['Pedestrian hit at mid-block'],"['Crossing, no Traffic Control']",['Unknown'],[],[],[],D41,False,"['55 to 59', '25 to 29']",3.0
2001735076.0,2022-09-07 08:00:00,640,2022,WESTON RD,RAY AVE,3 m North of,Minor Arterial,,43.688578,-79.494197,621357.0357,4838385.5349,At Intersection,Traffic Signal,Clear,Dawn,Dry,115,Mount Dennis,115,Mount Dennis (115),Non-Fatal Injury,0,0,1,1,0,0,0,0,1,1,0,0,0,Turning Movement,"['Driver', 'Motorcycle Driver']",North,"['Automobile, Station Wagon', 'Motorcycle']","['Turning Left', 'Going Ahead']","['Failed to Yield Right of Way', 'Speed too Fast For Condition']",['Normal'],[],[],[],[],[],[],D12,False,"['20 to 24', '30 to 34']",3.0
2001748727.0,2022-09-08 08:00:00,2033,2022,106 LAWRENCE  AVE E,ARDROSSAN  PL,106 LAWRENCE,Major Arterial,North York,43.726405,-79.395648,629218.154,4842735.6939,Non Intersection,No Control,Clear,"Dawn, artificial",Dry,103,Lawrence Park South,103,Lawrence Park South (103),Property Damage O,1,0,0,0,0,1,0,0,0,0,0,0,0,Pedestrian Collisions,"['Driver', 'Pedestrian']",Unknown,['Municipal Transit Bus (TTC)'],['Going Ahead'],['Driving Properly'],['Normal'],['Pedestrian hit at mid-block'],['Running onto Roadway'],['Other'],[],[],[],D53,False,"['50 to 54', '15 to 19']",3.0
2001755398.0,2022-09-09 08:00:00,1752,2022,SHEPPARD AVE W,WILSON HEIGHTS BLVD,100 m West o,Major Arterial,North York,43.751399,-79.457629,624174.3418,4845416.8609,Non Intersection,No Control,Clear,Daylight,Dry,33,Clanton Park,33,Clanton Park (33),Non-Fatal Injury,0,1,0,0,0,1,0,0,0,0,0,0,0,Cyclist Collisions,"['Cyclist', 'Driver']",East,"['Bicycle', 'Municipal Transit Bus (TTC)']","['Changing Lanes', 'Going Ahead']",['Driving Properly'],['Normal'],[],[],[],['Cyclist and Driver travelling in same direction. One vehicle sideswipes the other.'],['Improper Lane Change'],['Inattentive'],D32,False,"['65 to 69', '40 to 44']",3.0
2001762186.0,2022-09-10 08:00:00,1632,2022,LAKE SHORE BV W,NET DR,63 m West of,Major Arterial,Toronto and East York,43.634391,-79.439014,625917.6604,4832449.5897,Non Intersection,No Control,Clear,Daylight,Dry,85,South Parkdale,85,South Parkdale (85),Non-Fatal Injury,0,0,1,1,0,0,0,0,1,1,0,0,0,Turning Movement,"['Motorcycle Driver', 'Driver']",East,"['Motorcycle', 'Automobile, Station Wagon']","['Going Ahead', 'Turning Left']","['Improper Passing', 'Driving Properly']",['Normal'],[],[],[],[],[],[],D14,False,"['35 to 39', '25 to 29']",3.0
2001778339.0,2022-09-12 08:00:00,2140,2022,ISLINGTON AVENUE AND SATTERLY ROAD,ISLINGTON AV,5 m East of,Major Arterial,Etobicoke York,43.758406,-79.570651,615061.5875,4846031.8703,Intersection Related,Traffic Signal,Clear,"Dark, artificial",Dry,21,Humber Summit,21,Humber Summit (21),Non-Fatal Injury,0,0,1,1,0,0,0,0,0,1,0,0,0,Turning Movement,"['Driver', 'Motorcycle Driver']",North,"['Automobile, Station Wagon', 'Motorcycle']","['Turning Left', 'Going Ahead']","['Failed to Yield Right of Way', 'Driving Properly']","['Inattentive', 'Normal']",[],[],[],[],[],[],D31,False,"['25 to 29', '30 to 34']",3.0
2001780111.0,2022-09-13 08:00:00,730,2022,SHEPPARD AVE E,NEILSON RD,,Major Arterial,Scarborough,43.79803,-79.217654,643383.1451,4850983.717,At Intersection,Traffic Signal,Clear,Daylight,Dry,146,Malvern East,132,Malvern (132),Non-Fatal Injury,0,0,1,0,0,0,0,1,0,0,0,0,0,Turning Movement,"['Driver', 'Passenger']",North,"['Automobile, Station Wagon']","['Turning Left', 'Going Ahead']","['Improper Turn', 'Driving Properly']","['Inattentive', 'Normal']",[],[],[],[],[],[],D42,False,"['40 to 44', '20 to 24', '15 to 19']",3.0
2001790386.0,2022-09-14 08:00:00,1436,2022,KING ST E,CHURCH ST,52 m West of,Major Arterial,Toronto and East York,43.649707,-79.374957,631051.5969,4834249.7937,Non Intersection,No Control,Clear,Daylight,Dry,168,Downtown Yonge East,75,Church-Yonge Corridor (75),Non-Fatal Injury,0,1,0,1,0,0,0,0,1,1,0,0,0,Cyclist Collisions,"['Motorcycle Driver', 'Cyclist']",East,"['Motorcycle', 'Bicycle']","['Going Ahead', 'Turning Left']",['Exceeding Speed Limit'],['Normal'],[],[],[],['Cyclist turned left across motorists path.'],['Improper Turn'],['Normal'],D51,False,"['20 to 24', '40 to 44']",3.0
2001792754.0,2022-09-14 08:00:00,2005,2022,RUNNYMEDE RD,MARIA ST,10 m South o,Minor Arterial,,43.666323,-79.482394,622353.5051,4835931.1602,Non Intersection,No Control,Clear,"Dark, artificial",Dry,90,Junction Area,90,Junction Area (90),Non-Fatal Injury,0,0,1,1,0,0,0,0,1,1,0,0,0,Rear End,"['Driver', 'Motorcycle Driver']",South,"['Automobile, Station Wagon', 'Motorcycle']","['Going Ahead', 'Stopped']","['Speed too Fast For Condition', 'Driving Properly']","['Inattentive', 'Normal']",[],[],[],[],[],[],D11,False,"['unknown', '20 to 24', '50 to 54']",3.0
2001796200.0,2022-09-15 08:00:00,1032,2022,EGLINTON AVE W,SCARLETT RD ET,7 m South of,Major Arterial,Etobicoke York,43.68386,-79.51144,619976.766,4837836.449,At Intersection,Traffic Signal,Clear,Daylight,Dry,9,Edenbridge-Humber Valley,9,Edenbridge-Humber Valley (9),Non-Fatal Injury,0,0,1,0,1,0,0,1,0,1,0,0,0,Rear End,"['Truck Driver', 'Driver', 'Passenger']",West,"['Truck - Car Carrier', 'Automobile, Station Wagon']","['Going Ahead', 'Slowing or Stopping']","['Following too Close', 'Driving Properly']",['Normal'],[],[],[],[],[],[],D22,False,"['40 to 44', '65 to 69']",3.0
2001797133.0,2022-09-15 08:00:00,1257,2022,287 COLLEGE ST,,60 m West of,Major Arterial,Toronto and East York,43.657664,-79.401332,628907.5371,4835092.209,Non Intersection,No Control,Clear,Daylight,Dry,78,Kensington-Chinatown,78,Kensington-Chinatown (78),Non-Fatal Injury,0,1,0,0,1,0,0,0,0,0,0,0,0,Cyclist Collisions,"['Truck Driver', 'Cyclist']",East,"['Truck - Closed (Blazer, etc)', 'Bicycle']","['Turning Left', 'Going Ahead']",['Improper Turn'],['Normal'],[],[],[],['Cyclist falls off bike - no contact with motorist.'],['Driving Properly'],['Normal'],D14,False,['20 to 24'],3.0
2001801385.0,2022-09-16 08:00:00,120,2022,DON VALLEY PKWY N,GERRARD ST,200 m North ,Expressway,Toronto and East York,43.666567,-79.356319,632517.5801,4836151.9239,Non Intersection,No Control,Clear,"Dark, artificial",Dry,68,North Riverdale,68,North Riverdale (68),Non-Fatal Injury,0,0,0,1,0,0,0,0,1,1,0,0,0,SMV Other,['Motorcycle Driver'],North,['Motorcycle'],['Going Ahead'],['Exceeding Speed Limit'],['Unknown'],[],[],[],[],[],[],D55,False,['25 to 29'],3.0
2001815812.0,2022-09-18 08:00:00,150,2022,F G GARDINER XY  E,CHERRY ST,50 m East of,Expressway,Toronto and East York,43.648947,-79.355068,632657.2362,4834196.9874,Non Intersection,No Control,Clear,"Dark, artificial",Dry,166,St Lawrence-East Bayfront-The Islands,77,Waterfront Communities-The Island (77),Non-Fatal Injury,0,0,0,1,0,0,0,1,1,1,0,0,0,SMV Other,"['Motorcycle Driver', 'Motorcycle Passenger']",East,['Motorcycle'],['Going Ahead'],['Lost control'],['Unknown'],[],[],[],[],[],[],D51,False,['30 to 34'],3.0
2001822639.0,2022-09-19 08:00:00,627,2022,BAYVIEW AVE,LAWRENCE AVE E,92 m South o,Major Arterial,North York,43.726691,-79.381511,630356.1709,4842789.5995,Non Intersection,No Control,Clear,Dark,Dry,41,Bridle Path-Sunnybrook-York Mills,41,Bridle Path-Sunnybrook-York Mills (41),Non-Fatal Injury,0,0,1,0,0,0,0,1,0,1,0,0,0,Approaching,"['Passenger', 'Driver']",North,"['Automobile, Station Wagon']",['Going Ahead'],"['Other', 'Driving Properly']","['Inattentive', 'Normal']",[],[],[],[],[],[],D53,False,"['75 to 79', '60 to 64', '25 to 29', '55 to 59']",3.0
2001844231.0,2022-09-22 08:00:00,850,2022,TRETHEWEY DR AND PAULSON ROAD,PAULSON RD,10 m West of,Minor Arterial,,43.693583,-79.482257,622309.1493,4838958.9504,Intersection Related,No Control,Clear,Daylight,Dry,112,Beechborough-Greenbrook,112,Beechborough-Greenbrook (112),Non-Fatal Injury,1,0,1,0,0,0,0,0,0,0,0,0,0,Pedestrian Collisions,"['Driver', 'Pedestrian']",South,"['Automobile, Station Wagon']",['Going Ahead'],['Driving Properly'],['Normal'],['Vehicle is going straight thru inter.while ped cross without ROW'],['Crossing without right of way'],['Normal'],[],[],[],D12,False,"['65 to 69', '15 to 19']",3.0
2001845564.0,2022-09-22 08:00:00,1217,2022,THE QUEENSWAY,KING ST W,20 m West of,Major Arterial,Toronto and East York,43.638644,-79.446178,625330.9254,4832911.0972,Intersection Related,Traffic Signal,Clear,Daylight,Dry,85,South Parkdale,85,South Parkdale (85),Non-Fatal Injury,0,0,1,0,0,0,0,0,0,0,0,0,1,Approaching,['Driver'],East,"['Automobile, Station Wagon']",['Going Ahead'],"['Lost control', 'Driving Properly']","['Medical or Physical Disability', 'Normal']",[],[],[],[],[],[],D14,False,"['70 to 74', '60 to 64']",3.0
2001849890.0,2022-09-22 08:00:00,2350,2022,F G GARDINER XY  W,GARDINER X W 427 X N RAMP,25 m West of,Expressway,Etobicoke York,43.615931,-79.535976,618132.2594,4830256.8684,Non Intersection,No Control,Clear,Dark,Dry,20,Alderwood,20,Alderwood (20),Non-Fatal Injury,0,0,1,0,0,0,0,1,1,1,0,0,0,Rear End,"['Driver', 'Passenger']",West,"['Automobile, Station Wagon']","['Going Ahead', 'Stopped', 'Slowing or Stopping']","['Lost control', 'Driving Properly', 'Speed too Fast For Condition']","['Inattentive', 'Normal']",[],[],[],[],[],[],D22,False,"['unknown', '50 to 54', '30 to 34', '25 to 29', '20 to 24']",3.0
2001854039.0,2022-09-23 08:00:00,1425,2022,WESTON WOOD RD,ROYAL YORK RD,,Minor Arterial,Etobicoke York,43.69187,-79.530826,618398.4971,4838698.2057,At Intersection,No Control,Clear,Daylight,Dry,8,Humber Heights-Westmount,8,Humber Heights-Westmount (8),Non-Fatal Injury,0,0,1,0,0,0,0,0,0,1,0,0,0,Approaching,['Driver'],North,"['Pick Up Truck', 'Automobile, Station Wagon']",['Going Ahead'],"['Improper Passing', 'Driving Properly']","['Inattentive', 'Normal']",[],[],[],[],[],[],D23,False,"['35 to 39', '75 to 79']",3.0
2001859884.0,2022-09-24 08:00:00,1100,2022,BLOOR ST W,GARDENVALE RD,5 m East of,Major Arterial,Etobicoke York,43.645594,-79.518939,619448.2147,4833575.6904,At Intersection,Traffic Signal,Clear,Daylight,Dry,16,Stonegate-Queensway,16,Stonegate-Queensway (16),Non-Fatal Injury,1,0,1,0,0,0,0,0,0,1,0,0,0,Pedestrian Collisions,"['Driver', 'Pedestrian']",North,"['Automobile, Station Wagon']",['Turning Left'],['Failed to Yield Right of Way'],['Inattentive'],['Vehicle turns left while ped crosses with ROW at inter.'],['Crossing with right of way'],['Normal'],[],[],[],D22,False,"['25 to 29', '55 to 59']",3.0
2001862623.0,2022-09-24 08:00:00,1910,2022,FINCH AVE E,SENECA HILL DR,155 m East o,Major Arterial,North York,43.79402,-79.348445,632870.2707,4850320.0529,Non Intersection,No Control,Clear,Dusk,Dry,47,Don Valley Village,47,Don Valley Village (47),Non-Fatal Injury,0,0,1,1,0,0,0,1,0,1,0,0,0,Turning Movement,"['Motorcycle Driver', 'Driver', 'Passenger']",West,"['Motorcycle', 'Automobile, Station Wagon']","['Overtaking', 'Making U Turn']","['Improper Passing', 'Driving Properly']",['Normal'],[],[],[],[],[],[],D33,False,"['20 to 24', '25 to 29']",3.0
2001863583.0,2022-09-24 08:00:00,2218,2022,DUFFERIN ST,MARTIN ST,,Major Arterial,,43.689425,-79.447688,625103.6036,4838548.7182,Non Intersection,No Control,Clear,"Dark, artificial",Dry,107,Oakwood Village,107,Oakwood Village (107),Fatal,0,0,1,1,0,1,0,1,0,0,0,0,0,Angle,"['Motorcycle Driver', 'Driver', 'Passenger']",North,"['Motorcycle', 'Automobile, Station Wagon', 'Municipal Transit Bus (TTC)']","['Going Ahead', 'Reversing']","['Driving Properly', 'Other']","['Unknown', 'Inattentive', 'Normal']",[],[],[],[],[],[],D13,True,"['30 to 34', '20 to 24', '35 to 39', '15 to 19']",4.0
2001864755.0,2022-09-25 08:00:00,316,2022,GAMMA ST,VALERMO DR,,Local,Etobicoke York,43.60818,-79.539325,617877.1669,4829391.2679,Non Intersection,No Control,Clear,"Dusk, artificial",Dry,20,Alderwood,20,Alderwood (20),Non-Fatal Injury,1,0,1,0,0,0,0,0,0,1,0,1,0,Pedestrian Collisions,"['Driver', 'Pedestrian']",South,['Passenger Van'],['Going Ahead'],['Other'],"['Ability Impaired, Alcohol Over .08']",['Pedestrian hit on sidewalk or shoulder'],['On Sidewalk or Shoulder'],['Normal'],[],[],[],D22,False,"['45 to 49', '40 to 44']",3.0
2001871122.0,2022-09-26 08:00:00,624,2022,KEELE ST,DENBIGH CRES,10 m North o,Major Arterial,North York,43.738223,-79.484851,622009.4791,4843913.0262,Intersection Related,No Control,Clear,Daylight,Dry,155,Downsview,26,Downsview-Roding-CFB (26),Non-Fatal Injury,0,0,1,0,0,0,0,0,1,1,0,0,0,Rear End,['Driver'],North,"['Automobile, Station Wagon']",['Going Ahead'],"['Exceeding Speed Limit', 'Driving Properly']","['Fatigue', 'Normal']",[],[],[],[],[],[],D31,False,"['20 to 24', '65 to 69']",3.0
2001876381.0,2022-09-26 08:00:00,1909,2022,COSBURN AV,GLEBEMOUNT AVE,,Minor Arterial,Toronto and East York,43.695437,-79.32162,635250.242,4839414.3501,Intersection Related,Pedestrian Crossover,Rain,"Dark, artificial",Wet,59,Danforth East York,59,Danforth East York (59),Non-Fatal Injury,1,0,1,0,0,0,0,0,0,1,0,0,0,Pedestrian Collisions,"['Driver', 'Pedestrian']",East,"['Automobile, Station Wagon']",['Going Ahead'],['Disobeyed Traffic Control'],['Inattentive'],['Pedestrian hit a PXO/ped. Mid-block signal'],"['Crossing, Pedestrian Crossover']",['Normal'],[],[],[],D55,False,"['30 to 34', '60 to 64']",3.0
2001876450.0,2022-09-26 08:00:00,1920,2022,KINGSTON RD,MORNINGSIDE AV,,Major Arterial,Scarborough,43.770507,-79.18687,645926.5921,4847980.6448,At Intersection,Traffic Signal,Rain,Dark,Wet,136,West Hill,136,West Hill (136),Non-Fatal Injury,1,0,0,0,0,1,0,0,0,0,0,0,0,Pedestrian Collisions,"['Driver', 'Pedestrian']",East,['Municipal Transit Bus (TTC)'],['Turning Left'],['Driving Properly'],['Normal'],['Vehicle turns left while ped crosses without ROW at inter.'],['Crossing marked crosswalk without ROW'],['Inattentive'],[],[],[],D43,False,"['40 to 44', '25 to 29']",3.0
2001891464.0,2022-09-28 08:00:00,2012,2022,WILSON AVE,DALLNER RD,,Major Arterial,Etobicoke York,43.719824,-79.513767,619717.6088,4841827.3808,At Intersection,No Control,Clear,"Dark, artificial",Dry,154,Oakdale-Beverley Heights,26,Downsview-Roding-CFB (26),Non-Fatal Injury,1,0,1,0,0,0,0,0,0,0,0,0,0,Pedestrian Collisions,"['Driver', 'Pedestrian']",East,"['Automobile, Station Wagon']",['Going Ahead'],['Driving Properly'],['Unknown'],['Vehicle is going straight thru inter.while ped cross without ROW'],['Walking on Roadway Against Traffic'],['Other'],[],[],[],D31,False,"['unknown', '55 to 59']",3.0
2001894189.0,2022-09-29 08:00:00,904,2022,STEELES AVE W,FENMAR DR,,Major Arterial,Etobicoke York,43.766474,-79.564739,615521.9737,4846936.1703,At Intersection,Traffic Signal,Clear,Daylight,Dry,21,Humber Summit,21,Humber Summit (21),Non-Fatal Injury,1,0,1,0,0,0,0,1,0,1,0,0,0,Pedestrian Collisions,"['Driver', 'Passenger', 'Pedestrian']",North,['Pick Up Truck'],['Turning Left'],['Failed to Yield Right of Way'],['Inattentive'],['Vehicle turns left while ped crosses with ROW at inter.'],['Crossing with right of way'],['Normal'],[],[],[],D31,False,"['70 to 74', '65 to 69', '50 to 54']",3.0
2001898372.0,2022-09-29 08:00:00,1920,2022,SKYWAY AVE,DIXON RD,,Minor Arterial,North York,43.686701,-79.58604,613958.6408,4838046.7679,Non Intersection,No Control,,Daylight,,1,West Humber-Clairville,1,West Humber-Clairville (1),Fatal,0,0,1,1,0,0,0,0,0,0,0,0,0,Turning Movement,"['Driver', 'Motorcycle Driver']",South,"['Automobile, Station Wagon', 'Motorcycle']","['Making U Turn', 'Going Ahead']","['Improper Turn', 'Driving Properly']","['Inattentive', 'Normal']",[],[],[],[],[],[],D23,True,"['55 to 59', '50 to 54']",4.0
2001902035.0,2022-09-30 08:00:00,1005,2022,33 QUEEN ST E,,30 m East of,Major Arterial,Toronto and East York,43.652686,-79.377605,630831.5781,4834576.4724,Non Intersection,No Control,Clear,Daylight,Dry,168,Downtown Yonge East,75,Church-Yonge Corridor (75),Non-Fatal Injury,0,0,1,0,1,0,0,1,0,1,0,0,0,Turning Movement,"['Driver', 'Truck Driver', 'Passenger']",East,"['Automobile, Station Wagon', 'Truck - Dump']","['Turning Right', 'Going Ahead']","['Failed to Yield Right of Way', 'Driving Properly']","['Unknown', 'Normal']",[],[],[],[],[],[],D51,False,"['85 to 89', '55 to 59']",3.0
2001903424.0,2022-09-30 08:00:00,1331,2022,BURNHAMTHORPE RD,LAUREL AV,80 m West of,Major Arterial,Etobicoke York,43.646945,-79.556659,616403.4467,4833672.1399,Non Intersection,No Control,Clear,Daylight,Dry,158,Islington,14,Islington-City Centre West (14),Non-Fatal Injury,0,0,1,1,0,0,0,1,1,1,0,0,0,Angle,"['Motorcycle Driver', 'Driver', 'Passenger']",North,"['Motorcycle', 'Automobile, Station Wagon']",['Going Ahead'],"['Lost control', 'Driving Properly']",['Normal'],[],[],[],[],[],[],D22,False,"['35 to 39', '70 to 74', '65 to 69']",3.0
2001905181.0,2022-09-30 08:00:00,1731,2022,CARLTON ST,JARVIS ST,,Major Arterial,Toronto and East York,43.662413,-79.376689,630884.3106,4835658.2293,At Intersection,Traffic Signal,Clear,Daylight,Dry,73,Moss Park,73,Moss Park (73),Non-Fatal Injury,1,0,1,1,0,0,0,1,0,1,0,0,0,Pedestrian Collisions,"['Driver', 'Motorcycle Driver', 'Passenger', 'Pedestrian']",Unknown,"['Automobile, Station Wagon', 'Motorcycle']","['Turning Left', 'Going Ahead']","['Failed to Yield Right of Way', 'Driving Properly']",['Normal'],['Pedestrian hit on sidewalk or shoulder'],['On Sidewalk or Shoulder'],['Normal'],[],[],[],D51,False,"['25 to 29', '55 to 59', 'unknown', '35 to 39']",3.0
2001909311.0,2022-10-01 08:00:00,956,2022,DUFFERIN ST,PEEL AVE,23 m North o,Minor Arterial,Toronto and East York,43.64379,-79.429195,626689.9673,4833508.4102,At Intersection,No Control,Clear,Daylight,Dry,84,Little Portugal,84,Little Portugal (84),Non-Fatal Injury,0,1,1,0,0,0,0,0,0,0,0,0,0,Cyclist Collisions,"['Cyclist', 'Driver']",North,"['Bicycle', 'Automobile, Station Wagon']","['Turning Left', 'Going Ahead']",['Driving Properly'],['Normal'],[],[],[],['Cyclist turned left across motorists path.'],['Failed to Yield Right of Way'],['Inattentive'],D11,False,"['30 to 34', '40 to 44']",3.0
2001915767.0,2022-10-02 08:00:00,810,2022,EVANS AVE,ISLINGTON AVE,,Major Arterial,Etobicoke York,43.618312,-79.511256,620122.1951,4830556.7709,At Intersection,Traffic Signal,Clear,Daylight,Dry,160,Mimico-Queensway,17,Mimico (includes Humber Bay Shores) (17),Non-Fatal Injury,0,1,1,0,0,0,0,0,0,0,0,0,0,Cyclist Collisions,"['Driver', 'Cyclist']",South,"['Automobile, Station Wagon', 'Bicycle']","['Turning Right', 'Going Ahead']",['Improper Turn'],['Normal'],[],[],[],['Motorist turning right on red at signalized intersection strikes cyclist.'],['Other'],['Normal'],D22,False,"['60 to 64', '35 to 39']",3.0
2001916054.0,2022-10-02 08:00:00,934,2022,DUNDAS ST W,BROCK AVE,3 m North of,Minor Arterial,Toronto and East York,43.649817,-79.435558,626164.1498,4834168.0931,At Intersection,Traffic Signal,Clear,Daylight,Dry,84,Little Portugal,84,Little Portugal (84),Non-Fatal Injury,1,0,1,0,0,0,0,0,0,1,0,0,0,Pedestrian Collisions,"['Driver', 'Pedestrian']",North,"['Automobile, Station Wagon']",['Turning Left'],['Failed to Yield Right of Way'],['Inattentive'],['Vehicle turns left while ped crosses with ROW at inter.'],['Crossing with right of way'],['Normal'],[],[],[],D11,False,"['55 to 59', '85 to 89']",3.0
2001921551.0,2022-10-03 08:00:00,622,2022,BLOOR ST W,BATHURST ST,,Major Arterial,Toronto and East York,43.665042,-79.411174,628098.2342,4835896.39,At Intersection,Traffic Signal,Clear,"Dark, artificial",Dry,79,University,79,University (79),Non-Fatal Injury,0,0,1,1,0,0,0,0,0,1,0,0,0,Turning Movement,"['Driver', 'Motorcycle Driver']",East,"['Automobile, Station Wagon', 'Motorcycle']","['Turning Left', 'Going Ahead']","['Failed to Yield Right of Way', 'Driving Properly']","['Inattentive', 'Normal']",[],[],[],[],[],[],D14,False,"['30 to 34', '25 to 29']",3.0
2001933263.0,2022-10-04 08:00:00,1752,2022,FINCH AVE E,MARKHAM RD,,Major Arterial,Scarborough,43.812899,-79.243037,641306.0874,4852591.4955,At Intersection,Traffic Signal,Clear,"Dark, artificial",Dry,145,Malvern West,132,Malvern (132),Non-Fatal Injury,0,0,1,0,0,0,0,1,1,1,1,0,0,Turning Movement,"['Driver', 'Passenger']",East,"['Automobile, Station Wagon']","['Going Ahead', 'Turning Left']","['Disobeyed Traffic Control', 'Driving Properly']","['Unknown', 'Normal']",[],[],[],[],[],[],D42,False,"['20 to 24', '35 to 39', '30 to 34', '0 to 4']",3.0
2001934242.0,2022-10-04 08:00:00,2043,2022,2868 WESTON ROAD,,60 m South o,Major Arterial,North York,43.722312,-79.537097,617833.4615,4842070.274,Non Intersection,No Control,Clear,"Dark, artificial",Dry,23,Pelmo Park-Humberlea,23,Pelmo Park-Humberlea (23),Non-Fatal Injury,0,0,1,0,1,0,0,0,0,1,0,0,0,Rear End,"['Truck Driver', 'Driver']",South,"['Truck - Open', 'Automobile, Station Wagon']","['Going Ahead', 'Slowing or Stopping']","['Following too Close', 'Driving Properly']",['Normal'],[],[],[],[],[],[],D31,False,"['25 to 29', '45 to 49', '60 to 64']",3.0
2001941837.0,2022-10-05 08:00:00,2112,2022,F G GARDINER XY  W,GRAND AVE,345 m East o,Expressway,Etobicoke York,43.625659,-79.489299,621879.0078,4831404.7438,Non Intersection,No Control,Clear,"Dark, artificial",Dry,161,Humber Bay Shores,17,Mimico (includes Humber Bay Shores) (17),Non-Fatal Injury,0,0,1,0,0,0,0,1,1,1,0,0,0,SMV Other,"['Driver', 'Passenger']",West,"['Automobile, Station Wagon', 'Pick Up Truck']","['Changing Lanes', 'Going Ahead']","['Lost control', 'Driving Properly']","['Unknown', 'Normal']",[],[],[],[],[],[],D22,False,"['20 to 24', '65 to 69']",3.0
2001952231.0,2022-10-07 08:00:00,1103,2022,WINONA DR,450,1 m East of,Minor Arterial,Toronto and East York,43.689906,-79.435741,626065.435,4838620.2326,Non Intersection,No Control,Clear,Daylight,Dry,107,Oakwood Village,107,Oakwood Village (107),Non-Fatal Injury,0,1,1,0,0,0,0,1,0,1,0,0,0,Cyclist Collisions,"['Cyclist', 'Driver', 'Passenger']",North,"['Bicycle', 'Automobile, Station Wagon']",['Going Ahead'],['Driving Properly'],['Normal'],[],[],[],[],['Lost control'],['Inattentive'],D13,False,"['25 to 29', '50 to 54']",3.0
2001965274.0,2022-10-09 08:00:00,1021,2022,BATHURST ST,DEWLANE DR,25 m North o,Major Arterial,North York,43.785918,-79.446056,625034.132,4849268.1308,Non Intersection,No Control,Clear,Daylight,Dry,35,Westminster-Branson,35,Westminster-Branson (35),Non-Fatal Injury,1,0,0,0,0,1,0,1,0,0,0,0,0,Pedestrian Collisions,"['Driver', 'Passenger', 'Pedestrian']",East,['Municipal Transit Bus (TTC)'],['Going Ahead'],['Driving Properly'],['Normal'],['Pedestrian involved in a collision with transit vehicle anywhere along roadway'],['Other'],['Other'],[],[],[],D32,False,"['30 to 34', '70 to 74', '20 to 24']",3.0