accident_number,date,time,year,street1,street2,offset,road_class,district,latitude,longitude,x,y,accident_location,traffctl,visibility,light,road_surface_condition,hood_158,neighbourhood_new,hood_140,neighbourhood_old,accident_class,pedestrian,cyclist,automobile,motorcycle,truck,trsn_city_veh,emerg_veh,passenger,speeding,aggressive_driving,redlight,alcohol,disability,impact_type,involvement_type,initial_direction,vehicle_type,manoeuver,driver_action,driver_condition,pedestrian_type,pedestrian_action,pedestrian_condition,cyclist_type,cyclist_action,cyclist_condition,division,injury,involvement_age,injury_severity_score
2002319142.0,2022-11-28 10:00:00,840,2022,LINDEN AVE,HARMONY AVE,1 m North of,Local,Scarborough,43.72008,-79.25677,640418.607,4842259.1416,Intersection Related,No Control,Clear,Daylight,Dry,124,Kennedy Park,124,Kennedy Park (124),Non-Fatal Injury,1,0,1,0,0,0,0,0,0,0,0,0,0,Pedestrian Collisions,"['Driver', 'Pedestrian']",South,"['Automobile, Station Wagon']",['Going Ahead'],['Driving Properly'],['Normal'],['Vehicle is going straight thru inter.while ped cross without ROW'],['Running onto Roadway'],['Normal'],[],[],[],D41,False,"['35 to 39', '10 to 14']",3.0
2002348553.0,2022-12-02 10:00:00,130,2022,21 MILVAN DR,,167 m North ,Collector,,43.75289,-79.553554,616448.5917,4845443.1313,Non Intersection,No Control,Clear,"Dark, artificial",Dry,21,Humber Summit,21,Humber Summit (21),Non-Fatal Injury,0,0,1,0,0,0,0,0,1,1,0,0,0,SMV Other,['Driver'],South,"['Automobile, Station Wagon']",['Going Ahead'],['Speed too Fast For Condition'],['Had Been Drinking'],[],[],[],[],[],[],D31,False,['25 to 29'],3.0
2002351893.0,2022-12-02 10:00:00,1320,2022,ALEXMUIR BLVD,HOMEDALE DR,21 m East of,,,43.810485,-79.282162,638164.9397,4852257.3022,At Intersection,Stop Sign,Clear,Daylight,Dry,129,Agincourt North,129,Agincourt North (129),Non-Fatal Injury,0,0,1,0,0,0,0,1,0,0,0,0,0,SMV Other,"['Driver', 'Passenger']",East,"['Automobile, Station Wagon']",['Going Ahead'],['Lost control'],['Normal'],[],[],[],[],[],[],D42,False,"['40 to 44', '5 to 9']",3.0
2002358910.0,2022-12-03 10:00:00,1205,2022,EGLINTON AVE E,GILDER DR,28 m East of,Major Arterial,Scarborough,43.735591,-79.252673,640712.3009,4843988.8184,Non Intersection,No Control,Clear,Daylight,Wet,124,Kennedy Park,124,Kennedy Park (124),Non-Fatal Injury,0,0,1,0,0,1,0,1,0,1,0,0,0,Rear End,"['Driver', 'Passenger']",West,"['Municipal Transit Bus (TTC)', 'Automobile, Station Wagon']","['Slowing or Stopping', 'Stopped']","['Following too Close', 'Driving Properly']","['Inattentive', 'Normal']",[],[],[],[],[],[],D41,False,"['35 to 39', '25 to 29', '50 to 54']",3.0
2002366866.0,2022-12-04 10:00:00,1538,2022,YONGE ST,GLEBE RD W,10 m East of,,,43.700851,-79.397136,629153.1883,4839895.2399,Intersection Related,Stop Sign,Clear,Daylight,Dry,174,South Eglinton-Davisville,104,Mount Pleasant West (104),Non-Fatal Injury,0,0,1,1,0,0,0,1,0,1,0,0,0,Turning Movement,"['Driver', 'Motorcycle Driver', 'Passenger']",East,"['Automobile, Station Wagon', 'Motorcycle']","['Turning Left', 'Going Ahead']","['Failed to Yield Right of Way', 'Driving Properly']","['Inattentive', 'Normal']",[],[],[],[],[],[],D53,False,"['35 to 39', '45 to 49', '40 to 44']",3.0
2002373908.0,2022-12-01 10:00:00,2130,2022,BLUE JAYS WY,FRONT ST W,,Minor Arterial,Toronto and East York,43.643412,-79.391261,629750.2995,4833525.0334,At Intersection,Traffic Signal,Clear,Dark,Dry,165,Harbourfront-CityPlace,77,Waterfront Communities-The Island (77),Non-Fatal Injury,0,1,1,0,0,0,0,0,0,1,1,0,0,Cyclist Collisions,"['Driver', 'Cyclist']",North,"['Automobile, Station Wagon', 'Bicycle']",['Going Ahead'],['Disobeyed Traffic Control'],['Unknown'],[],[],[],"['Motorist without ROW drives into path of cyclist at inter, lnwy, dwy-Driver not turn.']",['Driving Properly'],['Normal'],D52,False,"['unknown', '20 to 24']",3.0
2002374058.0,2022-12-05 10:00:00,1505,2022,INNISWOOD DR,HOWARTH AVE,56 m West of,Local,Scarborough,43.73823,-79.305957,636415.2969,4844192.8026,Non Intersection,No Control,Clear,Daylight,Dry,119,Wexford/Maryvale,119,Wexford/Maryvale (119),Non-Fatal Injury,1,0,1,0,0,0,0,1,0,0,0,0,0,Pedestrian Collisions,"['Driver', 'Passenger', 'Pedestrian']",South,"['Automobile, Station Wagon']",['Going Ahead'],['Driving Properly'],['Normal'],['Pedestrian hit at mid-block'],['Running onto Roadway'],['Inattentive'],[],[],[],D41,False,"['40 to 44', '10 to 14']",3.0
2002376276.0,2022-12-05 10:00:00,2018,2022,LAWRENCE AV E,CURLEW DRIVE,80 m East of,Major Arterial,North York,43.741168,-79.317989,635439.767,4844499.3701,Non Intersection,No Control,Clear,"Dark, artificial",Dry,43,Victoria Village,43,Victoria Village (43),Non-Fatal Injury,1,0,1,0,0,0,0,0,0,0,0,0,0,Pedestrian Collisions,"['Driver', 'Pedestrian']",West,"['Automobile, Station Wagon']",['Going Ahead'],['Driving Properly'],['Normal'],['Pedestrian hit at mid-block'],"['Crossing, no Traffic Control']","['Ability Impaired, Drugs']",[],[],[],D33,False,"['55 to 59', '20 to 24', '60 to 64']",3.0
2002385833.0,2022-12-07 10:00:00,540,2022,WILSON HEIGHTS BLVD,KENNARD AVE,2 m North of,,,43.760242,-79.464222,623625.3323,4846389.1447,Non Intersection,Stop Sign,Clear,"Dark, artificial",Dry,34,Bathurst Manor,34,Bathurst Manor (34),Non-Fatal Injury,0,0,1,0,0,0,0,0,1,1,0,1,0,SMV Other,['Driver'],South,['Pick Up Truck'],['Going Ahead'],['Lost control'],"['Ability Impaired, Alcohol Over .08']",[],[],[],[],[],[],D32,False,['30 to 34'],3.0
2002405693.0,2022-12-09 10:00:00,1710,2022,JANE ST,FINCH AVE W,25 m West of,Major Arterial,,43.755824,-79.517314,619360.3429,4845820.5805,Non Intersection,No Control,Clear,Daylight,Dry,25,Glenfield-Jane Heights,25,Glenfield-Jane Heights (25),Non-Fatal Injury,1,0,1,0,0,0,0,0,0,0,0,0,0,Pedestrian Collisions,"['Driver', 'Pedestrian']",North,['Pick Up Truck'],['Going Ahead'],['Other'],['Normal'],['Pedestrian hit at private driveway'],"['Crossing, no Traffic Control']",['Normal'],[],[],[],D31,False,"['55 to 59', '40 to 44']",3.0
2002407065.0,2022-12-09 10:00:00,2038,2022,MCCOWAN RD,ELLESMERE RD,40 m North o,Major Arterial,Scarborough,43.772727,-79.251537,640716.7127,4848115.2698,Non Intersection,No Control,Clear,"Dark, artificial",Dry,142,Woburn North,137,Woburn (137),Non-Fatal Injury,0,0,1,0,0,0,0,0,0,0,0,0,0,Sideswipe,['Driver'],North,"['Automobile, Station Wagon']","['Going Ahead', 'Unknown']","['Improper Lane Change', 'Driving Properly']","['Inattentive', 'Normal']",[],[],[],[],[],[],D43,False,"['75 to 79', '15 to 19']",3.0
2002424464.0,2022-12-12 10:00:00,1118,2022,DUNDAS ST W,SPADINA AVE,,Major Arterial,Toronto and East York,43.652869,-79.398006,629186.0112,4834564.8338,At Intersection,Traffic Signal,Clear,Daylight,Dry,78,Kensington-Chinatown,78,Kensington-Chinatown (78),Fatal,1,0,1,0,0,0,0,0,0,1,0,0,0,Pedestrian Collisions,"['Driver', 'Pedestrian']",West,"['Automobile, Station Wagon']",['Turning Right'],['Failed to Yield Right of Way'],['Inattentive'],['Vehicle turns right while ped crosses with ROW at inter.'],['Crossing with right of way'],['Other'],[],[],[],D52,True,"['55 to 59', '70 to 74']",4.0
2002431114.0,2022-12-13 10:00:00,910,2022,STEELES AVE W,KIPLING AVE,,Major Arterial,Etobicoke York,43.759535,-79.589862,613512.9706,4846130.7535,At Intersection,Traffic Signal,Clear,Daylight,Dry,2,Mount Olive-Silverstone-Jamestown,2,Mount Olive-Silverstone-Jamestown (2),Fatal,0,0,1,0,1,0,0,1,0,0,0,0,0,Turning Movement,"['Driver', 'Passenger', 'Truck Driver']",East,"['Automobile, Station Wagon', 'Truck-Tractor']","['Turning Right', 'Going Ahead']","['Improper Turn', 'Driving Properly']","['Unknown', 'Normal']",[],[],[],[],[],[],D23,True,"['80 to 84', '30 to 34', '0 to 4', '60 to 64']",4.0
2002436647.0,2022-12-13 10:00:00,2301,2022,AVENUE RD,LONSDALE RD,,Major Arterial,Toronto and East York,43.690657,-79.403026,628700.3939,4838753.8962,At Intersection,Traffic Signal,Clear,"Dark, artificial",Dry,97,Yonge-St.Clair,97,Yonge-St.Clair (97),Non-Fatal Injury,0,0,1,0,0,0,0,0,1,1,0,0,0,Turning Movement,['Driver'],North,"['Automobile, Station Wagon']","['Going Ahead', 'Turning Left']","['Lost control', 'Driving Properly']",['Unknown'],[],[],[],[],[],[],D53,False,"['35 to 39', '40 to 44']",3.0
2002447253.0,2022-12-15 10:00:00,1134,2022,MAITLAND PL,HOMEWOOD AVE,,Collector,Toronto and East York,43.665648,-79.375507,630972.5787,4836019.3848,At Intersection,No Control,Freezing Rain,Daylight,Wet,71,Cabbagetown-South St.James Town,71,Cabbagetown-South St.James Town (71),Non-Fatal Injury,1,0,1,0,0,0,0,0,1,1,0,0,0,Pedestrian Collisions,"['Driver', 'Pedestrian']",North,"['Automobile, Station Wagon']",['Turning Left'],['Improper Turn'],['Inattentive'],['Vehicle turns left while ped crosses with ROW at inter.'],['Other'],['Other'],[],[],[],D51,False,"['60 to 64', 'unknown']",3.0
2002449618.0,2022-12-15 10:00:00,1720,2022,SHAW ST,KING ST W,,Major Arterial,Toronto and East York,43.641364,-79.414981,627841.5246,4833260.7673,At Intersection,Traffic Signal,Freezing Rain,"Dark, artificial",Slush,162,West Queen West,82,Niagara (82),Non-Fatal Injury,1,0,1,0,0,0,0,0,0,1,0,0,0,Pedestrian Collisions,"['Driver', 'Pedestrian']",South,"['Automobile, Station Wagon']",['Turning Right'],['Failed to Yield Right of Way'],['Inattentive'],['Vehicle turns right while ped crosses with ROW at inter.'],['Crossing with right of way'],['Normal'],[],[],[],D14,False,"['25 to 29', '65 to 69']",3.0
2002450489.0,2022-12-15 10:00:00,1925,2022,936 DIXON RD,,150 m West o,Major Arterial,Etobicoke York,43.686591,-79.597255,613054.9641,4838019.2017,Non Intersection,No Control,Snow,Dark,Loose Snow,1,West Humber-Clairville,1,West Humber-Clairville (1),Non-Fatal Injury,1,0,1,0,0,0,0,0,0,0,0,0,0,Pedestrian Collisions,"['Driver', 'Pedestrian']",North,"['Automobile, Station Wagon']",['Going Ahead'],['Driving Properly'],['Normal'],['Pedestrian hit at mid-block'],"['Crossing, no Traffic Control']",['Inattentive'],[],[],[],D23,False,"['50 to 54', '25 to 29', '40 to 44']",3.0
2002473250.0,2022-12-18 10:00:00,2228,2022,LAKE SHORE BLVD E,LOWER JARVIS ST,1 m West of,Major Arterial,Toronto and East York,43.645507,-79.369792,631477.296,4833791.4984,At Intersection,Traffic Signal,Clear,"Dark, artificial",Dry,166,St Lawrence-East Bayfront-The Islands,77,Waterfront Communities-The Island (77),Non-Fatal Injury,0,1,1,0,0,0,0,1,0,0,0,0,0,Cyclist Collisions,"['Cyclist', 'Driver', 'Passenger']",East,"['Bicycle', 'Automobile, Station Wagon']",['Going Ahead'],['Driving Properly'],['Normal'],[],[],[],"['Cyclist without ROW rides into path of motorist at inter, lnwy, dwy-Cyclist not turn.']",['Disobeyed Traffic Control'],['Inattentive'],D51,False,"['40 to 44', '25 to 29', '20 to 24']",3.0
2002476311.0,2022-12-19 10:00:00,1047,2022,MORNINGSIDE AVE,PAN AM DR,,,,43.792052,-79.195514,645178.7246,4850358.3619,At Intersection,Traffic Signal,Clear,Daylight,Dry,134,Highland Creek,134,Highland Creek (134),Non-Fatal Injury,0,0,1,0,0,0,0,1,0,1,1,0,1,Turning Movement,"['Driver', 'Passenger']",East,"['Automobile, Station Wagon']","['Going Ahead', 'Turning Left']","['Disobeyed Traffic Control', 'Driving Properly']","['Medical or Physical Disability', 'Normal']",[],[],[],[],[],[],D43,False,"['85 to 89', '65 to 69', '0 to 4']",3.0
2002484301.0,2022-12-20 10:00:00,1150,2022,CARLINGVIEW DR,DIXON RD,45 m South o,Major Arterial,Etobicoke York,43.686248,-79.595363,613208.097,4837983.6879,Non Intersection,No Control,Clear,Daylight,Dry,1,West Humber-Clairville,1,West Humber-Clairville (1),Non-Fatal Injury,0,0,1,0,0,0,0,1,0,1,0,0,0,Sideswipe,"['Driver', 'Passenger']",South,"['Automobile, Station Wagon']","['Changing Lanes', 'Going Ahead']","['Improper Passing', 'Driving Properly']","['Inattentive', 'Normal']",[],[],[],[],[],[],D23,False,"['20 to 24', '65 to 69']",3.0
2002494669.0,2022-12-21 10:00:00,1750,2022,GLOUCESTER GRV,WINNETT AVE,,Local,,43.696864,-79.436534,625986.9549,4839391.8089,At Intersection,Stop Sign,Clear,Dark,Wet,106,Humewood-Cedarvale,106,Humewood-Cedarvale (106),Non-Fatal Injury,1,0,1,0,0,0,0,0,0,1,0,0,0,Pedestrian Collisions,"['Driver', 'Pedestrian']",North,['Pick Up Truck'],['Turning Left'],['Failed to Yield Right of Way'],['Normal'],['Vehicle turns left while ped crosses with ROW at inter.'],['Crossing with right of way'],['Normal'],[],[],[],D13,False,"['35 to 39', '30 to 34', '5 to 9', '0 to 4']",3.0
2002522465.0,2022-12-26 10:00:00,112,2022,WESTON ROAD,BIRDSTONE CRESCENT,128 m South ,Major Shoreline,,43.673403,-79.468425,623465.2164,4836738.1845,Non Intersection,No Control,Clear,"Dark, artificial",Wet,90,Junction Area,90,Junction Area (90),Non-Fatal Injury,0,0,1,0,0,0,0,1,0,1,0,0,0,SMV Other,"['Driver', 'Passenger']",North,"['Automobile, Station Wagon']",['Going Ahead'],['Lost control'],['Inattentive'],[],[],[],[],[],[],D12,False,"['15 to 19', '20 to 24']",3.0
2002556621.0,2022-12-30 10:00:00,2234,2022,BLOOR ST W,MONTROSE AVE,76 m West of,Major Arterial,Toronto and East York,43.662856,-79.421268,627289.0228,4835638.0696,Non Intersection,No Control,Rain,"Dark, artificial",Wet,80,Palmerston-Little Italy,80,Palmerston-Little Italy (80),Non-Fatal Injury,1,0,1,0,0,0,0,0,0,0,0,0,0,Pedestrian Collisions,"['Driver', 'Pedestrian']",East,"['Automobile, Station Wagon']",['Going Ahead'],['Driving Properly'],['Normal'],['Pedestrian hit at mid-block'],"['Crossing, no Traffic Control']",['Inattentive'],[],[],[],D14,False,"['35 to 39', '40 to 44']",3.0
2019769.0,2020-10-24 08:00:00,1621,2020,DUPONT ST,CHRISTIE ST,,Major Arterial,Toronto and East York,43.671549,-79.421504,627251.6243,4836603.1809,Intersection Related,Traffic Signal,Clear,Daylight,Dry,95,Annex,95,Annex (95),Fatal,1,0,1,0,0,0,0,0,0,0,0,0,1,Pedestrian Collisions,"['Pedestrian', 'Driver']",North,['Passenger Van'],['Going Ahead'],['Lost control'],['Medical or Physical Disability'],['Pedestrian hit on sidewalk or shoulder'],['On Sidewalk or Shoulder'],['Normal'],[],[],[],D14,True,['70 to 74'],4.0
202070.0,2020-01-29 10:00:00,1634,2020,LAWRENCE AVE E,DON MILLS RD,,Major Arterial,North York,43.736853,-79.344562,633309.5954,4843977.0254,Non Intersection,No Control,Clear,Daylight,Dry,42,Banbury-Don Mills,42,Banbury-Don Mills (42),Fatal,1,0,1,0,0,0,0,0,0,0,0,0,0,Pedestrian Collisions,"['Pedestrian', 'Driver']",North,"['Automobile, Station Wagon']",['Going Ahead'],['Driving Properly'],['Inattentive'],['Pedestrian hit at mid-block'],"['Crossing, no Traffic Control']",['Normal'],[],[],[],D33,True,"['60 to 64', '25 to 29']",4.0
2045410.0,2020-10-28 08:00:00,1241,2020,DUFFERIN ST,BLOOR  ST W,,Major Arterial,Toronto and East York,43.659812,-79.435321,626162.3309,4835278.5287,Intersection Related,Traffic Signal,Clear,Daylight,Dry,83,Dufferin Grove,83,Dufferin Grove (83),Non-Fatal Injury,0,1,0,0,1,0,0,0,0,0,0,0,0,Cyclist Collisions,"['Cyclist', 'Driver']",North,"['Bicycle', 'Truck - Closed (Blazer, etc)']","['Going Ahead', 'Turning Right']",['Driving Properly'],['Normal'],[],[],[],[],['Failed to Yield Right of Way'],['Normal'],D14,False,"['30 to 34', '20 to 24']",3.0
2053531.0,2020-10-29 08:00:00,1525,2020,WELLINGTON ST W,UNIVERSITY AVE,,Major Arterial,Toronto and East York,43.646311,-79.384059,630324.9025,4833858.2897,At Intersection,Traffic Signal,Clear,Daylight,Dry,170,Yonge-Bay Corridor,76,Bay Street Corridor (76),Non-Fatal Injury,0,0,1,0,0,0,0,0,0,1,1,0,0,Angle,['Driver'],South,"['Automobile, Station Wagon']",['Going Ahead'],"['Disobeyed Traffic Control', 'Driving Properly']","['Inattentive', 'Normal']",[],[],[],[],[],[],D52,False,"['55 to 59', '70 to 74']",3.0
2063243.0,2020-10-30 08:00:00,2331,2020,THE QUEENSWAY,ISLINGTON AVE,30 m South o,Major Arterial,Etobicoke York,43.623519,-79.514743,619830.4929,4831130.0335,At Intersection,Traffic Signal,Clear,Dark,Dry,16,Stonegate-Queensway,16,Stonegate-Queensway (16),Non-Fatal Injury,0,0,1,0,0,0,0,1,0,1,0,1,0,SMV Other,"['Driver', 'Passenger']",South,"['Automobile, Station Wagon']",['Going Ahead'],['Lost control'],"['Ability Impaired, Alcohol Over .08']",[],[],[],[],[],[],D22,False,"['35 to 39', '30 to 34']",3.0
2072729.0,2020-11-01 09:00:00,1300,2020,BLOOR ST W,MARGUERETTA ST,1 m East of,Major Arterial,Toronto and East York,43.65898,-79.439731,625808.4804,4835179.4279,At Intersection,No Control,Clear,Daylight,Dry,83,Dufferin Grove,83,Dufferin Grove (83),Non-Fatal Injury,0,1,1,0,0,0,0,0,0,0,0,0,0,Cyclist Collisions,"['Driver', 'Cyclist']",East,"['Automobile, Station Wagon', 'Bicycle']","['Turning Left', 'Going Ahead']",['Improper Turn'],['Unknown'],[],[],[],"['Motorist turns right at non-signal Inter.(stop, yield, no cont.,and dwy) and strikes cyclist.']",['Driving Properly'],['Normal'],D11,False,"['unknown', '45 to 49']",3.0
2092644.0,2020-11-04 10:00:00,1241,2020,CHERRY ST,MILL ST,,Collector,Toronto and East York,43.651259,-79.357356,632467.6332,4834450.1104,At Intersection,Traffic Signal,Clear,Daylight,Dry,166,St Lawrence-East Bayfront-The Islands,77,Waterfront Communities-The Island (77),Fatal,1,0,0,0,1,0,0,0,0,1,0,0,0,Pedestrian Collisions,"['Pedestrian', 'Truck Driver']",East,['Truck (other)'],['Turning Right'],['Failed to Yield Right of Way'],['Normal'],['Vehicle turns right while ped crosses with ROW at inter.'],['Crossing with right of way'],['Normal'],[],[],[],D51,True,"['65 to 69', '60 to 64']",4.0
2109352.0,2020-11-06 10:00:00,1920,2020,WILLIAM R ALLEN RD N,LAWRENCE AVE W,,Expressway,North York,43.715041,-79.443568,625382.2351,4841399.9545,Non Intersection,No Control,Clear,"Dark, artificial",Dry,31,Yorkdale-Glen Park,31,Yorkdale-Glen Park (31),Fatal,1,0,1,0,0,0,0,0,0,0,0,0,0,Pedestrian Collisions,"['Pedestrian', 'Driver']",North,['Delivery Van'],"['Unknown', 'Going Ahead']",['Driving Properly'],['Normal'],['Pedestrian hit at mid-block'],"['Crossing, no Traffic Control']",['Other'],[],[],[],D13,True,"['30 to 34', '25 to 29']",4.0
2112681.0,2020-11-07 10:00:00,958,2020,KINGSTON RD,PINE RIDGE DR,,Major Arterial,Scarborough,43.730227,-79.226428,642838.5902,4843437.9747,At Intersection,No Control,Clear,Daylight,Dry,123,Cliffcrest,123,Cliffcrest (123),Non-Fatal Injury,0,1,1,0,0,0,0,0,0,1,0,0,0,Cyclist Collisions,"['Driver', 'Cyclist']",East,"['Automobile, Station Wagon', 'Bicycle']","['Turning Left', 'Going Ahead']",['Failed to Yield Right of Way'],['Inattentive'],[],[],[],['Motorist turned left across cyclists path.'],['Driving Properly'],['Normal'],D43,False,"['70 to 74', '50 to 54']",3.0
2115460.0,2020-11-07 10:00:00,1720,2020,MILITARY TRL,ELLESMERE RD,,Major Arterial,Scarborough,43.779681,-79.217105,643471.2087,4848946.7181,At Intersection,Traffic Signal,Clear,"Dark, artificial",Dry,135,Morningside,135,Morningside (135),Non-Fatal Injury,1,0,1,0,0,0,0,0,0,1,0,0,0,Pedestrian Collisions,"['Driver', 'Pedestrian']",North,"['Automobile, Station Wagon']",['Turning Left'],['Failed to Yield Right of Way'],['Inattentive'],['Vehicle turns left while ped crosses with ROW at inter.'],['Crossing with right of way'],['Normal'],[],[],[],D43,False,"['60 to 64', '25 to 29']",3.0
2125289.0,2020-11-09 10:00:00,913,2020,JANE ST,WILSON AVE,2 m West of,Major Arterial,Etobicoke York,43.720843,-79.508594,620132.2662,4841948.0401,At Intersection,Traffic Signal,Clear,Daylight,Dry,154,Oakdale-Beverley Heights,26,Downsview-Roding-CFB (26),Non-Fatal Injury,1,0,1,0,0,0,0,0,0,1,0,0,0,Pedestrian Collisions,"['Driver', 'Pedestrian']",South,['Pick Up Truck'],['Turning Right'],['Failed to Yield Right of Way'],['Inattentive'],['Vehicle turns right while ped crosses with ROW at inter.'],['Crossing with right of way'],['Normal'],[],[],[],D31,False,"['55 to 59', '60 to 64']",3.0
212688.0,2020-01-31 10:00:00,415,2020,SHEPPARD AVE W,WILLIAM R ALLEN RD,,Major Arterial,North York,43.750178,-79.463344,623716.7462,4845272.6995,At Intersection,Traffic Signal,Clear,"Dark, artificial",Dry,155,Downsview,26,Downsview-Roding-CFB (26),Non-Fatal Injury,1,0,0,0,1,0,0,0,0,0,0,0,0,Pedestrian Collisions,"['Truck Driver', 'Pedestrian']",East,['Truck - Tank'],['Turning Right'],['Driving Properly'],['Normal'],['Other / Undefined'],['Other'],"['Ability Impaired, Drugs']",[],[],[],D32,False,"['25 to 29', '35 to 39']",3.0
2134679.0,2020-11-10 10:00:00,1430,2020,4168 FINCH AVE E,BAYLAWN DR,5 m East of,Major Arterial,Scarborough,43.803054,-79.288875,637642.0777,4851420.7815,At/Near Private Drive,No Control,Clear,Daylight,Dry,128,Agincourt South-Malvern West,128,Agincourt South-Malvern West (128),Non-Fatal Injury,1,0,1,0,0,0,0,0,0,0,0,0,0,Pedestrian Collisions,"['Driver', 'Pedestrian']",North,"['Automobile, Station Wagon']",['Turning Left'],['Driving Properly'],['Normal'],['Vehicle turns left while ped crosses without ROW at inter.'],"['Crossing, no Traffic Control']",['Normal'],[],[],[],D42,False,"['70 to 74', '50 to 54']",3.0
213617.0,2020-01-31 10:00:00,845,2020,LAKE SHORE BLVD W,KIPLING AVE,50 m West of,Major Arterial,Etobicoke York,43.59801,-79.517459,619661.9391,4828293.0354,Non Intersection,No Control,Clear,Daylight,Dry,18,New Toronto,18,New Toronto (18),Non-Fatal Injury,0,0,0,0,0,1,0,1,0,0,0,0,0,Other,"['Driver', 'Passenger']",East,['Street Car'],['Slowing or Stopping'],['Driving Properly'],['Normal'],[],[],[],[],[],[],D22,False,"['60 to 64', '70 to 74']",3.0
2139980.0,2020-11-11 10:00:00,1017,2020,1733 WILSON  AVE,,,Major Arterial,Etobicoke York,43.718814,-79.517726,619400.7109,4841709.4952,Non Intersection,No Control,Clear,Daylight,Dry,154,Oakdale-Beverley Heights,26,Downsview-Roding-CFB (26),Non-Fatal Injury,1,0,0,0,1,0,0,0,0,1,0,0,0,Pedestrian Collisions,"['Truck Driver', 'Pedestrian']",East,['Truck - Open'],['Going Ahead'],['Lost control'],['Inattentive'],['Pedestrian hit on sidewalk or shoulder'],['On Sidewalk or Shoulder'],['Normal'],[],[],[],D31,False,"['25 to 29', '65 to 69']",3.0
214205.0,2020-01-31 10:00:00,1014,2020,DANFORTH AVE,PAPE AVE,9 m South of,Major Arterial,Toronto and East York,43.678881,-79.344806,633418.5064,4837538.0166,At Intersection,Traffic Signal,Clear,Daylight,Dry,69,Blake-Jones,69,Blake-Jones (69),Non-Fatal Injury,1,0,1,0,0,0,0,1,0,1,0,0,0,Pedestrian Collisions,"['Driver', 'Passenger', 'Pedestrian']",East,"['Automobile, Station Wagon']",['Slowing or Stopping'],['Failed to Yield Right of Way'],['Normal'],['Vehicle is going straight thru inter.while ped cross with ROW'],['Crossing with right of way'],['Normal'],[],[],[],D55,False,"['40 to 44', '65 to 69', '0 to 4', '85 to 89']",3.0
2145844.0,2020-11-12 10:00:00,747,2020,LAKE SHORE BLVD E,BOOTH AVE,9 m South of,Major Arterial,,43.653449,-79.340747,633802.1832,4834719.9869,At Intersection,No Control,Clear,Daylight,Dry,70,South Riverdale,70,South Riverdale (70),Non-Fatal Injury,0,1,0,0,0,0,0,0,0,0,0,0,0,Other,['Moped Driver'],West,['Moped'],['Going Ahead'],['Lost control'],['Fatigue'],[],[],[],[],[],[],D55,False,['60 to 64'],3.0
2154297.0,2020-11-13 10:00:00,1245,2020,GERVAIS DR,WYNFORD DR,51 m North o,Collector,North York,43.724162,-79.336978,633948.6173,4842579.7345,Non Intersection,No Control,Clear,Daylight,Dry,42,Banbury-Don Mills,42,Banbury-Don Mills (42),Non-Fatal Injury,0,0,1,0,0,0,0,0,0,0,0,0,1,Approaching,['Driver'],North,"['Automobile, Station Wagon']","['Going Ahead', 'Stopped']","['Lost control', 'Driving Properly']","['Medical or Physical Disability', 'Normal']",[],[],[],[],[],[],D33,False,"['90 to 94', '70 to 74']",3.0
2161753.0,2020-11-14 10:00:00,1446,2020,259 WELLESLEY ST E,ROSE  AVE,30 m West of,Minor Arterial,Toronto and East York,43.667788,-79.371089,631324.1111,4836264.0449,Intersection Related,No Control,Clear,Daylight,Dry,71,Cabbagetown-South St.James Town,71,Cabbagetown-South St.James Town (71),Non-Fatal Injury,1,0,1,0,0,0,0,0,0,0,0,0,0,Pedestrian Collisions,"['Driver', 'Pedestrian']",South,"['Automobile, Station Wagon']",['Going Ahead'],['Driving Properly'],['Unknown'],['Pedestrian hit at mid-block'],"['Crossing, no Traffic Control']",['Inattentive'],[],[],[],D51,False,"['20 to 24', '90 to 94']",3.0
2201920.0,2020-11-20 10:00:00,1550,2020,HARVIE AVE,ROGERS  RD,10 m North o,Local,Etobicoke York,43.683863,-79.452846,624699.4318,4837923.214,Intersection Related,Stop Sign,Clear,Daylight,Dry,109,Caledonia-Fairbank,109,Caledonia-Fairbank (109),Non-Fatal Injury,1,0,1,0,0,0,0,0,0,0,0,0,0,Pedestrian Collisions,"['Driver', 'Pedestrian']",Unknown,"['Automobile, Station Wagon']",['Going Ahead'],['Driving Properly'],['Unknown'],['Vehicle is going straight thru inter.while ped cross without ROW'],['Running onto Roadway'],['Normal'],[],[],[],D13,False,"['40 to 44', '10 to 14', '5 to 9']",3.0
2202286.0,2020-11-20 10:00:00,1643,2020,ROYAL YORK RD,JUDSON ST,,Minor Arterial,Etobicoke York,43.616103,-79.498325,621170.0038,4830330.2221,At Intersection,No Control,Clear,Dusk,Dry,160,Mimico-Queensway,17,Mimico (includes Humber Bay Shores) (17),Fatal,0,1,0,0,1,0,0,0,0,1,0,0,0,Cyclist Collisions,"['Cyclist', 'Truck Driver']",South,"['Bicycle', 'Truck - Tank']","['Going Ahead', 'Turning Right']",['Failed to Yield Right of Way'],['Inattentive'],[],[],[],"['Motorist turns right at non-signal Inter.(stop, yield, no cont.,and dwy) and strikes cyclist.']",['Driving Properly'],['Normal'],D22,True,"['55 to 59', '45 to 49']",4.0