accident_number,date,time,year,street1,street2,offset,road_class,district,latitude,longitude,x,y,accident_location,traffctl,visibility,light,road_surface_condition,hood_158,neighbourhood_new,hood_140,neighbourhood_old,accident_class,pedestrian,cyclist,automobile,motorcycle,truck,trsn_city_veh,emerg_veh,passenger,speeding,aggressive_driving,redlight,alcohol,disability,impact_type,involvement_type,initial_direction,vehicle_type,manoeuver,driver_action,driver_condition,pedestrian_type,pedestrian_action,pedestrian_condition,cyclist_type,cyclist_action,cyclist_condition,division,injury,involvement_age,injury_severity_score
3000839391.0,2023-04-16 08:00:00,824,2023,BLOOR ST W,ABERFOYLE CRES,,Major Arterial,Etobicoke York,43.645594,-79.518939,619448.2147,4833575.6904,At Intersection,Traffic Signal,Clear,Daylight,Dry,16,Stonegate-Queensway,16,Stonegate-Queensway (16),Fatal,1,0,1,0,0,0,0,0,0,0,0,0,0,Pedestrian Collisions,"['Pedestrian', 'Driver']",East,"['Automobile, Station Wagon']",['Going Ahead'],['Other'],['Other'],['Unknown'],['Other'],['Normal'],[],[],[],D22,True,"['65 to 69', '70 to 74']",4.0
3000851315.0,2023-04-17 08:00:00,1650,2023,JONES AV,GERRARD ST E,,Minor Arterial,Etobicoke York,43.669257,-79.335567,634184.6814,4836484.0435,Other,Traffic Signal,Rain,Daylight,Wet,70,South Riverdale,70,South Riverdale (70),Non-Fatal Injury,1,0,1,0,0,0,0,0,0,0,0,0,0,Pedestrian Collisions,"['Driver', 'Pedestrian']",East,"['Automobile, Station Wagon']",['Going Ahead'],['Driving Properly'],['Normal'],['Pedestrian hit a PXO/ped. Mid-block signal'],['Crossing marked crosswalk without ROW'],['Normal'],[],[],[],D55,False,['20 to 24'],3.0
3000861369.0,2023-04-18 08:00:00,2013,2023,JARVIS ST,SHUTER ST,,Major Arterial,Toronto and East York,43.655368,-79.373889,631125.406,4834880.2095,Intersection Related,Traffic Signal,Clear,"Dark, artificial",Dry,73,Moss Park,73,Moss Park (73),Non-Fatal Injury,1,0,0,0,1,0,0,0,0,0,0,0,0,Pedestrian Collisions,"['Truck Driver', 'Pedestrian']",East,['Truck - Open'],['Turning Right'],['Improper Turn'],['Normal'],['Vehicle turns right while ped crosses with ROW at inter.'],['Crossing with right of way'],['Normal'],[],[],[],D51,False,"['45 to 49', '80 to 84']",3.0
3000862268.0,2023-04-18 08:00:00,2305,2023,ALBION RD,FINCH AVE W,,Major Arterial,Etobicoke York,43.741023,-79.589183,613602.6449,4844075.6596,At Intersection,Traffic Signal,Clear,"Dark, artificial",Dry,2,Mount Olive-Silverstone-Jamestown,2,Mount Olive-Silverstone-Jamestown (2),Fatal,0,0,1,0,0,0,0,1,1,1,0,0,0,Rear End,"['Driver', 'Passenger']",East,"['Passenger Van', 'Automobile, Station Wagon']","['Going Ahead', 'Slowing or Stopping']","['Driving Properly', 'Exceeding Speed Limit']","['Normal', 'Other']",[],[],[],[],[],[],D23,True,"['60 to 64', '35 to 39', '50 to 54', '65 to 69']",4.0
3000889124.0,2023-04-22 08:00:00,227,2023,MIDLAND AV,GOODLAND GT,,Major Arterial,Scarborough,43.779215,-79.275546,638769.4317,4848795.3386,Intersection Related,Stop Sign,Rain,"Dark, artificial",Wet,128,Agincourt South-Malvern West,128,Agincourt South-Malvern West (128),Non-Fatal Injury,0,0,1,0,0,0,0,0,1,1,0,0,0,Turning Movement,['Driver'],North,"['Pick Up Truck', 'Automobile, Station Wagon']","['Turning Left', 'Going Ahead']","['Improper Turn', 'Driving Properly']","['Normal', 'Unknown']",[],[],[],[],[],[],D42,False,"['55 to 59', '15 to 19']",3.0
3000935041.0,2013-11-07 10:00:00,900,2013,610 UNIVERSITY AVE,,,Major Arterial,Toronto and East York,43.658202,-79.389766,629839.004,4835169.995,Non Intersection,No Control,Clear,Daylight,Dry,170,Yonge-Bay Corridor,76,Bay Street Corridor (76),Non-Fatal Injury,1,0,1,0,0,0,0,0,0,0,0,0,0,Pedestrian Collisions,"['Driver', 'Pedestrian']",East,"['Automobile, Station Wagon']",['Making U Turn'],['Improper Turn'],['Normal'],['Pedestrian hit at mid-block'],"['Crossing, no Traffic Control']",['Normal'],[],[],[],D52,False,"['50 to 54', '55 to 59']",3.0
3000936141.0,2013-11-08 10:00:00,1813,2013,QUEEN ST W,RONCESVALLES AVE,,Major Arterial,Toronto and East York,43.638579,-79.44688,625274.4368,4832902.8184,Non Intersection,No Control,Clear,"Dark, artificial",Dry,87,High Park-Swansea,87,High Park-Swansea (87),Non-Fatal Injury,0,0,1,0,0,0,0,1,0,0,0,0,0,SMV Other,"['Driver', 'Passenger']",West,['Passenger Van'],['Going Ahead'],['Lost control'],['Normal'],[],[],[],[],[],[],D11,False,"['55 to 59', '65 to 69']",3.0
3000936395.0,2013-11-08 10:00:00,1900,2013,955 BAY ST,,,Major Arterial,Toronto and East York,43.664359,-79.38718,630034.2319,4835857.8617,Private Driveway,No Control,Clear,"Dark, artificial",Dry,169,Bay-Cloverhill,76,Bay Street Corridor (76),Non-Fatal Injury,1,0,1,0,0,0,0,0,0,1,0,0,0,Pedestrian Collisions,"['Driver', 'Pedestrian']",North,"['Automobile, Station Wagon']",['Turning Left'],['Failed to Yield Right of Way'],['Inattentive'],['Pedestrian hit on sidewalk or shoulder'],['On Sidewalk or Shoulder'],['Normal'],[],[],[],D52,False,"['45 to 49', '25 to 29']",3.0
3000937530.0,2013-11-08 10:00:00,2304,2013,F G GARDINER XY  W,PARKSIDE DR,,,Toronto and East York,43.637927,-79.446986,625267.2416,4832830.2455,Non Intersection,No Control,Clear,"Dark, artificial",Dry,85,South Parkdale,85,South Parkdale (85),Non-Fatal Injury,1,0,1,0,0,0,0,0,0,0,0,0,0,Pedestrian Collisions,"['Driver', 'Pedestrian']",Unknown,"['Automobile, Station Wagon']",['Going Ahead'],['Driving Properly'],['Normal'],['Pedestrian hit at mid-block'],['Other'],['Unknown'],[],[],[],D11,False,"['50 to 54', '25 to 29']",3.0
3000965934.0,2023-05-01 08:00:00,1055,2023,BRIMLEY RD,LAWRENCE AVE E,,Major Arterial,Scarborough,43.753455,-79.255328,640456.7043,4845968.3801,At Intersection,Traffic Signal,Clear,Daylight,Dry,157,Bendale South,127,Bendale (127),Fatal,0,0,1,0,0,0,0,1,1,1,0,0,0,Turning Movement,"['Driver', 'Passenger']",West,"['Passenger Van', 'Automobile, Station Wagon']","['Turning Left', 'Going Ahead']","['Improper Turn', 'Exceeding Speed Limit']",['Normal'],[],[],[],[],[],[],D43,True,"['60 to 64', '15 to 19']",4.0
3000972719.0,2013-11-14 10:00:00,1945,2013,545 THE WEST MALL,,,Minor Arterial,Etobicoke York,43.651686,-79.569782,615336.0127,4834180.3657,Non Intersection,No Control,Clear,"Dark, artificial",Dry,13,Etobicoke West Mall,13,Etobicoke West Mall (13),Non-Fatal Injury,1,0,1,0,0,0,0,0,0,0,0,0,0,Pedestrian Collisions,"['Driver', 'Pedestrian']",South,"['Automobile, Station Wagon']",['Going Ahead'],['Driving Properly'],['Normal'],['Pedestrian hit at mid-block'],['Playing or Working on Highway'],['Had Been Drinking'],[],[],[],D22,False,"['45 to 49', '15 to 19', 'unknown']",3.0
3000983486.0,2013-11-16 10:00:00,1516,2013,FAIRFAX CR,WARDEN AV,,Major Arterial,Scarborough,43.71617,-79.282756,638334.3866,4841781.1779,At Intersection,Traffic Signal,Clear,Daylight,Dry,120,Clairlea-Birchmount,120,Clairlea-Birchmount (120),Non-Fatal Injury,0,0,1,0,0,0,0,1,1,1,0,0,0,Turning Movement,"['Driver', 'Passenger']",North,"['Automobile, Station Wagon', 'Pick Up Truck']","['Turning Left', 'Going Ahead']","['Failed to Yield Right of Way', 'Driving Properly']",['Normal'],[],[],[],[],[],[],D41,False,"['75 to 79', '40 to 44', '60 to 64']",3.0
3000986891.0,2013-11-17 10:00:00,412,2013,LANSDOWNE AVE,BRANDON AVE,,Minor Arterial,Toronto and East York,43.66828,-79.447078,625196.7343,4836201.2017,Non Intersection,No Control,Rain,"Dark, artificial",Wet,171,Junction-Wallace Emerson,93,Dovercourt-Wallace Emerson-Junction (93),Non-Fatal Injury,1,0,1,0,0,0,0,0,0,0,0,0,0,Pedestrian Collisions,"['Driver', 'Pedestrian']",North,"['Automobile, Station Wagon']",['Going Ahead'],['Driving Properly'],['Normal'],['Pedestrian hit at mid-block'],['Running onto Roadway'],"['Ability Impaired, Alcohol']",[],[],[],D13,False,"['60 to 64', '25 to 29']",3.0
3000989119.0,2013-11-17 10:00:00,1506,2013,MEADOWVALE RD,DEAN PARK  RD,,Minor Arterial,Scarborough,43.804213,-79.168781,647299.6495,4851756.2801,At Intersection,Traffic Signal,Clear,Daylight,Dry,143,West Rouge,131,Rouge (131),Non-Fatal Injury,0,0,1,0,0,0,0,1,0,1,1,0,0,Angle,"['Driver', 'Passenger']",South,"['Automobile, Station Wagon', 'Passenger Van']",['Going Ahead'],"['Disobeyed Traffic Control', 'Driving Properly']","['Inattentive', 'Normal']",[],[],[],[],[],[],D42,False,"['60 to 64', '25 to 29', '0 to 4']",3.0
3000996799.0,2013-11-18 10:00:00,2035,2013,BATHURST ST,FRONTENAC AVE,,Major Arterial,North York,43.716799,-79.42921,626535.1898,4841617.0247,Non Intersection,No Control,Clear,"Dark, artificial",Dry,39,Bedford Park-Nortown,39,Bedford Park-Nortown (39),Non-Fatal Injury,0,0,1,0,0,0,0,1,0,0,0,1,0,SMV Other,"['Driver', 'Passenger']",South,"['Automobile, Station Wagon']",['Other'],['Lost control'],"['Ability Impaired, Alcohol']",[],[],[],[],[],[],D53,False,"['20 to 24', '30 to 34']",3.0
3001000463.0,2013-11-19 10:00:00,1327,2013,MOUNT PLEASANT RD,TED ROGERS WAY,,Major Arterial,Toronto and East York,43.669963,-79.379894,630609.5198,4836491.7069,Intersection Related,Traffic Signal,Clear,Daylight,Dry,74,North St.James Town,74,North St.James Town (74),Non-Fatal Injury,0,0,1,0,0,0,0,1,0,1,0,0,0,Rear End,"['Driver', 'Passenger']",West,"['Automobile, Station Wagon']",['Going Ahead'],"['Following too Close', 'Driving Properly']","['Inattentive', 'Normal']",[],[],[],[],[],[],D51,False,"['45 to 49', '65 to 69', '35 to 39', '40 to 44', '60 to 64']",3.0
3001002195.0,2013-11-19 10:00:00,1820,2013,VICTORIA PARK AVE,SUNRISE AVE,,Major Arterial,North York,43.719775,-79.300586,636889.846,4842151.9606,,Traffic Signal,Clear,"Dark, artificial",Dry,120,Clairlea-Birchmount,120,Clairlea-Birchmount (120),Non-Fatal Injury,1,0,1,0,0,0,0,0,0,1,0,0,0,Pedestrian Collisions,"['Driver', 'Pedestrian']",East,"['Automobile, Station Wagon']",['Turning Left'],['Failed to Yield Right of Way'],['Inattentive'],['Vehicle turns left while ped crosses with ROW at inter.'],['Crossing with right of way'],['Normal'],[],[],[],D41,False,"['60 to 64', '25 to 29']",3.0
3001005166.0,2013-11-20 10:00:00,937,2013,SHEPPARD AVE W,KODIAK CRES,,Major Arterial,North York,43.751868,-79.467212,623401.8562,4845454.6291,,Traffic Signal,Clear,Daylight,Dry,155,Downsview,26,Downsview-Roding-CFB (26),Fatal,0,1,1,0,0,0,0,0,1,1,1,0,0,Cyclist Collisions,"['Cyclist', 'Driver']",North,"['Bicycle', 'Automobile, Station Wagon']",['Going Ahead'],['Disobeyed Traffic Control'],['Unknown'],[],[],[],"['Motorist without ROW drives into path of cyclist at inter, lnwy, dwy-Driver not turn.']",['Driving Properly'],['Normal'],D32,True,['20 to 24'],4.0
3001013927.0,2013-11-21 10:00:00,1650,2013,YONGE ST,FRONT ST,,Major Arterial,Toronto and East York,43.646437,-79.376781,630911.6025,4833883.7385,Non Intersection,No Control,Clear,"Dusk, artificial",Dry,166,St Lawrence-East Bayfront-The Islands,77,Waterfront Communities-The Island (77),Non-Fatal Injury,1,0,1,0,0,0,0,0,0,0,0,0,0,Pedestrian Collisions,"['Driver', 'Pedestrian']",North,"['Automobile, Station Wagon']",['Slowing or Stopping'],['Driving Properly'],['Normal'],['Pedestrian hit at mid-block'],"['Crossing, no Traffic Control']",['Inattentive'],[],[],[],D51,False,"['40 to 44', '65 to 69']",3.0
3001015199.0,2023-05-07 08:00:00,35,2023,MARKHAM RD,SHEPPARD AVE E,100 metres W,Major Arterial,Scarborough,43.793566,-79.239902,641603.8992,4850449.6117,Non Intersection,No Control,Clear,Dark,Dry,128,Agincourt South-Malvern West,128,Agincourt South-Malvern West (128),Fatal,1,0,1,0,0,0,0,0,0,1,0,0,0,Pedestrian Collisions,"['Pedestrian', 'Driver']",South,"['Automobile, Station Wagon']",['Going Ahead'],['Failed to Yield Right of Way'],['Other'],['Pedestrian hit at mid-block'],['Crossing without right of way'],['Other'],[],[],[],D42,True,"['55 to 59', '20 to 24']",4.0
3001015348.0,2023-05-07 08:00:00,100,2023,STEELES AV W,KEELE ST,70 m East of,,,43.781745,-79.493648,621213.1666,4848733.8724,Non Intersection,No Control,Clear,"Dark, artificial",Dry,27,York University Heights,27,York University Heights (27),Non-Fatal Injury,0,0,1,1,0,0,0,0,1,1,0,0,0,Rear End,"['Motorcycle Driver', 'Driver']",East,"['Motorcycle', 'Automobile, Station Wagon']",['Going Ahead'],"['Exceeding Speed Limit', 'Driving Properly']","['Other', 'Normal']",[],[],[],[],[],[],NSA,False,"['25 to 29', '35 to 39']",3.0
3001015663.0,2013-11-22 10:00:00,31,2013,HOSKIN AVE,ST GEORGE ST,,Minor Arterial,Toronto and East York,43.664099,-79.398433,629127.5026,4835811.409,Intersection Related,Traffic Signal,Rain,"Dark, artificial",Wet,79,University,79,University (79),Non-Fatal Injury,0,1,1,0,0,0,0,0,0,0,0,0,0,Cyclist Collisions,"['Cyclist', 'Driver']",East,"['Bicycle', 'Automobile, Station Wagon']",['Going Ahead'],['Driving Properly'],['Unknown'],[],[],[],"['Cyclist without ROW rides into path of motorist at inter, lnwy, dwy-Cyclist not turn.']",['Disobeyed Traffic Control'],['Unknown'],D52,False,['20 to 24'],3.0
3001021983.0,2013-11-23 10:00:00,1,2013,HIGHWAY 427  S,27 S 427 C S RAMP,,,Etobicoke York,43.669295,-79.574916,614888.403,4836128.9484,Non Intersection,No Control,Clear,"Dark, artificial",Dry,11,Eringate-Centennial-West Deane,11,Eringate-Centennial-West Deane (11),Non-Fatal Injury,0,0,1,0,0,0,0,0,0,0,0,1,0,SMV Other,['Driver'],South,"['Automobile, Station Wagon']",['Going Ahead'],['Lost control'],"['Ability Impaired, Alcohol']",[],[],[],[],[],[],D22,False,['25 to 29'],3.0
3001022701.0,2013-11-23 10:00:00,130,2013,WINSTON PARK BLVD,ANTHONY RD,,Local,North York,43.72782,-79.471133,623135.4674,4842777.9159,At/Near Private Drive,Stop Sign,Clear,"Dark, artificial",Dry,155,Downsview,26,Downsview-Roding-CFB (26),Non-Fatal Injury,0,0,1,0,0,0,0,0,1,1,0,0,0,SMV Unattended Vehicle,['Driver'],West,"['Automobile, Station Wagon']",['Turning Left'],['Lost control'],['Unknown'],[],[],[],[],[],[],D32,False,['25 to 29'],3.0
3001029733.0,2013-11-24 10:00:00,1018,2013,EGLINTON AVE E,OSWEGO RD,,Major Arterial,Scarborough,43.737418,-79.244701,641349.9951,4844205.3046,Non Intersection,No Control,Clear,Daylight,Dry,138,Eglinton East,138,Eglinton East (138),Fatal,0,0,1,0,0,0,0,1,1,1,0,0,0,Approaching,"['Driver', 'Passenger']",East,"['Automobile, Station Wagon']","['Changing Lanes', 'Going Ahead']","['Speed too Fast For Condition', 'Driving Properly']",['Normal'],[],[],[],[],[],[],D43,True,"['40 to 44', '45 to 49', '30 to 34', '35 to 39']",4.0
3001037077.0,2023-05-09 08:00:00,1531,2023,BANBURY RD,YORK MILLS RD,,Collector,North York,43.752497,-79.365459,631592.4959,4845681.1127,Intersection Related,Traffic Signal,Clear,Daylight,Dry,42,Banbury-Don Mills,40,St.Andrew-Windfields (40),Non-Fatal Injury,1,0,1,0,0,0,0,0,0,0,0,0,0,Pedestrian Collisions,"['Driver', 'Pedestrian']",East,"['Automobile, Station Wagon']",['Going Ahead'],['Driving Properly'],['Normal'],['Vehicle is going straight thru inter.while ped cross without ROW'],['Crossing without right of way'],['Normal'],[],[],[],D33,False,"['90 to 94', '10 to 14']",3.0
3001047627.0,2013-11-27 10:00:00,1120,2013,JARVIS ST,GERRARD ST E,,Major Arterial,Toronto and East York,43.660418,-79.375896,630952.5866,4835437.9093,At Intersection,Traffic Signal,Clear,Daylight,Dry,168,Downtown Yonge East,75,Church-Yonge Corridor (75),Non-Fatal Injury,1,0,1,0,0,0,0,0,0,1,0,0,0,Pedestrian Collisions,"['Driver', 'Pedestrian']",North,"['Automobile, Station Wagon']",['Turning Left'],['Failed to Yield Right of Way'],['Normal'],['Vehicle turns left while ped crosses with ROW at inter.'],['Crossing with right of way'],['Normal'],[],[],[],D51,False,['30 to 34'],3.0
3001054757.0,2013-11-28 10:00:00,1423,2013,295 THE WEST MALL,,,Minor Arterial,Etobicoke York,43.6351,-79.561916,616002.2662,4832349.2449,Non Intersection,No Control,Clear,Daylight,Dry,12,Markland Wood,12,Markland Wood (12),Non-Fatal Injury,0,0,1,0,0,0,0,0,0,0,0,0,0,SMV Other,['Driver'],North,"['Automobile, Station Wagon']",['Going Ahead'],['Lost control'],['Unknown'],[],[],[],[],[],[],D22,False,['80 to 84'],3.0
3001061187.0,2013-11-29 10:00:00,1545,2013,WILLOWDALE AVE,PEMBERTON AVE,,Minor Arterial,North York,43.782489,-79.407451,628147.7385,4848946.3222,At Intersection,No Control,Clear,Daylight,Dry,50,Newtonbrook East,50,Newtonbrook East (50),Non-Fatal Injury,1,0,1,0,0,0,0,0,0,0,0,0,0,Pedestrian Collisions,"['Driver', 'Pedestrian']",South,"['Automobile, Station Wagon']",['Going Ahead'],['Driving Properly'],['Unknown'],['Vehicle is going straight thru inter.while ped cross without ROW'],"['Crossing, no Traffic Control']",['Unknown'],[],[],[],D32,False,"['unknown', '10 to 14']",3.0
3001064601.0,2013-11-30 10:00:00,509,2013,295 DAVENPORT RD,,,Major Arterial,Toronto and East York,43.674319,-79.399799,628995.4717,4836944.3518,Non Intersection,No Control,Clear,Dark,Dry,95,Annex,95,Annex (95),Non-Fatal Injury,0,0,1,0,0,0,0,0,1,1,0,1,0,SMV Other,['Driver'],South,"['Automobile, Station Wagon']",['Going Ahead'],['Lost control'],"['Ability Impaired, Alcohol']",[],[],[],[],[],[],D53,False,['45 to 49'],3.0
3001076357.0,2023-05-13 08:00:00,2212,2023,FINCH AVE W,CHAMPAGNE DR,,Major Arterial,North York,43.767756,-79.471439,623028.9779,4847212.9391,Intersection Related,Traffic Signal,Clear,"Dark, artificial",Dry,27,York University Heights,27,York University Heights (27),Fatal,0,0,1,1,0,0,0,0,0,1,0,0,0,Turning Movement,"['Driver', 'Motorcycle Driver']",East,"['Automobile, Station Wagon', 'Motorcycle']","['Turning Left', 'Going Ahead']",['Failed to Yield Right of Way'],['Normal'],[],[],[],[],[],[],D32,True,"['40 to 44', '55 to 59']",4.0
3001085931.0,2013-12-03 10:00:00,1815,2013,ST CLAIR AVE E,HERRON AVE,,Major Arterial,Scarborough,43.71091,-79.286075,638079.0981,4841191.4444,Intersection Related,Traffic Signal,Clear,"Dark, artificial",Dry,120,Clairlea-Birchmount,120,Clairlea-Birchmount (120),Non-Fatal Injury,1,0,1,0,0,0,0,0,1,1,0,0,0,Pedestrian Collisions,"['Driver', 'Pedestrian']",North,"['Automobile, Station Wagon']",['Turning Left'],['Failed to Yield Right of Way'],['Inattentive'],['Vehicle turns left while ped crosses with ROW at inter.'],['Crossing with right of way'],['Unknown'],[],[],[],D41,False,"['70 to 74', '50 to 54']",3.0
3001089776.0,2013-12-04 10:00:00,1143,2013,BATHURST ST,WELLS ST,,Major Arterial,Toronto and East York,43.670024,-79.413135,627929.544,4836446.6816,At Intersection,Traffic Signal,Clear,Daylight,Dry,95,Annex,95,Annex (95),Non-Fatal Injury,1,0,1,0,0,0,0,0,0,0,0,0,0,Pedestrian Collisions,"['Driver', 'Pedestrian']",East,"['Automobile, Station Wagon']",['Going Ahead'],['Driving Properly'],['Normal'],['Vehicle is going straight thru inter.while ped cross without ROW'],['Crossing without right of way'],['Inattentive'],[],[],[],D14,False,"['65 to 69', '70 to 74']",3.0
3001090818.0,2013-12-04 10:00:00,1435,2013,DENTON AVE,ROBINSON AVE,,Collector,Scarborough,43.694903,-79.279659,638632.8892,4839424.3457,At Intersection,Stop Sign,Clear,Daylight,Dry,121,Oakridge,121,Oakridge (121),Non-Fatal Injury,0,1,1,0,0,0,0,0,0,0,0,0,0,Cyclist Collisions,"['Cyclist', 'Driver']",North,"['Bicycle', 'Automobile, Station Wagon']",['Going Ahead'],['Driving Properly'],['Normal'],[],[],[],"['Cyclist without ROW rides into path of motorist at inter, lnwy, dwy-Cyclist not turn.']",['Failed to Yield Right of Way'],['Inattentive'],D41,False,"['25 to 29', '55 to 59']",3.0
3001098840.0,2013-12-05 10:00:00,1905,2013,LAKE SHORE BLVD W,BATHURST ST,,Major Arterial,Toronto and East York,43.636473,-79.399638,629089.5182,4832741.306,Intersection Related,Traffic Signal,Clear,"Dark, artificial",Dry,165,Harbourfront-CityPlace,77,Waterfront Communities-The Island (77),Non-Fatal Injury,0,0,1,1,0,0,0,1,0,0,0,0,0,Turning Movement,"['Driver', 'Motorcycle Driver', 'Motorcycle Passenger']",East,"['Automobile, Station Wagon', 'Motorcycle']","['Turning Left', 'Going Ahead']","['Improper Turn', 'Driving Properly']",['Normal'],[],[],[],[],[],[],D14,False,"['35 to 39', '45 to 49', '25 to 29']",3.0
3001104210.0,2013-12-06 10:00:00,1616,2013,BELLAMY RD N,ROCHMAN BLVD,,Minor Arterial,Scarborough,43.759902,-79.236118,641987.9946,4846717.1754,At Intersection,Stop Sign,Clear,Daylight,Dry,142,Woburn North,137,Woburn (137),Non-Fatal Injury,0,0,1,0,0,0,0,0,0,1,0,0,0,Angle,['Driver'],North,"['Automobile, Station Wagon']",['Going Ahead'],"['Disobeyed Traffic Control', 'Driving Properly']","['Unknown', 'Normal']",[],[],[],[],[],[],D43,False,"['30 to 34', '45 to 49']",3.0
3001107258.0,2013-12-07 10:00:00,304,2013,35 FOUNTAINHEAD RD,,,Local,Etobicoke York,43.762107,-79.503124,620490.0743,4846538.9472,Non Intersection,No Control,Clear,"Dark, artificial",Dry,27,York University Heights,27,York University Heights (27),Non-Fatal Injury,1,0,1,0,0,0,0,0,0,1,0,0,0,Pedestrian Collisions,"['Driver', 'Pedestrian']",West,"['Automobile, Station Wagon']",['Other'],['Failed to Yield Right of Way'],['Unknown'],['Pedestrian hit at mid-block'],"['Crossing, no Traffic Control']",['Had Been Drinking'],[],[],[],D31,False,"['unknown', '20 to 24']",3.0
3001129731.0,2013-12-11 10:00:00,135,2013,UNIVERSITY AVE,ADELAIDE ST W,,Major Arterial,Toronto and East York,43.648795,-79.385516,630202.0279,4834131.8833,At Intersection,Traffic Signal,Clear,"Dark, artificial",Dry,170,Yonge-Bay Corridor,76,Bay Street Corridor (76),Non-Fatal Injury,1,0,1,0,0,0,0,0,0,0,0,0,0,Pedestrian Collisions,"['Driver', 'Pedestrian']",East,"['Automobile, Station Wagon']",['Going Ahead'],['Driving Properly'],['Normal'],['Vehicle is going straight thru inter.while ped cross without ROW'],['Crossing without right of way'],['Had Been Drinking'],[],[],[],D52,False,"['40 to 44', 'unknown']",3.0
3001131937.0,2013-12-11 10:00:00,1153,2013,CLAREMORE AVE,KINGSTON RD,450 m West o,Minor Arterial,Scarborough,43.699797,-79.257335,640420.4557,4840005.463,Non Intersection,No Control,Clear,Daylight,Dry,122,Birchcliffe-Cliffside,122,Birchcliffe-Cliffside (122),Non-Fatal Injury,0,0,1,0,0,0,0,1,1,1,0,0,0,Sideswipe,"['Driver', 'Passenger']",West,"['Automobile, Station Wagon']",['Changing Lanes'],['Other'],['Normal'],[],[],[],[],[],[],D41,False,['15 to 19'],3.0
3001133431.0,2013-12-11 10:00:00,1605,2013,SHEPPARD AVE W,DON RIVER BLVD,7 m West of,Major Arterial,North York,43.756991,-79.430812,626321.5973,4846078.4866,At Intersection,No Control,Clear,Dusk,Dry,38,Lansing-Westgate,38,Lansing-Westgate (38),Non-Fatal Injury,1,0,1,0,0,0,0,1,0,0,0,0,0,Pedestrian Collisions,"['Pedestrian', 'Passenger', 'Driver']",East,"['Automobile, Station Wagon']",['Going Ahead'],['Driving Properly'],['Normal'],['Vehicle is going straight thru inter.while ped cross without ROW'],['Running onto Roadway'],['Inattentive'],[],[],[],D32,False,"['15 to 19', '85 to 89', '35 to 39']",3.0
3001139681.0,2013-12-12 10:00:00,1705,2013,200 GATEWAY BLVD,,,Collector,North York,43.714598,-79.335178,634114.9377,4841520.4249,At/Near Private Drive,No Control,Clear,"Dark, artificial",Dry,44,Flemingdon Park,44,Flemingdon Park (44),Non-Fatal Injury,1,0,1,0,0,0,0,0,0,1,0,0,0,Pedestrian Collisions,"['Pedestrian', 'Driver']",East,['Passenger Van'],['Turning Left'],['Failed to Yield Right of Way'],['Inattentive'],['Pedestrian hit at private driveway'],"['Crossing, no Traffic Control']",['Normal'],[],[],[],D55,False,"['35 to 39', '45 to 49']",3.0
3001160562.0,2023-05-23 08:00:00,1733,2023,YORKWOODS GT,JANE ST,7 m West of,Collector,North York,43.750727,-79.51601,619475.4613,4845256.364,Intersection Related,Traffic Signal,Clear,Daylight,Dry,25,Glenfield-Jane Heights,25,Glenfield-Jane Heights (25),Non-Fatal Injury,0,0,1,1,0,0,0,0,0,1,0,0,0,Turning Movement,"['Driver', 'Motorcycle Driver']",East,"['Automobile, Station Wagon', 'Motorcycle']","['Turning Left', 'Going Ahead']","['Failed to Yield Right of Way', 'Driving Properly']","['Other', 'Normal']",[],[],[],[],[],[],D31,False,"['65 to 69', '25 to 29']",3.0
3001161677.0,2013-12-16 10:00:00,1237,2013,DUFFERIN ST,OVERBROOK PL,,Major Arterial,North York,43.76097,-79.465167,623547.7637,4846468.5897,At Intersection,Traffic Signal,Clear,Daylight,Wet,34,Bathurst Manor,34,Bathurst Manor (34),Non-Fatal Injury,0,0,1,0,0,0,0,1,0,1,0,0,0,Turning Movement,"['Driver', 'Passenger']",North,"['Automobile, Station Wagon']","['Turning Left', 'Going Ahead']","['Failed to Yield Right of Way', 'Driving Properly']",['Normal'],[],[],[],[],[],[],D32,False,"['80 to 84', '15 to 19', '20 to 24']",3.0
3001165167.0,2023-05-24 08:00:00,830,2023,AVENUE RD,BERNARD AVE,20 m East of,,,43.674007,-79.396274,629280.302,4836915.1879,Intersection Related,Stop Sign,Clear,"Daylight, artificial",Dry,95,Annex,95,Annex (95),Non-Fatal Injury,1,0,1,0,0,0,0,0,0,0,0,0,0,Pedestrian Collisions,"['Driver', 'Pedestrian']",East,"['Automobile, Station Wagon']",['Turning Left'],[],['Unknown'],[],[],['Unknown'],[],[],[],D53,False,"['35 to 39', '70 to 74']",3.0
3001181189.0,2023-05-26 08:00:00,50,2023,STEELES AV WEST,JANE ST,,Major Shoreline,North York,43.775332,-79.521732,618966.0031,4847980.8766,Intersection Related,Traffic Signal,Clear,"Dark, artificial",Dry,24,Black Creek,24,Black Creek (24),Non-Fatal Injury,0,1,0,0,0,0,0,0,0,0,0,0,0,Cyclist Collisions,['Cyclist'],East,['Bicycle'],['Going Ahead'],[],[],[],[],[],['Motorist turned left across cyclists path.'],[],['Unknown'],D31,False,['55 to 59'],3.0
3001181592.0,2013-12-19 10:00:00,1558,2013,WILSON AVE,HAYMARKET RD,314 m  of,Major Arterial,Etobicoke York,43.719237,-79.515971,619541.2403,4841759.005,At Intersection,No Control,Clear,Daylight,Dry,154,Oakdale-Beverley Heights,26,Downsview-Roding-CFB (26),Non-Fatal Injury,1,0,1,0,0,0,0,0,0,1,0,0,0,Pedestrian Collisions,"['Driver', 'Pedestrian']",North,"['Automobile, Station Wagon']",['Turning Left'],['Failed to Yield Right of Way'],['Normal'],['Vehicle turns left while ped crosses with ROW at inter.'],"['Crossing, no Traffic Control']",['Normal'],[],[],[],D31,False,"['60 to 64', '65 to 69']",3.0