accident_number,date,time,year,street1,street2,offset,road_class,district,latitude,longitude,x,y,accident_location,traffctl,visibility,light,road_surface_condition,hood_158,neighbourhood_new,hood_140,neighbourhood_old,accident_class,pedestrian,cyclist,automobile,motorcycle,truck,trsn_city_veh,emerg_veh,passenger,speeding,aggressive_driving,redlight,alcohol,disability,impact_type,involvement_type,initial_direction,vehicle_type,manoeuver,driver_action,driver_condition,pedestrian_type,pedestrian_action,pedestrian_condition,cyclist_type,cyclist_action,cyclist_condition,division,injury,involvement_age,injury_severity_score
3001446604.0,2023-06-23 08:00:00,1138,2023,DUFFERIN ST,SYLVAN AV,65 m North o,Major Arterial,Toronto and East York,43.654734,-79.433391,626328.5992,4834717.4867,Intersection Related,Traffic Signal,Clear,Daylight,Dry,83,Dufferin Grove,83,Dufferin Grove (83),Non-Fatal Injury,1,0,0,0,1,0,0,0,0,1,0,0,0,Pedestrian Collisions,"['Truck Driver', 'Pedestrian']",South,['Truck - Dump'],['Going Ahead'],['Failed to Yield Right of Way'],['Normal'],['Vehicle is going straight thru inter.while ped cross with ROW'],['Crossing with right of way'],['Normal'],[],[],[],D11,False,"['25 to 29', '80 to 84']",3.0
3001448363.0,2023-06-23 08:00:00,1451,2023,SHEPPARD AVE W,BEECROFT RD,,Major Arterial,North York,43.760932,-79.413089,627739.9471,4846543.3773,At Intersection,Traffic Signal,Rain,Daylight,Wet,38,Lansing-Westgate,38,Lansing-Westgate (38),Non-Fatal Injury,0,0,1,0,0,0,0,0,0,1,1,0,0,Angle,['Driver'],East,"['Automobile, Station Wagon']",['Going Ahead'],"['Disobeyed Traffic Control', 'Driving Properly']",['Normal'],[],[],[],[],[],[],D32,False,"['40 to 44', '35 to 39']",3.0
3001452923.0,2023-06-24 08:00:00,31,2023,GARDINER E LOWER JARVIS RAMP,LOWER JARVIS ST,,Expressway Ramp,Toronto and East York,43.645449,-79.369914,631467.5831,4833784.8635,Non Intersection,No Control,Clear,"Dark, artificial",Dry,166,St Lawrence-East Bayfront-The Islands,77,Waterfront Communities-The Island (77),Fatal,1,0,0,0,0,0,0,0,0,0,0,0,0,Pedestrian Collisions,"['Pedestrian', 'Driver']",East,[],['Going Ahead'],['Driving Properly'],['Normal'],['Pedestrian hit at mid-block'],['Running onto Roadway'],['Normal'],[],[],[],D51,True,"['20 to 24', '65 to 69']",4.0
3001483428.0,2023-06-27 08:00:00,932,2023,JANE ST,YEWTREE BLVD,,Major Arterial,North York,43.754862,-79.51704,619384.3138,4845714.1312,Intersection Related,Traffic Signal,Clear,Daylight,Dry,25,Glenfield-Jane Heights,25,Glenfield-Jane Heights (25),Non-Fatal Injury,1,0,1,0,0,0,0,0,0,0,0,0,0,Pedestrian Collisions,"['Driver', 'Pedestrian']",West,"['Automobile, Station Wagon']",['Turning Left'],['Improper Turn'],['Normal'],['Vehicle turns left while ped crosses with ROW at inter.'],['Crossing with right of way'],['Normal'],[],[],[],D31,False,"['50 to 54', '45 to 49']",3.0
3001489552.0,2023-06-27 08:00:00,2122,2023,EGLINTON AV W,WILLOWRIDGE RD,20 m West of,Major Arterial,Etobicoke York,43.674327,-79.565357,615649.3777,4836701.1,Intersection Related,Traffic Signal,Clear,"Dark, artificial",Dry,7,Willowridge-Martingrove-Richview,7,Willowridge-Martingrove-Richview (7),Non-Fatal Injury,0,0,0,1,0,0,0,0,0,0,0,0,0,SMV Other,['Motorcycle Driver'],West,['Motorcycle'],['Turning Left'],['Lost control'],['Other'],[],[],[],[],[],[],D23,False,['20 to 24'],3.0
3001490275.0,2023-06-27 08:00:00,2317,2023,LOWER SIMCOE ST,GRAND TRUNK CRES,22 m South o,Collector,Toronto and East York,43.640998,-79.383472,630383.7376,4833269.134,Non Intersection,No Control,Clear,"Dark, artificial",Dry,165,Harbourfront-CityPlace,77,Waterfront Communities-The Island (77),Non-Fatal Injury,1,0,0,0,0,0,0,0,0,0,0,0,0,Pedestrian Collisions,['Pedestrian'],,[],[],[],[],['Pedestrian hit on sidewalk or shoulder'],['On Sidewalk or Shoulder'],['Normal'],[],[],[],D52,False,['30 to 34'],3.0
3001492664.0,2023-06-28 08:00:00,914,2023,WESTON RD,CORONADO CT,95 m North o,Major Arterial,North York,43.740245,-79.53976,617583.864,4844058.2055,Intersection Related,Traffic Signal,Clear,Daylight,Dry,22,Humbermede,22,Humbermede (22),Non-Fatal Injury,0,0,0,0,0,1,0,1,0,0,0,0,0,SMV Other,"['Driver', 'Passenger']",North,['Intercity Bus'],['Slowing or Stopping'],['Driving Properly'],['Normal'],[],[],[],[],[],[],D31,False,"['25 to 29', '70 to 74']",3.0
3001492927.0,2023-06-21 08:00:00,2000,2023,QUEEN ST E,BEECH AV,9 m West of,Minor Arterial,Toronto and East York,43.672633,-79.287204,638075.9552,4836938.3633,Non Intersection,No Control,Clear,Daylight,Dry,63,The Beaches,63,The Beaches (63),Non-Fatal Injury,0,1,1,0,0,0,0,0,0,0,0,0,0,Cyclist Collisions,"['Driver', 'Cyclist']",West,"['Automobile, Station Wagon', 'Bicycle']","['Parked', 'Going Ahead']",['Other'],['Normal'],[],[],[],['Cyclist struck opened vehicle door'],['Driving Properly'],['Normal'],D55,False,['65 to 69'],3.0
3001494486.0,2023-06-28 08:00:00,1230,2023,LAKE SHORE BV E,LOWER JARVIS ST,4 m North of,Major Arterial,Toronto and East York,43.645548,-79.369792,631477.2066,4833796.052,Intersection Related,Traffic Signal,Clear,Daylight,Dry,166,St Lawrence-East Bayfront-The Islands,77,Waterfront Communities-The Island (77),Non-Fatal Injury,0,0,1,0,0,0,0,1,0,1,1,0,0,Turning Movement,"['Driver', 'Passenger']",East,"['Automobile, Station Wagon', 'Passenger Van']",['Turning Right'],"['Disobeyed Traffic Control', 'Driving Properly']","['Other', 'Normal']",[],[],[],[],[],[],D51,False,"['80 to 84', '25 to 29', '50 to 54', '15 to 19']",3.0
3001497037.0,2023-06-28 08:00:00,1705,2023,26 GERRARD ST E,YONGE ST,50 m West of,Minor Arterial,Toronto and East York,43.659205,-79.381557,630498.7595,4835294.2701,Non Intersection,No Control,Clear,Daylight,Dry,168,Downtown Yonge East,75,Church-Yonge Corridor (75),Non-Fatal Injury,0,1,1,0,0,0,0,0,0,0,0,0,0,Cyclist Collisions,"['Cyclist', 'Driver']",East,"['Bicycle', 'Pick Up Truck']","['Going Ahead', 'Stopped']",['Driving Properly'],['Normal'],[],[],[],['Cyclist and Driver travelling in same direction. One vehicle sideswipes the other.'],['Lost control'],['Normal'],D51,False,"['35 to 39', '55 to 59']",3.0
3001500863.0,2023-06-29 08:00:00,630,2023,DON VALLEY PKWY N,LAWRENCE W DVP N RAMP,49 m East of,Expressway Ramp,North York,43.742407,-79.33208,634302.3415,4844614.0391,Non Intersection,No Control,Clear,Daylight,Dry,149,Parkwoods-O'Connor Hills,45,Parkwoods-Donalda (45),Non-Fatal Injury,0,0,1,0,0,0,0,0,0,0,0,0,0,SMV Other,['Driver'],North,"['Automobile, Station Wagon']",['Turning Right'],['Lost control'],['Normal'],[],[],[],[],[],[],D33,False,['40 to 44'],3.0
3001506035.0,2023-06-29 08:00:00,1650,2023,SPADINA AV,BALDWIN ST,100 m North ,Major Arterial,Toronto and East York,43.655223,-79.398967,629103.4703,4834824.7807,Non Intersection,No Control,Clear,Daylight,Dry,78,Kensington-Chinatown,78,Kensington-Chinatown (78),Non-Fatal Injury,1,0,0,1,0,0,0,0,0,0,0,0,0,Pedestrian Collisions,"['Motorcycle Driver', 'Pedestrian']",North,['Motorcycle'],['Going Ahead'],['Driving Properly'],['Normal'],['Pedestrian hit at mid-block'],"['Crossing, no Traffic Control']",['Normal'],[],[],[],D14,False,"['25 to 29', '70 to 74']",3.0
3001508922.0,2023-06-29 08:00:00,2310,2023,KENNEDY RD,FINCH AV,5 m North of,,,43.801391,-79.296474,637034.6136,4851223.467,Intersection Related,Traffic Signal,Clear,"Dark, artificial",Dry,130,Milliken,130,Milliken (130),Non-Fatal Injury,1,0,1,0,0,0,0,0,0,0,0,0,0,Pedestrian Collisions,"['Driver', 'Pedestrian']",North,"['Automobile, Station Wagon']",['Going Ahead'],['Driving Properly'],['Normal'],[],[],['Unknown'],[],[],[],D42,False,['45 to 49'],3.0
3001514208.0,2023-06-30 08:00:00,1444,2023,MCCOWAN RD,ELLESMERE RD,50 m East of,Major Arterial,Scarborough,43.772193,-79.250842,640773.9001,4848057.1422,Non Intersection,No Control,Clear,Daylight,Dry,142,Woburn North,137,Woburn (137),Non-Fatal Injury,0,0,1,0,0,0,0,0,0,0,0,0,0,Rear End,['Driver'],West,"['Automobile, Station Wagon']","['Going Ahead', 'Slowing or Stopping']","['Other', 'Driving Properly']","['Other', 'Normal']",[],[],[],[],[],[],D43,False,"['40 to 44', '70 to 74']",3.0
3001514707.0,2023-06-30 08:00:00,1537,2023,KENNEDY RD,WICKWARE GT,,,,43.75323,-79.276256,638772.3737,4845908.1127,Intersection Related,Traffic Signal,Clear,Daylight,Dry,126,Dorset Park,126,Dorset Park (126),Non-Fatal Injury,1,0,1,0,0,0,0,0,0,0,0,0,0,Pedestrian Collisions,"['Driver', 'Pedestrian']",North,"['Automobile, Station Wagon']",['Going Ahead'],['Driving Properly'],['Normal'],[],[],['Unknown'],[],[],[],D41,False,"['30 to 34', '15 to 19']",3.0
3001524851.0,2023-07-01 08:00:00,1840,2023,BROCK AV,CROATIA ST,,,,43.657577,-79.438526,625908.576,4835025.4342,Intersection Related,Stop Sign,Clear,Daylight,Dry,83,Dufferin Grove,83,Dufferin Grove (83),Non-Fatal Injury,1,0,1,0,0,0,0,0,0,1,0,0,0,Pedestrian Collisions,"['Driver', 'Pedestrian']",North,"['Automobile, Station Wagon']",['Going Ahead'],['Failed to Yield Right of Way'],['Normal'],[],[],['Unknown'],[],[],[],D11,False,"['50 to 54', '70 to 74']",3.0
3001535064.0,2023-07-03 08:00:00,26,2023,MORNINGSIDE AVE,MORNINGVIEW TRL,,Minor Arterial,Scarborough,43.812186,-79.204555,644402.8085,4852578.751,Non Intersection,No Control,Clear,"Dark, artificial",Dry,146,Malvern East,132,Malvern (132),Fatal,1,0,0,0,0,0,0,0,0,0,0,1,0,Pedestrian Collisions,"['Pedestrian', 'Driver']",North,[],['Going Ahead'],['Driving Properly'],"['Ability Impaired, Alcohol Over .08']",['Pedestrian hit at mid-block'],['Crossing without right of way'],['Other'],[],[],[],D42,True,"['35 to 39', '25 to 29']",4.0
3001543521.0,2023-07-04 08:00:00,21,2023,ADELAIDE ST W,SPADINA AV,,Major Arterial,North York,43.646742,-79.395534,629398.5139,4833888.2018,Intersection Related,Traffic Signal,Clear,"Dark, artificial",Dry,164,Wellington Place,77,Waterfront Communities-The Island (77),Non-Fatal Injury,0,1,1,0,0,0,0,0,1,1,0,0,0,Cyclist Collisions,"['Driver', 'Cyclist']",East,"['Automobile, Station Wagon', 'Bicycle']",['Going Ahead'],['Exceeding Speed Limit'],['Normal'],[],[],[],"['Motorist without ROW drives into path of cyclist at inter, lnwy, dwy-Driver not turn.']",[],['Unknown'],D52,False,"['25 to 29', '35 to 39']",3.0
3001553842.0,2023-07-05 08:00:00,235,2023,EGLINTON AV W,OAKWOOD AV,83 m West of,,,43.697086,-79.443744,625405.4917,4839405.5349,Non Intersection,Traffic Signal,Clear,"Dark, artificial",Dry,107,Oakwood Village,107,Oakwood Village (107),Non-Fatal Injury,0,0,1,1,0,0,0,1,0,0,0,0,0,Turning Movement,"['Driver', 'Motorcycle Driver', 'Motorcycle Passenger']",West,"['Automobile, Station Wagon', 'Motorcycle']","['Turning Left', 'Going Ahead']",['Driving Properly'],"['Normal', 'Unknown']",[],[],[],[],[],[],D13,False,"['35 to 39', '20 to 24']",3.0
3001556354.0,2023-07-05 08:00:00,1028,2023,WESTON RD,HIGHWAY 401 X W,,Major Arterial ,North York,43.713393,-79.536151,617927.1548,4841081.04,Intersection Related,Traffic Signal,Clear,Daylight,Dry,23,Pelmo Park-Humberlea,23,Pelmo Park-Humberlea (23),Non-Fatal Injury,0,1,1,0,0,0,0,1,0,0,0,0,0,Cyclist Collisions,"['Driver', 'Cyclist', 'Passenger']",South,"['Automobile, Station Wagon', 'Bicycle']","['Turning Right', 'Going Ahead']",['Improper Turn'],['Other'],[],[],[],['Motorist turning right on green or amber at signalized intersection strikes cyclist.'],['Driving Properly'],['Normal'],D31,False,"['50 to 54', '20 to 24', '80 to 84']",3.0
3001558655.0,2023-07-05 08:00:00,1420,2023,THE EAST ML,THE QUEENSWAY,,Minor Arterial,Etobicoke York,43.616427,-79.54626,617301.4711,4830297.3766,Intersection Related,Traffic Signal,Clear,Daylight,Dry,159,Etobicoke City Centre,14,Islington-City Centre West (14),Non-Fatal Injury,0,0,1,0,0,0,0,0,0,0,0,0,0,Turning Movement,['Driver'],North,"['Automobile, Station Wagon']","['Turning Left', 'Going Ahead']","['Improper Turn', 'Driving Properly']",['Normal'],[],[],[],[],[],[],D22,False,"['55 to 59', '60 to 64']",3.0
3001559884.0,2023-07-05 08:00:00,1625,2023,DUNDAS ST W,HIGH PARK AVE,,Major Arterial,Toronto and East York,43.665408,-79.470348,623326.5686,4835847.3735,Intersection Related,Traffic Signal,Clear,Daylight,Dry,90,Junction Area,90,Junction Area (90),Fatal,1,0,1,0,0,0,0,0,0,0,0,0,0,Pedestrian Collisions,"['Pedestrian', 'Driver']",South,"['Automobile, Station Wagon']",['Going Ahead'],['Driving Properly'],['Normal'],['Vehicle is going straight thru inter.while ped cross without ROW'],['Running onto Roadway'],['Normal'],[],[],[],D11,True,"['5 to 9', '40 to 44']",4.0
3001561550.0,2023-07-05 08:00:00,1916,2023,DON VALLEY PY N,DON MILLS RD,5 m South of,,,43.700118,-79.337681,633945.5477,4839908.1675,Non Intersection,No Control,Clear,Daylight,Dry,58,Old East York,58,Old East York (58),Non-Fatal Injury,0,0,0,1,0,0,0,0,0,0,0,0,0,SMV Other,['Motorcycle Driver'],North,['Motorcycle'],['Slowing or Stopping'],['Driving Properly'],['Normal'],[],[],[],[],[],[],D55,False,['25 to 29'],3.0
3001562840.0,2023-07-05 08:00:00,2207,2023,WOBURN AV,YONGE ST,,,,43.728324,-79.403034,628619.1557,4842937.3361,Intersection Related,Stop Sign,Clear,"Dark, artificial",Dry,105,Lawrence Park North,105,Lawrence Park North (105),Non-Fatal Injury,0,0,1,1,0,0,0,0,0,1,0,0,0,Turning Movement,"['Driver', 'Motorcycle Driver']",East,"['Automobile, Station Wagon', 'Motorcycle']","['Turning Left', 'Going Ahead']","['Improper Turn', 'Driving Properly']",['Normal'],[],[],[],[],[],[],D32,False,"['90 to 94', '30 to 34']",3.0
3001598176.0,2023-07-09 08:00:00,2318,2023,WILLIAM R ALLEN RD,SHEPPARD AVE W,36 m South o,Major Arterial,North York,43.750254,-79.463359,623715.3819,4845281.118,Intersection Related,Traffic Signal,Clear,"Dark, artificial",Dry,155,Downsview,27,York University Heights (27),Non-Fatal Injury,0,0,1,0,0,1,0,1,0,1,1,0,0,Turning Movement,"['Driver', 'Passenger']",North,"['Municipal Transit Bus (TTC)', 'Automobile, Station Wagon']","['Turning Left', 'Going Ahead']","['Driving Properly', 'Disobeyed Traffic Control']","['Normal', 'Other']",[],[],[],[],[],[],D32,False,"['30 to 34', '20 to 24']",3.0
3001604371.0,2023-07-10 08:00:00,1700,2023,SHEPPARD AVE W,RIVALDA RD,40 m East of,Major Arterial,North York,43.734786,-79.533443,618103.2672,4843460.8899,Non Intersection,Traffic Signal,Clear,Daylight,Dry,23,Pelmo Park-Humberlea,22,Humbermede (22),Non-Fatal Injury,0,1,0,0,0,1,0,0,0,0,0,0,0,Cyclist Collisions,"['Cyclist', 'Driver']",East,"['Bicycle', 'Municipal Transit Bus (TTC)']","['Going Ahead', 'Stopped']",['Driving Properly'],['Normal'],[],[],[],['Cyclist strikes a parked vehicle.'],['Lost control'],['Normal'],D31,False,"['65 to 69', '35 to 39']",3.0
3001611724.0,2023-07-11 08:00:00,1353,2023,HORNER AVE,THIRTIETH ST,,Minor Arterial,Etobicoke York,43.604193,-79.533695,618339.3319,4828956.4701,Intersection Related,Traffic Signal,Clear,Daylight,Dry,20,Alderwood,20,Alderwood (20),Fatal,1,0,1,0,0,0,0,0,0,0,0,0,0,Pedestrian Collisions,"['Pedestrian', 'Driver']",North,['Pick Up Truck'],['Turning Left'],['Improper Turn'],['Normal'],['Vehicle turns left while ped crosses with ROW at inter.'],['Crossing with right of way'],['Normal'],[],[],[],D22,True,"['65 to 69', '45 to 49']",4.0
3001614743.0,2023-07-11 08:00:00,2029,2023,EGLINTON AVE W,KANE AVE,29 m East of,Major Arterial,Toronto and East York,43.691306,-79.47002,623299.9573,4838724.1809,Non Intersection,No Control,Clear,Daylight,Dry,112,Beechborough-Greenbrook,112,Beechborough-Greenbrook (112),Non-Fatal Injury,1,0,1,0,0,0,0,0,0,0,0,0,0,Pedestrian Collisions,"['Driver', 'Pedestrian']",West,"['Automobile, Station Wagon']","['Going Ahead', 'Changing Lanes']","['Other', 'Driving Properly']","['Other', 'Normal']",['Pedestrian hit at mid-block'],['Other'],['Normal'],[],[],[],D12,False,"['50 to 54', '30 to 34', '25 to 29', '55 to 59']",3.0
3001620861.0,2023-07-12 08:00:00,1507,2023,LAKE SHORE BLVD W,ISLINGTON AVE,100 m North ,Major Arterial,Etobicoke York,43.600844,-79.505313,620636.6375,4828625.3534,Non Intersection,Traffic Signal,Clear,Daylight,Dry,18,New Toronto,18,New Toronto (18),Non-Fatal Injury,0,0,1,1,0,0,0,0,0,0,0,0,0,Turning Movement,"['Driver', 'Motorcycle Driver']",South,"['Automobile, Station Wagon', 'Motorcycle']","['Making U Turn', 'Going Ahead']","['Improper Turn', 'Driving Properly']",['Normal'],[],[],[],[],[],[],D22,False,"['60 to 64', '55 to 59']",3.0
3001621816.0,2023-07-12 08:00:00,1700,2023,QUEEN ST W,DOVERCOURT RD,10 m East of,Major Arterial,Toronto and East York,43.643496,-79.422374,627240.7269,4833486.1925,Intersection Related,Traffic Signal,Clear,Daylight,Dry,162,West Queen West,81,Trinity-Bellwoods (81),Non-Fatal Injury,0,0,1,0,0,0,0,0,1,1,0,0,0,Cyclist Collisions,['Driver'],West,"['Automobile, Station Wagon']",['Going Ahead'],['Exceeding Speed Limit'],['Normal'],[],[],[],[],[],[],D14,False,['50 to 54'],3.0
3001622602.0,2023-07-12 08:00:00,1840,2023,1176 YONGE ST,SCRIVENER SQ,,Major Arterial,Toronto and East York,43.680724,-79.391055,629686.5515,4837669.3494,Non Intersection,,Clear,Daylight,Dry,95,Annex,95,Annex (95),Non-Fatal Injury,0,1,1,0,0,0,0,0,0,1,0,0,0,Other,"['Cyclist', 'Driver']",South,"['Bicycle', 'Automobile, Station Wagon']",['Going Ahead'],['Following too Close'],['Normal'],[],[],[],['Insufficient information (to determine cyclist crash type).'],['Driving Properly'],['Normal'],D53,False,['30 to 34'],3.0
3001623085.0,2023-07-12 08:00:00,1957,2023,SPADINA RD,SILVERWOOD AVE,,Minor Arterial,Toronto and East York,43.695891,-79.415691,627668.6029,4839315.6254,At Intersection,No Control,Clear,"Daylight, artificial",Dry,101,Forest Hill South,101,Forest Hill South (101),,0,0,1,0,0,0,0,0,1,1,0,0,1,SMV Other,['Driver'],South,"['Automobile, Station Wagon']",['Going Ahead'],['Exceeding Speed Limit'],['Medical or Physical Disability'],[],[],[],[],[],[],D53,True,['70 to 74'],4.0
3001627049.0,2023-07-13 08:00:00,1020,2023,1085 ROYAL YORK RD,THE KINGSWAY,200 m South ,,,43.654132,-79.514278,619807.1533,4834530.6631,Non Intersection,Stop Sign,Clear,Daylight,Dry,15,Kingsway South,15,Kingsway South (15),Non-Fatal Injury,0,0,0,0,0,1,0,1,0,0,0,0,0,SMV Other,"['Driver', 'Passenger']",North,['Municipal Transit Bus (TTC)'],['Slowing or Stopping'],['Driving Properly'],['Normal'],[],[],[],[],[],[],D22,False,"['50 to 54', '75 to 79']",3.0
3001644736.0,2023-07-15 08:00:00,1135,2023,DANFORTH RD,TRUDELLE ST,,Major Arterial,Scarborough,43.739924,-79.245502,641279.5973,4844482.2673,Intersection Related,Traffic Signal,Clear,Daylight,Wet,138,Eglinton East,138,Eglinton East (138),Non-Fatal Injury,0,0,1,1,0,0,0,1,0,1,0,0,0,Turning Movement,"['Driver', 'Motorcycle Driver', 'Motorcycle Passenger']",North,"['Pick Up Truck', 'Motorcycle']","['Turning Left', 'Going Ahead']","['Improper Turn', 'Driving Properly']",['Normal'],[],[],[],[],[],[],D43,False,"['60 to 64', '20 to 24']",3.0
3001648805.0,2023-07-15 08:00:00,2129,2023,CALEDONIA RD,LOTHERTON PTWY,5 m East of,Minor Arterial,North York,43.707427,-79.465572,623625.2862,4840521.2636,At/Near Private Drive,No Control,Rain,Dark,Wet,31,Yorkdale-Glen Park,31,Yorkdale-Glen Park (31),Non-Fatal Injury,0,0,1,1,0,0,0,0,0,1,0,0,0,Turning Movement,"['Driver', 'Motorcycle Driver']",East,"['Automobile, Station Wagon', 'Motorcycle']","['Turning Left', 'Going Ahead']","['Failed to Yield Right of Way', 'Driving Properly']",['Normal'],[],[],[],[],[],[],D13,False,"['30 to 34', '15 to 19']",3.0
3001649078.0,2023-07-15 08:00:00,2200,2023,JANE ST,STEELES AV W,5 m South of,Major Arterial,North York,43.775313,-79.521693,618969.1794,4847978.8224,Intersection Related,Traffic Signal,Rain,"Dark, artificial",Wet,24,Black Creek,24,Black Creek (24),Non-Fatal Injury,1,0,1,0,0,0,0,0,0,0,0,0,0,Pedestrian Collisions,"['Driver', 'Pedestrian']",North,"['Automobile, Station Wagon']",['Turning Left'],['Improper Turn'],['Normal'],['Vehicle turns left while ped crosses with ROW at inter.'],['Crossing with right of way'],['Normal'],[],[],[],D31,False,"['35 to 39', '20 to 24']",3.0
3001681349.0,2023-07-19 08:00:00,1758,2023,CALEDONIA RD,KEITH AV,2 m North of,Minor Arterial,Toronto and East York,43.690676,-79.461223,624010.2058,4838667.3288,Intersection Related,Stop Sign,Clear,Daylight,Dry,109,Caledonia-Fairbank,109,Caledonia-Fairbank (109),Non-Fatal Injury,0,1,1,0,0,0,0,0,0,1,0,0,0,Cyclist Collisions,"['Driver', 'Cyclist']",South,"['Automobile, Station Wagon', 'Bicycle']",['Going Ahead'],['Failed to Yield Right of Way'],['Other'],[],[],[],"['Motorist without ROW drives into path of cyclist at inter, lnwy, dwy-Driver not turn.']",['Driving Properly'],['Normal'],D13,False,"['35 to 39', '60 to 64']",3.0
3001682522.0,2023-07-19 08:00:00,2037,2023,VICTORIA PARK AVE,CLINTWOOD GT,,Major Arterial,North York,43.748763,-79.312076,635898.714,4845352.5927,Intersection Related,Stop Sign,Clear,Daylight,Dry,119,Wexford/Maryvale,119,Wexford/Maryvale (119),Fatal,0,0,0,1,0,0,0,0,1,1,0,0,0,SMV Other,['Motorcycle Driver'],South,['Motorcycle'],['Going Ahead'],['Exceeding Speed Limit'],[],[],[],[],[],[],[],D41,True,['35 to 39'],4.0
3001688296.0,2023-07-20 08:00:00,1427,2023,YONGE ST,CHAPLIN CR,8 m North of,Major Arterial,Toronto and East York,43.698306,-79.396602,629201.6828,4839613.4141,Intersection Related,Traffic Signal,Clear,Daylight,Dry,174,South Eglinton-Davisville,104,Mount Pleasant West (104),Non-Fatal Injury,1,0,1,0,0,0,0,1,1,1,0,0,0,Pedestrian Collisions,"['Driver', 'Passenger', 'Pedestrian']",South,['Passenger Van'],['Going Ahead'],['Lost control'],['Normal'],['Vehicle is going straight thru inter.while ped cross with ROW'],['On Sidewalk or Shoulder'],['Normal'],[],[],[],D53,False,"['35 to 39', '30 to 34', '45 to 49']",3.0
3001713995.0,2023-07-23 08:00:00,1400,2023,SIMCOE ST,NELSON ST,10 m West of,Collector,Toronto and East York,43.649031,-79.386791,630098.6933,4834156.0945,At/Near Private Drive,,Clear,Daylight,Dry,164,Wellington Place,77,Waterfront Communities-The Island (77),Non-Fatal Injury,1,0,1,0,0,0,0,1,0,0,0,0,0,Pedestrian Collisions,"['Driver', 'Pedestrian', 'Passenger']",West,['Delivery Van'],['Going Ahead'],['Driving Properly'],['Normal'],['Pedestrian hit at private driveway'],['Other'],['Other'],[],[],[],D52,False,"['25 to 29', '35 to 39', '20 to 24']",3.0
3001717343.0,2023-07-23 08:00:00,2331,2023,KEELE ST,TORO RD,,Major Arterial,North York,43.759829,-79.490047,621547.32,4846305.0501,Intersection Related,Traffic Signal,Clear,"Dark, artificial",Dry,27,York University Heights,27,York University Heights (27),Non-Fatal Injury,0,0,1,0,0,0,0,1,0,0,0,0,0,Rear End,"['Driver', 'Passenger']",South,"['Automobile, Station Wagon']",['Stopped'],['Driving Properly'],['Normal'],[],[],[],[],[],[],D31,False,"['20 to 24', '10 to 14', '5 to 9', '35 to 39']",3.0
3001723451.0,2023-07-24 08:00:00,1730,2023,MORNINGSIDE AV,ELLESMERE RD,475 m South ,Major Arterial,Scarborough,43.781237,-79.191631,645517.3753,4849164.0012,Non Intersection,No Control,Rain,Daylight,Wet,135,Morningside,135,Morningside (135),Non-Fatal Injury,0,0,1,0,0,0,0,0,1,1,0,0,0,SMV Other,['Driver'],South,"['Automobile, Station Wagon']",['Going Ahead'],['Speed too Fast For Condition'],['Normal'],[],[],[],[],[],[],D43,False,['20 to 24'],3.0
3001727076.0,2023-07-25 08:00:00,633,2023,KIPLING AV,KINGSVIEW BV,33 m South o,Major Arterial,Etobicoke York,43.696643,-79.559734,616059.6206,4839187.4436,Intersection Related,Traffic Signal,Clear,Daylight,Dry,6,Kingsview Village-The Westway,6,Kingsview Village-The Westway (6),Non-Fatal Injury,0,0,1,0,0,0,0,0,1,1,0,0,0,Approaching,['Driver'],North,"['Automobile, Station Wagon', 'Passenger Van']",['Going Ahead'],"['Lost control', 'Driving Properly']","['Other', 'Normal']",[],[],[],[],[],[],D23,False,"['20 to 24', '50 to 54']",3.0
3001736827.0,2023-07-26 08:00:00,957,2023,QUEEN'S DR,ARKWRIGHT ST,,Local,North York,43.709563,-79.496211,621152.4493,4840713.2615,Intersection Related,Stop Sign,Clear,Daylight,Dry,28,Rustic,28,Rustic (28),Non-Fatal Injury,0,1,0,0,0,0,0,0,0,1,0,0,0,Cyclist Collisions,['Cyclist'],East,['Bicycle'],"['Turning Left', 'Going Ahead']",[],[],[],[],[],['Cyclist turned left across motorists path.'],"['Disobeyed Traffic Control', 'Driving Properly']",['Normal'],D12,False,"['50 to 54', '30 to 34']",3.0
3001739879.0,2023-07-22 08:00:00,1830,2023,95 QUEENS QUAY E,COOPER ST,10 m East of,Minor Arterial,,43.643103,-79.371051,631380.9962,4833522.5091,Non Intersection,,Clear,Daylight,Dry,166,St Lawrence-East Bayfront-The Islands,77,Waterfront Communities-The Island (77),Non-Fatal Injury,1,0,0,0,0,0,0,0,0,0,0,0,0,Pedestrian Collisions,"['Driver', 'Pedestrian']",East,['Unknown'],['Going Ahead'],[],['Unknown'],['Pedestrian hit a PXO/ped. Mid-block signal'],['Crossing with right of way'],['Normal'],[],[],[],D51,False,"['60 to 64', '55 to 59']",3.0
3001751416.0,2023-07-27 08:00:00,2322,2023,MARKHAM RD,BLAKEMANOR BV,66 m North o,Major Arterial,Scarborough,43.751025,-79.222263,643124.4631,4845755.0962,Non Intersection,,Clear,"Dark, artificial",Dry,141,Golfdale-Cedarbrae-Woburn,137,Woburn (137),Non-Fatal Injury,0,0,1,0,0,0,0,1,1,1,0,0,0,Rear End,"['Driver', 'Passenger']",North,"['Automobile, Station Wagon']","['Changing Lanes', 'Going Ahead']","['Exceeding Speed Limit', 'Driving Properly']","['Had Been Drinking', 'Unknown', 'Normal']",[],[],[],[],[],[],D43,False,"['20 to 24', '25 to 29', '30 to 34', '45 to 49', '55 to 59']",3.0