accident_number,date,time,year,street1,street2,offset,road_class,district,latitude,longitude,x,y,accident_location,traffctl,visibility,light,road_surface_condition,hood_158,neighbourhood_new,hood_140,neighbourhood_old,accident_class,pedestrian,cyclist,automobile,motorcycle,truck,trsn_city_veh,emerg_veh,passenger,speeding,aggressive_driving,redlight,alcohol,disability,impact_type,involvement_type,initial_direction,vehicle_type,manoeuver,driver_action,driver_condition,pedestrian_type,pedestrian_action,pedestrian_condition,cyclist_type,cyclist_action,cyclist_condition,division,injury,involvement_age,injury_severity_score
3002369350.0,2023-10-11 08:00:00,2204,2023,DAVENPORT RD,DARTNELL AV,5 m East of,,,43.676807,-79.412205,627990.0992,4837201.4596,Non Intersection,,Clear,"Dark, artificial",Dry,96,Casa Loma,96,Casa Loma (96),Non-Fatal Injury,0,0,1,1,0,0,0,0,1,1,0,0,0,Turning Movement,"['Motorcycle Driver', 'Driver']",South,"['Motorcycle', 'Automobile, Station Wagon']","['Going Ahead', 'Turning Left']","['Speed too Fast For Condition', 'Driving Properly']",['Normal'],[],[],[],[],[],[],D13,False,"['25 to 29', '35 to 39']",3.0
3002371012.0,2023-10-12 08:00:00,647,2023,STEELES AVE E,KELVIN GROVE AVE,,Major Arterial,Scarborough,43.822402,-79.312221,635720.2808,4853531.1229,At Intersection,Traffic Signal,Clear,"Dark, artificial",Dry,116,Steeles,116,Steeles (116),Fatal,1,0,1,0,0,0,0,0,0,0,0,0,0,Pedestrian Collisions,"['Pedestrian', 'Driver']",North,"['Automobile, Station Wagon']",['Going Ahead'],['Driving Properly'],['Normal'],['Pedestrian hit a PXO/ped. Mid-block signal'],['Crossing marked crosswalk without ROW'],['Normal'],[],[],[],D42,True,"['85 to 89', '55 to 59']",4.0
3002381502.0,2023-10-13 08:00:00,1135,2023,MCCOWAN RD,SANDHURST CRCL,40 m South o,Major Arterial,Scarborough,43.804782,-79.26517,639544.8939,4851652.4068,Intersection Related,Traffic Signal,Clear,Daylight,Dry,129,Agincourt North,129,Agincourt North (129),Non-Fatal Injury,0,0,1,0,1,0,0,1,1,1,0,0,0,Rear End,"['Driver', 'Truck Driver', 'Passenger']",South,"['Automobile, Station Wagon', 'Truck - Dump']","['Going Ahead', 'Slowing or Stopping']",['Driving Properly'],['Normal'],[],[],[],[],[],[],D42,False,"['75 to 79', '70 to 74']",3.0
3002391532.0,2023-10-14 08:00:00,1644,2023,ASHTONBEE RD,WARDEN AVE,,Major Arterial,Scarborough,43.730719,-79.28873,637819.7716,4843387.1041,Intersection Related,Traffic Signal,Clear,Daylight,Dry,119,Wexford/Maryvale,119,Wexford/Maryvale (119),Non-Fatal Injury,0,0,1,0,0,0,0,1,0,1,1,0,0,Turning Movement,"['Driver', 'Passenger']",South,"['Automobile, Station Wagon', 'Pick Up Truck']","['Turning Left', 'Going Ahead']","['Disobeyed Traffic Control', 'Driving Properly']",['Normal'],[],[],[],[],[],[],D41,False,"['20 to 24', '55 to 59']",3.0
3002392070.0,2023-10-14 08:00:00,1840,2023,EB FRED GARDINER EXPRESSWAY AND IS,ISLINGTON AVENUE,110 m West o,Expressway,Toronto and East York,43.619399,-79.517749,619596.1353,4830668.1231,Non Intersection,No Control,Clear,Daylight,Dry,160,Mimico-Queensway,17,Mimico (includes Humber Bay Shores) (17),Non-Fatal Injury,0,0,1,0,0,0,0,1,0,0,0,0,0,Rear End,"['Driver', 'Passenger']",East,"['Automobile, Station Wagon', 'Passenger Van']",['Going Ahead'],"['Lost control', 'Driving Properly']","['Inattentive', 'Normal']",[],[],[],[],[],[],D22,False,"['30 to 34', '55 to 59', '40 to 44', '0 to 4']",3.0
3002403703.0,2023-10-16 08:00:00,1040,2023,DAVISVILLE AVE,MOUNT PLEASANT RD,,Major Arterial,Toronto and East York,43.700228,-79.386943,629975.8591,4839841.9762,At Intersection,Traffic Signal,Clear,Daylight,Dry,99,Mount Pleasant East,99,Mount Pleasant East (99),Fatal,1,0,0,0,1,0,0,0,0,0,0,0,0,Pedestrian Collisions,"['Pedestrian', 'Truck Driver']",East,['Truck - Dump'],['Turning Right'],[],[],['Vehicle turns right while ped crosses with ROW at inter.'],['Crossing with right of way'],[],[],[],[],D53,True,"['85 to 89', '25 to 29']",4.0
3002425032.0,2023-10-18 08:00:00,2315,2023,MIDLAND AVE,KINGSTON RD,,Major Arterial,Scarborough,43.711127,-79.248157,641133.4172,4841279.4095,Intersection Related,Traffic Signal,Clear,"Dark, artificial",Dry,123,Cliffcrest,123,Cliffcrest (123),Non-Fatal Injury,1,0,1,0,0,0,0,0,0,0,0,0,0,Pedestrian Collisions,"['Driver', 'Pedestrian']",North,"['Automobile, Station Wagon']",['Going Ahead'],['Driving Properly'],['Normal'],['Vehicle is going straight thru inter.while ped cross without ROW'],['Crossing without right of way'],['Normal'],[],[],[],D41,False,"['35 to 39', '20 to 24']",3.0
3002428276.0,2023-10-19 08:00:00,1138,2023,KING ST W,JAMESON AV,5 m North of,Major Arterial,Toronto and East York,43.637183,-79.436008,626154.3007,4832764.241,Intersection Related,Traffic Signal,Clear,Daylight,Dry,85,South Parkdale,85,South Parkdale (85),Non-Fatal Injury,1,0,0,0,0,0,0,0,0,1,0,0,0,Pedestrian Collisions,"['Driver', 'Pedestrian']",North,['Other'],['Turning Left'],['Failed to Yield Right of Way'],['Normal'],['Vehicle turns left while ped crosses with ROW at inter.'],['Crossing with right of way'],['Normal'],[],[],[],D14,False,"['40 to 44', '60 to 64']",3.0
3002438140.0,2023-10-20 08:00:00,1435,2023,EGLINTON AVE E,RUMSEY RD EY,,,,43.712581,-79.369625,631344.3294,4841241.247,Intersection Related,Traffic Signal,Rain,Daylight,Wet,56,Leaside-Bennington,56,Leaside-Bennington (56),Non-Fatal Injury,1,0,1,0,0,0,0,0,0,1,0,0,0,Pedestrian Collisions,"['Driver', 'Pedestrian']",West,['Pick Up Truck'],['Turning Left'],['Failed to Yield Right of Way'],[],[],[],['Unknown'],[],[],[],D53,False,"['40 to 44', '45 to 49']",3.0
3002475391.0,2023-10-25 08:00:00,932,2023,ISLINGTON AV,JUTLAND RD,,Major Arterial,Etobicoke York,43.628951,-79.516956,619641.1702,4831730.1326,At Intersection,Traffic Signal,Clear,Daylight,Dry,16,Stonegate-Queensway,16,Stonegate-Queensway (16),Non-Fatal Injury,1,0,1,0,0,0,0,0,0,1,0,0,0,Pedestrian Collisions,"['Driver', 'Pedestrian']",East,['Pick Up Truck'],['Turning Left'],['Failed to Yield Right of Way'],['Normal'],['Vehicle turns left while ped crosses with ROW at inter.'],['Crossing with right of way'],['Normal'],[],[],[],D22,False,"['50 to 54', '70 to 74']",3.0
3002496578.0,2023-10-27 08:00:00,1915,2023,WAYSIDE AVE,FINCH AVE E,,Major Arterial,Scarborough,43.800517,-79.299609,636784.4206,4851121.2087,Intersection Related,Traffic Signal,Clear,"Daylight, artificial",Dry,148,East L'Amoreaux,117,L'Amoreaux (117),Non-Fatal Injury,1,0,1,0,0,0,0,0,0,1,0,0,0,Pedestrian Collisions,"['Driver', 'Pedestrian']",East,"['Automobile, Station Wagon']",['Turning Left'],['Failed to Yield Right of Way'],['Normal'],['Vehicle turns left while ped crosses with ROW at inter.'],['Crossing with right of way'],['Normal'],[],[],[],D42,False,"['25 to 29', '20 to 24']",3.0
3002503345.0,2023-10-28 08:00:00,1643,2023,SHEPPARD AV W,ARROW RD,15 m West of,Major Arterial,North York,43.735697,-79.5293,618435.1137,4843567.983,Intersection Related,Traffic Signal,Clear,Daylight,Dry,154,Oakdale-Beverley Heights,22,Humbermede (22),Non-Fatal Injury,1,0,1,0,0,0,0,1,0,0,0,0,0,Pedestrian Collisions,"['Driver', 'Passenger', 'Pedestrian']",West,"['Automobile, Station Wagon']",['Going Ahead'],['Lost control'],['Inattentive'],['Pedestrian hit on sidewalk or shoulder'],['Other'],['Normal'],[],[],[],D31,False,"['15 to 19', '35 to 39']",3.0
3002515701.0,2023-10-30 08:00:00,1014,2023,DUFFERIN ST,RIDELLE AV,9 m East of,Major Arterial,Toronto and East York,43.70148,-79.4519,624739.1508,4839881.246,Intersection Related,Stop Sign,Rain,Daylight,Wet,108,Briar Hill-Belgravia,108,Briar Hill-Belgravia (108),Fatal,1,0,1,0,0,0,0,0,0,0,0,0,0,Pedestrian Collisions,"['Pedestrian', 'Driver']",South,['Pick Up Truck'],['Turning Left'],['Improper Turn'],['Normal'],['Vehicle turns left while ped crosses without ROW at inter.'],['Crossing without right of way'],['Normal'],[],[],[],D13,True,"['85 to 89', '75 to 79', '65 to 69']",4.0
3002525409.0,2023-10-31 08:00:00,1250,2023,ROYAL YORK RD,EDENBRIDGE DR,,Minor Arterial,Etobicoke York,43.670119,-79.52135,619205.2264,4836296.0408,Intersection Related,Traffic Signal,Clear,Daylight,Dry,9,Edenbridge-Humber Valley,9,Edenbridge-Humber Valley (9),Non-Fatal Injury,1,0,1,0,0,0,0,0,0,1,1,0,0,Pedestrian Collisions,"['Pedestrian', 'Driver']",South,"['Automobile, Station Wagon']",['Going Ahead'],['Disobeyed Traffic Control'],['Normal'],['Vehicle is going straight thru inter.while ped cross with ROW'],['Crossing with right of way'],['Normal'],[],[],[],D22,False,"['65 to 69', '70 to 74', '75 to 79']",3.0
3002568792.0,2023-11-05 09:00:00,2025,2023,YORK MILLS RD,BIRCHWOOD AV,,Major Arterial,North York,43.746485,-79.391582,629502.3485,4844972.22,Intersection Related,Pedestrian Crossover,Clear,"Dark, artificial",Dry,41,Bridle Path-Sunnybrook-York Mills,40,St.Andrew-Windfields (40),Non-Fatal Injury,1,0,1,0,0,0,0,0,0,0,0,0,0,Pedestrian Collisions,"['Driver', 'Pedestrian']",East,"['Automobile, Station Wagon']",['Going Ahead'],['Driving Properly'],['Normal'],['Vehicle is going straight thru inter.while ped cross without ROW'],['Other'],['Normal'],[],[],[],D32,False,"['55 to 59', '25 to 29']",3.0
3002578946.0,2023-11-07 10:00:00,620,2023,KIPLING AVE,RONSON DR,5 m south of,Major Arterial,Etobicoke York,43.702521,-79.562328,615839.2696,4839836.6477,Intersection Related,Traffic Signal,Clear,Daylight,Dry,1,West Humber-Clairville,1,West Humber-Clairville (1),Fatal,1,0,1,0,0,0,0,0,0,0,0,0,0,Pedestrian Collisions,"['Driver', 'Pedestrian']",South,"['Automobile, Station Wagon']",['Going Ahead'],['Driving Properly'],['Normal'],['Vehicle is going straight thru inter.while ped cross without ROW'],['Crossing without right of way'],['Normal'],[],[],[],D23,True,"['55 to 59', '30 to 34']",4.0
3002585631.0,2023-11-07 10:00:00,2212,2023,BELGRAVIA AV,TIMES RD,34 m East of,Local,Toronto and East York,43.698592,-79.444568,625335.9542,4839571.5511,Non Intersection,Stop Sign,Clear,"Dark, artificial",Dry,108,Briar Hill-Belgravia,108,Briar Hill-Belgravia (108),Non-Fatal Injury,0,0,1,0,0,0,0,0,1,1,0,0,0,SMV Unattended Vehicle,['Driver'],East,"['Automobile, Station Wagon']","['Going Ahead', 'Parked']",['Lost control'],"['Had Been Drinking', 'Unknown']",[],[],[],[],[],[],D13,False,"['20 to 24', 'unknown']",3.0
3002591929.0,2023-11-08 10:00:00,1717,2023,DUNDAS ST E,YONGE ST,30 m South o,,,43.65607,-79.380817,630565.2226,4834947.251,Non Intersection,No Control,Rain,"Dusk, artificial",Wet,170,Yonge-Bay Corridor,76,Bay Street Corridor (76),Non-Fatal Injury,1,0,1,0,0,0,0,0,0,0,0,0,0,Pedestrian Collisions,"['Driver', 'Pedestrian']",North,"['Automobile, Station Wagon']",['Going Ahead'],['Other'],['Other'],[],[],['Unknown'],[],[],[],D52,False,"['65 to 69', '35 to 39']",3.0
3002607163.0,2023-11-10 10:00:00,1557,2023,55 ST CLAIR AVE W,YONGE ST,11 m North o,Major Arterial,Toronto and East York,43.688086,-79.394107,629424.7145,4838482.2325,Intersection Related,No Control,Clear,Daylight,Dry,98,Rosedale-Moore Park,98,Rosedale-Moore Park (98),Non-Fatal Injury,0,0,1,1,0,0,0,0,0,1,0,0,0,,"['Driver', 'Motorcycle Driver']",East,"['Automobile, Station Wagon', 'Motorcycle']","['Going Ahead', 'Overtaking']","['Improper Passing', 'Driving Properly']",['Normal'],[],[],[],[],[],[],D53,False,"['30 to 34', '25 to 29']",3.0
3002610286.0,2023-11-08 10:00:00,1,2023,WILSON AVE,Wilson heights Blvd,2 m West of,Minor Arterial,North York,43.736575,-79.451885,624667.5546,4843779.0658,Intersection Related,Traffic Signal,Other,"Dark, artificial",Dry,33,Clanton Park,33,Clanton Park (33),Non-Fatal Injury,1,0,0,0,0,0,0,0,0,0,0,0,0,Pedestrian Collisions,['Pedestrian'],,[],[],[],[],['Unknown'],['Crossing without right of way'],['Normal'],[],[],[],D32,False,['50 to 54'],3.0
3002611058.0,2023-11-11 10:00:00,303,2023,FGX W,B AMD DUNN AV,100 m West o,Expressway,Etobicoke York,43.632697,-79.433368,626376.6528,4832270.0295,Non Intersection,No Control,Clear,"Dark, artificial",Dry,85,South Parkdale,85,South Parkdale (85),Fatal,0,0,1,0,0,0,0,1,1,1,0,1,0,SMV Other,"['Driver', 'Passenger']",West,"['Automobile, Station Wagon']",['Going Ahead'],['Exceeding Speed Limit'],"['Ability Impaired, Alcohol Over .08']",[],[],[],[],[],[],D14,True,"['20 to 24', '25 to 29']",4.0
3002611595.0,2023-11-11 10:00:00,628,2023,F G GARDINER XY E,KIPLING AV,657 m West o,Expressway,Etobicoke York,43.616278,-79.533565,618326.1243,4830298.8396,Non Intersection,No Control,Clear,"Dark, artificial",Dry,20,Alderwood,20,Alderwood (20),Non-Fatal Injury,0,0,1,0,0,0,0,1,0,0,0,0,0,Sideswipe,"['Driver', 'Passenger']",East,"['Automobile, Station Wagon', 'Pick Up Truck']",['Going Ahead'],['Driving Properly'],['Normal'],[],[],[],[],[],[],D22,False,"['70 to 74', '40 to 44', '55 to 59', '50 to 54', '65 to 69', '45 to 49']",3.0
3002616293.0,2023-11-11 10:00:00,2020,2023,sandhurst crcl,finch ave e,61 m North o,Major Arterial,Scarborough,43.807185,-79.270396,639118.9456,4851910.4989,Non Intersection,No Control,Clear,"Dark, artificial",Dry,129,Agincourt North,129,Agincourt North (129),Non-Fatal Injury,0,0,0,1,0,0,0,0,0,0,0,0,0,SMV Other,['Motorcycle Driver'],West,['Motorcycle'],['Turning Left'],['Driving Properly'],['Normal'],[],[],[],[],[],[],D42,False,['25 to 29'],3.0
3002626902.0,2023-11-13 10:00:00,1033,2023,DUFFERIN ST,EGLINTON AVE W,,Major Arterial,North York,43.69562,-79.450237,624885.3143,4839232.9155,Intersection Related,Traffic Signal,,,,107,Oakwood Village,107,Oakwood Village (107),Fatal,1,0,0,0,1,0,0,0,0,1,0,0,0,Pedestrian Collisions,"['Truck Driver', 'Pedestrian']",East,['Truck - Dump'],[],['Failed to Yield Right of Way'],[],['Vehicle turns left while ped crosses with ROW at inter.'],['Crossing with right of way'],['Normal'],[],[],[],D13,True,"['30 to 34', '50 to 54']",4.0
3002628249.0,2023-11-13 10:00:00,1330,2023,FINCH AVE E,WARDEN AVE,,Major Arterial,Scarborough,43.796702,-79.315723,635496.7733,4850670.9836,,Traffic Signal,Clear,Daylight,Dry,148,East L'Amoreaux,117,L'Amoreaux (117),Fatal,0,0,1,1,0,0,0,0,0,1,0,0,0,Turning Movement,"['Driver', 'Motorcycle Driver']",North,"['Automobile, Station Wagon', 'Motorcycle']","['Making U Turn', 'Going Ahead']","['Failed to Yield Right of Way', 'Driving Properly']","['Inattentive', 'Normal']",[],[],[],[],[],[],D42,True,"['50 to 54', '30 to 34']",4.0
3002629156.0,2023-11-13 10:00:00,1542,2023,WOODBINE AVE,MORTIMER AVE,,Major Arterial,Toronto and East York,43.692813,-79.315822,635723.3916,4839132.3922,Intersection Related,Traffic Signal,Clear,Daylight,Dry,60,Woodbine-Lumsden,60,Woodbine-Lumsden (60),Non-Fatal Injury,0,0,1,1,0,0,0,0,0,1,0,0,0,Turning Movement,"['Driver', 'Motorcycle Driver']",North,"['Automobile, Station Wagon', 'Motorcycle']","['Turning Left', 'Going Ahead']","['Improper Turn', 'Driving Properly']",['Normal'],[],[],[],[],[],[],D55,False,"['45 to 49', '50 to 54']",3.0
3002633234.0,2023-11-14 10:00:00,642,2023,WELLINGTON ST E,SCOTT ST,,Minor Arterial,Scarborough,43.648081,-79.37601,630970.2108,4834067.5427,Intersection Related,Traffic Signal,Clear,"Dark, artificial",Dry,168,Downtown Yonge East,75,Church-Yonge Corridor (75),Fatal,1,0,1,0,0,0,0,1,0,0,0,0,0,Pedestrian Collisions,"['Passenger', 'Pedestrian', 'Driver']",North,"['Automobile, Station Wagon']",['Going Ahead'],['Other'],[],[],['Other'],['Fatigue'],[],[],[],D51,True,"['30 to 34', '55 to 59', '25 to 29', '45 to 49', '60 to 64']",4.0
3002657688.0,2023-11-17 10:00:00,702,2023,DAVENPORT RD,DUPONT ST,1 m North of,,,43.675815,-79.402561,628769.6192,4837106.2113,Intersection Related,Traffic Signal,Clear,"Dark, artificial",Dry,95,Annex,95,Annex (95),Non-Fatal Injury,0,0,1,0,0,0,0,0,0,1,1,0,0,Turning Movement,['Driver'],East,"['Automobile, Station Wagon', 'Rickshaw']","['Turning Right', 'Going Ahead']","['Disobeyed Traffic Control', 'Other']",[],[],[],[],[],[],[],D53,False,"['35 to 39', '30 to 34']",3.0
3002668525.0,2023-11-18 10:00:00,1510,2023,DANFORTH AV,2265 DANFORTH AV,,Major Arterial,Toronto and East York,43.686736,-79.308177,636353.2591,4838469.9983,At/Near Private Drive,No Control,Clear,Daylight,Dry,62,East End-Danforth,62,East End-Danforth (62),Non-Fatal Injury,0,0,1,0,0,0,0,0,0,1,0,0,0,Turning Movement,['Driver'],East,"['Automobile, Station Wagon', 'Unknown']","['Turning Right', 'Going Ahead']","['Failed to Yield Right of Way', 'Driving Properly']","['Inattentive', 'Normal']",[],[],[],[],[],[],D55,False,"['unknown', '65 to 69']",3.0
3002671468.0,2023-11-18 10:00:00,2230,2023,DANFORTH AV,PHARMACY AV,2 m West of,,,43.692336,-79.283352,638341.1895,4839133.0758,Intersection Related,Traffic Signal,Clear,"Dusk, artificial",Dry,121,Oakridge,121,Oakridge (121),Non-Fatal Injury,0,0,1,0,0,0,0,0,0,1,0,0,0,Rear End,['Driver'],East,"['Automobile, Station Wagon', 'Unknown']","['Going Ahead', 'Stopped']","['Improper Passing', 'Driving Properly']",['Normal'],[],[],[],[],[],[],D41,False,"['45 to 49', '35 to 39']",3.0
3002675190.0,2023-11-19 10:00:00,1246,2023,ROTHERHAM AV,KEELE ST,3 m West of,,,43.68584,-79.473179,623056.5506,4838112.4152,Intersection Related,No Control,Clear,Daylight,Dry,110,Keelesdale-Eglinton West,110,Keelesdale-Eglinton West (110),Non-Fatal Injury,0,0,1,0,0,0,0,1,0,1,0,0,0,Turning Movement,"['Driver', 'Passenger']",North,"['Automobile, Station Wagon']","['Turning Left', 'Going Ahead']","['Failed to Yield Right of Way', 'Driving Properly']",['Normal'],[],[],[],[],[],[],D12,False,"['30 to 34', '90 to 94', '80 to 84']",3.0
3002690239.0,2023-11-21 10:00:00,1248,2023,750 YORK MILLS RD,YORK MILLS RD,10 m South o,,,43.752895,-79.360866,631961.3949,4845732.6238,At/Near Private Drive,No Control,Rain,Daylight,Wet,42,Banbury-Don Mills,40,St.Andrew-Windfields (40),Non-Fatal Injury,0,0,1,0,0,0,0,1,1,1,0,0,0,Turning Movement,"['Driver', 'Passenger']",South,"['Automobile, Station Wagon']","['Turning Left', 'Going Ahead']","['Failed to Yield Right of Way', 'Driving Properly']","['Other', 'Normal']",[],[],[],[],[],[],D33,False,"['65 to 69', '20 to 24', '55 to 59']",3.0
3002725067.0,2023-11-25 10:00:00,2033,2023,BLOOR ST W,DUNDAS ST W,90 m East of,Major Arterial,Toronto and East York,43.656558,-79.451358,624875.9773,4834892.8692,Non Intersection,No Control,Clear,"Dark, artificial",Dry,86,Roncesvalles,88,High Park North (88),Property Damage O,1,0,1,0,0,0,0,0,0,0,0,0,0,Pedestrian Collisions,"['Driver', 'Pedestrian']",West,"['Automobile, Station Wagon']",['Going Ahead'],['Driving Properly'],['Normal'],['Pedestrian hit at mid-block'],['Crossing without right of way'],['Unknown'],[],[],[],D11,False,"['35 to 39', '45 to 49']",3.0
3002731107.0,2023-11-26 10:00:00,1810,2023,EGLINTON AV E,ROSEMOUNT DR,,,,43.730849,-79.273853,639017.6269,4843426.3951,Intersection Related,Traffic Signal,Rain,Dark,Wet,125,Ionview,125,Ionview (125),Non-Fatal Injury,1,0,1,0,0,0,0,0,0,1,0,0,0,Pedestrian Collisions,"['Driver', 'Pedestrian']",South,"['Automobile, Station Wagon']",['Turning Left'],['Failed to Yield Right of Way'],[],[],[],['Unknown'],[],[],[],D41,False,"['15 to 19', '20 to 24']",3.0
3002742062.0,2023-11-28 10:00:00,655,2023,DON MILLS RD W,ESTERBROOKE AVE,11 m North o,,,43.77909,-79.348705,632882.432,4848661.4255,Intersection Related,Traffic Signal,Clear,Dark,Dry,47,Don Valley Village,47,Don Valley Village (47),Non-Fatal Injury,1,0,1,0,0,0,0,0,0,0,0,0,0,Pedestrian Collisions,"['Driver', 'Pedestrian']",East,"['Automobile, Station Wagon']",['Turning Left'],['Improper Turn'],['Normal'],[],[],['Unknown'],[],[],[],D33,False,"['60 to 64', '20 to 24']",3.0
3002743496.0,2023-11-28 10:00:00,1025,2023,YONGE ST,HILLSDALE AVE E,1 m north,Major Arterial,Etobicoke York,43.703326,-79.397647,629106.7005,4840169.3274,Intersection Related,Stop Sign,Clear,Daylight,Dry,174,South Eglinton-Davisville,104,Mount Pleasant West (104),Fatal,1,0,0,0,1,0,0,0,0,0,0,0,0,Pedestrian Collisions,"['Pedestrian', 'Truck Driver']",North,"['Truck - Closed (Blazer, etc)']",['Turning Left'],['Improper Turn'],['Normal'],['Vehicle turns left while ped crosses with ROW at inter.'],['Crossing with right of way'],['Normal'],[],[],[],D53,True,"['75 to 79', '40 to 44']",4.0
3002755183.0,2023-11-29 10:00:00,1924,2023,113 TORYORK DR,ORMONT DRIVE,,Collector,North York,43.756602,-79.551448,616610.9302,4845858.3659,Non Intersection,,Clear,"Dark, artificial",Dry,21,Humber Summit,21,Humber Summit (21),Non-Fatal Injury,1,0,1,0,0,0,0,0,0,0,0,0,0,Pedestrian Collisions,"['Driver', 'Pedestrian']",East,"['Automobile, Station Wagon']",['Going Ahead'],['Driving Properly'],['Normal'],['Pedestrian hit at mid-block'],['Crossing without right of way'],['Normal'],[],[],[],D31,False,"['60 to 64', '40 to 44']",3.0
3002763481.0,2023-11-30 10:00:00,1956,2023,WESTON RD,RAY AVE,20 m East of,Minor Arterial,Toronto and East York,43.688666,-79.494174,621358.7119,4838395.3422,Non Intersection,,Clear,Dark,Dry,115,Mount Dennis,115,Mount Dennis (115),Non-Fatal Injury,1,0,1,0,0,0,0,0,0,0,0,0,0,Pedestrian Collisions,"['Driver', 'Pedestrian']",West,"['Automobile, Station Wagon']",['Going Ahead'],['Driving Properly'],['Normal'],['Pedestrian hit at mid-block'],['Crossing without right of way'],['Had Been Drinking'],[],[],[],D12,False,"['65 to 69', '45 to 49']",3.0
3002774341.0,2023-12-02 10:00:00,328,2023,176 CHERRY ST,,,Collector,Toronto and East York,43.641585,-79.349551,633118.4258,4833388.1748,Non Intersection,No Control,Rain,"Dark, artificial",Wet,70,South Riverdale,70,South Riverdale (70),Fatal,0,0,1,0,0,0,0,1,0,0,0,0,0,SMV Other,"['Passenger', 'Driver']",South,"['Automobile, Station Wagon']",['Other'],['Lost control'],['Other'],[],[],[],[],[],[],NSA,True,['20 to 24'],4.0
3002778824.0,2023-12-02 10:00:00,1735,2023,EMMETT AVE,VERONA AVE,1 m East of,Collector,Toronto and East York,43.688903,-79.50397,620568.7436,4838407.3753,Intersection Related,Stop Sign,Clear,"Dark, artificial",Wet,115,Mount Dennis,115,Mount Dennis (115),Non-Fatal Injury,1,0,1,0,0,0,0,0,0,1,0,0,0,Pedestrian Collisions,"['Driver', 'Pedestrian']",West,"['Automobile, Station Wagon']",['Going Ahead'],['Failed to Yield Right of Way'],[],['Vehicle is going straight thru inter.while ped cross with ROW'],['Crossing with right of way'],['Normal'],[],[],[],D12,False,['45 to 49'],3.0
3002816709.0,2023-12-07 10:00:00,1246,2023,ST CLAIR AVE W,WINONA DR,,Major Arterial,Toronto and East York,43.680205,-79.43246,626350.2218,4837547.7976,Intersection Related,Traffic Signal,Clear,Daylight,Dry,94,Wychwood,94,Wychwood (94),Fatal,1,0,0,0,1,0,0,0,0,1,0,0,0,Pedestrian Collisions,"['Pedestrian', 'Truck Driver']",West,['Truck - Dump'],['Turning Right'],['Failed to Yield Right of Way'],['Normal'],['Vehicle turns right while ped crosses with ROW at inter.'],"['Crossing, no Traffic Control']",['Normal'],[],[],[],D13,True,"['70 to 74', '40 to 44']",4.0
3002818319.0,2023-12-07 10:00:00,1612,2023,FRONT ST W,SPADINA AVE,,,,43.642749,-79.393894,629539.3618,4833447.2857,Intersection Related,Traffic Signal,Clear,Daylight,Dry,165,Harbourfront-CityPlace,77,Waterfront Communities-The Island (77),Non-Fatal Injury,1,0,1,0,0,0,0,0,0,0,0,0,0,Pedestrian Collisions,"['Driver', 'Pedestrian']",West,"['Automobile, Station Wagon']",['Going Ahead'],['Driving Properly'],['Normal'],[],[],['Unknown'],[],[],[],D52,False,"['55 to 59', '25 to 29']",3.0
3002820255.0,2023-12-07 10:00:00,2047,2023,DUNDAS ST W,SHORNCLIFFE RD,5 m East of,,,43.632125,-79.544666,617399.5316,4832043.0844,Intersection Related,Traffic Signal,Clear,"Dark, artificial",Dry,159,Etobicoke City Centre,14,Islington-City Centre West (14),Non-Fatal Injury,1,0,0,0,1,0,0,0,0,0,0,0,0,Pedestrian Collisions,"['Truck Driver', 'Pedestrian']",South,"['Truck - Closed (Blazer, etc)']",['Turning Right'],['Improper Turn'],['Normal'],[],[],['Unknown'],[],[],[],D22,False,"['50 to 54', '65 to 69']",3.0
3002835959.0,2023-12-09 10:00:00,2040,2023,256 EPSOM DOWNS DR,,,Local,North York,43.722567,-79.503848,620511.1014,4842146.4048,Non Intersection,No Control,Rain,"Dark, artificial",Wet,154,Oakdale-Beverley Heights,26,Downsview-Roding-CFB (26),Fatal,1,0,1,0,0,0,0,0,1,1,0,0,0,Pedestrian Collisions,"['Pedestrian', 'Driver']",East,"['Automobile, Station Wagon']",['Going Ahead'],['Exceeding Speed Limit'],['Normal'],['Pedestrian hit at mid-block'],['Walking on Roadway with Traffic'],['Normal'],[],[],[],D31,True,"['50 to 54', '40 to 44']",4.0
3002836008.0,2023-12-09 10:00:00,2048,2023,318 RUSTIC RD,CULFORD RD,5 m South of,,,43.71532,-79.490322,621615.2545,4841361.2803,Intersection Related,Traffic Signal,Rain,"Dark, artificial",Wet,29,Maple Leaf,29,Maple Leaf (29),Non-Fatal Injury,1,0,1,0,0,0,0,0,0,0,0,0,0,Pedestrian Collisions,"['Driver', 'Pedestrian']",West,"['Automobile, Station Wagon']",['Going Ahead'],['Driving Properly'],['Normal'],[],[],['Unknown'],[],[],[],D12,False,"['80 to 84', '75 to 79']",3.0
3002850941.0,2023-12-10 10:00:00,1240,2023,BIRCHMOUNT RD,DANFORTH AVE,25 m North o,Minor Arterial,Scarborough,43.696994,-79.264003,639889.6736,4839682.8774,Intersection Related,Traffic Signal,Clear,"Dark, artificial",Dry,122,Birchcliffe-Cliffside,122,Birchcliffe-Cliffside (122),Non-Fatal Injury,1,0,1,0,0,0,0,0,0,1,0,0,0,Pedestrian Collisions,"['Driver', 'Pedestrian']",West,"['Automobile, Station Wagon']",['Turning Right'],['Failed to Yield Right of Way'],['Inattentive'],['Vehicle turns right while ped crosses with ROW at inter.'],['Crossing with right of way'],['Normal'],[],[],[],D41,False,"['30 to 34', '25 to 29']",3.0