accident_number,date,time,year,street1,street2,offset,road_class,district,latitude,longitude,x,y,accident_location,traffctl,visibility,light,road_surface_condition,hood_158,neighbourhood_new,hood_140,neighbourhood_old,accident_class,pedestrian,cyclist,automobile,motorcycle,truck,trsn_city_veh,emerg_veh,passenger,speeding,aggressive_driving,redlight,alcohol,disability,impact_type,involvement_type,initial_direction,vehicle_type,manoeuver,driver_action,driver_condition,pedestrian_type,pedestrian_action,pedestrian_condition,cyclist_type,cyclist_action,cyclist_condition,division,injury,involvement_age,injury_severity_score
3002861573.0,2023-12-13 10:00:00,1019,2023,BRIAR HILL AV,DUFFERIN ST,2 m East of,Major Arterial,North York,43.702346,-79.452083,624722.6096,4839977.152,Intersection Related,Traffic Signal,Clear,Daylight,Dry,108,Briar Hill-Belgravia,108,Briar Hill-Belgravia (108),Non-Fatal Injury,1,0,1,0,0,0,0,0,0,0,0,0,0,Pedestrian Collisions,"['Driver', 'Pedestrian']",East,"['Automobile, Station Wagon']",['Turning Left'],['Improper Turn'],['Fatigue'],['Vehicle turns left while ped crosses with ROW at inter.'],['Crossing with right of way'],['Normal'],[],[],[],D13,False,"['25 to 29', '85 to 89']",3.0
3002862083.0,2023-11-18 10:00:00,1700,2023,DIXON RD,KIPLING AV,,Major Arterial,Etobicoke York,43.694258,-79.558612,616154.6388,4838924.1282,Intersection Related,Traffic Signal,Clear,Daylight,Dry,6,Kingsview Village-The Westway,6,Kingsview Village-The Westway (6),Non-Fatal Injury,0,1,1,0,0,0,0,0,0,0,0,0,0,Cyclist Collisions,"['Driver', 'Cyclist']",East,"['Automobile, Station Wagon', 'Bicycle']","['Turning Right', 'Going Ahead']",[],['Unknown'],[],[],[],['Motorist turning right on red at signalized intersection strikes cyclist.'],['Driving Properly'],['Normal'],D23,False,"['unknown', '30 to 34']",3.0
3002895047.0,2023-12-17 10:00:00,1707,2023,ALBION RD,ELMHURST DR,2 m South of,,,43.725105,-79.550541,616745.1452,4842361.4497,Intersection Related,Traffic Signal,Rain,Dark,Wet,5,Elms-Old Rexdale,5,Elms-Old Rexdale (5),Non-Fatal Injury,1,0,1,0,0,0,0,0,0,0,0,0,0,Pedestrian Collisions,"['Driver', 'Pedestrian']",South,"['Automobile, Station Wagon']",['Going Ahead'],['Driving Properly'],['Normal'],[],[],['Unknown'],[],[],[],D23,False,"['70 to 74', '75 to 79']",3.0
3002895177.0,2023-12-17 10:00:00,1700,2023,ANNDALE DR,BALES AVE,,Local,North York,43.76034,-79.409351,628042.1066,4846483.3992,Intersection Related,Stop Sign,Rain,Dark,Wet,153,Avondale,51,Willowdale East (51),Non-Fatal Injury,1,0,1,0,0,0,0,1,0,1,0,0,0,Pedestrian Collisions,"['Driver', 'Passenger', 'Pedestrian']",West,"['Automobile, Station Wagon']",['Turning Left'],['Failed to Yield Right of Way'],['Normal'],['Vehicle turns left while ped crosses with ROW at inter.'],['Crossing with right of way'],['Normal'],[],[],[],D32,False,"['40 to 44', '70 to 74', '50 to 54']",3.0
3002902760.0,2023-12-18 10:00:00,1800,2023,BRIMLEY RD,DALLYN CRES,4 m South of,Major Arterial,Scarborough,43.741137,-79.250186,640899.5718,4844609.0119,Intersection Related,Stop Sign,Rain,Dark,Wet,138,Eglinton East,138,Eglinton East (138),Non-Fatal Injury,1,0,1,0,0,0,0,0,0,0,0,0,0,Pedestrian Collisions,"['Driver', 'Pedestrian']",North,"['Automobile, Station Wagon']",['Going Ahead'],['Driving Properly'],['Normal'],['Vehicle is going straight thru inter.while ped cross without ROW'],['Crossing without right of way'],['Normal'],[],[],[],D43,False,"['35 to 39', '65 to 69']",3.0
3002903236.0,2023-12-18 10:00:00,1905,2023,GRANDRAVINE DR,JANE ST,3 m East of,Major Arterial,North York,43.747103,-79.515094,619556.4235,4844855.1876,Intersection Related,Traffic Signal,Snow,"Dark, artificial",Wet,25,Glenfield-Jane Heights,25,Glenfield-Jane Heights (25),Non-Fatal Injury,1,0,1,0,0,0,0,0,0,0,0,0,0,Pedestrian Collisions,"['Driver', 'Pedestrian']",West,"['Automobile, Station Wagon']",['Turning Left'],['Driving Properly'],['Normal'],['Vehicle turns left while ped crosses with ROW at inter.'],['Crossing with right of way'],['Normal'],[],[],[],D31,False,['80 to 84'],3.0
3002906029.0,2023-12-19 10:00:00,711,2023,HAREWOOD AV,KINGSTON RD,35 m North o,,,43.72272,-79.235164,642152.7655,4842589.1879,Non Intersection,No Control,Clear,Daylight,Dry,123,Cliffcrest,123,Cliffcrest (123),Non-Fatal Injury,1,0,1,0,0,0,0,0,0,0,0,0,0,Pedestrian Collisions,"['Driver', 'Pedestrian']",South,"['Automobile, Station Wagon']",['Slowing or Stopping'],['Driving Properly'],['Normal'],[],[],['Unknown'],[],[],[],D43,False,"['25 to 29', '35 to 39']",3.0
3002912499.0,2023-12-20 10:00:00,115,2023,KINGSTON RD,ELLESMERE RD,,Minor Arterial,Scarborough,43.793585,-79.154567,648469.3341,4850601.2685,Intersection Related,Traffic Signal,Clear,Dark,Dry,133,Centennial Scarborough,133,Centennial Scarborough (133),Non-Fatal Injury,0,0,1,0,0,0,0,0,0,0,0,0,0,,['Driver'],East,"['Automobile, Station Wagon']","['Going Ahead', 'Stopped']","['Lost control', 'Driving Properly']","['Fatigue', 'Normal']",[],[],[],[],[],[],D43,False,"['55 to 59', '25 to 29']",3.0
3002925553.0,2023-12-21 10:00:00,1842,2023,CUMMER AVE,FLEMING DR,,Collector,North York,43.794005,-79.385844,629861.4648,4850259.0274,Intersection Related,No Control,Clear,"Dark, artificial",Dry,49,Bayview Woods-Steeles,49,Bayview Woods-Steeles (49),Fatal,0,0,1,0,0,0,0,0,0,0,0,0,0,SMV Other,['Driver'],East,"['Automobile, Station Wagon']",['Going Ahead'],['Lost control'],['Other'],[],[],[],[],[],[],D33,True,['45 to 49'],4.0
3002931169.0,2023-12-22 10:00:00,1400,2023,FRONT ST E,MARKET STREET,1 m North of,,,43.649455,-79.371433,631336.3423,4834227.3771,Non Intersection,,Clear,Daylight,Dry,166,St Lawrence-East Bayfront-The Islands,73,Moss Park (73),Non-Fatal Injury,0,1,1,0,0,0,0,0,0,0,0,0,0,Cyclist Collisions,"['Driver', 'Cyclist']",East,"['Pick Up Truck', 'Bicycle']",['Going Ahead'],['Driving Properly'],['Normal'],[],[],[],[],['Failed to Yield Right of Way'],['Normal'],D51,False,"['60 to 64', '80 to 84']",3.0
3002940459.0,2023-12-23 10:00:00,1954,2023,BAYVIEW AVE,TEAGARDEN CRT,,Major Arterial,North York,43.768195,-79.388377,629713.4835,4847388.457,Non Intersection,No Control,Rain,"Dark, artificial",Wet,52,Bayview Village,52,Bayview Village (52),Non-Fatal Injury,0,0,1,0,0,0,1,1,0,0,0,0,0,Turning Movement,"['Driver', 'Passenger']",South,"['Automobile, Station Wagon', 'Police Vehicle']","['Making U Turn', 'Going Ahead']",[],['Normal'],[],[],[],[],[],[],D33,False,"['35 to 39', '25 to 29', '5 to 9', '0 to 4']",3.0
3002943645.0,2023-12-24 10:00:00,957,2023,KEELE ST,LAWRENCE AV WEST,75 m East of,,,43.664176,-79.464039,623837.7628,4835719.9415,At/Near Private Drive,Traffic Signal,Clear,Daylight,Dry,90,Junction Area,90,Junction Area (90),Non-Fatal Injury,1,0,1,0,0,0,0,0,0,0,0,0,0,Pedestrian Collisions,"['Driver', 'Pedestrian']",South,"['Automobile, Station Wagon']",['Turning Right'],['Improper Turn'],['Normal'],[],[],['Unknown'],[],[],[],D11,False,"['60 to 64', '20 to 24']",3.0
3002946108.0,2023-12-24 10:00:00,1729,2023,SHEPPARD AVE E,MARKHAM RD,22 m West of,Major Arterial,Scarborough,43.793822,-79.238979,641677.5526,4850479.6242,Intersection Related,Traffic Signal,Clear,"Dark, artificial",Dry,128,Agincourt South-Malvern West,128,Agincourt South-Malvern West (128),Non-Fatal Injury,0,0,1,0,0,0,0,1,0,1,1,0,0,Angle,"['Driver', 'Passenger']",South,"['Automobile, Station Wagon']",['Going Ahead'],"['Disobeyed Traffic Control', 'Driving Properly']","['Inattentive', 'Normal']",[],[],[],[],[],[],D42,False,"['55 to 59', '50 to 54', '75 to 79', '45 to 49', '10 to 14', '5 to 9']",3.0
3002957349.0,2023-12-26 10:00:00,2008,2023,MCCOWAN RD,ELLESMERE RD,,Major Arterial,,43.772151,-79.25146,640724.2608,4848051.4268,Intersection Related,Traffic Signal,"Fog, Mist, Smoke, Dust","Dark, artificial",Wet,142,Woburn North,137,Woburn (137),Non-Fatal Injury,1,0,1,0,0,0,0,0,0,1,0,0,0,Pedestrian Collisions,"['Driver', 'Pedestrian']",North,"['Automobile, Station Wagon']",['Turning Left'],['Failed to Yield Right of Way'],['Normal'],['Vehicle turns left while ped crosses with ROW at inter.'],['Crossing with right of way'],['Normal'],[],[],[],D43,False,"['60 to 64', '20 to 24']",3.0
3002964045.0,2023-10-27 08:00:00,1944,2023,150 WYNFORD DR,,,Minor Arterial,North York,43.727255,-79.327731,634686.4956,4842938.2454,Intersection Related,Traffic Signal,Rain,"Dark, artificial",Wet,42,Banbury-Don Mills,42,Banbury-Don Mills (42),Fatal,1,0,1,0,0,0,0,0,0,0,0,0,0,Pedestrian Collisions,"['Driver', 'Pedestrian']",East,"['Automobile, Station Wagon']",['Going Ahead'],['Driving Properly'],['Normal'],['Vehicle is going straight thru inter.while ped cross without ROW'],['Crossing without right of way'],['Fatigue'],[],[],[],D33,True,"['25 to 29', '70 to 74']",4.0
3002971030.0,2023-12-28 10:00:00,1911,2023,DUFFERIN ST,FISHER ST,,Minor Arterial,Toronto and East York,43.650847,-79.431903,626456.7479,4834288.0512,Intersection Related,No Control,Rain,Dark,Wet,84,Little Portugal,84,Little Portugal (84),Fatal,1,0,1,0,0,0,0,0,0,0,0,0,0,Pedestrian Collisions,"['Pedestrian', 'Driver']",East,"['Automobile, Station Wagon']",['Going Ahead'],['Driving Properly'],['Normal'],['Vehicle is going straight thru inter.while ped cross without ROW'],['Crossing without right of way'],['Normal'],[],[],[],D14,True,"['80 to 84', '20 to 24']",4.0
3002978088.0,2023-12-29 10:00:00,1829,2023,DONSIDE DR,MAYBOURNE AV,,Local,Scarborough,43.700789,-79.290279,637763.5905,4840060.3675,Intersection Related,No Control,Rain,Dark,Wet,120,Clairlea-Birchmount,120,Clairlea-Birchmount (120),Non-Fatal Injury,1,0,1,0,0,0,0,0,0,0,0,0,0,Pedestrian Collisions,"['Driver', 'Pedestrian']",West,"['Automobile, Station Wagon']",['Going Ahead'],['Driving Properly'],['Normal'],['Vehicle is going straight thru inter.while ped cross with ROW'],"['Crossing, no Traffic Control']",['Normal'],[],[],[],D41,False,"['65 to 69', '15 to 19']",3.0
3013932599.0,2013-11-08 10:00:00,725,2013,LAWRENCE AVE E,BENNETT RD,,Minor Arterial,Scarborough,43.772868,-79.166332,647573.771,4848279.2743,Intersection Related,Traffic Signal,Clear,Daylight,Dry,136,West Hill,136,West Hill (136),Fatal,1,0,1,0,0,0,0,0,0,1,0,0,0,Pedestrian Collisions,"['Driver', 'Pedestrian']",North,"['Automobile, Station Wagon']",['Turning Left'],['Failed to Yield Right of Way'],['Inattentive'],['Vehicle turns left while ped crosses with ROW at inter.'],['Crossing with right of way'],['Normal'],[],[],[],D43,True,"['35 to 39', '25 to 29']",4.0
3013962476.0,2013-11-13 10:00:00,750,2013,WILSON AVE,INGLESIDE DR,1 m West of,Major Arterial,North York,43.727904,-79.478458,622545.3332,4842776.3871,Non Intersection,No Control,Clear,Daylight,Dry,155,Downsview,26,Downsview-Roding-CFB (26),Non-Fatal Injury,0,0,0,0,1,0,0,0,0,1,0,0,0,SMV Other,['Truck Driver'],West,['Truck - Open'],['Going Ahead'],['Failed to Yield Right of Way'],['Normal'],[],[],[],[],[],[],D31,False,['55 to 59'],3.0
316011.0,2020-02-13 10:00:00,2345,2020,BAY ST,LAKE SHORE BLVD W,30 m North o,Major Arterial,Toronto and East York,43.642932,-79.37778,630838.6419,4833492.8872,Intersection Related,No Control,Clear,"Dark, artificial",Dry,166,St Lawrence-East Bayfront-The Islands,77,Waterfront Communities-The Island (77),Non-Fatal Injury,1,0,1,0,0,0,0,0,0,1,0,0,0,Pedestrian Collisions,"['Driver', 'Pedestrian']",South,"['Automobile, Station Wagon']",['Going Ahead'],['Other'],['Had Been Drinking'],['Pedestrian hit at mid-block'],"['Crossing, no Traffic Control']",['Normal'],[],[],[],D52,False,['30 to 34'],3.0
332841.0,2020-02-16 10:00:00,1130,2020,STEELES AVE E,CONACHER DR,66 m West of,Major Arterial,North York,43.80202,-79.401675,628570.632,4851124.502,Non Intersection,No Control,Clear,Daylight,Dry,50,Newtonbrook East,50,Newtonbrook East (50),Non-Fatal Injury,0,0,1,0,0,0,0,1,0,1,0,0,0,Rear End,"['Driver', 'Passenger']",East,"['Automobile, Station Wagon', 'Pick Up Truck']","['Going Ahead', 'Slowing or Stopping', 'Stopped']","['Following too Close', 'Driving Properly']","['Inattentive', 'Normal']",[],[],[],[],[],[],D32,False,"['70 to 74', '25 to 29', '30 to 34', '60 to 64', '75 to 79']",3.0
342262.0,2020-02-17 10:00:00,1949,2020,LAKE SHORE BLVD W,THIRTY NINTH ST,15 m South o,Major Arterial,Etobicoke York,43.592768,-79.540553,617808.1403,4827677.8412,Intersection Related,No Control,Clear,"Dark, artificial",Dry,19,Long Branch,19,Long Branch (19),Non-Fatal Injury,1,0,1,0,0,0,0,1,0,1,0,0,0,Pedestrian Collisions,"['Driver', 'Passenger', 'Pedestrian']",East,"['Automobile, Station Wagon']",['Going Ahead'],"['Lost control', 'Driving Properly']","['Unknown', 'Normal']",['Vehicle hits the pedestrian walking or running out from between parked vehicles at mid-block'],['Coming From Behind Parked Vehicle'],['Normal'],[],[],[],D22,False,"['35 to 39', '30 to 34', '20 to 24', '25 to 29']",3.0
348999.0,2020-02-18 10:00:00,1818,2020,4673 JANE ST,,,Major Arterial,North York,43.770259,-79.520694,619059.6044,4847418.9359,Non Intersection,No Control,Clear,"Dark, artificial",Wet,24,Black Creek,24,Black Creek (24),Non-Fatal Injury,1,0,1,0,0,0,0,0,0,0,0,0,0,Pedestrian Collisions,"['Driver', 'Pedestrian']",East,"['Automobile, Station Wagon']",['Going Ahead'],['Driving Properly'],['Normal'],['Pedestrian hit at mid-block'],"['Crossing, no Traffic Control']",['Inattentive'],[],[],[],D31,False,"['75 to 79', '85 to 89']",3.0
37330.0,2020-01-06 10:00:00,1555,2020,DUNDAS ST W,SHERIDAN AVE,6 m South of,Minor Arterial,Toronto and East York,43.649699,-79.43365,626318.2689,4834157.8902,At Intersection,Traffic Signal,Clear,"Dawn, artificial",Dry,84,Little Portugal,84,Little Portugal (84),Non-Fatal Injury,1,0,1,0,0,0,0,0,0,1,0,0,0,Pedestrian Collisions,"['Driver', 'Pedestrian']",North,"['Automobile, Station Wagon']",['Going Ahead'],['Failed to Yield Right of Way'],['Normal'],['Vehicle is going straight thru inter.while ped cross with ROW'],['Crossing with right of way'],['Normal'],[],[],[],D11,False,"['50 to 54', '75 to 79']",3.0
374527.0,2020-02-22 10:00:00,320,2020,GRANDRAVINE DR,FUTURA DR,35 m East of,Collector,North York,43.748633,-79.506542,620241.9251,4845037.4942,Non Intersection,No Control,Clear,"Dark, artificial",Dry,25,Glenfield-Jane Heights,25,Glenfield-Jane Heights (25),Non-Fatal Injury,0,0,1,0,0,0,0,1,1,1,0,0,0,SMV Other,"['Driver', 'Passenger']",West,"['Automobile, Station Wagon']",['Going Ahead'],['Speed too Fast For Condition'],['Unknown'],[],[],[],[],[],[],D31,False,"['30 to 34', '15 to 19', '25 to 29']",3.0
382209.0,2020-02-23 10:00:00,707,2020,DON MILLS RD,LAWRENCE AVE E,,Major Arterial,Etobicoke York,43.737101,-79.34341,633401.8142,4844006.4237,At Intersection,Traffic Signal,Clear,Daylight,Dry,42,Banbury-Don Mills,42,Banbury-Don Mills (42),Non-Fatal Injury,0,0,1,0,0,0,0,0,0,1,1,0,0,Angle,['Driver'],East,"['Automobile, Station Wagon']",['Going Ahead'],"['Disobeyed Traffic Control', 'Driving Properly']",['Normal'],[],[],[],[],[],[],D33,False,"['45 to 49', '25 to 29']",3.0
385373.0,2020-02-23 10:00:00,1655,2020,VICTORIA PARK AVE,HUNTINGWOOD DR,,Major Arterial,North York,43.78028,-79.325359,634758.4688,4848831.3311,At Intersection,Traffic Signal,Clear,Daylight,Dry,147,L'Amoreaux West,117,L'Amoreaux (117),Fatal,1,0,1,0,0,0,0,1,0,1,0,0,0,Pedestrian Collisions,"['Driver', 'Passenger', 'Pedestrian']",West,"['Automobile, Station Wagon']",['Turning Left'],['Failed to Yield Right of Way'],['Inattentive'],['Vehicle turns left while ped crosses with ROW at inter.'],['Crossing with right of way'],['Normal'],[],[],[],D42,True,"['55 to 59', '25 to 29', '75 to 79']",4.0
4000008445.0,2014-06-17 08:00:00,1050,2014,5450 LAWRENCE AVE E,,,Minor Arterial,Scarborough,43.778929,-79.139507,649717.5502,4849000.6101,At/Near Private Drive,No Control,Clear,Daylight,Dry,133,Centennial Scarborough,133,Centennial Scarborough (133),Non-Fatal Injury,0,1,1,0,0,0,0,0,0,1,0,0,0,Cyclist Collisions,"['Driver', 'Cyclist']",East,"['Automobile, Station Wagon', 'Bicycle']",['Going Ahead'],['Failed to Yield Right of Way'],['Normal'],[],[],[],"['Motorist without ROW drives into path of cyclist at inter, lnwy, dwy-Driver not turn.']",['Driving Properly'],['Normal'],D43,False,"['70 to 74', '15 to 19']",3.0
4000009508.0,2014-08-17 08:00:00,2159,2014,KINGSTON RD,PICKERING ST,10 m East of,Major Arterial,Toronto and East York,43.680213,-79.289912,637840.2915,4837775.7229,At Intersection,No Control,Clear,"Dark, artificial",Dry,63,The Beaches,63,The Beaches (63),Non-Fatal Injury,0,1,1,0,0,0,0,0,0,0,0,0,0,Cyclist Collisions,"['Cyclist', 'Driver']",West,"['Bicycle', 'Automobile, Station Wagon']","['Changing Lanes', 'Going Ahead']",['Driving Properly'],['Normal'],[],[],[],['Cyclist and Driver travelling in same direction. One vehicle sideswipes the other.'],['Improper Lane Change'],['Inattentive'],D55,False,"['15 to 19', '50 to 54']",3.0
4000047040.0,2014-12-08 10:00:00,1700,2014,MT PLEASANT RD,MERTON ST,,Major Arterial,North York,43.698161,-79.38647,630018.4402,4839613.1485,At Intersection,Traffic Signal,Clear,"Dark, artificial",Dry,99,Mount Pleasant East,99,Mount Pleasant East (99),Non-Fatal Injury,1,0,1,0,0,0,0,0,0,1,0,0,0,Pedestrian Collisions,"['Driver', 'Pedestrian']",North,"['Automobile, Station Wagon']",['Turning Left'],['Failed to Yield Right of Way'],['Inattentive'],['Vehicle turns left while ped crosses with ROW at inter.'],[],['Unknown'],[],[],[],D53,False,"['75 to 79', '65 to 69']",3.0
4000062087.0,2023-06-28 08:00:00,2315,2023,WOLFE AV,COMMONWEALTH AV,5 m West of,,,43.727428,-79.25365,640652.7305,4843080.5367,Intersection Related,Traffic Signal,Clear,"Dark, artificial",Dry,124,Kennedy Park,124,Kennedy Park (124),Non-Fatal Injury,0,0,1,1,0,0,0,0,0,1,0,0,0,,"['Driver', 'Motorcycle Driver']",East,"['Automobile, Station Wagon', 'Motorcycle']","['Overtaking', 'Slowing or Stopping']","['Improper Passing', 'Driving Properly']",['Normal'],[],[],[],[],[],[],D41,False,"['unknown', '60 to 64']",3.0
4001311712.0,2014-01-09 10:00:00,1545,2014,MCCOWAN RD,EGLINTON AVE E,2 m North of,Major Arterial,Scarborough,43.738841,-79.238353,641857.8298,4844374.2003,Intersection Related,No Control,Clear,Daylight,Wet,138,Eglinton East,138,Eglinton East (138),Non-Fatal Injury,1,0,1,0,0,0,0,0,0,0,0,0,0,Pedestrian Collisions,"['Driver', 'Pedestrian']",Unknown,['Passenger Van'],['Unknown'],['Other'],['Unknown'],['Unknown'],['Other'],['Unknown'],[],[],[],D43,False,"['unknown', '40 to 44']",3.0
4001313188.0,2014-01-09 10:00:00,2025,2014,ISLINGTON AVE,BRIMINGHAM ST,,Major Arterial,Etobicoke York,43.603228,-79.506282,620553.667,4828888.7181,Intersection Related,Traffic Signal,Clear,"Dark, artificial",Wet,18,New Toronto,18,New Toronto (18),Non-Fatal Injury,1,0,1,0,0,0,0,0,0,0,0,0,0,Pedestrian Collisions,"['Driver', 'Pedestrian']",North,"['Automobile, Station Wagon']",['Going Ahead'],['Driving Properly'],['Normal'],['Pedestrian hit at mid-block'],"['Crossing, no Traffic Control']",['Normal'],[],[],[],D22,False,"['30 to 34', '40 to 44']",3.0
4001338478.0,2014-01-13 10:00:00,2125,2014,THE QUEENSWAY,427 C S QUEENSWAY RAMP,,Major Arterial,Etobicoke York,43.615058,-79.552249,616820.8689,4830136.8901,At Intersection,Traffic Signal,Clear,"Dark, artificial",Wet,159,Etobicoke City Centre,14,Islington-City Centre West (14),Non-Fatal Injury,0,0,1,0,0,0,0,0,0,1,0,0,0,Turning Movement,['Driver'],East,"['Automobile, Station Wagon']","['Turning Left', 'Going Ahead']","['Failed to Yield Right of Way', 'Driving Properly']",['Normal'],[],[],[],[],[],[],D22,False,"['30 to 34', '65 to 69']",3.0
4001339945.0,2014-01-14 10:00:00,710,2014,JUDSON ST,HAROLD ST,,Collector,Etobicoke York,43.61558,-79.500003,621035.6542,4830269.6895,Non Intersection,No Control,Clear,"Dawn, artificial",Dry,160,Mimico-Queensway,17,Mimico (includes Humber Bay Shores) (17),Non-Fatal Injury,0,0,1,0,0,0,0,0,1,1,0,0,0,SMV Other,['Driver'],West,"['Automobile, Station Wagon']",['Going Ahead'],['Speed too Fast For Condition'],['Inattentive'],[],[],[],[],[],[],D22,False,['30 to 34'],3.0
4001342712.0,2014-01-14 10:00:00,1518,2014,3 BELL ROYAL CRT,,,Local,Etobicoke York,43.672438,-79.521617,619179.1113,4836553.2126,At/Near Private Drive,No Control,Clear,Daylight,Ice,9,Edenbridge-Humber Valley,9,Edenbridge-Humber Valley (9),Non-Fatal Injury,1,0,0,0,1,0,0,0,0,0,0,0,0,Pedestrian Collisions,"['Truck Driver', 'Pedestrian']",East,['Truck - Open'],['Going Ahead'],['Other'],['Normal'],['Pedestrian hit at mid-block'],['Walking on Roadway with Traffic'],['Normal'],[],[],[],D22,False,"['35 to 39', '20 to 24']",3.0
4001344082.0,2014-01-14 10:00:00,1929,2014,WARDEN AVE,SHEPPARD AVE E,,Major Arterial,Scarborough,43.77872,-79.307895,636167.3541,4848686.645,Intersection Related,Traffic Signal,Clear,"Dark, artificial",Dry,118,Tam O'Shanter-Sullivan,118,Tam O'Shanter-Sullivan (118),Non-Fatal Injury,0,0,1,0,0,0,0,0,0,1,0,0,0,Turning Movement,['Driver'],North,"['Automobile, Station Wagon', 'Passenger Van']","['Turning Left', 'Going Ahead']","['Failed to Yield Right of Way', 'Driving Properly']","['Inattentive', 'Normal']",[],[],[],[],[],[],D42,False,"['20 to 24', '15 to 19']",3.0
4001361731.0,2014-01-17 10:00:00,1528,2014,JANE ST,PRITCHARD AVE,,Major Arterial,Etobicoke York,43.669467,-79.492801,621508.1135,4836265.0471,At Intersection,Traffic Signal,Clear,Daylight,Dry,111,Rockcliffe-Smythe,111,Rockcliffe-Smythe (111),Non-Fatal Injury,1,0,1,0,0,0,0,1,0,1,1,0,0,Pedestrian Collisions,"['Driver', 'Passenger', 'Pedestrian']",North,"['Automobile, Station Wagon']","['Turning Left', 'Going Ahead']","['Driving Properly', 'Disobeyed Traffic Control']",['Normal'],['Pedestrian hit on sidewalk or shoulder'],['On Sidewalk or Shoulder'],['Normal'],[],[],[],D12,False,"['20 to 24', '65 to 69', '25 to 29', '60 to 64', '45 to 49']",3.0
4001374034.0,2014-01-19 10:00:00,1702,2014,KINGSTON RD,GLEN EVEREST RD,,Major Arterial,Scarborough,43.697543,-79.256786,640469.9572,4839756.054,At Intersection,Traffic Signal,Snow,"Dark, artificial",Ice,122,Birchcliffe-Cliffside,122,Birchcliffe-Cliffside (122),Non-Fatal Injury,0,0,1,0,0,0,0,1,1,1,0,0,0,SMV Other,"['Driver', 'Passenger']",East,"['Automobile, Station Wagon']",['Going Ahead'],['Speed too Fast For Condition'],['Normal'],[],[],[],[],[],[],D41,False,"['50 to 54', '60 to 64']",3.0
4001383742.0,2014-01-21 10:00:00,1000,2014,KINGSTON RD,TOLLGATE MEWS,100 m East o,Major Arterial,Scarborough,43.732688,-79.223819,643042.8552,4843715.8066,Intersection Related,No Control,Clear,Daylight,Dry,139,Scarborough Village,139,Scarborough Village (139),Non-Fatal Injury,0,0,1,0,1,0,0,1,0,1,0,0,0,Rear End,"['Truck Driver', 'Driver', 'Passenger']",West,"['Truck-Tractor', 'Pick Up Truck', 'Automobile, Station Wagon', 'Truck - Closed (Blazer, etc)']","['Going Ahead', 'Stopped']","['Following too Close', 'Driving Properly']","['Inattentive', 'Normal']",[],[],[],[],[],[],D43,False,"['35 to 39', '50 to 54', '45 to 49', '55 to 59', '60 to 64', '40 to 44', '20 to 24', '25 to 29']",3.0
4001384194.0,2014-01-21 10:00:00,1222,2014,FINCH AVE W,ALNESS ST,,Major Arterial,North York,43.767813,-79.471469,623026.4465,4847219.2253,At Intersection,Traffic Signal,Clear,Daylight,Dry,27,York University Heights,27,York University Heights (27),Non-Fatal Injury,1,0,0,0,1,0,0,0,0,1,0,0,0,Pedestrian Collisions,"['Truck Driver', 'Pedestrian']",North,['Truck - Dump'],['Turning Left'],['Failed to Yield Right of Way'],['Normal'],['Vehicle turns left while ped crosses with ROW at inter.'],['Crossing with right of way'],['Unknown'],[],[],[],D32,False,"['45 to 49', '55 to 59']",3.0
4001392181.0,2014-01-22 10:00:00,1846,2014,KINGSTON RD,PAYZAC AVE,,Major Arterial,Scarborough,43.758952,-79.197589,645091.8158,4846678.4451,At Intersection,Traffic Signal,Clear,Dark,Dry,136,West Hill,136,West Hill (136),Non-Fatal Injury,1,0,1,0,0,0,0,0,0,0,0,0,0,Pedestrian Collisions,"['Driver', 'Pedestrian']",North,"['Automobile, Station Wagon']",['Going Ahead'],['Driving Properly'],['Normal'],['Vehicle is going straight thru inter.while ped cross without ROW'],['Crossing without right of way'],['Normal'],[],[],[],D43,False,"['35 to 39', '30 to 34']",3.0
4001414099.0,2014-01-26 10:00:00,1510,2014,DUNDAS ST E,HAMILTON ST,,Major Arterial,Toronto and East York,43.662223,-79.352245,632855.6219,4835675.9802,Intersection Related,Stop Sign,Snow,Daylight,Slush,70,South Riverdale,70,South Riverdale (70),Non-Fatal Injury,0,0,1,0,0,0,0,1,0,1,0,0,0,Angle,"['Driver', 'Passenger']",East,"['Automobile, Station Wagon']",['Going Ahead'],"['Failed to Yield Right of Way', 'Driving Properly']",['Normal'],[],[],[],[],[],[],D55,False,"['55 to 59', '40 to 44', 'unknown']",3.0
4001426631.0,2014-01-28 10:00:00,1740,2014,BRIMLEY RD,HIGHWAY 401 C  W,,Major Arterial,Scarborough,43.779536,-79.264842,639630.0612,4848848.989,Non Intersection,No Control,Clear,"Dark, artificial",Dry,128,Agincourt South-Malvern West,128,Agincourt South-Malvern West (128),Non-Fatal Injury,0,0,1,0,0,0,0,1,0,1,0,0,0,Approaching,"['Driver', 'Passenger']",North,"['Pick Up Truck', 'Passenger Van']",['Going Ahead'],"['Lost control', 'Driving Properly']","['Inattentive', 'Normal']",[],[],[],[],[],[],D42,False,"['65 to 69', '40 to 44', '60 to 64', '5 to 9']",3.0