accident_number,date,time,year,street1,street2,offset,road_class,district,latitude,longitude,x,y,accident_location,traffctl,visibility,light,road_surface_condition,hood_158,neighbourhood_new,hood_140,neighbourhood_old,accident_class,pedestrian,cyclist,automobile,motorcycle,truck,trsn_city_veh,emerg_veh,passenger,speeding,aggressive_driving,redlight,alcohol,disability,impact_type,involvement_type,initial_direction,vehicle_type,manoeuver,driver_action,driver_condition,pedestrian_type,pedestrian_action,pedestrian_condition,cyclist_type,cyclist_action,cyclist_condition,division,injury,involvement_age,injury_severity_score
4001435138.0,2014-01-30 10:00:00,640,2014,1970 ELLESMERE RD,,,Major Arterial,Scarborough,43.775023,-79.238376,641770.4997,4848392.7291,Non Intersection,No Control,Clear,Daylight,Dry,142,Woburn North,137,Woburn (137),Non-Fatal Injury,0,0,1,0,0,0,0,1,0,0,0,0,0,Approaching,"['Driver', 'Passenger']",East,"['Automobile, Station Wagon']",['Going Ahead'],"['Lost control', 'Driving Properly']","['Inattentive', 'Normal']",[],[],[],[],[],[],D43,False,"['25 to 29', '45 to 49', '15 to 19']",3.0
4001436264.0,2014-01-30 10:00:00,1027,2014,HIGHWAY 27  S,CARRIER DR,,Major Arterial,Etobicoke York,43.739615,-79.605655,612278.9,4843896.8275,Non Intersection,No Control,Clear,Daylight,Dry,1,West Humber-Clairville,1,West Humber-Clairville (1),Non-Fatal Injury,0,0,1,0,0,0,0,0,1,1,0,0,1,Rear End,['Driver'],South,"['Passenger Van', 'Automobile, Station Wagon']","['Slowing or Stopping', 'Going Ahead']","['Driving Properly', 'Exceeding Speed Limit']","['Normal', 'Medical or Physical Disability']",[],[],[],[],[],[],D23,False,"['60 to 64', '20 to 24', '70 to 74']",3.0
4001438202.0,2014-01-30 10:00:00,1540,2014,THE POND RD,ATKINSON RD,7 m West of,Minor Arterial,Etobicoke York,43.770331,-79.500835,620657.7919,4847455.6778,At/Near Private Drive,Stop Sign,Clear,Daylight,Wet,27,York University Heights,27,York University Heights (27),Non-Fatal Injury,0,0,1,0,0,0,0,0,0,0,0,0,1,SMV Other,['Driver'],North,"['Automobile, Station Wagon']",['Turning Left'],['Lost control'],['Medical or Physical Disability'],[],[],[],[],[],[],D31,False,['40 to 44'],3.0
4001460471.0,2014-02-03 10:00:00,1043,2014,OLD WESTON RD,ROGERS RD,,Minor Arterial,Etobicoke York,43.681517,-79.467433,623528.5348,4837640.8298,Non Intersection,No Control,Clear,Daylight,Dry,110,Keelesdale-Eglinton West,110,Keelesdale-Eglinton West (110),Non-Fatal Injury,0,1,1,0,0,0,0,0,0,0,0,0,0,Cyclist Collisions,"['Driver', 'Cyclist']",South,"['Automobile, Station Wagon', 'Bicycle']","['Going Ahead', 'Other']",['Driving Properly'],['Normal'],[],[],[],['Cyclist rode off sidewalk into road at midblock.'],['Other'],['Inattentive'],D12,False,"['25 to 29', '50 to 54']",3.0
4001467875.0,2014-02-04 10:00:00,1255,2014,KIPLING AVE,WESTHUMBER BLVD,,Major Arterial,Etobicoke York,43.728125,-79.574649,614797.6094,4842663.1849,At Intersection,Traffic Signal,Clear,Daylight,Dry,4,Rexdale-Kipling,4,Rexdale-Kipling (4),Non-Fatal Injury,1,0,1,0,0,0,0,0,0,1,1,1,0,Pedestrian Collisions,"['Driver', 'Pedestrian']",East,"['Automobile, Station Wagon']",['Going Ahead'],"['Driving Properly', 'Disobeyed Traffic Control']","['Normal', 'Ability Impaired, Alcohol Over .08']",['Vehicle is going straight thru inter.while ped cross with ROW'],['Crossing with right of way'],['Normal'],[],[],[],D23,False,"['35 to 39', '60 to 64', '25 to 29']",3.0
4001484501.0,2014-02-07 10:00:00,806,2014,LAKE SHORE BLVD W,PRIMROSE AVE,,Major Arterial,Etobicoke York,43.614035,-79.489146,621914.8419,4830113.9804,Non Intersection,No Control,Clear,Daylight,Wet,161,Humber Bay Shores,17,Mimico (includes Humber Bay Shores) (17),Non-Fatal Injury,0,0,1,0,0,0,0,1,1,1,0,0,0,Angle,"['Driver', 'Passenger']",East,"['Automobile, Station Wagon', 'Pick Up Truck']",['Going Ahead'],"['Improper Turn', 'Driving Properly']","['Unknown', 'Normal']",[],[],[],[],[],[],D22,False,"['55 to 59', '20 to 24']",3.0
4001490210.0,2014-02-08 10:00:00,241,2014,QUEEN ST W,LISGAR ST,,Major Arterial,Toronto and East York,43.643557,-79.421954,627274.4728,4833493.6113,Non Intersection,No Control,Clear,"Dark, artificial",Slush,162,West Queen West,82,Niagara (82),Non-Fatal Injury,1,0,1,0,0,0,0,1,1,1,0,0,0,Pedestrian Collisions,"['Driver', 'Passenger', 'Pedestrian', 'Other']",West,"['Automobile, Station Wagon']","['Going Ahead', 'Overtaking', 'Parked']","['Exceeding Speed Limit', 'Failed to Yield Right of Way']","['Unknown', 'Normal']",['Pedestrian hit at mid-block'],['Person Getting on/off Vehicle'],['Normal'],[],[],[],D14,False,"['20 to 24', '25 to 29', 'unknown', '30 to 34']",3.0
4001492410.0,2014-02-08 10:00:00,1309,2014,CARLAW AVE,GERRARD ST E,,Minor Arterial,Toronto and East York,43.668029,-79.342914,633595.0925,4836335.7993,Non Intersection,No Control,Clear,Daylight,Wet,68,North Riverdale,68,North Riverdale (68),Non-Fatal Injury,1,0,1,0,0,0,0,1,0,0,0,0,0,Pedestrian Collisions,"['Driver', 'Passenger', 'Pedestrian']",North,"['Automobile, Station Wagon']",['Going Ahead'],['Driving Properly'],['Normal'],['Pedestrian hit at mid-block'],['Running onto Roadway'],['Normal'],[],[],[],D55,False,"['55 to 59', '50 to 54', '60 to 64']",3.0
4001495277.0,2014-02-08 10:00:00,2245,2014,KIPLING AVE,RATHBURN RD,51 m South o,Major Arterial,Etobicoke York,43.659392,-79.543025,617478.7475,4835073.7509,Non Intersection,No Control,Clear,"Dark, artificial",Wet,10,Princess-Rosethorn,10,Princess-Rosethorn (10),Non-Fatal Injury,0,0,1,0,1,0,0,0,0,0,0,0,0,Sideswipe,"['Driver', 'Truck Driver']",North,"['Automobile, Station Wagon', 'Truck - Dump']","['Changing Lanes', 'Going Ahead']","['Improper Lane Change', 'Driving Properly']","['Inattentive', 'Normal']",[],[],[],[],[],[],D22,False,"['20 to 24', '35 to 39']",3.0
4001500296.0,2014-02-09 10:00:00,2134,2014,2087 ELLESMERE RD,,43 m West of,Major Arterial,Scarborough,43.776194,-79.232814,642215.3429,4848532.3265,Non Intersection,No Control,Clear,"Dark, artificial",Slush,142,Woburn North,137,Woburn (137),Non-Fatal Injury,0,0,1,0,0,1,0,0,0,1,0,0,0,Approaching,['Driver'],East,"['Automobile, Station Wagon', 'Municipal Transit Bus (TTC)']","['Changing Lanes', 'Going Ahead']","['Lost control', 'Driving Properly']","['Unknown', 'Normal']",[],[],[],[],[],[],D43,False,"['20 to 24', '40 to 44']",3.0
4001503315.0,2014-02-10 10:00:00,1142,2014,KIPLING AVE,ALBION RD,,Major Arterial,Etobicoke York,43.738917,-79.579974,614348.1912,4843854.4265,At/Near Private Drive,No Control,Clear,Daylight,Wet,3,Thistletown-Beaumond Heights,3,Thistletown-Beaumond Heights (3),Non-Fatal Injury,1,0,1,0,0,0,0,0,0,0,0,0,0,Pedestrian Collisions,"['Driver', 'Pedestrian']",East,"['Automobile, Station Wagon']",['Reversing'],['Other'],['Normal'],['Pedestrian hit at private driveway'],['On Sidewalk or Shoulder'],['Normal'],[],[],[],D23,False,"['25 to 29', '80 to 84']",3.0
4001505378.0,2014-02-10 10:00:00,1728,2014,WILLIAM R ALLEN RD,SHEPPARD AVE W,5 m North of,Major Arterial,North York,43.750235,-79.463382,623713.5693,4845278.9734,At Intersection,Traffic Signal,Clear,"Dusk, artificial",Dry,155,Downsview,26,Downsview-Roding-CFB (26),Non-Fatal Injury,0,0,0,0,1,1,0,0,0,0,0,0,0,Turning Movement,"['Truck Driver', 'Driver']",North,"['Truck - Closed (Blazer, etc)', 'Municipal Transit Bus (TTC)']","['Turning Left', 'Going Ahead']","['Improper Turn', 'Driving Properly']",['Normal'],[],[],[],[],[],[],D32,False,"['30 to 34', '50 to 54']",3.0
4001521629.0,2014-02-13 10:00:00,1054,2014,7 ISABELLA ST,,,Collector,Toronto and East York,43.667632,-79.385303,630178.4922,4836224.3159,Non Intersection,No Control,Clear,Daylight,Wet,167,Church-Wellesley,75,Church-Yonge Corridor (75),Non-Fatal Injury,1,0,1,0,0,0,0,0,0,0,0,0,0,Pedestrian Collisions,"['Driver', 'Pedestrian']",East,"['Automobile, Station Wagon']",['Going Ahead'],['Lost control'],['Unknown'],['Pedestrian hit at mid-block'],['Pushing/Working on Vehicle'],['Normal'],[],[],[],D51,False,"['25 to 29', '45 to 49']",3.0
4001533324.0,2014-02-15 10:00:00,643,2014,VICTORIA PARK AVE,PARMA CRT,8 m North of,Major Arterial,Toronto and East York,43.716658,-79.299274,637002.6344,4841807.9403,Non Intersection,Traffic Signal,Clear,Dawn,Dry,120,Clairlea-Birchmount,120,Clairlea-Birchmount (120),Non-Fatal Injury,0,0,1,0,0,0,0,1,0,0,0,0,0,Approaching,"['Driver', 'Passenger']",North,"['Automobile, Station Wagon']",['Going Ahead'],"['Lost control', 'Driving Properly']","['Fatigue', 'Normal']",[],[],[],[],[],[],D41,False,"['20 to 24', '40 to 44', '15 to 19']",3.0
4001540834.0,2014-02-16 10:00:00,1321,2014,BAY ST,HARBOUR ST,,Major Arterial,Toronto and East York,43.642073,-79.377429,630868.8169,4833398.0375,At Intersection,Traffic Signal,Clear,Daylight,Dry,166,St Lawrence-East Bayfront-The Islands,77,Waterfront Communities-The Island (77),Non-Fatal Injury,1,0,1,0,0,0,0,1,0,1,0,0,0,Pedestrian Collisions,"['Driver', 'Pedestrian', 'Passenger']",East,"['Automobile, Station Wagon']","['Turning Left', 'Going Ahead']","['Improper Turn', 'Driving Properly']",['Normal'],['Pedestrian hit on sidewalk or shoulder'],['On Sidewalk or Shoulder'],['Normal'],[],[],[],D52,False,"['70 to 74', '15 to 19', '35 to 39']",3.0
4001551952.0,2014-02-18 10:00:00,1237,2014,MORNINGSIDE AVE,KINGSTON RD,,Major Arterial,Scarborough,43.770602,-79.186862,645927.0049,4847991.2101,At Intersection,Traffic Signal,Clear,Daylight,Wet,136,West Hill,136,West Hill (136),Non-Fatal Injury,1,0,1,0,0,0,0,1,0,1,0,0,0,Pedestrian Collisions,"['Driver', 'Passenger', 'Pedestrian']",North,"['Automobile, Station Wagon']","['Going Ahead', 'Turning Left']","['Driving Properly', 'Failed to Yield Right of Way']","['Normal', 'Inattentive']",['Pedestrian hit on sidewalk or shoulder'],['On Sidewalk or Shoulder'],['Normal'],[],[],[],D43,False,"['20 to 24', '25 to 29', '55 to 59']",3.0
4001557370.0,2014-02-19 10:00:00,956,2014,DAVENPORT RD,LAUGHTON AVE,,Minor Arterial,Toronto and East York,43.670325,-79.455783,624490.702,4836415.2258,At Intersection,Traffic Signal,Clear,Daylight,Wet,91,Weston-Pelham Park,91,Weston-Pellam Park (91),Non-Fatal Injury,1,0,1,0,0,0,0,0,0,1,0,0,0,Pedestrian Collisions,"['Driver', 'Pedestrian']",North,['Pick Up Truck'],['Turning Left'],['Failed to Yield Right of Way'],['Normal'],['Vehicle turns left while ped crosses with ROW at inter.'],['Crossing with right of way'],['Normal'],[],[],[],D11,False,"['40 to 44', '65 to 69']",3.0
4001558896.0,2014-02-19 10:00:00,1410,2014,VICTORIA PARK AVE,ST BEDES RD,,Major Arterial,Toronto and East York,43.703456,-79.293659,637485.1416,4840350.9649,Intersection Related,Stop Sign,Rain,Daylight,Wet,120,Clairlea-Birchmount,120,Clairlea-Birchmount (120),Non-Fatal Injury,0,0,1,0,0,0,0,0,0,1,0,0,0,Turning Movement,['Driver'],North,"['Automobile, Station Wagon']","['Turning Left', 'Going Ahead']","['Failed to Yield Right of Way', 'Driving Properly']","['Inattentive', 'Normal']",[],[],[],[],[],[],D41,False,"['80 to 84', '60 to 64']",3.0
4001560471.0,2014-02-19 10:00:00,1836,2014,GRENOBLE DR,GATEWAY BLVD,,Minor Arterial,North York,43.714915,-79.334186,634194.1446,4841557.2379,Intersection Related,Traffic Signal,Clear,"Dark, artificial",Dry,44,Flemingdon Park,44,Flemingdon Park (44),Non-Fatal Injury,1,0,1,0,0,0,0,0,0,1,0,0,0,Pedestrian Collisions,"['Driver', 'Pedestrian']",South,"['Automobile, Station Wagon']",['Turning Right'],['Failed to Yield Right of Way'],['Inattentive'],['Vehicle turns right while ped crosses with ROW at inter.'],['Crossing with right of way'],['Normal'],[],[],[],D55,False,"['unknown', '60 to 64']",3.0
4001567446.0,2014-02-20 10:00:00,2020,2014,EGLINTON AVE E,KENNEDY RD,,Major Arterial,Scarborough,43.732131,-79.267894,639494.5724,4843578.7953,At/Near Private Drive,No Control,Rain,"Dark, artificial",Wet,124,Kennedy Park,124,Kennedy Park (124),Non-Fatal Injury,1,0,1,0,0,0,0,0,0,0,0,0,0,Pedestrian Collisions,"['Driver', 'Pedestrian']",West,"['Automobile, Station Wagon']",['Going Ahead'],['Driving Properly'],['Unknown'],['Pedestrian hit at mid-block'],"['Crossing, no Traffic Control']",['Had Been Drinking'],[],[],[],D41,False,"['unknown', '50 to 54']",3.0
4001576606.0,2014-02-22 10:00:00,935,2014,DUPONT ST,BATHURST ST,,Major Arterial,Toronto and East York,43.673133,-79.414378,627822.7349,4836790.0615,At Intersection,Traffic Signal,Clear,Daylight,Dry,95,Annex,95,Annex (95),Non-Fatal Injury,1,0,1,0,0,0,0,0,0,1,0,0,0,Pedestrian Collisions,"['Driver', 'Pedestrian']",North,['Delivery Van'],['Turning Left'],['Failed to Yield Right of Way'],['Inattentive'],['Vehicle turns left while ped crosses with ROW at inter.'],['Crossing with right of way'],['Normal'],[],[],[],D14,False,"['55 to 59', '60 to 64']",3.0
4001580826.0,2014-02-22 10:00:00,2334,2014,PARLIAMENT ST,KING ST E,,Major Arterial,Toronto and East York,43.652712,-79.363246,631989.4581,4834602.0996,Non Intersection,Traffic Signal,Clear,"Dark, artificial",Dry,73,Moss Park,73,Moss Park (73),Non-Fatal Injury,0,0,0,0,0,1,0,1,0,0,0,0,0,Other,"['Driver', 'Passenger']",South,['Street Car'],['Turning Right'],['Driving Properly'],['Normal'],[],[],[],[],[],[],D51,False,"['40 to 44', '25 to 29']",3.0
4001595656.0,2014-02-25 10:00:00,1327,2014,QUEEN ST E,ELMER AVE,6 m West of,Minor Arterial,Toronto and East York,43.669367,-79.302966,636812.7174,4836549.5123,Non Intersection,No Control,Clear,Daylight,Dry,63,The Beaches,63,The Beaches (63),Non-Fatal Injury,1,0,1,0,0,0,0,0,1,1,0,0,0,Pedestrian Collisions,"['Driver', 'Pedestrian']",East,"['Automobile, Station Wagon']",['Going Ahead'],['Speed too Fast For Condition'],['Inattentive'],['Pedestrian hit at mid-block'],['Coming From Behind Parked Vehicle'],['Unknown'],[],[],[],D55,False,"['25 to 29', '30 to 34']",3.0
4001608537.0,2014-02-27 10:00:00,1432,2014,YONGE ST,BALLIOL ST,,Major Arterial,Toronto and East York,43.697398,-79.396449,629215.9621,4839512.8065,Non Intersection,No Control,Clear,Daylight,Dry,174,South Eglinton-Davisville,104,Mount Pleasant West (104),Non-Fatal Injury,1,0,0,0,0,1,0,0,0,0,0,0,0,Pedestrian Collisions,"['Driver', 'Pedestrian']",East,['Municipal Transit Bus (TTC)'],['Turning Left'],['Driving Properly'],['Inattentive'],['Pedestrian involved in a collision with transit vehicle anywhere along roadway'],"['Crossing, no Traffic Control']",['Inattentive'],[],[],[],D53,False,"['50 to 54', '70 to 74']",3.0
4001616287.0,2014-02-28 10:00:00,1845,2014,7 QUEEN ELIZABETH BLVD,,,Local,Etobicoke York,43.62345,-79.502383,620827.8443,4831140.2831,Non Intersection,No Control,Clear,"Dark, artificial",Dry,16,Stonegate-Queensway,16,Stonegate-Queensway (16),Non-Fatal Injury,0,0,1,0,0,0,0,0,1,1,0,1,0,SMV Other,['Driver'],East,"['Automobile, Station Wagon']",['Other'],['Exceeding Speed Limit'],"['Ability Impaired, Alcohol']",[],[],[],[],[],[],D22,False,['60 to 64'],3.0
4001617003.0,2014-02-28 10:00:00,2049,2014,3035 YONGE ST,,,Major Arterial,North York,43.724253,-79.402026,628709.0592,4842486.7578,At/Near Private Drive,No Control,Clear,"Dark, artificial",Dry,103,Lawrence Park South,103,Lawrence Park South (103),Non-Fatal Injury,1,0,0,0,0,0,0,0,0,0,0,0,0,Pedestrian Collisions,['Pedestrian'],Unknown,[],[],[],[],['Pedestrian hit at mid-block'],['Other'],['Unknown'],[],[],[],D53,False,['55 to 59'],3.0
4001626103.0,2014-03-02 10:00:00,1208,2014,STEELES AVE W,DUFFERIN ST,,Major Arterial,North York,43.78728,-79.470042,623101.3484,4849383.4524,At Intersection,Traffic Signal,Clear,Daylight,Wet,34,Bathurst Manor,34,Bathurst Manor (34),Non-Fatal Injury,0,0,1,0,0,0,0,0,0,0,0,0,0,Turning Movement,['Driver'],North,"['Automobile, Station Wagon']","['Turning Left', 'Going Ahead']","['Improper Turn', 'Driving Properly']",['Normal'],[],[],[],[],[],[],D32,False,"['75 to 79', '35 to 39']",3.0
4001645257.0,2014-03-05 10:00:00,1528,2014,ROGERS RD,WESTON RD,,Minor Arterial,Etobicoke York,43.681712,-79.476039,622834.4668,4837649.7054,Non Intersection,No Control,Clear,Daylight,Dry,110,Keelesdale-Eglinton West,110,Keelesdale-Eglinton West (110),Non-Fatal Injury,0,0,1,0,0,0,0,1,0,1,0,0,0,Turning Movement,"['Driver', 'Passenger']",West,"['Automobile, Station Wagon']","['Making U Turn', 'Going Ahead']","['Improper Turn', 'Driving Properly']","['Inattentive', 'Normal']",[],[],[],[],[],[],D12,False,"['40 to 44', '25 to 29', '20 to 24']",3.0
4001647653.0,2014-03-05 10:00:00,2309,2014,MCCOWAN RD,BENLEIGH  DR,30 m North o,Major Arterial,Scarborough,43.758967,-79.246433,641159.8524,4846595.6954,Non Intersection,No Control,Clear,"Dark, artificial",Wet,156,Bendale-Glen Andrew,127,Bendale (127),Non-Fatal Injury,0,0,1,0,0,0,0,1,1,1,0,0,0,SMV Other,"['Driver', 'Passenger']",North,"['Automobile, Station Wagon']",['Going Ahead'],['Exceeding Speed Limit'],['Unknown'],[],[],[],[],[],[],D43,False,"['35 to 39', '20 to 24']",3.0
4001652316.0,2014-03-06 10:00:00,1730,2014,BLOOR ST W,DURIE ST,,Major Arterial,Toronto and East York,43.650492,-79.479076,622653.242,4834177.8205,At Intersection,Traffic Signal,Clear,Daylight,Dry,87,High Park-Swansea,87,High Park-Swansea (87),Non-Fatal Injury,1,0,1,0,0,0,0,0,0,1,1,0,0,Pedestrian Collisions,"['Driver', 'Pedestrian']",South,['Pick Up Truck'],['Going Ahead'],['Disobeyed Traffic Control'],['Inattentive'],['Vehicle is going straight thru inter.while ped cross with ROW'],['Crossing with right of way'],['Normal'],[],[],[],D11,False,"['25 to 29', '60 to 64']",3.0
4001655411.0,2014-03-07 10:00:00,825,2014,STEELES AVE E,PHARMACY AVE,,Major Arterial,Scarborough,43.816847,-79.336452,633784.1678,4852874.6799,At Intersection,Traffic Signal,Clear,Daylight,Dry,116,Steeles,116,Steeles (116),Non-Fatal Injury,1,0,1,0,0,0,0,0,0,1,0,0,0,Pedestrian Collisions,"['Driver', 'Pedestrian']",East,"['Automobile, Station Wagon']","['Going Ahead', 'Stopped', 'Turning Left']","['Driving Properly', 'Failed to Yield Right of Way']",['Normal'],['Pedestrian hit on sidewalk or shoulder'],['On Sidewalk or Shoulder'],['Normal'],[],[],[],D42,False,"['25 to 29', '60 to 64', '50 to 54', '30 to 34']",3.0
4001659738.0,2014-03-07 10:00:00,2053,2014,LOWER JARVIS ST,LAKE SHORE BLVD E,,Major Arterial,Toronto and East York,43.64556,-79.369815,631475.3254,4833797.3483,At Intersection,Traffic Signal,Clear,"Dark, artificial",Dry,166,St Lawrence-East Bayfront-The Islands,77,Waterfront Communities-The Island (77),Non-Fatal Injury,1,0,0,0,0,0,0,0,0,1,0,0,0,Pedestrian Collisions,"['Pedestrian', 'Driver']",North,[],['Going Ahead'],['Failed to Yield Right of Way'],['Unknown'],['Vehicle is going straight thru inter.while ped cross with ROW'],['Other'],['Unknown'],[],[],[],D51,False,"['30 to 34', 'unknown']",3.0
4001678969.0,2014-03-11 08:00:00,335,2014,7001 STEELES AVE W,,,Major Arterial,Etobicoke York,43.751216,-79.634021,609973.4848,4845147.2353,Non Intersection,No Control,Clear,Dark,Dry,1,West Humber-Clairville,1,West Humber-Clairville (1),Non-Fatal Injury,0,0,1,0,0,0,0,0,1,1,0,0,0,SMV Other,['Driver'],East,"['Automobile, Station Wagon']",['Going Ahead'],['Exceeding Speed Limit'],['Fatigue'],[],[],[],[],[],[],D23,False,['45 to 49'],3.0
4001680945.0,2014-03-09 09:00:00,30,2014,QUEEN ST W,SPADINA AVE,,Major Arterial,Toronto and East York,43.648753,-79.396373,629326.5329,4834110.2417,At Intersection,Traffic Signal,Clear,"Dark, artificial",Dry,164,Wellington Place,77,Waterfront Communities-The Island (77),Non-Fatal Injury,1,0,0,0,0,0,0,0,0,0,0,0,0,Pedestrian Collisions,"['Driver', 'Pedestrian']",South,[],['Turning Right'],['Other'],['Unknown'],['Vehicle turns right while ped crosses with ROW at inter.'],['Crossing with right of way'],['Normal'],[],[],[],D52,False,"['unknown', '25 to 29']",3.0
4001694942.0,2014-03-13 08:00:00,1755,2014,QUEEN ST E,SHERBOURNE ST,,Major Arterial,Toronto and East York,43.654513,-79.369464,631484.0965,4834792.2527,Intersection Related,Traffic Signal,Clear,Daylight,Dry,73,Moss Park,73,Moss Park (73),Non-Fatal Injury,1,0,1,0,0,0,0,0,0,0,0,0,0,Pedestrian Collisions,"['Driver', 'Pedestrian']",North,"['Automobile, Station Wagon']",['Going Ahead'],['Driving Properly'],['Normal'],['Vehicle is going straight thru inter.while ped cross without ROW'],['Crossing without right of way'],['Normal'],[],[],[],D51,False,"['45 to 49', '20 to 24']",3.0
4001700272.0,2014-03-14 08:00:00,1545,2014,YORK ST,YORK ST GARDINER W  RAMP,,Major Arterial,Toronto and East York,43.641421,-79.380862,630593.3372,4833320.217,At Intersection,Traffic Signal,Clear,Daylight,Dry,165,Harbourfront-CityPlace,77,Waterfront Communities-The Island (77),Non-Fatal Injury,1,0,1,0,0,0,0,1,0,1,0,0,0,Pedestrian Collisions,"['Driver', 'Passenger', 'Pedestrian']",North,"['Automobile, Station Wagon']",['Turning Right'],['Failed to Yield Right of Way'],['Inattentive'],['Vehicle turns right while ped crosses with ROW at inter.'],['Crossing with right of way'],['Normal'],[],[],[],D52,False,"['20 to 24', '55 to 59']",3.0
4001701923.0,2014-03-14 08:00:00,2041,2014,DANFORTH RD,TRUDELLE ST,,Major Arterial,Scarborough,43.739905,-79.245532,641277.2263,4844480.1059,Intersection Related,Traffic Signal,Clear,"Dark, artificial",Dry,138,Eglinton East,138,Eglinton East (138),Non-Fatal Injury,1,0,1,0,0,0,0,1,0,1,0,0,0,Pedestrian Collisions,"['Driver', 'Passenger', 'Pedestrian']",North,"['Automobile, Station Wagon']","['Going Ahead', 'Stopped', 'Turning Left']","['Driving Properly', 'Failed to Yield Right of Way']",['Unknown'],['Vehicle is going straight thru inter.while ped cross with ROW'],['Crossing with right of way'],['Unknown'],[],[],[],D43,False,"['40 to 44', '30 to 34', '15 to 19', '25 to 29', '0 to 4', '50 to 54']",3.0
4001715026.0,2014-03-17 08:00:00,700,2014,711 KENNEDY RD,,,Major Arterial,Scarborough,43.728591,-79.266422,639621.3466,4843188.105,Non Intersection,No Control,Clear,Dark,Dry,124,Kennedy Park,124,Kennedy Park (124),Non-Fatal Injury,1,0,1,0,0,0,0,0,0,0,0,0,0,Pedestrian Collisions,"['Driver', 'Pedestrian']",East,"['Automobile, Station Wagon']",['Going Ahead'],['Driving Properly'],['Normal'],['Pedestrian hit at mid-block'],"['Crossing, no Traffic Control']",['Unknown'],[],[],[],D41,False,"['15 to 19', '80 to 84']",3.0
4001727505.0,2014-03-19 08:00:00,615,2014,DON VALLEY PARKWAY  S,GERRARD ST E,,Minor Arterial,Toronto and East York,43.664591,-79.355953,632551.4373,4835933.0473,Non Intersection,No Control,Clear,Dark,Dry,70,South Riverdale,70,South Riverdale (70),Non-Fatal Injury,1,0,1,0,0,0,0,0,0,0,0,0,0,Pedestrian Collisions,"['Driver', 'Pedestrian']",South,"['Automobile, Station Wagon']",['Going Ahead'],['Driving Properly'],['Normal'],['Pedestrian hit at mid-block'],['Other'],['Unknown'],[],[],[],D55,False,"['30 to 34', '35 to 39']",3.0
4001729186.0,2014-03-19 08:00:00,615,2014,DON VALLEY PARKWAY  S,GERRARD ST E,,Minor Arterial,Toronto and East York,43.664336,-79.355869,632558.7712,4835904.8603,Non Intersection,No Control,Clear,Dark,Dry,70,South Riverdale,70,South Riverdale (70),Non-Fatal Injury,1,0,1,0,0,0,0,0,0,0,0,0,0,Pedestrian Collisions,"['Driver', 'Pedestrian']",South,"['Automobile, Station Wagon']",['Going Ahead'],['Driving Properly'],['Normal'],['Pedestrian hit at mid-block'],['Other'],['Unknown'],[],[],[],D55,False,"['60 to 64', '35 to 39']",3.0
4001738828.0,2014-03-21 08:00:00,126,2014,321 SCARBOROUGH GOLF CLUB RD,,,Minor Arterial,Scarborough,43.752612,-79.212047,643943.152,4845949.061,Non Intersection,No Control,Clear,"Dark, artificial",Loose Sand or Gravel,141,Golfdale-Cedarbrae-Woburn,137,Woburn (137),Non-Fatal Injury,0,0,1,0,0,0,0,0,0,0,0,0,0,SMV Other,['Driver'],North,"['Automobile, Station Wagon']",['Going Ahead'],['Lost control'],['Unknown'],[],[],[],[],[],[],D43,False,['30 to 34'],3.0
4001748870.0,2014-03-22 08:00:00,1750,2014,PATON RD,LANSDOWNE AVE,,Minor Arterial,Toronto and East York,43.660632,-79.443607,625492.504,4835357.0344,Intersection Related,Stop Sign,Clear,Daylight,Dry,171,Junction-Wallace Emerson,93,Dovercourt-Wallace Emerson-Junction (93),Non-Fatal Injury,1,0,1,0,0,0,0,0,0,1,0,0,0,Pedestrian Collisions,"['Driver', 'Pedestrian']",South,"['Automobile, Station Wagon']",['Other'],['Failed to Yield Right of Way'],['Normal'],['Vehicle is reversing and hits pedestrian'],['Crossing with right of way'],['Normal'],[],[],[],D11,False,"['40 to 44', '85 to 89']",3.0
4001752528.0,2014-03-23 08:00:00,1059,2014,BATHURST  ST,HOTSPUR RD,,Major Arterial,North York,43.733172,-79.433002,626195.3377,4843429.6989,At Intersection,No Control,Clear,Daylight,Dry,39,Bedford Park-Nortown,39,Bedford Park-Nortown (39),Non-Fatal Injury,0,0,1,0,0,0,0,1,0,1,0,0,0,Turning Movement,"['Driver', 'Passenger']",East,"['Automobile, Station Wagon']","['Turning Left', 'Going Ahead', 'Stopped']","['Failed to Yield Right of Way', 'Driving Properly']",['Normal'],[],[],[],[],[],[],D32,False,"['35 to 39', '55 to 59', '50 to 54', '20 to 24', '30 to 34']",3.0
4001769884.0,2014-03-26 08:00:00,955,2014,FRONT ST E,SCOTT ST,,Minor Arterial,Toronto and East York,43.647444,-79.375766,630991.2736,4833997.1806,Intersection Related,Stop Sign,Clear,Daylight,Dry,166,St Lawrence-East Bayfront-The Islands,77,Waterfront Communities-The Island (77),Non-Fatal Injury,1,0,1,0,0,0,0,0,0,0,0,0,0,Pedestrian Collisions,"['Driver', 'Pedestrian']",North,"['Automobile, Station Wagon']",['Turning Left'],['Improper Turn'],['Inattentive'],['Vehicle turns left while ped crosses with ROW at inter.'],"['Crossing, no Traffic Control']",['Normal'],[],[],[],D51,False,"['25 to 29', '30 to 34']",3.0