accident_number,date,time,year,street1,street2,offset,road_class,district,latitude,longitude,x,y,accident_location,traffctl,visibility,light,road_surface_condition,hood_158,neighbourhood_new,hood_140,neighbourhood_old,accident_class,pedestrian,cyclist,automobile,motorcycle,truck,trsn_city_veh,emerg_veh,passenger,speeding,aggressive_driving,redlight,alcohol,disability,impact_type,involvement_type,initial_direction,vehicle_type,manoeuver,driver_action,driver_condition,pedestrian_type,pedestrian_action,pedestrian_condition,cyclist_type,cyclist_action,cyclist_condition,division,injury,involvement_age,injury_severity_score
4002803822.0,2014-08-30 08:00:00,108,2014,BATHURST ST,ST CLAIR AVE W,41 m South o,Major Arterial,Toronto and East York,43.682711,-79.418117,627501.0297,4837848.073,Non Intersection,No Control,Clear,"Dark, artificial",Dry,96,Casa Loma,96,Casa Loma (96),Non-Fatal Injury,1,0,1,0,0,0,0,1,0,0,0,0,0,Pedestrian Collisions,"['Driver', 'Passenger', 'Pedestrian']",South,"['Automobile, Station Wagon']",['Going Ahead'],['Driving Properly'],['Normal'],['Pedestrian hit at mid-block'],['Running onto Roadway'],['Unknown'],[],[],[],D13,False,"['20 to 24', '60 to 64', '15 to 19']",3.0
4002803863.0,2014-08-30 08:00:00,115,2014,QUEEN ST W,DUFFERIN ST,50 m East of,Major Arterial,Toronto and East York,43.642298,-79.427852,626801.4241,4833344.7554,Non Intersection,No Control,Clear,"Dark, artificial",Dry,84,Little Portugal,84,Little Portugal (84),Non-Fatal Injury,0,1,0,0,0,1,0,0,0,0,0,0,0,Cyclist Collisions,"['Cyclist', 'Driver']",East,['Street Car'],['Going Ahead'],['Driving Properly'],['Normal'],[],[],[],['Insufficient information (to determine cyclist crash type).'],['Other'],['Had Been Drinking'],D14,False,"['25 to 29', '35 to 39']",3.0
4002804562.0,2014-08-30 08:00:00,459,2014,ST CLAIR AVE W,SYMES RD,39 m East of,Major Arterial,Etobicoke York,43.670558,-79.476505,622819.6588,4836410.2149,Non Intersection,No Control,Clear,"Dark, artificial",Dry,90,Junction Area,90,Junction Area (90),Fatal,1,0,1,0,0,0,0,0,0,0,0,0,0,Pedestrian Collisions,"['Driver', 'Pedestrian']",East,['Passenger Van'],['Going Ahead'],['Other'],['Unknown'],['Pedestrian hit at mid-block'],['Walking on Roadway Against Traffic'],['Other'],[],[],[],D11,True,"['unknown', '30 to 34']",4.0
4002809837.0,2014-08-30 08:00:00,2240,2014,741 RUNNYMEDE RD,,10 m South o,Minor Arterial,Etobicoke York,43.668566,-79.483371,622270.1819,4836178.8345,Non Intersection,No Control,Clear,"Dark, artificial",Dry,90,Junction Area,90,Junction Area (90),Non-Fatal Injury,1,0,1,1,0,0,0,0,0,0,0,0,0,Pedestrian Collisions,"['Driver', 'Motorcycle Driver', 'Pedestrian']",North,"['Automobile, Station Wagon', 'Motorcycle']","['Turning Right', 'Going Ahead']","['Improper Turn', 'Driving Properly']","['Had Been Drinking', 'Normal']",['Pedestrian hit on sidewalk or shoulder'],['On Sidewalk or Shoulder'],['Normal'],[],[],[],D11,False,"['25 to 29', '20 to 24']",3.0
4002811941.0,2014-08-31 08:00:00,855,2014,BROADVIEW AVE,QUEEN ST E,,Major Arterial,Toronto and East York,43.658866,-79.349849,633056.2248,4835306.9801,At Intersection,Traffic Signal,Clear,Daylight,Dry,70,South Riverdale,70,South Riverdale (70),Non-Fatal Injury,1,0,1,0,0,0,0,0,0,1,0,0,0,Pedestrian Collisions,"['Driver', 'Pedestrian']",East,"['Automobile, Station Wagon']",['Turning Left'],['Failed to Yield Right of Way'],['Inattentive'],['Vehicle turns left while ped crosses with ROW at inter.'],['Crossing with right of way'],['Normal'],[],[],[],D55,False,"['55 to 59', '65 to 69']",3.0
4002817424.0,2014-09-01 08:00:00,147,2014,EGLINTON AVE E,MARKHAM RD,76 m West of,Major Arterial,Scarborough,43.742972,-79.219852,643337.795,4844864.8566,Non Intersection,No Control,Clear,"Dark, artificial",Dry,139,Scarborough Village,139,Scarborough Village (139),Fatal,1,0,0,0,0,1,0,0,0,0,0,0,0,Pedestrian Collisions,"['Driver', 'Pedestrian']",East,['Municipal Transit Bus (TTC)'],['Going Ahead'],['Driving Properly'],['Normal'],[],[],[],[],[],[],D43,True,['30 to 34'],4.0
4002824583.0,2014-08-29 08:00:00,1200,2014,WELLESLEY ST E,BLEECKER ST,18 m East of,Minor Arterial,Toronto and East York,43.667224,-79.373737,631111.8529,4836197.2166,Intersection Related,No Control,Clear,Daylight,Dry,71,Cabbagetown-South St.James Town,71,Cabbagetown-South St.James Town (71),Non-Fatal Injury,0,1,1,0,0,0,0,0,0,1,0,0,0,Cyclist Collisions,"['Driver', 'Cyclist']",North,"['Automobile, Station Wagon', 'Bicycle']",['Going Ahead'],['Failed to Yield Right of Way'],['Unknown'],[],[],[],"['Motorist without ROW drives into path of cyclist at inter, lnwy, dwy-Driver not turn.']",['Driving Properly'],['Normal'],D51,False,"['unknown', '50 to 54']",3.0
4002835706.0,2014-09-03 08:00:00,1736,2014,JANE ST,EGLINTON AVE W,,Major Arterial,Etobicoke York,43.684466,-79.498821,620992.6377,4837922.0856,Intersection Related,No Control,Clear,Daylight,Dry,111,Rockcliffe-Smythe,111,Rockcliffe-Smythe (111),Non-Fatal Injury,1,0,1,0,0,0,0,0,0,0,0,0,0,Pedestrian Collisions,"['Driver', 'Pedestrian']",East,['Pick Up Truck'],['Going Ahead'],['Driving Properly'],['Normal'],['Pedestrian hit at mid-block'],['Running onto Roadway'],"['Ability Impaired, Drugs']",[],[],[],D12,False,"['45 to 49', '50 to 54']",3.0
4002843049.0,2014-09-04 08:00:00,1729,2014,SHEPPARD AVE E,PHARMACY AVE,50 m West of,Major Arterial,Scarborough,43.776309,-79.318561,635314.4675,4848401.378,Non Intersection,No Control,Clear,Daylight,Dry,118,Tam O'Shanter-Sullivan,118,Tam O'Shanter-Sullivan (118),Non-Fatal Injury,0,0,1,0,0,0,0,0,0,0,0,0,0,Turning Movement,['Driver'],East,"['Automobile, Station Wagon']","['Turning Left', 'Going Ahead']","['Improper Turn', 'Driving Properly']",['Normal'],[],[],[],[],[],[],D42,False,"['45 to 49', '40 to 44']",3.0
4002856687.0,2014-09-06 08:00:00,1610,2014,PELHAM AVE,UXBRIDGE AVE,,Local,Toronto and East York,43.667918,-79.456767,624416.3468,4836146.4203,Non Intersection,No Control,Clear,Daylight,Dry,91,Weston-Pelham Park,91,Weston-Pellam Park (91),Non-Fatal Injury,0,1,1,0,0,0,0,0,0,0,0,0,0,Cyclist Collisions,"['Driver', 'Cyclist']",South,"['Automobile, Station Wagon', 'Bicycle']","['Slowing or Stopping', 'Going Ahead']",['Driving Properly'],['Normal'],[],[],[],"['Cyclist without ROW rides into path of motorist at inter, lnwy, dwy-Cyclist not turn.']",['Failed to Yield Right of Way'],['Had Been Drinking'],D11,False,"['40 to 44', '50 to 54']",3.0
4002857204.0,2014-09-06 08:00:00,1744,2014,BURNHAMTHORPE RD,SHAVER AVE N,,Major Arterial,Etobicoke York,43.648165,-79.551685,616802.2315,4833814.6247,Intersection Related,Stop Sign,Clear,Daylight,Dry,158,Islington,14,Islington-City Centre West (14),Non-Fatal Injury,0,0,1,0,0,0,0,1,1,1,0,0,0,Turning Movement,"['Driver', 'Passenger']",South,"['Automobile, Station Wagon']","['Going Ahead', 'Turning Left']","['Exceeding Speed Limit', 'Failed to Yield Right of Way']",['Unknown'],[],[],[],[],[],[],D22,False,"['20 to 24', '45 to 49', '10 to 14']",3.0
4002857314.0,2014-09-06 08:00:00,1758,2014,DANFORTH AVE,WOODINGTON AVE,,Major Arterial,Toronto and East York,43.683928,-79.320888,635335.113,4838137.3091,At Intersection,Traffic Signal,Clear,Daylight,Dry,64,Woodbine Corridor,64,Woodbine Corridor (64),Non-Fatal Injury,1,0,1,0,0,0,0,0,0,1,0,0,0,Pedestrian Collisions,"['Driver', 'Pedestrian']",North,['Delivery Van'],['Turning Left'],['Failed to Yield Right of Way'],['Inattentive'],['Vehicle turns left while ped crosses with ROW at inter.'],['Crossing with right of way'],['Normal'],[],[],[],D55,False,"['35 to 39', '60 to 64']",3.0
4002858983.0,2014-09-07 08:00:00,2313,2014,2324 SHEPPARD AVE W,,,Major Arterial,Etobicoke York,43.734236,-79.5358,617914.5337,4843396.4478,Private Driveway,No Control,Clear,"Dark, artificial",Dry,23,Pelmo Park-Humberlea,23,Pelmo Park-Humberlea (23),Non-Fatal Injury,0,0,1,0,0,0,0,1,0,1,0,1,0,SMV Other,"['Driver', 'Other', 'Passenger']",East,"['Automobile, Station Wagon']","['Turning Left', 'Unknown']",['Lost control'],"['Ability Impaired, Alcohol Over .08']",[],[],[],[],[],[],D31,False,"['40 to 44', 'unknown', '30 to 34']",3.0
4002864815.0,2014-09-07 08:00:00,2130,2014,YONGE ST,FINCH AVE W,,Major Arterial,North York,43.779761,-79.415561,627500.9435,4848630.8138,At Intersection,Traffic Signal,Clear,"Dark, artificial",Dry,151,Yonge-Doris,51,Willowdale East (51),Non-Fatal Injury,1,0,1,0,0,0,0,0,0,0,0,0,0,Pedestrian Collisions,"['Driver', 'Pedestrian']",North,"['Automobile, Station Wagon']",['Going Ahead'],['Driving Properly'],['Normal'],['Vehicle is going straight thru inter.while ped cross without ROW'],['Running onto Roadway'],['Inattentive'],[],[],[],D32,False,"['25 to 29', '20 to 24']",3.0
4002867975.0,2014-09-08 08:00:00,1145,2014,OLD WESTON RD,ALGARVE CRES,1 m North of,Minor Arterial,Toronto and East York,43.679778,-79.46564,623676.6291,4837450.3625,At Intersection,No Control,Clear,Daylight,Dry,91,Weston-Pelham Park,91,Weston-Pellam Park (91),Non-Fatal Injury,0,0,1,0,0,0,0,0,0,0,0,0,0,SMV Unattended Vehicle,['Driver'],North,"['Automobile, Station Wagon']",['Unknown'],['Lost control'],['Unknown'],[],[],[],[],[],[],D12,False,['60 to 64'],3.0
4002874669.0,2014-09-09 08:00:00,1115,2014,ANNETTE ST,PACIFIC AVE,,Minor Arterial,Toronto and East York,43.663241,-79.467639,623549.426,4835610.7302,At Intersection,Traffic Signal,Clear,Daylight,Dry,90,Junction Area,90,Junction Area (90),Non-Fatal Injury,1,0,1,0,0,0,0,0,0,1,0,0,0,Pedestrian Collisions,"['Driver', 'Pedestrian']",North,['Delivery Van'],['Turning Left'],['Failed to Yield Right of Way'],['Normal'],['Vehicle turns left while ped crosses with ROW at inter.'],['Crossing with right of way'],['Normal'],[],[],[],D11,False,"['55 to 59', '80 to 84']",3.0
4002881159.0,2014-09-10 08:00:00,1030,2014,ST CLAIR AVE E,KENNEDY RD,,Major Arterial,Scarborough,43.716452,-79.261302,640061.9996,4841848.5303,Intersection Related,No Control,Clear,Daylight,Dry,120,Clairlea-Birchmount,120,Clairlea-Birchmount (120),Non-Fatal Injury,0,0,1,1,0,0,0,0,0,1,0,0,0,SMV Other,"['Driver - Not Hit', 'Motorcycle Driver']",West,"['Automobile, Station Wagon', 'Motorcycle']",['Going Ahead'],['Driving Properly'],['Normal'],[],[],[],[],[],[],D41,False,"['unknown', '20 to 24']",3.0
4002884654.0,2014-09-10 08:00:00,2012,2014,LAWRENCE AVE E,WARDEN AVE,,Major Arterial,Scarborough,43.74536,-79.294727,637303.3187,4845003.2481,At Intersection,Traffic Signal,Rain,"Dark, artificial",Wet,119,Wexford/Maryvale,119,Wexford/Maryvale (119),Non-Fatal Injury,1,0,1,0,0,0,0,0,0,1,0,0,0,Pedestrian Collisions,"['Driver', 'Pedestrian']",West,"['Automobile, Station Wagon']",['Turning Left'],['Failed to Yield Right of Way'],['Inattentive'],['Vehicle turns left while ped crosses with ROW at inter.'],['Crossing with right of way'],['Normal'],[],[],[],D41,False,"['55 to 59', '45 to 49']",3.0
4002886498.0,2014-09-11 08:00:00,625,2014,STEELES AVE W,CONLEY ST,,Major Arterial,North York,43.788638,-79.463176,623650.9952,4849544.5126,At Intersection,Traffic Signal,Clear,"Dark, artificial",Wet,35,Westminster-Branson,35,Westminster-Branson (35),Non-Fatal Injury,0,0,1,1,0,0,0,0,0,0,0,0,0,Turning Movement,"['Driver', 'Motorcycle Driver']",East,"['Pick Up Truck', 'Motorcycle']","['Turning Left', 'Going Ahead']","['Improper Turn', 'Other']",['Normal'],[],[],[],[],[],[],D32,False,"['60 to 64', '40 to 44']",3.0
4002906646.0,2014-09-14 08:00:00,643,2014,WALSH AVE,WESTON N WALSH RAMP,,Major Arterial,Etobicoke York,43.717013,-79.537273,617829.6713,4841481.4958,At Intersection,Traffic Signal,Clear,Daylight,Dry,23,Pelmo Park-Humberlea,23,Pelmo Park-Humberlea (23),Non-Fatal Injury,0,0,1,0,0,0,0,0,0,1,1,0,0,Turning Movement,['Driver'],East,"['Automobile, Station Wagon']","['Turning Left', 'Going Ahead']","['Disobeyed Traffic Control', 'Driving Properly']",['Normal'],[],[],[],[],[],[],D31,False,"['60 to 64', '65 to 69']",3.0
4002915951.0,2014-09-15 08:00:00,1655,2014,HUMBERWOOD BLVD,HULLRICK DR,15 m East of,Collector,Etobicoke York,43.723643,-79.619922,611159.593,4842103.6782,Non Intersection,No Control,Rain,Daylight,Wet,1,West Humber-Clairville,1,West Humber-Clairville (1),Non-Fatal Injury,0,0,1,0,0,0,0,0,1,1,0,0,0,Approaching,['Driver'],East,"['Automobile, Station Wagon']","['Overtaking', 'Going Ahead']","['Speed too Fast For Condition', 'Driving Properly']",['Normal'],[],[],[],[],[],[],D23,False,"['25 to 29', '30 to 34']",3.0
4002916967.0,2014-09-15 08:00:00,2010,2014,EGLINTON AVE E,EGLINTON SQ,,Major Arterial,Scarborough,43.724959,-79.300533,636882.3083,4842727.8071,At Intersection,Traffic Signal,Rain,"Dark, artificial",Wet,120,Clairlea-Birchmount,120,Clairlea-Birchmount (120),Non-Fatal Injury,0,0,1,0,0,0,0,1,0,1,1,0,0,Angle,"['Driver', 'Passenger']",East,"['Automobile, Station Wagon', 'Passenger Van']",['Going Ahead'],"['Disobeyed Traffic Control', 'Driving Properly']",['Normal'],[],[],[],[],[],[],D41,False,"['20 to 24', '40 to 44', '45 to 49', '15 to 19', '10 to 14']",3.0
4002919707.0,2014-09-16 08:00:00,932,2014,DVP S DON MILLS S RAMP RD,DON MILLS RD,10 m South o,Major Arterial,Toronto and East York,43.700286,-79.337711,633942.7563,4839926.7778,Overpass or Bridge,No Control,Clear,Daylight,Dry,58,Old East York,58,Old East York (58),Non-Fatal Injury,0,0,0,0,1,0,0,0,1,1,0,0,0,SMV Other,['Truck Driver'],South,['Truck (other)'],['Going Ahead'],['Speed too Fast For Condition'],['Normal'],[],[],[],[],[],[],D55,False,['50 to 54'],3.0
4002929082.0,2014-09-17 08:00:00,1620,2014,FINCH AVE E,LINUS RD,,Major Arterial,North York,43.791945,-79.358073,632100.2468,4850074.1799,Intersection Related,Traffic Signal,Clear,Daylight,Dry,47,Don Valley Village,47,Don Valley Village (47),Non-Fatal Injury,1,0,1,0,0,0,0,0,0,0,0,0,0,Pedestrian Collisions,"['Driver', 'Pedestrian']",East,['Pick Up Truck'],['Going Ahead'],['Driving Properly'],['Normal'],['Vehicle is going straight thru inter.while ped cross without ROW'],['Running onto Roadway'],['Medical or Physical Disability'],[],[],[],D33,False,"['50 to 54', '45 to 49']",3.0
4002949644.0,2014-09-20 08:00:00,2003,2014,SKYWAY AVE,MERIDIAN RD,220 m South ,Minor Arterial,Etobicoke York,43.680937,-79.581149,614363.787,4837413.3317,Non Intersection,No Control,Clear,"Dark, artificial",Dry,1,West Humber-Clairville,1,West Humber-Clairville (1),Non-Fatal Injury,0,0,0,1,0,0,0,0,0,1,0,0,0,SMV Other,['Motorcycle Driver'],West,['Motorcycle'],['Going Ahead'],['Lost control'],['Normal'],[],[],[],[],[],[],D23,False,['35 to 39'],3.0
4002952213.0,2014-09-21 08:00:00,700,2014,STEELES AVE W,BATHURST ST,,Major Arterial,North York,43.792399,-79.445743,625045.8013,4849988.4188,At Intersection,Traffic Signal,Rain,Daylight,Wet,36,Newtonbrook West,36,Newtonbrook West (36),Non-Fatal Injury,1,0,1,0,0,0,0,0,0,1,1,0,0,Pedestrian Collisions,"['Pedestrian', 'Driver']",East,"['Automobile, Station Wagon']",['Going Ahead'],['Disobeyed Traffic Control'],['Unknown'],['Vehicle is going straight thru inter.while ped cross with ROW'],['Crossing with right of way'],['Normal'],[],[],[],D32,False,"['40 to 44', 'unknown']",3.0
4002954632.0,2014-09-21 08:00:00,1542,2014,2715 LAWRENCE AVE E,,50 m West of,Major Arterial,Scarborough,43.752669,-79.259059,640158.1676,4845874.7623,At/Near Private Drive,No Control,Clear,Daylight,Dry,157,Bendale South,127,Bendale (127),Non-Fatal Injury,0,0,1,1,0,0,0,0,1,1,0,0,0,Turning Movement,"['Motorcycle Driver', 'Driver']",South,"['Motorcycle', 'Automobile, Station Wagon']","['Going Ahead', 'Turning Left']","['Exceeding Speed Limit', 'Driving Properly']",['Normal'],[],[],[],[],[],[],D41,False,"['35 to 39', '60 to 64']",3.0
4002973094.0,2014-09-24 08:00:00,1130,2014,BANBURY RD,LAWRENCE AVE E,10 m North o,Collector,North York,43.735106,-79.357433,632276.9517,4843762.3663,Non Intersection,No Control,Clear,Daylight,Dry,42,Banbury-Don Mills,42,Banbury-Don Mills (42),Non-Fatal Injury,0,0,1,0,0,0,0,0,1,1,0,0,1,SMV Other,['Driver'],South,"['Automobile, Station Wagon']",['Going Ahead'],['Lost control'],['Medical or Physical Disability'],[],[],[],[],[],[],D33,False,['65 to 69'],3.0
4002973211.0,2014-09-24 08:00:00,1151,2014,551 THE WEST MALL,,,Minor Arterial,Etobicoke York,43.651831,-79.570003,615317.9132,4834196.1627,Non Intersection,No Control,Clear,Daylight,Dry,13,Etobicoke West Mall,13,Etobicoke West Mall (13),Non-Fatal Injury,0,0,1,0,0,0,0,0,1,1,0,0,0,SMV Other,['Driver'],North,"['Automobile, Station Wagon']",['Going Ahead'],['Lost control'],['Unknown'],[],[],[],[],[],[],D22,False,['75 to 79'],3.0
4002979452.0,2014-09-25 08:00:00,940,2014,LOWER JARVIS ST,THE ESPLANADE,,Major Arterial,Toronto and East York,43.648215,-79.370921,631380.3366,4834090.4692,At Intersection,Traffic Signal,Clear,Daylight,Dry,166,St Lawrence-East Bayfront-The Islands,77,Waterfront Communities-The Island (77),Non-Fatal Injury,1,0,1,0,0,0,0,0,0,1,0,0,0,Pedestrian Collisions,"['Driver', 'Pedestrian']",South,"['Automobile, Station Wagon']",['Turning Left'],['Failed to Yield Right of Way'],['Unknown'],['Vehicle turns left while ped crosses with ROW at inter.'],['Crossing with right of way'],['Unknown'],[],[],[],D51,False,"['15 to 19', '20 to 24']",3.0
4002986275.0,2014-09-26 08:00:00,918,2014,REDPATH AVE,BROADWAY AVE,,Collector,North York,43.710574,-79.393894,629393.4986,4840980.1714,At Intersection,Stop Sign,Clear,Daylight,Dry,173,North Toronto,104,Mount Pleasant West (104),Non-Fatal Injury,1,0,0,0,0,0,1,0,0,1,0,0,0,Pedestrian Collisions,"['Driver', 'Pedestrian']",North,['Police Vehicle'],['Turning Left'],['Failed to Yield Right of Way'],['Normal'],['Vehicle turns left while ped crosses with ROW at inter.'],['Crossing with right of way'],['Normal'],[],[],[],D53,False,"['55 to 59', '25 to 29']",3.0
4002987190.0,2014-09-26 08:00:00,1153,2014,WILSON AVE,BILLY BISHOP WAY,4 m South of,Major Arterial,North York,43.733313,-79.452823,624598.783,4843415.3626,At Intersection,Traffic Signal,Clear,Daylight,Dry,33,Clanton Park,33,Clanton Park (33),Non-Fatal Injury,0,1,1,0,0,0,0,0,0,0,0,0,0,Cyclist Collisions,"['Driver', 'Cyclist']",East,"['Automobile, Station Wagon', 'Bicycle']","['Turning Right', 'Going Ahead']",['Driving Properly'],['Normal'],[],[],[],"['Cyclist without ROW rides into path of motorist at inter, lnwy, dwy-Cyclist not turn.']",['Failed to Yield Right of Way'],['Normal'],D32,False,"['50 to 54', '20 to 24']",3.0
4003003255.0,2014-09-28 08:00:00,1820,2014,WILLIAM R ALLEN RD N,RANEE AVE,100 m North ,,North York,43.724257,-79.447131,625076.0286,4842418.1387,Non Intersection,No Control,Clear,Daylight,Dry,32,Englemount-Lawrence,32,Englemount-Lawrence (32),Non-Fatal Injury,0,0,0,1,0,0,0,0,0,0,0,0,0,SMV Other,['Motorcycle Driver'],North,['Motorcycle'],['Unknown'],['Lost control'],['Unknown'],[],[],[],[],[],[],D32,False,['45 to 49'],3.0
4003007939.0,2014-09-29 08:00:00,1325,2014,COLLEGE ST,SHAW ST,,Major Arterial,Toronto and East York,43.654898,-79.420261,627387.043,4834755.7744,Non Intersection,Pedestrian Crossover,Clear,Daylight,Dry,81,Trinity-Bellwoods,81,Trinity-Bellwoods (81),Non-Fatal Injury,0,1,1,0,0,0,0,1,0,1,0,0,0,Cyclist Collisions,"['Driver', 'Cyclist', 'Passenger']",East,"['Automobile, Station Wagon', 'Bicycle']",['Going Ahead'],['Failed to Yield Right of Way'],['Normal'],[],[],[],"['Motorist without ROW drives into path of cyclist at inter, lnwy, dwy-Driver not turn.']",['Failed to Yield Right of Way'],['Fatigue'],D14,False,"['35 to 39', '25 to 29', '20 to 24']",3.0
4003015546.0,2014-09-30 08:00:00,1538,2014,DUNDAS ST E,MUTUAL ST,,Major Arterial,Toronto and East York,43.656806,-79.375659,630979.5498,4835037.1229,At Intersection,No Control,Clear,Daylight,Dry,168,Downtown Yonge East,75,Church-Yonge Corridor (75),Non-Fatal Injury,1,0,0,1,0,0,0,0,0,0,0,0,0,Pedestrian Collisions,"['Motorcycle Driver', 'Pedestrian']",South,['Motorcycle'],['Going Ahead'],['Driving Properly'],['Fatigue'],['Vehicle is going straight thru inter.while ped cross without ROW'],['Crossing without right of way'],['Medical or Physical Disability'],[],[],[],D51,False,"['35 to 39', '45 to 49']",3.0
4003025669.0,2014-10-02 08:00:00,740,2014,581 TRETHEWEY DR,,,Minor Arterial,Etobicoke York,43.696761,-79.491908,621524.9859,4839297.7206,Non Intersection,No Control,Clear,Daylight,Dry,30,Brookhaven-Amesbury,30,Brookhaven-Amesbury (30),Non-Fatal Injury,0,0,1,0,0,0,0,1,0,1,0,0,0,Sideswipe,"['Driver', 'Passenger']",West,"['Automobile, Station Wagon']","['Going Ahead', 'Overtaking']","['Driving Properly', 'Lost control']","['Normal', 'Had Been Drinking']",[],[],[],[],[],[],D12,False,"['30 to 34', '55 to 59', '15 to 19', '10 to 14', '35 to 39']",3.0
4003042543.0,2014-10-04 08:00:00,1730,2014,PHARMACY AVE,PRINCEWAY DR,55 m North o,Minor Arterial,Scarborough,43.753657,-79.308833,636148.7204,4845901.4711,Non Intersection,No Control,Clear,Daylight,Dry,119,Wexford/Maryvale,119,Wexford/Maryvale (119),Non-Fatal Injury,0,0,1,1,0,0,0,1,0,1,0,0,0,Turning Movement,"['Driver', 'Motorcycle Driver', 'Passenger']",North,"['Automobile, Station Wagon', 'Motorcycle']","['Turning Left', 'Going Ahead']","['Failed to Yield Right of Way', 'Lost control']","['Inattentive', 'Normal']",[],[],[],[],[],[],D41,False,"['55 to 59', '25 to 29', '60 to 64', '80 to 84', '50 to 54']",3.0
4003056806.0,2014-10-07 08:00:00,9,2014,UNIVERSITY AVE,QUEEN ST W,,Major Arterial,Toronto and East York,43.650778,-79.386592,630110.9697,4834350.4337,At Intersection,Traffic Signal,Rain,"Dark, artificial",Wet,170,Yonge-Bay Corridor,76,Bay Street Corridor (76),Non-Fatal Injury,1,0,1,0,0,0,0,0,0,0,0,0,0,Pedestrian Collisions,"['Driver', 'Pedestrian']",South,"['Automobile, Station Wagon']",['Going Ahead'],['Driving Properly'],['Normal'],['Vehicle is going straight thru inter.while ped cross without ROW'],['Running onto Roadway'],['Other'],[],[],[],D52,False,"['45 to 49', '25 to 29']",3.0
4003063238.0,2014-10-08 08:00:00,2348,2014,2835 ISLINGTON AVE,,25 m South o,Major Arterial,Etobicoke York,43.749804,-79.567989,615292.3947,4845080.1946,At/Near Private Drive,No Control,Clear,"Dark, artificial",Wet,21,Humber Summit,21,Humber Summit (21),Non-Fatal Injury,0,0,1,0,0,0,0,0,1,1,0,1,0,SMV Other,['Driver'],North,"['Automobile, Station Wagon']",['Going Ahead'],['Speed too Fast For Condition'],"['Ability Impaired, Alcohol Over .08']",[],[],[],[],[],[],D31,False,['50 to 54'],3.0
4003072697.0,2014-10-09 08:00:00,1240,2014,DON MILLS RD,DUNCAN MILL RD,,Major Arterial,North York,43.761679,-79.347186,633043.2695,4846730.1059,At Intersection,Traffic Signal,Clear,Daylight,Dry,149,Parkwoods-O'Connor Hills,45,Parkwoods-Donalda (45),Non-Fatal Injury,1,0,0,0,1,0,0,0,0,1,0,0,0,Pedestrian Collisions,"['Truck Driver', 'Pedestrian']",East,['Truck - Open'],['Turning Left'],['Failed to Yield Right of Way'],['Inattentive'],['Vehicle turns left while ped crosses with ROW at inter.'],['Crossing with right of way'],['Normal'],[],[],[],D33,False,"['30 to 34', '50 to 54']",3.0
4003073382.0,2014-10-09 08:00:00,1410,2014,WARDEN AVE,MARBLE ARCH CRES,,Major Arterial,Scarborough,43.735335,-79.290637,637655.61,4843896.6092,Non Intersection,Traffic Signal,Clear,Daylight,Dry,119,Wexford/Maryvale,119,Wexford/Maryvale (119),Fatal,0,1,1,0,0,0,0,0,0,1,1,0,0,Cyclist Collisions,"['Driver', 'Cyclist']",East,"['Automobile, Station Wagon', 'Bicycle']",['Going Ahead'],['Disobeyed Traffic Control'],['Inattentive'],[],[],[],"['Motorist without ROW drives into path of cyclist at inter, lnwy, dwy-Driver not turn.']",['Driving Properly'],['Normal'],D41,True,"['45 to 49', '60 to 64']",4.0
4003074555.0,2014-10-09 08:00:00,1745,2014,KING ST W,JAMESON AVE,14 m West of,Major Arterial,Toronto and East York,43.637053,-79.436572,626109.079,4832748.9458,Intersection Related,No Control,Clear,Dusk,Dry,85,South Parkdale,85,South Parkdale (85),Fatal,1,0,0,0,1,0,0,0,0,0,0,0,0,Pedestrian Collisions,"['Truck Driver', 'Pedestrian']",East,['Truck - Dump'],['Going Ahead'],['Driving Properly'],['Normal'],['Pedestrian hit at mid-block'],"['Crossing, no Traffic Control']",['Inattentive'],[],[],[],D14,True,"['40 to 44', '80 to 84']",4.0
4003078638.0,2014-10-10 08:00:00,1138,2014,F G GARDINER XY  W,PARKSIDE DR,,,Toronto and East York,43.637911,-79.446948,625270.34,4832828.5259,Non Intersection,No Control,Clear,Daylight,Dry,85,South Parkdale,85,South Parkdale (85),Non-Fatal Injury,1,0,1,0,0,0,0,0,0,0,0,0,0,Pedestrian Collisions,"['Pedestrian', 'Driver']",Unknown,"['Automobile, Station Wagon']",['Going Ahead'],['Driving Properly'],['Normal'],['Pedestrian hit at mid-block'],['Other'],['Other'],[],[],[],D11,False,['35 to 39'],3.0
4003092212.0,2014-10-12 08:00:00,1640,2014,MARTIN GROVE RD,RATHBURN  RD,,Minor Arterial,Etobicoke York,43.657023,-79.555232,616499.0467,4834793.4323,At Intersection,Traffic Signal,Clear,Daylight,Dry,158,Islington,14,Islington-City Centre West (14),Non-Fatal Injury,0,0,1,0,0,0,1,1,0,1,1,0,0,Angle,"['Driver', 'Passenger']",North,"['Fire Vehicle', 'Automobile, Station Wagon']","['Stopped', 'Going Ahead']","['Disobeyed Traffic Control', 'Failed to Yield Right of Way']","['Normal', 'Inattentive']",[],[],[],[],[],[],D22,False,"['45 to 49', '90 to 94', '30 to 34', '35 to 39', '85 to 89']",3.0