accident_number,date,time,year,street1,street2,offset,road_class,district,latitude,longitude,x,y,accident_location,traffctl,visibility,light,road_surface_condition,hood_158,neighbourhood_new,hood_140,neighbourhood_old,accident_class,pedestrian,cyclist,automobile,motorcycle,truck,trsn_city_veh,emerg_veh,passenger,speeding,aggressive_driving,redlight,alcohol,disability,impact_type,involvement_type,initial_direction,vehicle_type,manoeuver,driver_action,driver_condition,pedestrian_type,pedestrian_action,pedestrian_condition,cyclist_type,cyclist_action,cyclist_condition,division,injury,involvement_age,injury_severity_score
4003101857.0,2014-10-14 08:00:00,1255,2014,KENNEDY RD,GLAMORGAN AVE,,Major Arterial,Scarborough,43.769412,-79.282245,638252.9362,4847695.3552,At Intersection,Traffic Signal,Clear,Daylight,Wet,126,Dorset Park,126,Dorset Park (126),Non-Fatal Injury,0,0,1,1,0,0,0,0,0,1,0,0,0,Turning Movement,"['Driver', 'Motorcycle Driver']",North,"['Automobile, Station Wagon', 'Motorcycle']","['Turning Left', 'Going Ahead']","['Failed to Yield Right of Way', 'Driving Properly']","['Inattentive', 'Normal']",[],[],[],[],[],[],D41,False,"['45 to 49', '50 to 54']",3.0
4003102605.0,2014-10-14 08:00:00,1448,2014,BRIDLETOWNE CRCL,FINCH AVE E,,Major Arterial,Scarborough,43.79584,-79.319309,635210.2279,4850569.38,At Intersection,Traffic Signal,Clear,Daylight,Dry,147,L'Amoreaux West,117,L'Amoreaux (117),Non-Fatal Injury,0,0,1,1,0,0,0,0,0,1,0,0,0,Turning Movement,"['Driver', 'Motorcycle Driver']",North,"['Automobile, Station Wagon', 'Motorcycle']","['Turning Left', 'Going Ahead']","['Failed to Yield Right of Way', 'Improper Passing']",['Normal'],[],[],[],[],[],[],D42,False,"['50 to 54', '20 to 24']",3.0
4003112757.0,2014-10-16 08:00:00,644,2014,BERTRAND AVE,BIRCHMOUNT RD,,Major Arterial,Scarborough,43.735224,-79.279865,638523.3489,4843902.2347,At Intersection,Traffic Signal,Clear,"Dark, artificial",Dry,119,Wexford/Maryvale,119,Wexford/Maryvale (119),Non-Fatal Injury,1,0,1,0,0,0,0,0,0,1,0,0,0,Pedestrian Collisions,"['Driver', 'Pedestrian']",East,"['Automobile, Station Wagon']",['Turning Left'],['Failed to Yield Right of Way'],['Normal'],['Vehicle turns left while ped crosses with ROW at inter.'],['Crossing with right of way'],['Normal'],[],[],[],D41,False,"['65 to 69', '55 to 59']",3.0
4003142204.0,2014-10-20 08:00:00,1803,2014,BAY ST,QUEEN ST W,,Major Arterial,Toronto and East York,43.651881,-79.381709,630502.3675,4834480.6041,At Intersection,Traffic Signal,Rain,Dusk,Wet,170,Yonge-Bay Corridor,76,Bay Street Corridor (76),Non-Fatal Injury,0,1,1,0,0,0,0,0,0,1,0,0,0,Cyclist Collisions,"['Driver', 'Vehicle Owner', 'Cyclist']",North,"['Automobile, Station Wagon', 'Bicycle']","['Turning Left', 'Going Ahead']",['Failed to Yield Right of Way'],['Normal'],[],[],[],['Motorist turned left across cyclists path.'],['Driving Properly'],['Normal'],D52,False,"['20 to 24', 'unknown', '25 to 29']",3.0
4003143526.0,2014-10-20 08:00:00,2229,2014,YORK ST,RICHMOND ST W,,Major Arterial,Toronto and East York,43.650431,-79.384639,630269.2185,4834314.9589,At Intersection,Traffic Signal,Rain,"Dark, artificial",Wet,170,Yonge-Bay Corridor,76,Bay Street Corridor (76),Non-Fatal Injury,0,0,1,1,0,0,0,0,0,1,1,0,0,Angle,"['Driver', 'Motorcycle Driver']",North,"['Automobile, Station Wagon', 'Motorcycle']",['Going Ahead'],"['Disobeyed Traffic Control', 'Driving Properly']","['Inattentive', 'Normal']",[],[],[],[],[],[],D52,False,"['25 to 29', '35 to 39']",3.0
4003148755.0,2014-10-21 08:00:00,1909,2014,BLOOR ST W,PACIFIC AVE,,Major Arterial,Toronto and East York,43.653887,-79.463695,623886.6566,4834577.7272,At Intersection,No Control,Rain,"Dark, artificial",Wet,87,High Park-Swansea,87,High Park-Swansea (87),Non-Fatal Injury,1,0,1,0,0,0,0,0,0,0,0,0,0,Pedestrian Collisions,"['Driver', 'Pedestrian']",East,"['Automobile, Station Wagon']",['Going Ahead'],['Driving Properly'],['Normal'],['Vehicle is going straight thru inter.while ped cross without ROW'],"['Crossing, no Traffic Control']",['Inattentive'],[],[],[],D11,False,['35 to 39'],3.0
4003149103.0,2014-10-21 08:00:00,2015,2014,WILSON AVE,ALLARD AVE,,Major Arterial,North York,43.737872,-79.429408,626474.8818,4843957.1821,Intersection Related,Stop Sign,Rain,"Dark, artificial",Wet,39,Bedford Park-Nortown,39,Bedford Park-Nortown (39),Non-Fatal Injury,0,0,1,0,0,0,0,1,0,1,0,0,0,Turning Movement,"['Driver', 'Passenger']",East,"['Automobile, Station Wagon', 'Pick Up Truck']","['Turning Left', 'Going Ahead']","['Failed to Yield Right of Way', 'Driving Properly']",['Normal'],[],[],[],[],[],[],D32,False,"['60 to 64', '55 to 59', '50 to 54']",3.0
4003152521.0,2014-10-22 08:00:00,1145,2014,DON VALLEY PARKWAY  S,WYNFORD DR,200 m North ,,North York,43.728484,-79.330394,634469.2619,4843070.4189,Non Intersection,No Control,Clear,Daylight,Dry,42,Banbury-Don Mills,42,Banbury-Don Mills (42),Non-Fatal Injury,0,0,1,1,0,0,0,0,1,1,0,0,0,Rear End,"['Motorcycle Driver', 'Driver']",South,"['Motorcycle', 'Automobile, Station Wagon']","['Going Ahead', 'Stopped']","['Speed too Fast For Condition', 'Driving Properly']","['Inattentive', 'Normal']",[],[],[],[],[],[],D33,False,"['15 to 19', '55 to 59']",3.0
4003154882.0,2014-10-22 08:00:00,1803,2014,PARKINGTON CRES,ELLESMERE RD,,Major Arterial,Scarborough,43.773245,-79.246219,641143.4929,4848181.8539,At Intersection,Traffic Signal,Clear,Dusk,Dry,142,Woburn North,137,Woburn (137),Non-Fatal Injury,1,0,1,0,1,0,0,0,0,1,1,0,0,Pedestrian Collisions,"['Truck Driver', 'Driver', 'Pedestrian']",South,"['Truck - Open', 'Automobile, Station Wagon']","['Turning Left', 'Going Ahead']","['Driving Properly', 'Disobeyed Traffic Control']","['Normal', 'Inattentive']",['Vehicle turns left while ped crosses with ROW at inter.'],['Crossing with right of way'],['Normal'],[],[],[],D43,False,"['65 to 69', '25 to 29']",3.0
4003158007.0,2014-10-23 08:00:00,1229,2014,4709 JANE ST,,,Major Arterial,Etobicoke York,43.770903,-79.520862,619044.8055,4847490.2202,At Intersection,Traffic Signal,Clear,Daylight,Dry,24,Black Creek,24,Black Creek (24),Non-Fatal Injury,0,0,0,0,1,0,0,1,0,0,0,0,0,Sideswipe,"['Truck Driver', 'Passenger']",North,['Truck-Tractor'],['Going Ahead'],['Driving Properly'],['Normal'],[],[],[],[],[],[],D31,False,"['30 to 34', '40 to 44']",3.0
4003162994.0,2014-10-24 08:00:00,2315,2014,YONGE ST,HILLCREST AVE,,Major Arterial,North York,43.767462,-79.412438,627778.447,4847269.6366,Non Intersection,No Control,Clear,"Dark, artificial",Dry,151,Yonge-Doris,51,Willowdale East (51),Non-Fatal Injury,0,0,1,0,0,1,0,1,0,0,0,0,0,Sideswipe,"['Driver', 'Passenger']",South,"['Automobile, Station Wagon', 'Intercity Bus']","['Changing Lanes', 'Going Ahead']","['Improper Lane Change', 'Driving Properly']","['Inattentive', 'Normal']",[],[],[],[],[],[],D32,False,"['25 to 29', '20 to 24', '35 to 39', 'unknown']",3.0
4003167923.0,2014-10-24 08:00:00,1727,2014,220 WOOLNER AVE,,65 m East of,Collector,Etobicoke York,43.671721,-79.492557,621523.2356,4836515.7409,At/Near Private Drive,No Control,Clear,Dusk,Dry,111,Rockcliffe-Smythe,111,Rockcliffe-Smythe (111),Non-Fatal Injury,1,0,1,0,0,0,0,0,0,0,0,0,0,Pedestrian Collisions,"['Driver', 'Pedestrian']",Unknown,"['Automobile, Station Wagon']",['Going Ahead'],['Driving Properly'],['Inattentive'],['Pedestrian hit at mid-block'],"['Crossing, no Traffic Control']",['Inattentive'],[],[],[],D12,False,"['65 to 69', '80 to 84']",3.0
4003174449.0,2014-10-25 08:00:00,1736,2014,123 SPADINA AVE,,,Major Arterial,Toronto and East York,43.647292,-79.395778,629377.6546,4833948.906,Intersection Related,No Control,Clear,Daylight,Dry,164,Wellington Place,77,Waterfront Communities-The Island (77),Non-Fatal Injury,0,0,1,1,0,0,0,0,0,0,0,0,0,Sideswipe,"['Driver', 'Motorcycle Driver']",North,"['Automobile, Station Wagon', 'Motorcycle']","['Changing Lanes', 'Going Ahead']","['Improper Lane Change', 'Driving Properly']","['Inattentive', 'Normal']",[],[],[],[],[],[],D52,False,"['35 to 39', '30 to 34']",3.0
4003176267.0,2014-10-26 08:00:00,2335,2014,LAKE SHORE BLVD E,LOWER JARVIS ST,27 m East of,Major Arterial,Toronto and East York,43.645556,-79.369815,631475.3342,4833796.9041,At Intersection,Traffic Signal,Clear,"Dark, artificial",Dry,166,St Lawrence-East Bayfront-The Islands,77,Waterfront Communities-The Island (77),Non-Fatal Injury,0,0,1,0,0,0,0,0,1,1,0,0,0,Rear End,['Driver'],West,"['Automobile, Station Wagon']","['Going Ahead', 'Stopped']","['Following too Close', 'Driving Properly']",['Normal'],[],[],[],[],[],[],D51,False,"['25 to 29', '30 to 34']",3.0
4003192512.0,2014-10-28 08:00:00,1515,2014,VICTORIA PARK AVE,O CONNOR DR,,Major Arterial,North York,43.723372,-79.302089,636760.5913,4842548.9785,Intersection Related,Traffic Signal,Other,Daylight,Dry,120,Clairlea-Birchmount,120,Clairlea-Birchmount (120),Fatal,0,1,1,0,0,0,0,0,0,0,0,0,0,Cyclist Collisions,"['Driver', 'Cyclist']",South,"['Automobile, Station Wagon', 'Bicycle']","['Turning Right', 'Going Ahead']",['Improper Turn'],['Inattentive'],[],[],[],['Motorist turning right on green or amber at signalized intersection strikes cyclist.'],['Other'],['Other'],D41,True,"['45 to 49', '70 to 74']",4.0
4003207779.0,2014-10-30 08:00:00,2111,2014,1255 QUEENSWAY AVE,,,Major Arterial,Etobicoke York,43.621318,-79.525058,619002.6142,4830870.7501,Non Intersection,No Control,Clear,"Dark, artificial",Wet,159,Etobicoke City Centre,14,Islington-City Centre West (14),Non-Fatal Injury,0,0,0,1,0,0,0,0,0,1,0,0,0,Turning Movement,"['Motorcycle Driver', 'Driver']",East,['Motorcycle'],"['Going Ahead', 'Turning Right']","['Driving Properly', 'Failed to Yield Right of Way']","['Normal', 'Unknown']",[],[],[],[],[],[],D22,False,"['25 to 29', 'unknown']",3.0
4003213460.0,2014-10-31 08:00:00,1845,2014,REXDALE BLVD,HIGHWAY 27  S,,Major Arterial,Etobicoke York,43.717257,-79.595607,613130.0963,4841427.3237,At Intersection,Traffic Signal,Rain,"Dark, artificial",Wet,1,West Humber-Clairville,1,West Humber-Clairville (1),Non-Fatal Injury,0,1,1,0,0,0,0,1,0,0,0,0,0,Cyclist Collisions,"['Driver', 'Passenger', 'Cyclist']",East,"['Automobile, Station Wagon', 'Bicycle']","['Going Ahead', 'Unknown']",['Driving Properly'],['Normal'],[],[],[],['Cyclist and Driver travelling in same direction. One vehicle sideswipes the other.'],['Other'],['Normal'],D23,False,"['25 to 29', '30 to 34', '10 to 14', '5 to 9', '75 to 79']",3.0
4003224177.0,2014-11-02 09:00:00,1205,2014,EGLINGTON AVE,HEDDINGTON AVE,,Major Arterial,North York,43.703459,-79.413883,627798.2188,4840158.9426,At Intersection,Traffic Signal,Clear,Daylight,Dry,101,Forest Hill South,101,Forest Hill South (101),Non-Fatal Injury,1,0,1,0,0,0,0,0,0,1,0,0,0,Pedestrian Collisions,"['Driver', 'Pedestrian']",North,['Passenger Van'],['Turning Left'],['Failed to Yield Right of Way'],['Inattentive'],['Vehicle turns left while ped crosses with ROW at inter.'],['Crossing with right of way'],"['Normal', 'Unknown']",[],[],[],D53,False,"['75 to 79', '25 to 29', '30 to 34']",3.0
4003235849.0,2014-11-02 09:00:00,1015,2014,BLOSSOMFIELD DR,DANE AVE,,Collector,North York,43.717486,-79.448962,624942.6227,4841663.3611,At Intersection,Stop Sign,Clear,"Dark, artificial",Dry,31,Yorkdale-Glen Park,31,Yorkdale-Glen Park (31),Non-Fatal Injury,1,0,1,0,0,0,0,0,0,1,0,0,0,Pedestrian Collisions,"['Driver', 'Pedestrian']",East,"['Automobile, Station Wagon']",['Turning Right'],['Failed to Yield Right of Way'],['Normal'],['Vehicle turns right while ped crosses with ROW at inter.'],['Crossing with right of way'],['Normal'],[],[],[],D32,False,"['65 to 69', '60 to 64']",3.0
4003249661.0,2014-11-06 10:00:00,1130,2014,BICKNELL AVE,WESTBURY CRES,,Collector,Etobicoke York,43.684535,-79.474925,622918.493,4837964.8881,Non Intersection,Stop Sign,Clear,Daylight,Dry,110,Keelesdale-Eglinton West,110,Keelesdale-Eglinton West (110),Non-Fatal Injury,1,0,1,0,0,0,0,0,0,0,0,0,0,Pedestrian Collisions,"['Driver', 'Pedestrian']",East,"['Automobile, Station Wagon']",['Turning Right'],['Lost control'],['Unknown'],['Pedestrian hit on sidewalk or shoulder'],['On Sidewalk or Shoulder'],['Normal'],[],[],[],D12,False,"['60 to 64', '90 to 94']",3.0
4003253640.0,2014-11-06 10:00:00,2300,2014,SPADINA AVE,SULLIVAN ST,64 m North o,Major Arterial,Toronto and East York,43.651316,-79.397403,629237.9692,4834393.2917,Non Intersection,No Control,Rain,"Dark, artificial",Wet,78,Kensington-Chinatown,78,Kensington-Chinatown (78),Non-Fatal Injury,1,0,0,0,0,1,0,0,0,0,0,0,0,Pedestrian Collisions,"['Driver', 'Pedestrian']",North,['Street Car'],['Going Ahead'],['Driving Properly'],['Normal'],['Pedestrian involved in a collision with transit vehicle anywhere along roadway'],"['Crossing, no Traffic Control']",['Had Been Drinking'],[],[],[],D52,False,['40 to 44'],3.0
4003257164.0,2014-11-07 10:00:00,1247,2014,DON MILLS RD,FRESHMEADOW DR,,Major Arterial,North York,43.809378,-79.359485,631948.2619,4852008.1386,Non Intersection,No Control,Clear,Daylight,Dry,48,Hillcrest Village,48,Hillcrest Village (48),Fatal,1,0,1,0,0,0,0,0,0,0,0,0,0,Pedestrian Collisions,"['Driver', 'Pedestrian']",East,['Pick Up Truck'],['Going Ahead'],['Driving Properly'],['Normal'],['Pedestrian hit at mid-block'],"['Crossing, no Traffic Control']",['Unknown'],[],[],[],D33,True,"['30 to 34', '70 to 74']",4.0
4003258482.0,2014-11-07 10:00:00,1700,2014,BRIMORTON DR,MARKHAM RD,,Major Arterial,Scarborough,43.773486,-79.230685,642393.105,4848235.2199,At Intersection,Traffic Signal,Clear,"Daylight, artificial",Dry,142,Woburn North,137,Woburn (137),Non-Fatal Injury,1,0,1,0,0,0,0,0,0,0,0,0,0,Pedestrian Collisions,"['Driver', 'Pedestrian']",East,"['Automobile, Station Wagon']",['Turning Right'],['Improper Turn'],['Inattentive'],['Vehicle turns right while ped crosses with ROW at inter.'],['Crossing with right of way'],['Normal'],[],[],[],D43,False,"['60 to 64', '65 to 69']",3.0
4003267619.0,2014-11-09 10:00:00,559,2014,KIPLING AVE,WESTHUMBER BLVD,,Major Arterial,Etobicoke York,43.728129,-79.574641,614798.2461,4842663.6403,At Intersection,Traffic Signal,Clear,"Dark, artificial",Dry,4,Rexdale-Kipling,4,Rexdale-Kipling (4),Fatal,0,0,1,0,0,1,0,1,0,1,1,0,0,Angle,"['Driver', 'Passenger']",East,"['Automobile, Station Wagon', 'Municipal Transit Bus (TTC)']",['Going Ahead'],"['Disobeyed Traffic Control', 'Driving Properly']","['Unknown', 'Normal']",[],[],[],[],[],[],D23,True,"['20 to 24', '45 to 49', '35 to 39', '50 to 54', '25 to 29']",4.0
4003269360.0,2014-11-09 10:00:00,1356,2014,PHARMACY AVE,INNISDALE DR,,Minor Arterial,Scarborough,43.734862,-79.301227,636803.8611,4843826.5352,Intersection Related,Traffic Signal,Clear,Daylight,Dry,119,Wexford/Maryvale,119,Wexford/Maryvale (119),Non-Fatal Injury,0,0,1,1,0,0,0,0,0,1,0,0,0,Rear End,"['Motorcycle Driver', 'Driver']",South,"['Motorcycle', 'Automobile, Station Wagon']",['Going Ahead'],"['Following too Close', 'Driving Properly']",['Normal'],[],[],[],[],[],[],D41,False,"['25 to 29', '80 to 84']",3.0
4003270015.0,2014-11-09 10:00:00,1555,2014,AVENUE RD,ST GERMAIN AVE,,Major Arterial,North York,43.728297,-79.418041,627410.5424,4842911.154,Non Intersection,No Control,Clear,Daylight,Dry,39,Bedford Park-Nortown,39,Bedford Park-Nortown (39),Non-Fatal Injury,0,0,1,0,0,0,0,0,0,0,0,0,1,SMV Unattended Vehicle,"['Driver', 'Other']",South,"['Automobile, Station Wagon']","['Going Ahead', 'Parked']",['Lost control'],['Medical or Physical Disability'],[],[],[],[],[],[],D32,False,"['60 to 64', 'unknown']",3.0
4003276888.0,2014-11-10 10:00:00,1750,2014,DIXON RD,ISLINGTON AVE,28 m East of,Major Arterial,Etobicoke York,43.696978,-79.546687,617110.3306,4839242.9943,At Intersection,Traffic Signal,Clear,Dark,Dry,6,Kingsview Village-The Westway,6,Kingsview Village-The Westway (6),Non-Fatal Injury,1,0,1,0,0,0,0,0,0,0,0,0,0,Pedestrian Collisions,"['Driver', 'Pedestrian']",South,"['Automobile, Station Wagon']",['Going Ahead'],['Driving Properly'],['Normal'],['Pedestrian hit at mid-block'],['Running onto Roadway'],['Normal'],[],[],[],D23,False,"['30 to 34', '10 to 14']",3.0
4003298111.0,2014-11-14 10:00:00,645,2014,BATHURST ST,FAIRHOLME AVE,5 m North of,Major Arterial,North York,43.718352,-79.429553,626504.291,4841788.9838,At Intersection,No Control,Clear,"Dawn, artificial",Dry,39,Bedford Park-Nortown,39,Bedford Park-Nortown (39),Non-Fatal Injury,1,0,1,0,0,0,0,0,0,1,0,0,0,Pedestrian Collisions,"['Driver', 'Pedestrian']",North,"['Automobile, Station Wagon']",['Turning Left'],['Failed to Yield Right of Way'],['Inattentive'],['Vehicle turns left while ped crosses with ROW at inter.'],['Crossing with right of way'],['Normal'],[],[],[],D53,False,"['60 to 64', '50 to 54']",3.0
4003323321.0,2014-11-18 10:00:00,1211,2014,STEELES AVE E,BAYVIEW AVE,85 m West of,Major Arterial,North York,43.802954,-79.397296,628920.8766,4851235.0502,Non Intersection,No Control,Clear,Daylight,Dry,50,Newtonbrook East,50,Newtonbrook East (50),Non-Fatal Injury,0,0,0,0,0,1,0,1,0,0,0,0,0,Other,"['Driver', 'Passenger']",West,['Municipal Transit Bus (TTC)'],['Going Ahead'],['Driving Properly'],['Normal'],[],[],[],[],[],[],D32,False,['55 to 59'],3.0
4003325282.0,2014-11-18 10:00:00,1804,2014,MOORE PARK AVE,HILDA AVE,,Collector,North York,43.792102,-79.42686,626565.6493,4849984.1332,At Intersection,Stop Sign,Clear,"Dark, artificial",Dry,36,Newtonbrook West,36,Newtonbrook West (36),Non-Fatal Injury,0,1,1,0,0,0,0,0,0,1,0,0,0,Cyclist Collisions,"['Driver', 'Cyclist']",East,"['Automobile, Station Wagon']",['Going Ahead'],['Failed to Yield Right of Way'],['Unknown'],[],[],[],"['Motorist without ROW drives into path of cyclist at inter, lnwy, dwy-Driver not turn.']",['Driving Properly'],['Normal'],D32,False,"['unknown', '55 to 59']",3.0
4003340766.0,2014-11-21 10:00:00,1005,2014,SILVERTHORN AVE,ROGERS RD,,Minor Arterial,Etobicoke York,43.682761,-79.463321,623857.4149,4837785.1253,Intersection Related,Traffic Signal,Clear,Daylight,Dry,110,Keelesdale-Eglinton West,110,Keelesdale-Eglinton West (110),Non-Fatal Injury,1,0,1,0,0,0,0,0,0,1,0,0,0,Pedestrian Collisions,"['Driver', 'Pedestrian']",South,['Pick Up Truck'],['Turning Left'],['Failed to Yield Right of Way'],['Normal'],['Vehicle turns left while ped crosses with ROW at inter.'],['Crossing with right of way'],['Normal'],[],[],[],D12,False,"['50 to 54', '70 to 74']",3.0
4003346402.0,2014-11-22 10:00:00,520,2014,WILSON AVE,RIDGE RD,55 m West of,Major Arterial,North York,43.723689,-79.494914,621228.4544,4842284.0483,Non Intersection,No Control,Clear,"Dawn, artificial",Dry,154,Oakdale-Beverley Heights,26,Downsview-Roding-CFB (26),Non-Fatal Injury,0,0,1,0,0,0,0,1,0,0,0,0,0,Approaching,"['Driver', 'Passenger']",East,"['Automobile, Station Wagon']",['Going Ahead'],"['Lost control', 'Driving Properly']",['Normal'],[],[],[],[],[],[],D31,False,"['20 to 24', '45 to 49', '0 to 4']",3.0
4003346463.0,2014-11-22 10:00:00,545,2014,WILLIAM R ALLEN RD,SHEPPARD AVE W,200 m South ,Major Arterial,,43.748622,-79.462856,623759.2424,4845100.6118,At/Near Private Drive,No Control,Clear,"Dark, artificial",Dry,155,Downsview,26,Downsview-Roding-CFB (26),Non-Fatal Injury,0,0,0,0,1,0,0,1,0,1,0,0,0,Turning Movement,"['Truck Driver', 'Passenger']",East,['Truck-Tractor'],['Turning Right'],['Failed to Yield Right of Way'],['Inattentive'],[],[],[],[],[],[],D32,False,"['25 to 29', '30 to 34']",3.0
4003369105.0,2014-11-25 10:00:00,1859,2014,LAWRENCE AVE E,TOWER DR,40 m West of,Major Arterial,Scarborough,43.744338,-79.299014,636960.4696,4844882.6429,Non Intersection,No Control,Clear,"Dark, artificial",Dry,119,Wexford/Maryvale,119,Wexford/Maryvale (119),Non-Fatal Injury,1,0,1,0,0,0,0,0,0,1,0,0,0,Pedestrian Collisions,"['Driver', 'Pedestrian']",East,"['Automobile, Station Wagon']",['Turning Left'],['Failed to Yield Right of Way'],['Unknown'],['Vehicle turns left while ped crosses with ROW at inter.'],"['Crossing, no Traffic Control']",['Normal'],[],[],[],D41,False,"['70 to 74', '25 to 29']",3.0
4003374622.0,2014-11-26 10:00:00,1625,2014,23 CASTOR CRES,,,Local,Scarborough,43.78147,-79.224178,642897.7686,4849133.181,At/Near Private Drive,No Control,Clear,Dusk,Dry,142,Woburn North,137,Woburn (137),Non-Fatal Injury,0,1,1,0,0,0,0,0,0,0,0,0,0,Cyclist Collisions,"['Cyclist', 'Driver']",East,"['Bicycle', 'Automobile, Station Wagon']","['Changing Lanes', 'Going Ahead']",['Driving Properly'],['Normal'],[],[],[],['Cyclist and Driver travelling in same direction. One vehicle sideswipes the other.'],['Improper Lane Change'],['Inattentive'],D43,False,"['15 to 19', '55 to 59']",3.0
4003375177.0,2014-11-26 10:00:00,1808,2014,GERRARD ST E,VICTORIA PARK AVE,,Minor Arterial,Scarborough,43.686999,-79.28593,638145.6838,4838536.0289,Non Intersection,No Control,Clear,"Dark, artificial",Dry,122,Birchcliffe-Cliffside,122,Birchcliffe-Cliffside (122),Non-Fatal Injury,1,0,1,0,0,0,0,0,0,0,0,0,0,Pedestrian Collisions,"['Driver', 'Pedestrian']",North,"['Automobile, Station Wagon']",['Going Ahead'],['Driving Properly'],['Normal'],['Pedestrian hit at mid-block'],"['Crossing, no Traffic Control']",['Had Been Drinking'],[],[],[],D41,False,"['80 to 84', '55 to 59']",3.0
4003382352.0,2014-11-27 10:00:00,2125,2014,SHEPPARD AVE W,JOHN DRURY DR,,Major Arterial,North York,43.748278,-79.482768,622156.7649,4845032.8496,At Intersection,Traffic Signal,Clear,"Dark, artificial",Loose Snow,155,Downsview,26,Downsview-Roding-CFB (26),Non-Fatal Injury,0,0,1,0,0,0,0,0,0,0,0,1,0,SMV Other,['Driver'],West,"['Automobile, Station Wagon']",['Going Ahead'],['Lost control'],"['Ability Impaired, Alcohol']",[],[],[],[],[],[],D31,False,['55 to 59'],3.0
4003389037.0,2014-11-28 10:00:00,2245,2014,55 BELMONT ST,,,Minor Arterial,Toronto and East York,43.675101,-79.391025,629701.0843,4837044.8858,Non Intersection,No Control,Clear,"Dark, artificial",Dry,95,Annex,95,Annex (95),Non-Fatal Injury,1,0,1,0,0,0,0,0,0,0,0,0,0,Pedestrian Collisions,"['Driver', 'Pedestrian']",East,['Passenger Van'],['Going Ahead'],['Lost control'],['Unknown'],['Pedestrian hit on sidewalk or shoulder'],['On Sidewalk or Shoulder'],['Normal'],[],[],[],D53,False,"['unknown', '65 to 69']",3.0
4003393065.0,2014-11-29 10:00:00,1306,2014,DON VALLEY PARKWAY  S,LEASIDE BDGE,,Major Arterial,Toronto and East York,43.698043,-79.349742,632978.2789,4839658.2944,Non Intersection,No Control,Clear,Daylight,Dry,58,Old East York,58,Old East York (58),Non-Fatal Injury,1,0,1,0,0,0,0,0,0,0,0,0,0,Pedestrian Collisions,"['Driver', 'Pedestrian']",South,"['Automobile, Station Wagon']",['Going Ahead'],['Driving Properly'],['Normal'],['Pedestrian hit at mid-block'],['Other'],['Unknown'],[],[],[],D55,False,"['60 to 64', '50 to 54']",3.0
4003398142.0,2014-11-30 10:00:00,1345,2014,500 SCARLETT RD,,,Major Arterial,Etobicoke York,43.68619,-79.512805,619862.1068,4838093.253,Non Intersection,No Control,Clear,Daylight,Wet,8,Humber Heights-Westmount,8,Humber Heights-Westmount (8),Non-Fatal Injury,0,0,1,0,0,0,0,1,0,0,0,0,0,Approaching,"['Driver', 'Passenger']",North,"['Automobile, Station Wagon']",['Going Ahead'],"['Lost control', 'Driving Properly']",['Unknown'],[],[],[],[],[],[],D23,False,"['80 to 84', '75 to 79', '65 to 69']",3.0
4003399258.0,2014-11-30 10:00:00,1716,2014,1240 WARDEN AVE,,,Major Arterial,Scarborough,43.750205,-79.296703,637133.1505,4845538.0851,Non Intersection,No Control,Clear,"Dark, artificial",Dry,119,Wexford/Maryvale,119,Wexford/Maryvale (119),Non-Fatal Injury,0,0,1,0,0,0,0,0,0,0,0,0,0,Approaching,['Driver'],North,"['Automobile, Station Wagon', 'Pick Up Truck']",['Going Ahead'],"['Driving Properly', 'Lost control']","['Normal', 'Ability Impaired, Drugs']",[],[],[],[],[],[],D41,False,"['45 to 49', '35 to 39']",3.0
4003399384.0,2014-11-30 10:00:00,1702,2014,203 FAYWOOD BLVD,,,Collector,North York,43.747107,-79.449291,624854.5531,4844952.7044,At/Near Private Drive,No Control,Rain,"Dark, artificial",Wet,33,Clanton Park,33,Clanton Park (33),Non-Fatal Injury,0,1,1,0,0,0,0,0,0,0,0,0,0,Cyclist Collisions,"['Driver', 'Cyclist']",East,"['Pick Up Truck', 'Bicycle']","['Reversing', 'Going Ahead']",['Other'],['Inattentive'],[],[],[],['Motorist reversing struck cyclist.'],['Driving Properly'],['Other'],D32,False,"['30 to 34', '35 to 39']",3.0
4003405816.0,2014-12-01 10:00:00,1811,2014,EGLINTON AVE E,HANNA RD,58 m West of,Major Arterial,North York,43.711814,-79.373103,631065.808,4841150.5555,Non Intersection,Traffic Signal,Clear,"Dark, artificial",Dry,56,Leaside-Bennington,56,Leaside-Bennington (56),Non-Fatal Injury,0,0,1,0,0,0,0,0,0,1,1,0,0,Approaching,['Driver'],East,"['Automobile, Station Wagon']",['Going Ahead'],"['Disobeyed Traffic Control', 'Driving Properly']","['Unknown', 'Normal']",[],[],[],[],[],[],D53,False,"['25 to 29', '30 to 34']",3.0
4003410596.0,2014-12-02 10:00:00,1335,2014,CIVIC RD,SINNOTT RD,,Collector,Scarborough,43.728434,-79.280307,638503.4057,4843147.3655,At Intersection,Stop Sign,Clear,Daylight,Dry,120,Clairlea-Birchmount,120,Clairlea-Birchmount (120),Non-Fatal Injury,1,0,0,0,0,0,0,1,0,0,0,0,0,Pedestrian Collisions,"['Driver', 'Passenger', 'Pedestrian']",East,['School Bus'],['Turning Left'],['Lost control'],['Normal'],['Vehicle turns left while ped crosses with ROW at inter.'],['Crossing with right of way'],['Normal'],[],[],[],D41,False,"['55 to 59', '20 to 24', '45 to 49']",3.0