accident_number,date,time,year,street1,street2,offset,road_class,district,latitude,longitude,x,y,accident_location,traffctl,visibility,light,road_surface_condition,hood_158,neighbourhood_new,hood_140,neighbourhood_old,accident_class,pedestrian,cyclist,automobile,motorcycle,truck,trsn_city_veh,emerg_veh,passenger,speeding,aggressive_driving,redlight,alcohol,disability,impact_type,involvement_type,initial_direction,vehicle_type,manoeuver,driver_action,driver_condition,pedestrian_type,pedestrian_action,pedestrian_condition,cyclist_type,cyclist_action,cyclist_condition,division,injury,involvement_age,injury_severity_score
899914.0,2006-04-06 08:00:00,1825,2006,232 VIEWMOUNT AVE,,,Local,North York,43.708045,-79.43919,625749.5493,4840629.5821,,No Control,Clear,Daylight,Dry,32,Englemount-Lawrence,32,Englemount-Lawrence (32),Non-Fatal Injury,1,0,1,0,0,0,0,0,0,0,0,0,0,Pedestrian Collisions,"['Driver', 'Pedestrian']",South,"['Automobile, Station Wagon', 'Other']","['Going Ahead', 'Other']",['Driving Properly'],['Normal'],['Vehicle hits the pedestrian walking or running out from between parked vehicles at mid-block'],['Coming From Behind Parked Vehicle'],['Unknown'],[],[],[],D13,False,"['15 to 19', '60 to 64']",3.0
900010.0,2006-04-08 08:00:00,1150,2006,4559 SHEPPARD Aven E,,,Major Arterial,Scarborough,43.788745,-79.26289,639765.6791,4849875.0883,,No Control,Clear,Daylight,Dry,128,Agincourt South-Malvern West,128,Agincourt South-Malvern West (128),Non-Fatal Injury,0,0,0,1,0,0,0,0,0,0,0,0,0,SMV Other,"['Vehicle Owner', 'Motorcycle Driver']",North,"['Other', 'Motorcycle']",['Turning Right'],['Driving Properly'],['Normal'],[],[],[],[],[],[],D42,False,"['unknown', '30 to 34']",3.0
900117.0,2006-04-29 08:00:00,1521,2006,DOUGLAS BLVD,LAKE SHORE BLVD W,,Local,Etobicoke York,43.610362,-79.488437,621979.4785,4829707.0903,Non Intersection,No Control,Clear,Daylight,Dry,160,Mimico-Queensway,17,Mimico (includes Humber Bay Shores) (17),Non-Fatal Injury,0,0,0,1,0,0,0,0,0,0,0,0,0,SMV Other,['Motorcycle Driver'],South,['Motorcycle'],['Going Ahead'],['Lost control'],['Normal'],[],[],[],[],[],[],D22,False,['20 to 24'],3.0
900120.0,2006-04-29 08:00:00,2136,2006,MILLWICK DR,MILVAN DR,,Collector,Etobicoke York,43.758145,-79.55959,615952.5004,4846018.3079,,No Control,Clear,Dark,Dry,21,Humber Summit,21,Humber Summit (21),Fatal,0,0,1,0,0,0,0,1,1,1,0,0,0,SMV Other,"['Driver', 'Vehicle Owner', 'Passenger', 'Other Property Owner']",North,"['Automobile, Station Wagon', 'Other']",['Going Ahead'],['Speed too Fast For Condition'],['Had Been Drinking'],[],[],[],[],[],[],D31,True,"['40 to 44', 'unknown']",4.0
900159.0,2006-04-30 08:00:00,857,2006,QUEEN ST E,FALLINGBROOK RD,,Collector,Scarborough,43.675345,-79.27639,638941.4705,4837257.6266,At Intersection,Stop Sign,Clear,Daylight,Dry,122,Birchcliffe-Cliffside,122,Birchcliffe-Cliffside (122),Fatal,0,0,1,0,0,0,0,0,1,1,0,0,0,SMV Other,"['Driver', 'Other Property Owner']",East,"['Automobile, Station Wagon', 'Other']",['Going Ahead'],['Speed too Fast For Condition'],['Unknown'],[],[],[],[],[],[],D41,True,"['55 to 59', 'unknown']",4.0
900242.0,2006-04-10 08:00:00,1744,2006,ADELAIDE ST E,FREDERICK ST,,Major Arterial,Toronto and East York,43.651845,-79.36989,631455.5651,4834495.2612,At Intersection,Traffic Signal,Clear,Daylight,Dry,73,Moss Park,73,Moss Park (73),Non-Fatal Injury,0,0,1,1,0,0,0,0,0,1,0,0,0,Rear End,"['Driver', 'Motorcycle Driver']",East,"['Automobile, Station Wagon', 'Motorcycle']","['Stopped', 'Changing Lanes']","['Driving Properly', 'Following too Close']","['Normal', 'Inattentive']",[],[],[],[],[],[],D51,False,"['55 to 59', '40 to 44']",3.0
900284.0,2006-04-11 08:00:00,1530,2006,EGLINTON AVE W,MARTIN GROVE RD,,Major Arterial,Etobicoke York,43.674445,-79.56319,615823.8381,4836717.2289,At Intersection,Traffic Signal,Clear,Daylight,Dry,11,Eringate-Centennial-West Deane,11,Eringate-Centennial-West Deane (11),Non-Fatal Injury,0,0,1,0,0,0,0,0,0,1,0,0,0,Rear End,['Driver'],East,"['Automobile, Station Wagon']","['Going Ahead', 'Stopped']","['Following too Close', 'Driving Properly']",['Normal'],[],[],[],[],[],[],D22,False,"['45 to 49', '60 to 64']",3.0
900285.0,2006-04-11 08:00:00,1620,2006,KENNEDY RD,PROGRESS AVE,,Major Arterial,Scarborough,43.769845,-79.28249,638232.2196,4847743.0375,,No Control,Clear,Daylight,Dry,126,Dorset Park,126,Dorset Park (126),Non-Fatal Injury,0,0,1,1,0,0,0,0,0,0,0,0,0,Sideswipe,"['Motorcycle Driver', 'Driver']",South,"['Motorcycle', 'Automobile, Station Wagon']","['Going Ahead', 'Turning Left']","['Driving Properly', 'Improper Lane Change']",['Normal'],[],[],[],[],[],[],D41,False,['40 to 44'],3.0
900307.0,2006-04-11 08:00:00,1853,2006,RICHMOND ST E,ONTARIO ST,,Major Arterial,Toronto and East York,43.653945,-79.36669,631709.032,4834733.5682,At Intersection,Stop Sign,Clear,Daylight,Dry,73,Moss Park,73,Moss Park (73),Non-Fatal Injury,0,0,1,0,0,0,0,0,1,1,0,0,0,Angle,['Driver'],North,"['Automobile, Station Wagon']",['Going Ahead'],"['Disobeyed Traffic Control', 'Exceeding Speed Limit']",['Normal'],[],[],[],[],[],[],D51,False,"['55 to 59', '25 to 29']",3.0
900756.0,2006-05-03 08:00:00,1032,2006,DUNDAS ST W,SHAW ST,,Major Arterial,Toronto and East York,43.649845,-79.41829,627556.6791,4834197.6005,At Intersection,Traffic Signal,Clear,Daylight,Dry,81,Trinity-Bellwoods,81,Trinity-Bellwoods (81),Fatal,1,0,1,0,0,0,0,0,0,1,0,0,0,Pedestrian Collisions,"['Vehicle Owner', 'Driver', 'Pedestrian']",North,"['Other', 'Automobile, Station Wagon']",['Turning Left'],['Failed to Yield Right of Way'],['Inattentive'],['Vehicle turns left while ped crosses with ROW at inter.'],['Crossing with right of way'],['Normal'],[],[],[],D14,True,"['unknown', '65 to 69', '70 to 74']",4.0
901141.0,2006-05-06 08:00:00,1830,2006,YONGE ST,WILSON AVE,,Major Arterial,North York,43.744145,-79.40669,628290.9096,4844688.8209,At Intersection,Traffic Signal,Clear,Daylight,Dry,40,St.Andrew-Windfields,40,St.Andrew-Windfields (40),Non-Fatal Injury,0,0,1,0,0,0,0,1,0,0,0,0,1,Turning Movement,"['Passenger', 'Driver']",East,"['Other', 'Automobile, Station Wagon']","['Stopped', 'Going Ahead', 'Turning Left']","['Driving Properly', 'Improper Turn']","['Normal', 'Medical or Physical Disability']",[],[],[],[],[],[],D32,False,"['65 to 69', '40 to 44', '25 to 29', '90 to 94']",3.0
901382.0,2006-05-08 08:00:00,1950,2006,EGLINTON AVE E,FORMAN AVE,,Major Arterial,North York,43.709145,-79.38619,630017.2557,4840833.5153,,Traffic Signal,Clear,Dark,Dry,99,Mount Pleasant East,99,Mount Pleasant East (99),Non-Fatal Injury,0,0,1,0,0,0,0,0,0,0,0,0,0,Rear End,"['Vehicle Owner', 'Driver']",West,"['Other', 'Automobile, Station Wagon']","['Going Ahead', 'Slowing or Stopping']","['Lost control', 'Driving Properly']",['Normal'],[],[],[],[],[],[],D53,False,"['unknown', '55 to 59']",3.0
901809.0,2006-04-18 08:00:00,10,2006,FINCH AVE W,DRIFTWOOD AVE,,Major Arterial,Etobicoke York,43.758545,-79.51119,619847.9135,4846131.631,,No Control,Clear,Dark,Dry,25,Glenfield-Jane Heights,25,Glenfield-Jane Heights (25),Non-Fatal Injury,0,0,1,0,0,0,0,1,0,0,0,0,0,Approaching,"['Driver', 'Passenger']",East,"['Automobile, Station Wagon', 'Other']","['Going Ahead', 'Other']","['Lost control', 'Driving Properly']",['Normal'],[],[],[],[],[],[],D31,False,"['45 to 49', '15 to 19', '20 to 24']",3.0
902163.0,2006-04-19 08:00:00,1900,2006,LAWRENCE AVE W,PIMLICO RD,,Major Arterial,Etobicoke York,43.707545,-79.48239,622270.0477,4840509.4265,,Traffic Signal,Clear,Daylight,Dry,30,Brookhaven-Amesbury,29,Maple Leaf (29),Non-Fatal Injury,1,0,1,0,0,0,0,0,0,1,0,0,0,Pedestrian Collisions,"['Driver', 'Pedestrian']",North,"['Automobile, Station Wagon', 'Other']",['Turning Left'],['Failed to Yield Right of Way'],['Normal'],['Vehicle turns left while ped crosses with ROW at inter.'],['Other'],['Inattentive'],[],[],[],D12,False,"['30 to 34', '70 to 74']",3.0
902180.0,2006-05-11 08:00:00,1536,2006,VAUGHAN RD,LOUISE AVE,,Minor Arterial,Toronto and East York,43.684945,-79.42159,627216.3783,4838090.8558,,No Control,Rain,Daylight,Wet,106,Humewood-Cedarvale,106,Humewood-Cedarvale (106),Non-Fatal Injury,1,0,1,0,0,0,0,0,0,0,0,0,0,Pedestrian Collisions,"['Pedestrian', 'Driver']",East,"['Other', 'Automobile, Station Wagon']",['Going Ahead'],['Driving Properly'],['Normal'],['Pedestrian hit at mid-block'],['Running onto Roadway'],['Normal'],[],[],[],D13,False,['80 to 84'],3.0
902826.0,2006-05-03 08:00:00,900,2006,BATHURST ST,BLOOR ST W,,Major Arterial,Toronto and East York,43.665445,-79.41139,628079.9621,4835940.815,,No Control,Clear,Daylight,Dry,95,Annex,95,Annex (95),Non-Fatal Injury,0,1,1,0,0,0,0,0,0,0,0,0,0,Cyclist Collisions,"['Driver', 'Cyclist']",North,"['Automobile, Station Wagon', 'Bicycle']","['Parked', 'Going Ahead']",['Other'],['Unknown'],[],[],[],['Cyclist struck opened vehicle door'],['Driving Properly'],['Normal'],D14,False,"['unknown', '30 to 34']",3.0
902863.0,2006-04-25 08:00:00,800,2006,BLOOR ST W,SYMINGTON AVE,,Major Arterial,Toronto and East York,43.657244,-79.447788,625162.4246,4834974.4374,At Intersection,Traffic Signal,Rain,Daylight,Wet,83,Dufferin Grove,83,Dufferin Grove (83),Non-Fatal Injury,0,1,1,0,0,0,0,0,0,0,0,0,0,Cyclist Collisions,"['Vehicle Owner', 'Driver', 'Cyclist']",North,"['Automobile, Station Wagon', 'Bicycle']","['Turning Left', 'Other']",['Driving Properly'],['Normal'],[],[],[],['Motorist turned left across cyclists path.'],[],[],D11,False,"['unknown', '25 to 29', '45 to 49']",3.0
903074.0,2006-04-26 08:00:00,920,2006,KINGSTON RD,WARDEN AVE,,Major Arterial,Scarborough,43.687745,-79.27089,639356.1216,4838644.0479,At Intersection,Traffic Signal,Clear,Daylight,Dry,122,Birchcliffe-Cliffside,122,Birchcliffe-Cliffside (122),Non-Fatal Injury,1,0,1,0,0,0,0,0,0,1,0,0,0,Pedestrian Collisions,"['Driver', 'Pedestrian']",North,"['Automobile, Station Wagon', 'Other']",['Turning Left'],['Failed to Yield Right of Way'],['Inattentive'],['Vehicle turns left while ped crosses with ROW at inter.'],['Crossing with right of way'],['Normal'],[],[],[],D41,False,"['75 to 79', '20 to 24']",3.0
903114.0,2006-04-27 08:00:00,2044,2006,THE QUEENSWAY,NORTH QUEEN ST,,Major Arterial,Etobicoke York,43.614245,-79.55619,616504.4319,4830041.0601,At Intersection,Traffic Signal,Clear,Dark,Dry,159,Etobicoke City Centre,14,Islington-City Centre West (14),Non-Fatal Injury,0,0,1,0,0,0,0,1,0,0,0,0,0,Turning Movement,"['Passenger', 'Vehicle Owner', 'Driver']",East,"['Other', 'Automobile, Station Wagon']","['Turning Left', 'Going Ahead']","['Improper Turn', 'Driving Properly']",['Normal'],[],[],[],[],[],[],D22,False,"['15 to 19', 'unknown', '25 to 29']",3.0
903348.0,2006-04-28 08:00:00,1310,2006,EGLINTON AVE W,OLD FOREST HILL RD,,Major Arterial,North York,43.701545,-79.42309,627060.4194,4839932.2147,At Intersection,Traffic Signal,Clear,Daylight,Dry,102,Forest Hill North,102,Forest Hill North (102),Non-Fatal Injury,0,0,1,1,0,0,0,0,0,0,0,0,0,Turning Movement,"['Driver', 'Motorcycle Driver']",East,"['Automobile, Station Wagon', 'Motorcycle']","['Turning Left', 'Going Ahead']","['Improper Turn', 'Driving Properly']",['Normal'],[],[],[],[],[],[],D53,False,"['70 to 74', '35 to 39']",3.0
903432.0,2006-05-01 08:00:00,1610,2006,96 NYMARK AVE,,,Collector,North York,43.781745,-79.35849,632089.1623,4848940.6451,,No Control,Clear,Daylight,Dry,47,Don Valley Village,47,Don Valley Village (47),Non-Fatal Injury,0,0,1,0,0,0,0,1,1,1,0,0,0,SMV Other,"['Driver', 'Passenger', 'Other Property Owner']",East,"['Automobile, Station Wagon', 'Other']",['Going Ahead'],['Improper Passing'],['Normal'],[],[],[],[],[],[],D33,False,"['35 to 39', '5 to 9', 'unknown']",3.0
903449.0,2006-05-17 08:00:00,1810,2006,STILECROFT DR,SENTINEL RD,,Local,North York,43.750745,-79.49259,621360.9748,4845292.4091,,No Control,Rain,Daylight,Wet,27,York University Heights,27,York University Heights (27),Fatal,1,0,1,0,0,0,0,0,0,0,0,0,0,Pedestrian Collisions,"['Driver', 'Pedestrian']",North,"['Automobile, Station Wagon', 'Other']",['Going Ahead'],['Driving Properly'],['Normal'],['Pedestrian hit at mid-block'],['Running onto Roadway'],['Normal'],[],[],[],D31,True,"['30 to 34', '0 to 4']",4.0
903786.0,2006-05-13 08:00:00,2047,2006,ELM ST,MURRAY ST,,Collector,Toronto and East York,43.656145,-79.39049,629785.0561,4834940.4053,At Intersection,Stop Sign,Clear,Dark,Dry,78,Kensington-Chinatown,78,Kensington-Chinatown (78),Non-Fatal Injury,1,0,1,0,0,0,0,0,0,0,0,0,0,Pedestrian Collisions,"['Driver', 'Pedestrian']",West,"['Automobile, Station Wagon', 'Other']",['Unknown'],['Other'],['Unknown'],['Other / Undefined'],['Other'],['Had Been Drinking'],[],[],[],D52,False,"['unknown', '35 to 39']",3.0
903839.0,2006-05-01 08:00:00,1900,2006,BLACK CREEK DR,TRETHEWEY DR,,Major Arterial,Etobicoke York,43.695245,-79.48649,621964.6558,4839137.3032,,No Control,Clear,Daylight,Dry,112,Beechborough-Greenbrook,112,Beechborough-Greenbrook (112),Non-Fatal Injury,0,0,1,0,0,0,0,0,0,0,0,0,0,SMV Other,['Driver'],South,"['Automobile, Station Wagon']",['Going Ahead'],['Lost control'],['Normal'],[],[],[],[],[],[],D12,False,['40 to 44'],3.0
903913.0,2006-05-02 08:00:00,1335,2006,OLD FINCH AVE,SEWELLS RD,,Collector,Scarborough,43.824245,-79.19339,645271.5406,4853937.651,,No Control,Clear,Daylight,Dry,144,Morningside Heights,131,Rouge (131),Non-Fatal Injury,0,0,1,1,0,0,0,0,1,1,0,0,0,Approaching,"['Driver', 'Motorcycle Driver']",East,"['Automobile, Station Wagon', 'Motorcycle']",['Going Ahead'],"['Disobeyed Traffic Control', 'Exceeding Speed Limit']",['Normal'],[],[],[],[],[],[],D42,False,['20 to 24'],3.0
903914.0,2006-05-20 08:00:00,150,2006,WOODBINE AVE,GERRARD ST E,,Major Arterial,Toronto and East York,43.681945,-79.31129,636113.1977,4837932.7772,,No Control,Rain,Dark,Wet,64,Woodbine Corridor,64,Woodbine Corridor (64),Non-Fatal Injury,1,0,1,0,0,0,0,1,1,1,0,0,0,Pedestrian Collisions,"['Passenger', 'Vehicle Owner', 'Driver', 'Pedestrian']",East,"['Other', 'Automobile, Station Wagon']",['Going Ahead'],['Speed too Fast For Condition'],['Normal'],['Pedestrian hit at mid-block'],['Crossing without right of way'],['Had Been Drinking'],[],[],[],D55,False,"['15 to 19', '25 to 29', 'unknown', '20 to 24']",3.0
904105.0,2006-05-03 08:00:00,1842,2006,GREENWOOD AVE,WALPOLE AVE,,Minor Arterial,Toronto and East York,43.675245,-79.32979,634637.031,4837158.4537,,No Control,Clear,Daylight,Dry,65,Greenwood-Coxwell,65,Greenwood-Coxwell (65),Non-Fatal Injury,0,0,1,0,0,0,0,1,0,0,0,0,0,Approaching,"['Passenger', 'Driver']",North,"['Other', 'Automobile, Station Wagon']",['Going Ahead'],"['Driving Properly', 'Improper Lane Change']",['Normal'],[],[],[],[],[],[],D55,False,"['35 to 39', '40 to 44', '30 to 34']",3.0
904107.0,2006-05-03 08:00:00,1520,2006,MARKHAM RD,SHEPPARD AVE E,,Major Arterial,Scarborough,43.793845,-79.23879,641692.7038,4850482.5023,,Traffic Signal,Clear,Daylight,Dry,128,Agincourt South-Malvern West,128,Agincourt South-Malvern West (128),Non-Fatal Injury,0,0,1,0,0,0,0,0,0,0,0,0,1,SMV Other,"['Driver', 'Other Property Owner']",North,"['Automobile, Station Wagon', 'Other']",['Going Ahead'],['Other'],['Medical or Physical Disability'],[],[],[],[],[],[],D42,False,"['40 to 44', 'unknown']",3.0
904251.0,2006-05-05 08:00:00,1150,2006,QUEEN ST W,YORK ST,,Major Arterial,Toronto and East York,43.651245,-79.38499,630239.1527,4834404.8133,At Intersection,Traffic Signal,Clear,Daylight,Dry,170,Yonge-Bay Corridor,76,Bay Street Corridor (76),Non-Fatal Injury,1,0,1,0,0,0,0,0,0,0,0,0,0,Pedestrian Collisions,"['Driver', 'In-Line Skater']",West,"['Automobile, Station Wagon', 'Other']",['Going Ahead'],['Driving Properly'],['Normal'],['Vehicle is going straight thru inter.while ped cross without ROW'],['Crossing without right of way'],['Unknown'],[],[],[],D52,False,['30 to 34'],3.0
904367.0,2006-05-05 08:00:00,36,2006,KEELE ST,YORK BLVD,,Major Arterial,Etobicoke York,43.775245,-79.49399,621198.778,4848011.4483,At Intersection,Traffic Signal,Clear,Dark,Dry,27,York University Heights,27,York University Heights (27),Non-Fatal Injury,0,0,1,0,0,0,0,1,0,1,0,0,0,Rear End,"['Passenger', 'Driver']",South,"['Other', 'Automobile, Station Wagon']","['Going Ahead', 'Stopped']","['Following too Close', 'Driving Properly']","['Fatigue', 'Normal']",[],[],[],[],[],[],D31,False,"['15 to 19', '50 to 54']",3.0
904441.0,2006-05-07 08:00:00,1452,2006,EDENBRIDGE DR,THE KINGSWAY,,Local,Etobicoke York,43.667545,-79.52759,618707.2423,4836001.2168,,No Control,Clear,Daylight,Dry,9,Edenbridge-Humber Valley,9,Edenbridge-Humber Valley (9),Non-Fatal Injury,0,0,1,0,0,0,0,1,0,0,0,0,0,SMV Other,"['Passenger', 'Driver']",West,"['Other', 'Automobile, Station Wagon']",['Going Ahead'],['Lost control'],['Fatigue'],[],[],[],[],[],[],D22,False,"['55 to 59', '65 to 69']",3.0
904456.0,2006-05-23 08:00:00,1840,2006,BATHURST ST,GLENCAIRN AVE,,Major Arterial,North York,43.712345,-79.42809,626634.7936,4841124.0554,At Intersection,Traffic Signal,Clear,Daylight,Dry,39,Bedford Park-Nortown,39,Bedford Park-Nortown (39),Fatal,1,0,1,0,0,0,0,0,0,1,0,0,0,Pedestrian Collisions,"['Driver', 'Pedestrian']",West,"['Automobile, Station Wagon', 'Other']",['Turning Right'],['Failed to Yield Right of Way'],['Normal'],['Vehicle turns right while ped crosses with ROW at inter.'],['Crossing with right of way'],['Normal'],[],[],[],D53,True,['40 to 44'],4.0
904596.0,2006-05-09 08:00:00,1632,2006,BLOOR ST W,SOUTH KINGSWAY,,Major Arterial,Toronto and East York,43.648345,-79.48569,622124.2096,4833929.6144,,Traffic Signal,Clear,Daylight,Dry,87,High Park-Swansea,87,High Park-Swansea (87),Non-Fatal Injury,0,0,1,1,0,0,0,0,0,1,0,0,0,Rear End,"['Motorcycle Driver', 'Driver']",East,"['Motorcycle', 'Automobile, Station Wagon']","['Stopped', 'Slowing or Stopping']","['Driving Properly', 'Following too Close']",['Normal'],[],[],[],[],[],[],D11,False,"['25 to 29', '15 to 19']",3.0
904614.0,2006-05-06 08:00:00,2314,2006,SHEPPARD AVE E,BROWNSPRING RD,,Major Arterial,Scarborough,43.789445,-79.25969,640021.5153,4849958.2429,,No Control,Clear,Dark,Dry,128,Agincourt South-Malvern West,128,Agincourt South-Malvern West (128),Non-Fatal Injury,1,0,1,0,0,0,0,0,0,0,0,0,0,Pedestrian Collisions,"['Driver', 'Pedestrian']",North,"['Automobile, Station Wagon', 'Other']",['Going Ahead'],['Driving Properly'],['Normal'],['Pedestrian hit at mid-block'],"['Crossing, no Traffic Control']",['Normal'],[],[],[],D42,False,"['50 to 54', '55 to 59']",3.0
904912.0,2006-05-03 08:00:00,1400,2006,YONGE ST,FINCH AVE E,,Major Arterial,North York,43.779745,-79.41559,627498.6438,4848628.9921,At Intersection,Traffic Signal,Clear,Daylight,Dry,37,Willowdale West,37,Willowdale West (37),Non-Fatal Injury,0,0,1,0,0,0,0,1,0,1,1,0,0,SMV Other,"['Driver', 'Passenger']",North,"['Automobile, Station Wagon', 'Other']","['Turning Left', 'Going Ahead']","['Driving Properly', 'Disobeyed Traffic Control']","['Normal', 'Inattentive']",[],[],[],[],[],[],D32,False,"['30 to 34', '20 to 24', '15 to 19']",3.0
905024.0,2006-05-11 08:00:00,1700,2006,WILSON AVE,ELROSE AVE,,Major Arterial,Etobicoke York,43.717445,-79.52399,618898.8345,4841548.4439,,No Control,Rain,Daylight,Wet,154,Oakdale-Beverley Heights,26,Downsview-Roding-CFB (26),Non-Fatal Injury,1,0,1,0,0,0,0,0,0,0,0,0,0,Pedestrian Collisions,"['Driver', 'Pedestrian']",East,"['Automobile, Station Wagon', 'Other']",['Going Ahead'],['Driving Properly'],['Normal'],['Pedestrian hit at mid-block'],"['Crossing, no Traffic Control']",['Normal'],[],[],[],D31,False,"['15 to 19', '55 to 59']",3.0
905154.0,2006-05-11 08:00:00,610,2006,MEADOWVALE RD,PLUG HAT RD,,Collector,Scarborough,43.835745,-79.18299,646079.7659,4855233.2375,,No Control,Rain,Daylight,Wet,144,Morningside Heights,131,Rouge (131),Non-Fatal Injury,0,0,1,0,0,0,0,0,0,1,0,0,0,Approaching,"['Vehicle Owner', 'Driver']",North,"['Other', 'Automobile, Station Wagon']","['Going Ahead', 'Overtaking']","['Driving Properly', 'Improper Passing']",['Normal'],[],[],[],[],[],[],D42,False,"['unknown', '45 to 49', '50 to 54']",3.0
905249.0,2006-05-13 08:00:00,1225,2006,BAY ST,CUMBERLAND ST,,Major Arterial,Toronto and East York,43.670545,-79.38979,629810.4623,4836540.8123,At Intersection,Stop Sign,Clear,Daylight,Dry,95,Annex,95,Annex (95),Non-Fatal Injury,1,0,1,0,0,0,0,0,0,0,0,0,0,Pedestrian Collisions,"['Driver', 'Pedestrian']",East,"['Automobile, Station Wagon', 'Other']",['Turning Left'],['Other'],['Normal'],['Vehicle turns left while ped crosses with ROW at inter.'],"['Crossing, no Traffic Control']",['Normal'],[],[],[],D53,False,"['45 to 49', '55 to 59']",3.0
905408.0,2006-05-28 08:00:00,550,2006,KENNEDY RD,LAWRENCE AVE E,,Major Arterial,Scarborough,43.749445,-79.27489,638891.1022,4845490.0205,At Intersection,Traffic Signal,Clear,"Dusk, artificial",Dry,126,Dorset Park,126,Dorset Park (126),Non-Fatal Injury,0,0,1,0,0,0,0,1,0,0,0,1,0,SMV Other,"['Passenger', 'Vehicle Owner', 'Driver', 'Other Property Owner']",South,"['Other', 'Automobile, Station Wagon']",['Turning Left'],['Lost control'],"['Ability Impaired, Alcohol Over .08']",[],[],[],[],[],[],D41,False,"['20 to 24', 'unknown']",3.0
905456.0,2006-05-28 08:00:00,1615,2006,EGLINTON AVE W,ROYAL YORK RD,,Major Arterial,Etobicoke York,43.682345,-79.52659,618758.6673,4837646.3834,At Intersection,Traffic Signal,Clear,Daylight,Other,8,Humber Heights-Westmount,8,Humber Heights-Westmount (8),Non-Fatal Injury,0,0,1,0,0,0,0,0,0,0,0,0,0,Turning Movement,"['Driver', 'Vehicle Owner']",East,"['Automobile, Station Wagon', 'Other']","['Going Ahead', 'Turning Right']","['Driving Properly', 'Lost control']","['Normal', 'Ability Impaired, Drugs']",[],[],[],[],[],[],D23,False,"['40 to 44', 'unknown', '45 to 49', '35 to 39']",3.0
905457.0,2006-05-26 08:00:00,2214,2006,BATHURST ST,DAVENPORT RD,,Major Arterial,Toronto and East York,43.676745,-79.41579,627701.2457,4837189.0479,At Intersection,Traffic Signal,Clear,Dark,Dry,96,Casa Loma,96,Casa Loma (96),Non-Fatal Injury,0,1,0,0,0,0,0,0,0,0,0,0,0,Cyclist Collisions,['Cyclist'],South,['Bicycle'],['Going Ahead'],[],[],[],[],[],"['Cyclist loses control and strikes object (pole, ttc track)']",['Lost control'],['Had Been Drinking'],D13,False,['40 to 44'],3.0
905761.0,2006-05-30 08:00:00,2328,2006,ROSEDALE VALLEY RD,BAYVIEW AVE,,Minor Arterial,Toronto and East York,43.671645,-79.36609,631718.7014,4836700.3426,,No Control,Clear,Dark,Dry,71,Cabbagetown-South St.James Town,71,Cabbagetown-South St.James Town (71),Fatal,0,0,0,1,0,0,0,0,0,1,0,0,0,SMV Other,['Motorcycle Driver'],East,['Motorcycle'],['Going Ahead'],['Lost control'],['Normal'],[],[],[],[],[],[],D51,True,['25 to 29'],4.0
905909.0,2006-05-08 08:00:00,1911,2006,MANNING AVE,BLOOR ST W,,Local,Toronto and East York,43.665345,-79.41649,627668.988,4835921.8477,,No Control,Clear,Daylight,Dry,95,Annex,95,Annex (95),Non-Fatal Injury,1,0,1,0,0,0,0,0,1,1,0,0,0,Pedestrian Collisions,"['Driver', 'Pedestrian']",East,"['Automobile, Station Wagon', 'Other']",['Unknown'],['Speed too Fast For Condition'],['Unknown'],['Pedestrian hit on sidewalk or shoulder'],['On Sidewalk or Shoulder'],['Normal'],[],[],[],D14,False,"['unknown', '30 to 34']",3.0
906207.0,2006-06-02 08:00:00,734,2006,KINGSTON RD,DUNDAS ST E,,Major Arterial,Toronto and East York,43.669945,-79.31119,636148.3943,4836600.1762,,Traffic Signal,Clear,Daylight,Dry,63,The Beaches,63,The Beaches (63),Fatal,1,0,1,0,0,0,0,0,0,0,0,0,0,Pedestrian Collisions,"['Driver', 'Pedestrian']",East,"['Automobile, Station Wagon', 'Other']",['Going Ahead'],['Driving Properly'],['Normal'],['Vehicle is going straight thru inter.while ped cross without ROW'],['Crossing without right of way'],['Inattentive'],[],[],[],D55,True,"['35 to 39', '50 to 54']",4.0
906225.0,2006-05-17 08:00:00,1137,2006,FINCH AVE W,VIRGILWOOD DR,,Major Arterial,North York,43.772845,-79.44819,624889.6388,4847812.9534,At Intersection,Traffic Signal,Clear,Daylight,Dry,35,Westminster-Branson,35,Westminster-Branson (35),Non-Fatal Injury,1,0,1,0,0,0,0,0,0,1,0,0,0,Pedestrian Collisions,"['Driver', 'Pedestrian']",South,"['Automobile, Station Wagon', 'Other']",['Turning Left'],['Failed to Yield Right of Way'],['Normal'],['Vehicle turns left while ped crosses with ROW at inter.'],['Crossing with right of way'],['Normal'],[],[],[],D32,False,"['50 to 54', '15 to 19']",3.0
906284.0,2006-05-09 08:00:00,710,2006,THE QUEENSWAY,MORGAN AVE,,Major Arterial,Etobicoke York,43.626545,-79.50149,620893.6882,4831485.321,At Intersection,Stop Sign,Clear,Daylight,Dry,16,Stonegate-Queensway,16,Stonegate-Queensway (16),Non-Fatal Injury,0,0,1,0,0,0,0,1,0,0,0,0,0,Turning Movement,"['Driver', 'Passenger', 'Vehicle Owner']",East,"['Automobile, Station Wagon', 'Other']","['Turning Left', 'Going Ahead']","['Improper Turn', 'Driving Properly']",['Normal'],[],[],[],[],[],[],D22,False,"['65 to 69', '30 to 34', 'unknown', '35 to 39']",3.0