accident_number,date,time,year,street1,street2,offset,road_class,district,latitude,longitude,x,y,accident_location,traffctl,visibility,light,road_surface_condition,hood_158,neighbourhood_new,hood_140,neighbourhood_old,accident_class,pedestrian,cyclist,automobile,motorcycle,truck,trsn_city_veh,emerg_veh,passenger,speeding,aggressive_driving,redlight,alcohol,disability,impact_type,involvement_type,initial_direction,vehicle_type,manoeuver,driver_action,driver_condition,pedestrian_type,pedestrian_action,pedestrian_condition,cyclist_type,cyclist_action,cyclist_condition,division,injury,involvement_age,injury_severity_score
912231.0,2006-05-24 08:00:00,1915,2006,30 CARLTON ST,,,Major Arterial,Toronto and East York,43.661345,-79.38179,630475.3364,4835531.5791,,No Control,Clear,Daylight,Dry,168,Downtown Yonge East,75,Church-Yonge Corridor (75),Non-Fatal Injury,0,1,1,0,0,0,0,0,0,0,0,0,0,Cyclist Collisions,"['Vehicle Owner', 'Driver', 'Cyclist']",West,"['Other', 'Automobile, Station Wagon', 'Bicycle']","['Parked', 'Going Ahead']",['Other'],['Normal'],[],[],[],['Cyclist struck opened vehicle door'],['Driving Properly'],['Normal'],D51,False,"['unknown', '50 to 54', '25 to 29']",3.0
912714.0,2006-07-07 08:00:00,127,2006,HARBOUR ST,YORK ST,,Major Arterial,Toronto and East York,43.640945,-79.38069,630608.2416,4833267.6217,At Intersection,Traffic Signal,Clear,Dark,Dry,165,Harbourfront-CityPlace,77,Waterfront Communities-The Island (77),Non-Fatal Injury,0,0,1,0,0,0,0,1,0,1,1,0,0,Angle,"['Passenger', 'Driver']",East,"['Other', 'Automobile, Station Wagon']",['Going Ahead'],"['Driving Properly', 'Disobeyed Traffic Control']","['Normal', 'Had Been Drinking']",[],[],[],[],[],[],D52,False,"['20 to 24', '25 to 29']",3.0
912782.0,2006-07-08 08:00:00,1650,2006,REES ST,LAKE SHORE BLVD W,,Major Arterial,Toronto and East York,43.639445,-79.38679,630119.4683,4833091.4463,At Intersection,Traffic Signal,Clear,Daylight,Dry,165,Harbourfront-CityPlace,77,Waterfront Communities-The Island (77),Non-Fatal Injury,0,0,1,0,0,0,0,1,0,1,0,0,0,Angle,"['Driver', 'Passenger']",East,"['Automobile, Station Wagon', 'Other']",['Going Ahead'],"['Driving Properly', 'Failed to Yield Right of Way']",['Normal'],[],[],[],[],[],[],D52,False,"['25 to 29', '5 to 9', '30 to 34']",3.0
912859.0,2006-07-09 08:00:00,1823,2006,LAKE SHORE BLVD W,BATHURST ST,,Major Arterial,Toronto and East York,43.636445,-79.39959,629093.45,4832738.2708,At Intersection,Traffic Signal,Clear,Daylight,Dry,165,Harbourfront-CityPlace,77,Waterfront Communities-The Island (77),Non-Fatal Injury,0,0,1,0,0,0,0,1,0,1,1,0,0,Turning Movement,"['Driver', 'Passenger', 'Vehicle Owner']",East,"['Automobile, Station Wagon', 'Other']","['Going Ahead', 'Turning Left']","['Driving Properly', 'Disobeyed Traffic Control']",['Normal'],[],[],[],[],[],[],D14,False,"['35 to 39', '20 to 24', 'unknown']",3.0
912860.0,2006-04-25 08:00:00,119,2006,MILNER AVE,AUTO MALL DR,,Minor Arterial,Scarborough,43.800045,-79.19079,645539.3882,4851254.4115,,No Control,Clear,Dark,Dry,144,Morningside Heights,131,Rouge (131),Non-Fatal Injury,0,0,1,0,0,0,0,1,1,1,0,1,0,SMV Other,"['Passenger', 'Vehicle Owner', 'Driver']",East,"['Other', 'Automobile, Station Wagon']",['Going Ahead'],['Lost control'],"['Ability Impaired, Alcohol']",[],[],[],[],[],[],D42,False,"['25 to 29', '20 to 24', 'unknown']",3.0
913040.0,2006-07-10 08:00:00,1758,2006,QUEEN ST E,NEVILLE BLVD,,Minor Arterial,Toronto and East York,43.673845,-79.28189,638501.5569,4837081.8322,,Stop Sign,Clear,Daylight,Dry,63,The Beaches,63,The Beaches (63),Non-Fatal Injury,1,0,1,0,0,0,0,0,0,0,0,0,0,Pedestrian Collisions,"['Driver', 'Pedestrian']",East,"['Automobile, Station Wagon', 'Other']",['Going Ahead'],['Driving Properly'],['Normal'],['Vehicle is going straight thru inter.while ped cross without ROW'],['Crossing without right of way'],['Inattentive'],[],[],[],D55,False,['85 to 89'],3.0
913254.0,2006-06-24 08:00:00,310,2006,QUEEN ST W,DOWLING AVE,,Major Arterial,Toronto and East York,43.639945,-79.43989,625835.4031,4833065.1037,At Intersection,Stop Sign,Clear,Dark,Dry,85,South Parkdale,86,Roncesvalles (86),Non-Fatal Injury,0,1,1,0,0,0,0,0,0,0,0,0,0,Cyclist Collisions,"['Vehicle Owner', 'Driver', 'Cyclist']",East,"['Other', 'Automobile, Station Wagon', 'Bicycle']","['Going Ahead', 'Turning Left']",['Driving Properly'],['Normal'],[],[],[],['Cyclist turned left across motorists path.'],[],[],D14,False,"['unknown', '45 to 49', '25 to 29']",3.0
913263.0,2006-06-24 08:00:00,1820,2006,KIPLING Aven,NEW TORONTO Stre,,Major Arterial,Etobicoke York,43.604545,-79.51959,619477.0003,4829015.7572,,No Control,Clear,Daylight,Dry,18,New Toronto,18,New Toronto (18),Non-Fatal Injury,0,0,1,0,0,0,0,0,0,0,0,0,0,SMV Other,['Driver'],North,"['Automobile, Station Wagon']",['Going Ahead'],['Other'],['Normal'],[],[],[],[],[],[],D22,False,['20 to 24'],3.0
913288.0,2006-06-25 08:00:00,1226,2006,PAPE AVE,WESTWOOD AVE,,Major Arterial,Toronto and East York,43.686645,-79.34779,633160.797,4838395.52,At Intersection,No Control,Clear,Daylight,Dry,57,Broadview North,57,Broadview North (57),Non-Fatal Injury,0,1,1,0,0,0,0,0,0,0,0,0,0,Cyclist Collisions,"['Cyclist', 'Driver']",South,"['Bicycle', 'Automobile, Station Wagon']","['Going Ahead', 'Turning Right']",['Improper Turn'],['Normal'],[],[],[],['Cyclist and Driver travelling in same direction. One vehicle rear-ended the other.'],['Driving Properly'],['Normal'],D55,False,"['35 to 39', '70 to 74']",3.0
913296.0,2006-06-25 08:00:00,2040,2006,29 BLAIR ATHOL Cres,,,Local,Etobicoke York,43.667245,-79.54469,617329.1959,4835943.5722,,No Control,Clear,Dusk,Dry,10,Princess-Rosethorn,10,Princess-Rosethorn (10),Non-Fatal Injury,0,0,1,0,0,0,0,1,0,0,0,0,0,Other,"['Driver', 'Passenger']",East,"['Automobile, Station Wagon', 'Other']",['Going Ahead'],['Other'],['Normal'],[],[],[],[],[],[],D22,False,['15 to 19'],3.0
913927.0,2006-07-16 08:00:00,1255,2006,BAYVIEW AVE,SOUDAN AVE,,Major Arterial,North York,43.710745,-79.37709,630746.9292,4841025.5313,,No Control,Clear,Daylight,Dry,99,Mount Pleasant East,99,Mount Pleasant East (99),Non-Fatal Injury,0,0,1,0,0,0,0,1,0,0,0,0,1,Rear End,"['Passenger', 'Vehicle Owner', 'Driver']",South,"['Other', 'Automobile, Station Wagon']","['Parked', 'Changing Lanes']","['Lost control', 'Other']","['Normal', 'Medical or Physical Disability']",[],[],[],[],[],[],D53,False,"['0 to 4', 'unknown', '45 to 49', '65 to 69']",3.0
914314.0,2006-07-19 08:00:00,2230,2006,BLOOR ST W,LANSDOWNE AVE,,Major Arterial,Toronto and East York,43.658345,-79.44269,625571.2101,4835104.4205,At Intersection,Traffic Signal,Clear,Dark,Dry,83,Dufferin Grove,93,Dovercourt-Wallace Emerson-Junction (93),Fatal,1,0,1,0,0,0,0,0,0,1,0,0,0,Pedestrian Collisions,"['Driver', 'Pedestrian']",South,"['Automobile, Station Wagon', 'Other']",['Turning Right'],['Failed to Yield Right of Way'],['Normal'],['Vehicle turns right while ped crosses with ROW at inter.'],['Crossing with right of way'],['Normal'],[],[],[],D11,True,"['20 to 24', '45 to 49']",4.0
914846.0,2006-07-23 08:00:00,1357,2006,VICTORIA PARK AVE,BISCAYNE BLVD,,Major Arterial,North York,43.729145,-79.30449,636554.0785,4843186.1954,,No Control,Rain,Daylight,Wet,43,Victoria Village,43,Victoria Village (43),Fatal,1,0,1,0,0,0,0,0,0,0,0,0,0,Pedestrian Collisions,"['Driver', 'Pedestrian']",North,"['Automobile, Station Wagon', 'Other']",['Going Ahead'],['Driving Properly'],['Normal'],['Vehicle is going straight thru inter.while ped cross without ROW'],"['Crossing, no Traffic Control']",['Unknown'],[],[],[],D33,True,"['35 to 39', '70 to 74']",4.0
914977.0,2006-06-13 08:00:00,858,2006,LAKE SHORE BLVD W,JAMESON AVE,,Major Arterial,Toronto and East York,43.633345,-79.43459,626276.7187,4832340.1385,At Intersection,Traffic Signal,Clear,Daylight,Dry,85,South Parkdale,85,South Parkdale (85),Non-Fatal Injury,0,0,1,0,0,0,0,1,0,1,0,0,0,Angle,"['Driver', 'Passenger', 'Vehicle Owner']",South,"['Automobile, Station Wagon', 'Other']",['Going Ahead'],"['Failed to Yield Right of Way', 'Driving Properly']",['Normal'],[],[],[],[],[],[],D14,False,"['40 to 44', '35 to 39', 'unknown']",3.0
915000.0,2006-06-17 08:00:00,133,2006,BATHURST ST,RICHMOND ST W,,Major Arterial,Toronto and East York,43.646445,-79.40379,628733.3036,4833842.3764,At Intersection,Traffic Signal,Clear,Dark,Dry,162,West Queen West,82,Niagara (82),Non-Fatal Injury,0,0,1,0,0,0,0,1,0,1,1,0,0,Turning Movement,"['Driver', 'Passenger']",North,"['Automobile, Station Wagon', 'Other']","['Going Ahead', 'Turning Left']","['Disobeyed Traffic Control', 'Driving Properly']","['Normal', 'Unknown']",[],[],[],[],[],[],D14,False,"['20 to 24', '25 to 29']",3.0
915101.0,2006-07-24 08:00:00,1302,2006,LAKE SHORE BLVD W,JAMESON LAKESHORE RAMP,,Major Arterial,Toronto and East York,43.631745,-79.43259,626441.4092,4832165.4826,,No Control,Clear,Daylight,Dry,85,South Parkdale,85,South Parkdale (85),Non-Fatal Injury,0,1,0,0,0,0,0,0,0,0,0,0,0,Cyclist Collisions,['Cyclist'],East,['Bicycle'],['Going Ahead'],[],[],[],[],[],"['Cyclist loses control and strikes object (pole, ttc track)']",['Lost control'],['Unknown'],D14,False,['30 to 34'],3.0
915114.0,2006-07-23 08:00:00,515,2006,HIGHWAY 27 S  S,401 X W 427 X RAMP,,Major Arterial,Etobicoke York,43.679345,-79.57879,614556.9607,4837239.7745,,No Control,Clear,Dark,Dry,1,West Humber-Clairville,1,West Humber-Clairville (1),Non-Fatal Injury,0,0,1,0,0,0,0,0,0,0,0,1,0,SMV Other,"['Driver', 'Other Property Owner']",South,"['Automobile, Station Wagon', 'Other']",['Going Ahead'],['Other'],"['Ability Impaired, Alcohol Over .08']",[],[],[],[],[],[],D23,False,"['45 to 49', 'unknown']",3.0
915300.0,2006-06-28 08:00:00,1730,2006,EGLINTON AVE W,GLENHAVEN ST,,Major Arterial,Etobicoke York,43.691345,-79.46969,623326.4721,4838729.0032,At Intersection,Stop Sign,Rain,Daylight,Wet,110,Keelesdale-Eglinton West,110,Keelesdale-Eglinton West (110),Non-Fatal Injury,0,0,1,0,1,0,0,1,0,1,0,0,0,Angle,"['Vehicle Owner', 'Truck Driver', 'Passenger', 'Driver']",South,"['Other', 'Truck - Open', 'Automobile, Station Wagon']","['Stopped', 'Going Ahead']","['Driving Properly', 'Improper Passing']",['Normal'],[],[],[],[],[],[],D12,False,"['unknown', '40 to 44', '20 to 24']",3.0
915319.0,2006-06-28 08:00:00,1357,2006,KING ST W,YORK ST,,Major Arterial,Toronto and East York,43.648545,-79.38089,630575.643,4834111.3859,,No Control,Clear,Daylight,Dry,170,Yonge-Bay Corridor,76,Bay Street Corridor (76),Non-Fatal Injury,1,0,0,0,0,1,0,0,0,0,0,0,0,Pedestrian Collisions,"['Pedestrian', 'Vehicle Owner', 'Driver']",South,"['Other', 'Municipal Transit Bus (TTC)']",['Going Ahead'],['Driving Properly'],['Normal'],['Pedestrian involved in a collision with transit vehicle anywhere along roadway'],"['Crossing, no Traffic Control']",['Unknown'],[],[],[],D52,False,"['35 to 39', 'unknown']",3.0
915543.0,2006-07-26 08:00:00,544,2006,NUGGET AVE,SHORTING RD,,Minor Arterial,Scarborough,43.796345,-79.25089,640713.3563,4850739.5229,,Stop Sign,Clear,Daylight,Other,128,Agincourt South-Malvern West,128,Agincourt South-Malvern West (128),Non-Fatal Injury,0,0,1,0,1,0,0,0,0,1,0,0,0,Approaching,"['Truck Driver', 'Driver']",East,"['Truck - Open', 'Automobile, Station Wagon']",['Going Ahead'],"['Driving Properly', 'Other']",['Normal'],[],[],[],[],[],[],D42,False,"['60 to 64', '30 to 34']",3.0
915777.0,2006-06-30 08:00:00,926,2006,57 ELLESMERE RD,VICTORIA PARK Aven,,Major Arterial,Scarborough,43.758145,-79.31389,635731.4506,4846391.6313,,No Control,Clear,Daylight,Dry,119,Wexford/Maryvale,119,Wexford/Maryvale (119),Non-Fatal Injury,0,0,1,0,0,0,0,1,0,0,0,0,0,Turning Movement,"['Passenger', 'Driver']",North,"['Other', 'Automobile, Station Wagon']","['Turning Left', 'Going Ahead']","['Improper Turn', 'Driving Properly']",['Normal'],[],[],[],[],[],[],D41,False,"['45 to 49', '20 to 24', '25 to 29']",3.0
915991.0,2006-07-28 08:00:00,1626,2006,ISLINGTON AVE,DIXON RD,,Major Arterial,Etobicoke York,43.694445,-79.54549,617211.7223,4838963.3617,,No Control,Clear,Daylight,Dry,6,Kingsview Village-The Westway,6,Kingsview Village-The Westway (6),Fatal,1,0,1,0,0,0,0,1,0,0,0,0,0,Pedestrian Collisions,"['Passenger', 'Vehicle Owner', 'Driver', 'Pedestrian']",North,"['Other', 'Automobile, Station Wagon']",['Going Ahead'],['Lost control'],['Unknown'],['Pedestrian hit on sidewalk or shoulder'],['On Sidewalk or Shoulder'],['Normal'],[],[],[],D23,True,"['5 to 9', 'unknown', '35 to 39', '20 to 24']",4.0
916024.0,2006-07-30 08:00:00,2155,2006,F G GARDINER XY Ramp W,GARDINER W S KINGSWAY RAMP,,,Toronto and East York,43.634645,-79.47159,623289.3581,4832428.9008,,No Control,Clear,Dark,Dry,85,South Parkdale,85,South Parkdale (85),Fatal,0,0,0,1,0,0,0,0,0,0,0,0,0,SMV Other,['Motorcycle Driver'],West,['Motorcycle'],['Going Ahead'],['Lost control'],['Unknown'],[],[],[],[],[],[],D11,True,['20 to 24'],4.0
916031.0,2006-07-20 08:00:00,1715,2006,ST MARKS RD,BROOKSIDE AVE,,Collector,Toronto and East York,43.659845,-79.49149,621633.2358,4835198.3191,At Intersection,Stop Sign,Rain,Daylight,Wet,114,Lambton Baby Point,114,Lambton Baby Point (114),Non-Fatal Injury,0,0,1,0,0,0,0,0,0,0,0,0,0,Turning Movement,"['Vehicle Owner', 'Driver']",South,"['Other', 'Automobile, Station Wagon']","['Going Ahead', 'Turning Left']",['Driving Properly'],['Normal'],[],[],[],[],[],[],D11,False,"['unknown', '30 to 34']",3.0
916168.0,2006-07-05 08:00:00,2130,2006,VICTORIA PARK AVE,TERRAVIEW BLVD,,Major Arterial,North York,43.764545,-79.31819,635370.8626,4847095.4107,At Intersection,Stop Sign,Clear,Dark,Dry,150,Fenside-Parkwoods,45,Parkwoods-Donalda (45),Non-Fatal Injury,0,0,1,1,0,0,0,0,0,1,0,0,0,Turning Movement,"['Motorcycle Driver', 'Vehicle Owner', 'Driver']",North,"['Motorcycle', 'Other', 'Automobile, Station Wagon']","['Going Ahead', 'Turning Left']","['Driving Properly', 'Failed to Yield Right of Way']",['Normal'],[],[],[],[],[],[],D33,False,"['25 to 29', 'unknown', '45 to 49']",3.0
916243.0,2006-07-04 08:00:00,2015,2006,LAWRENCE AVE E,OVERTURE RD,,Major Arterial,Scarborough,43.765445,-79.19949,644923.106,4847396.2651,At Intersection,Traffic Signal,Clear,Daylight,Dry,136,West Hill,136,West Hill (136),Non-Fatal Injury,0,0,1,0,0,0,0,1,0,1,0,0,0,Rear End,"['Driver', 'Passenger']",East,"['Automobile, Station Wagon', 'Other']","['Going Ahead', 'Slowing or Stopping']","['Following too Close', 'Driving Properly']",['Normal'],[],[],[],[],[],[],D43,False,"['15 to 19', '40 to 44', '25 to 29']",3.0
916541.0,2006-07-31 08:00:00,632,2006,FINCH AVE E,BRAHMS AVE,,Major Arterial,North York,43.791945,-79.35809,632098.8791,4850074.1528,At Intersection,Traffic Signal,Clear,Daylight,Dry,47,Don Valley Village,47,Don Valley Village (47),Non-Fatal Injury,1,0,1,0,0,0,0,1,0,0,0,0,0,Pedestrian Collisions,"['Passenger', 'Pedestrian', 'Driver']",South,"['Other', 'Automobile, Station Wagon']",['Going Ahead'],['Driving Properly'],['Normal'],['Vehicle is going straight thru inter.while ped cross without ROW'],['Crossing without right of way'],['Inattentive'],[],[],[],D33,False,"['30 to 34', '15 to 19']",3.0
916560.0,2006-05-19 08:00:00,1140,2006,LAUGHTON AVE,TALBOT ST,,Collector,Toronto and East York,43.673945,-79.45729,624361.7335,4836815.0145,At Intersection,Stop Sign,Clear,Daylight,Dry,91,Weston-Pelham Park,91,Weston-Pellam Park (91),Non-Fatal Injury,0,0,1,0,0,0,0,1,0,1,0,0,0,Turning Movement,"['Driver', 'Passenger', 'Other Property Owner']",South,"['Automobile, Station Wagon', 'Other']","['Turning Left', 'Going Ahead']","['Failed to Yield Right of Way', 'Driving Properly']",['Normal'],[],[],[],[],[],[],D11,False,"['65 to 69', '40 to 44', '25 to 29', 'unknown']",3.0
916566.0,2006-07-07 08:00:00,1414,2006,YONGE ST,PLEASANT AVE,,Major Arterial,Toronto and East York,43.687645,-79.39389,629443.1521,4838433.5921,,No Control,Clear,Daylight,Dry,98,Rosedale-Moore Park,98,Rosedale-Moore Park (98),Non-Fatal Injury,1,0,0,0,0,1,0,0,0,0,0,0,0,Pedestrian Collisions,"['Vehicle Owner', 'Driver', 'Pedestrian']",East,"['Other', 'Municipal Transit Bus (TTC)']",['Going Ahead'],['Driving Properly'],['Normal'],['Pedestrian involved in a collision with transit vehicle anywhere along roadway'],['Running onto Roadway'],['Other'],[],[],[],D53,False,"['unknown', '35 to 39', '75 to 79']",3.0
916584.0,2006-06-21 08:00:00,850,2006,WELLINGTON ST W,YORK ST,,Minor Arterial,Toronto and East York,43.646545,-79.38299,630410.6115,4833885.9577,At Intersection,Traffic Signal,Clear,Daylight,Dry,170,Yonge-Bay Corridor,76,Bay Street Corridor (76),Non-Fatal Injury,0,1,1,0,0,0,0,0,0,0,0,0,0,Cyclist Collisions,"['Driver', 'Cyclist']",West,"['Automobile, Station Wagon', 'Bicycle']","['Turning Right', 'Going Ahead']",['Driving Properly'],['Normal'],[],[],[],['Motorist turning right on green or amber at signalized intersection strikes cyclist.'],[],[],D52,False,"['unknown', '50 to 54']",3.0
916630.0,2006-08-01 08:00:00,2345,2006,NEILSON RD,WICKSON TRL,,Minor Arterial,Scarborough,43.802045,-79.21779,643362.6005,4851429.4123,At Intersection,Traffic Signal,Clear,Dark,Dry,146,Malvern East,132,Malvern (132),Fatal,1,0,1,0,0,0,0,0,0,0,0,0,0,Pedestrian Collisions,"['Driver', 'Pedestrian']",East,"['Automobile, Station Wagon', 'Other']",['Going Ahead'],['Driving Properly'],['Normal'],['Vehicle is going straight thru inter.while ped cross without ROW'],['Crossing without right of way'],['Had Been Drinking'],[],[],[],D42,True,"['50 to 54', '30 to 34']",4.0
916791.0,2006-08-03 08:00:00,319,2006,MIDLAND AVE,LAWRENCE AVE E,,Major Arterial,Scarborough,43.751545,-79.26509,639675.2383,4845739.7369,At Intersection,Traffic Signal,Clear,Dark,Dry,126,Dorset Park,126,Dorset Park (126),Non-Fatal Injury,0,0,1,0,0,0,0,1,0,1,1,0,0,Angle,"['Passenger', 'Driver', 'Vehicle Owner']",East,"['Other', 'Automobile, Station Wagon']",['Going Ahead'],"['Driving Properly', 'Disobeyed Traffic Control']","['Normal', 'Unknown']",[],[],[],[],[],[],D41,False,"['25 to 29', '35 to 39', '45 to 49', 'unknown', '50 to 54']",3.0
916979.0,2006-08-03 08:00:00,122,2006,F G GARDINER XY E  E,LAKESHORE W GARDINER RAMP E,,Major Arterial,Toronto and East York,43.634145,-79.47169,623282.3139,4832373.2209,,No Control,Rain,Dark,Wet,85,South Parkdale,85,South Parkdale (85),Non-Fatal Injury,1,0,1,0,0,0,0,1,0,0,0,1,0,Pedestrian Collisions,"['Vehicle Owner', 'Driver', 'Passenger', 'Pedestrian']",East,"['Other', 'Automobile, Station Wagon']","['Stopped', 'Going Ahead']","['Driving Properly', 'Lost control']","['Normal', 'Ability Impaired, Alcohol']",['Pedestrian hit on sidewalk or shoulder'],['On Sidewalk or Shoulder'],['Normal'],[],[],[],D11,False,"['unknown', '45 to 49', '15 to 19', '20 to 24']",3.0
917154.0,2006-08-03 08:00:00,130,2006,JANE ST,FOXWELL ST,,Major Arterial,Etobicoke York,43.672145,-79.49399,621406.8577,4836560.7335,,No Control,Rain,Dark,Wet,111,Rockcliffe-Smythe,111,Rockcliffe-Smythe (111),Fatal,1,0,1,0,0,0,0,0,0,0,0,0,0,Pedestrian Collisions,"['Pedestrian', 'Vehicle Owner', 'Driver']",East,"['Other', 'Automobile, Station Wagon']",['Going Ahead'],['Driving Properly'],['Normal'],['Pedestrian hit at mid-block'],['Running onto Roadway'],['Unknown'],[],[],[],D12,True,"['50 to 54', 'unknown', '40 to 44']",4.0
917223.0,2006-08-05 08:00:00,6,2006,WESTHEAD RD,DUNNING CRES,,Local,Etobicoke York,43.603245,-79.55459,616654.8024,4828821.625,,No Control,Clear,Dark,Dry,20,Alderwood,20,Alderwood (20),Non-Fatal Injury,1,0,1,0,0,0,0,0,0,0,0,0,0,Pedestrian Collisions,"['Driver', 'Pedestrian']",South,"['Automobile, Station Wagon', 'Other']",['Going Ahead'],['Other'],['Had Been Drinking'],['Other / Undefined'],['Walking on Roadway Against Traffic'],['Had Been Drinking'],[],[],[],D22,False,"['20 to 24', '15 to 19']",3.0
917225.0,2006-08-06 08:00:00,203,2006,MOUNT PLEASANT RD,SOUTH DR,,Major Arterial,Toronto and East York,43.677645,-79.38059,630536.7524,4837343.8014,,No Control,Clear,Dark,Dry,98,Rosedale-Moore Park,98,Rosedale-Moore Park (98),Non-Fatal Injury,1,0,1,0,0,0,0,0,0,0,0,0,0,Pedestrian Collisions,"['Driver', 'Pedestrian']",North,"['Automobile, Station Wagon', 'Other']",['Going Ahead'],['Other'],['Unknown'],['Pedestrian hit at mid-block'],"['Crossing, no Traffic Control']",['Unknown'],[],[],[],D53,False,"['20 to 24', '25 to 29']",3.0
917426.0,2006-08-07 08:00:00,2110,2006,FINCH AVE W,KISKADEE DR,,Major Arterial,Etobicoke York,43.735245,-79.59819,612888.2303,4843421.6202,At Intersection,No Control,Clear,Dark,Dry,1,West Humber-Clairville,1,West Humber-Clairville (1),Non-Fatal Injury,1,0,1,0,0,0,0,0,0,1,0,0,0,Pedestrian Collisions,"['Driver', 'Pedestrian']",North,"['Automobile, Station Wagon', 'Other']",['Turning Left'],['Failed to Yield Right of Way'],['Unknown'],['Vehicle turns left while ped crosses with ROW at inter.'],['Crossing with right of way'],['Normal'],[],[],[],D23,False,"['unknown', '70 to 74']",3.0
917526.0,2006-07-10 08:00:00,1313,2006,MARTIN GROVE RD,LEXINGTON AVE,,Minor Arterial,Etobicoke York,43.744245,-79.59539,613096.7711,4844425.0167,At Intersection,Traffic Signal,Clear,Daylight,Dry,1,West Humber-Clairville,1,West Humber-Clairville (1),Non-Fatal Injury,0,0,1,0,0,0,0,1,0,0,0,0,0,Turning Movement,"['Vehicle Owner', 'Driver', 'Passenger']",North,"['Other', 'Automobile, Station Wagon']","['Going Ahead', 'Turning Left']","['Driving Properly', 'Improper Turn']",['Normal'],[],[],[],[],[],[],D23,False,"['unknown', '25 to 29', '15 to 19', '35 to 39']",3.0
917567.0,2006-07-11 08:00:00,825,2006,MEADOWVALE RD,ROTARY DR,,Minor Arterial,Scarborough,43.807445,-79.17039,647162.2857,4852112.3838,,No Control,Clear,Daylight,Dry,143,West Rouge,131,Rouge (131),Non-Fatal Injury,1,0,0,0,0,0,0,0,0,1,0,0,0,Pedestrian Collisions,"['Driver', 'Pedestrian']",North,['Other'],['Turning Left'],['Failed to Yield Right of Way'],['Inattentive'],['Pedestrian hit on sidewalk or shoulder'],['On Sidewalk or Shoulder'],['Normal'],[],[],[],D42,False,"['55 to 59', '35 to 39']",3.0
917568.0,2006-07-11 08:00:00,1815,2006,WINNETT AVE,HURSTING AVE,,Local,Toronto and East York,43.686245,-79.43189,626383.483,4838219.4901,,No Control,Clear,Daylight,Dry,107,Oakwood Village,107,Oakwood Village (107),Non-Fatal Injury,0,1,1,0,0,0,0,0,0,0,0,0,0,Cyclist Collisions,"['Driver', 'Cyclist']",South,"['Automobile, Station Wagon', 'Bicycle']",['Going Ahead'],['Driving Properly'],['Normal'],[],[],[],"['Cyclist without ROW rides into path of motorist at inter, lnwy, dwy-Cyclist not turn.']",['Failed to Yield Right of Way'],['Inattentive'],D13,False,"['55 to 59', '5 to 9']",3.0
917569.0,2006-07-10 08:00:00,1310,2006,2609 LAKE SHORE BLVD W,,,Major Arterial,Etobicoke York,43.605445,-79.49109,621775.3074,4829157.1048,,No Control,Rain,Daylight,Wet,160,Mimico-Queensway,17,Mimico (includes Humber Bay Shores) (17),Non-Fatal Injury,0,0,1,0,0,0,0,1,0,1,0,0,0,Sideswipe,"['Vehicle Owner', 'Driver', 'Passenger']",East,"['Other', 'Automobile, Station Wagon']","['Going Ahead', 'Pulling Away from Shoulder or Curb']","['Other', 'Failed to Yield Right of Way']","['Had Been Drinking', 'Normal']",[],[],[],[],[],[],D22,False,"['unknown', '45 to 49', '70 to 74', '60 to 64']",3.0
917572.0,2006-08-06 08:00:00,2150,2006,DANFORTH AVE,LUTTRELL AVE,,Major Arterial,Toronto and East York,43.690145,-79.29309,637561.4237,4838873.5334,,No Control,Clear,Dark,Dry,61,Taylor-Massey,61,Taylor-Massey (61),Non-Fatal Injury,0,0,1,0,0,0,0,0,1,1,0,0,0,Rear End,"['Vehicle Owner', 'Driver']",West,"['Other', 'Automobile, Station Wagon']",['Going Ahead'],"['Driving Properly', 'Exceeding Speed Limit']","['Normal', 'Unknown']",[],[],[],[],[],[],D55,False,"['unknown', '45 to 49']",3.0
917581.0,2006-05-25 08:00:00,2250,2006,YONGE ST,ROSEHILL AVE,,Major Arterial,Toronto and East York,43.686245,-79.39329,629494.5216,4838279.0396,At Intersection,Traffic Signal,Clear,Dark,Dry,98,Rosedale-Moore Park,98,Rosedale-Moore Park (98),Non-Fatal Injury,1,1,0,0,0,0,0,0,0,0,0,0,0,Pedestrian Collisions,"['Pedestrian', 'Cyclist']",East,"['Other', 'Bicycle']",['Going Ahead'],[],[],['Vehicle is going straight thru inter.while ped cross with ROW'],['Crossing with right of way'],['Had Been Drinking'],['Cyclist strikes pedestrian.'],['Disobeyed Traffic Control'],['Normal'],D53,False,"['45 to 49', '40 to 44']",3.0
917601.0,2006-08-08 08:00:00,1006,2006,YONGE ST,ATHABASKA AVE,,Major Arterial,North York,43.795445,-79.41939,627159.5566,4850366.8752,At Intersection,Traffic Signal,Clear,Daylight,Dry,50,Newtonbrook East,50,Newtonbrook East (50),Non-Fatal Injury,1,0,1,0,0,0,0,0,0,1,0,0,0,Pedestrian Collisions,"['Driver', 'Pedestrian']",East,"['Automobile, Station Wagon', 'Other']",['Turning Left'],['Failed to Yield Right of Way'],['Normal'],['Vehicle turns left while ped crosses with ROW at inter.'],['Crossing with right of way'],['Normal'],[],[],[],D32,False,"['40 to 44', '80 to 84']",3.0
917719.0,2006-07-12 08:00:00,150,2006,BURNHAMTHORPE RD,TRANQUIL DR,,Major Arterial,Etobicoke York,43.643045,-79.57379,615029.288,4833215.1114,,No Control,Clear,Dark,Dry,11,Eringate-Centennial-West Deane,11,Eringate-Centennial-West Deane (11),Non-Fatal Injury,0,0,0,1,0,0,0,1,1,1,0,0,0,Other,"['Motorcycle Passenger', 'Motorcycle Driver']",West,"['Other', 'Motorcycle']",['Going Ahead'],['Exceeding Speed Limit'],['Had Been Drinking'],[],[],[],[],[],[],D22,False,"['25 to 29', '30 to 34']",3.0