accident_number,date,time,year,street1,street2,offset,road_class,district,latitude,longitude,x,y,accident_location,traffctl,visibility,light,road_surface_condition,hood_158,neighbourhood_new,hood_140,neighbourhood_old,accident_class,pedestrian,cyclist,automobile,motorcycle,truck,trsn_city_veh,emerg_veh,passenger,speeding,aggressive_driving,redlight,alcohol,disability,impact_type,involvement_type,initial_direction,vehicle_type,manoeuver,driver_action,driver_condition,pedestrian_type,pedestrian_action,pedestrian_condition,cyclist_type,cyclist_action,cyclist_condition,division,injury,involvement_age,injury_severity_score
921246.0,2006-08-12 08:00:00,236,2006,WELLESLEY ST E,CHURCH ST,,Minor Arterial,Toronto and East York,43.665745,-79.38099,630530.3043,4836021.5163,At Intersection,Traffic Signal,Clear,Dark,Dry,167,Church-Wellesley,75,Church-Yonge Corridor (75),Non-Fatal Injury,1,0,1,0,0,0,0,0,0,0,0,0,0,Pedestrian Collisions,"['Driver', 'Pedestrian']",East,"['Automobile, Station Wagon', 'Other']",['Going Ahead'],['Driving Properly'],['Normal'],['Vehicle is going straight thru inter.while ped cross without ROW'],['Crossing without right of way'],['Had Been Drinking'],[],[],[],D51,False,"['20 to 24', '25 to 29']",3.0
921668.0,2006-08-15 08:00:00,1550,2006,QUEEN E ST E,SHERBOURNE ST,,Major Arterial,Toronto and East York,43.654545,-79.36949,631481.93,4834795.7656,At Intersection,Traffic Signal,Clear,Daylight,Dry,73,Moss Park,73,Moss Park (73),Non-Fatal Injury,0,1,0,0,1,0,0,0,0,0,0,0,0,Cyclist Collisions,"['Vehicle Owner', 'Truck Driver', 'Cyclist']",South,"['Other', 'Truck - Open', 'Bicycle']","['Going Ahead', 'Turning Left']",['Driving Properly'],['Normal'],[],[],[],['Cyclist turned left across motorists path.'],['Disobeyed Traffic Control'],['Unknown'],D51,False,"['unknown', '40 to 44']",3.0
921907.0,2006-09-02 08:00:00,315,2006,CHURCH ST,COLBORNE ST,,Minor Arterial,Toronto and East York,43.649245,-79.37409,631122.5222,4834199.8521,At Intersection,Stop Sign,Clear,Dark,Dry,168,Downtown Yonge East,75,Church-Yonge Corridor (75),Non-Fatal Injury,0,0,1,0,0,0,0,1,1,1,0,0,0,SMV Other,"['Passenger', 'Vehicle Owner', 'Driver']",East,"['Other', 'Automobile, Station Wagon']",['Going Ahead'],['Exceeding Speed Limit'],['Had Been Drinking'],[],[],[],[],[],[],D51,False,"['unknown', '30 to 34']",3.0
921910.0,2006-09-02 08:00:00,1255,2006,RENFORTH DR,ERINGATE DR,,Minor Arterial,Etobicoke York,43.659945,-79.58329,614231.0289,4835078.9478,At Intersection,Traffic Signal,Rain,Daylight,Wet,11,Eringate-Centennial-West Deane,11,Eringate-Centennial-West Deane (11),Non-Fatal Injury,0,0,1,0,0,0,0,0,0,0,0,0,1,Rear End,"['Driver', 'Vehicle Owner']",North,"['Automobile, Station Wagon', 'Other']","['Going Ahead', 'Stopped']","['Other', 'Driving Properly']","['Medical or Physical Disability', 'Normal']",[],[],[],[],[],[],D22,False,"['80 to 84', 'unknown', '40 to 44']",3.0
922297.0,2006-08-17 08:00:00,2144,2006,QUEEN ST W,SPADINA AVE,,Major Arterial,Toronto and East York,43.649145,-79.39449,629477.5491,4834156.7146,,No Control,Clear,Dark,Dry,164,Wellington Place,77,Waterfront Communities-The Island (77),Non-Fatal Injury,1,0,0,0,0,0,0,0,0,0,0,0,0,Pedestrian Collisions,"['Vehicle Owner', 'Driver', 'Pedestrian']",East,['Other'],['Going Ahead'],['Wrong Way on One Way Road'],['Normal'],['Pedestrian hit at mid-block'],"['Crossing, no Traffic Control']",['Inattentive'],[],[],[],D52,False,"['unknown', '40 to 44', '35 to 39']",3.0
922379.0,2006-09-05 08:00:00,1115,2006,ST CLAIR AVE W,LANSDOWNE AVE,,Major Arterial,Toronto and East York,43.676345,-79.45059,624896.8633,4837091.6334,At Intersection,Traffic Signal,Clear,Daylight,Dry,92,Corso Italia-Davenport,92,Corso Italia-Davenport (92),Non-Fatal Injury,0,0,1,0,0,0,0,1,0,1,0,0,0,Approaching,"['Passenger', 'Driver', 'Vehicle Owner']",West,"['Other', 'Automobile, Station Wagon']",['Going Ahead'],"['Driving Properly', 'Lost control']","['Normal', 'Unknown']",[],[],[],[],[],[],D13,False,"['30 to 34', '50 to 54', 'unknown', '40 to 44']",3.0
922598.0,2006-07-30 08:00:00,1435,2006,DON MILLS RD,MCNICOLL AVE,,Major Arterial,North York,43.799645,-79.35409,632403.6924,4850935.7512,At Intersection,Traffic Signal,Clear,Daylight,Dry,48,Hillcrest Village,48,Hillcrest Village (48),Non-Fatal Injury,0,0,1,0,0,0,0,1,0,0,0,0,0,Turning Movement,"['Passenger', 'Driver', 'Vehicle Owner', 'Other Property Owner']",North,"['Other', 'Automobile, Station Wagon']","['Going Ahead', 'Turning Left']","['Driving Properly', 'Improper Turn']",['Normal'],[],[],[],[],[],[],D33,False,"['45 to 49', 'unknown', '35 to 39']",3.0
922700.0,2006-08-15 08:00:00,1405,2006,MARKHAM RD,STEELES AVE E,,Major Arterial,Scarborough,43.836545,-79.25119,640594.8393,4855203.8827,,Traffic Signal,Clear,Daylight,Dry,130,Milliken,130,Milliken (130),Non-Fatal Injury,0,0,1,0,0,0,0,0,0,0,0,0,0,Turning Movement,"['Vehicle Owner', 'Driver']",North,"['Other', 'Automobile, Station Wagon']","['Turning Left', 'Going Ahead']","['Improper Turn', 'Driving Properly']",['Normal'],[],[],[],[],[],[],D42,False,"['unknown', '20 to 24', '45 to 49']",3.0
922716.0,2006-08-15 08:00:00,1813,2006,PIPERBROOK CRES,LING RD,,Local,Scarborough,43.767545,-79.18169,646350.7252,4847660.8107,,No Control,Clear,Daylight,Dry,136,West Hill,136,West Hill (136),Non-Fatal Injury,1,0,1,0,0,0,0,0,0,0,0,0,0,Pedestrian Collisions,"['Driver', 'Pedestrian']",South,"['Automobile, Station Wagon', 'Other']",['Going Ahead'],['Driving Properly'],['Normal'],['Vehicle hits the pedestrian walking or running out from between parked vehicles at mid-block'],['Coming From Behind Parked Vehicle'],['Inattentive'],[],[],[],D43,False,"['25 to 29', '5 to 9']",3.0
922743.0,2006-08-18 08:00:00,2115,2006,BLOOR ST W,HURON ST,,Major Arterial,Toronto and East York,43.667345,-79.40069,628938.5787,4836168.4102,,No Control,Clear,Dark,Dry,95,Annex,95,Annex (95),Non-Fatal Injury,0,1,1,0,0,0,0,0,0,0,0,0,0,Cyclist Collisions,"['Driver', 'Cyclist']",East,"['Automobile, Station Wagon', 'Bicycle']",['Changing Lanes'],['Driving Properly'],['Normal'],[],[],[],['Cyclist and Driver travelling in same direction. One vehicle sideswipes the other.'],['Other'],['Inattentive'],D53,False,"['45 to 49', '25 to 29']",3.0
922819.0,2006-07-20 08:00:00,1624,2006,70 MILNER AVE,,,Minor Arterial,Scarborough,43.784045,-79.25269,640597.3867,4849370.3528,,No Control,Clear,Daylight,Dry,128,Agincourt South-Malvern West,128,Agincourt South-Malvern West (128),Non-Fatal Injury,1,0,1,0,0,0,0,0,0,0,0,0,0,Pedestrian Collisions,"['Vehicle Owner', 'Driver', 'Pedestrian']",South,"['Other', 'Automobile, Station Wagon']",['Going Ahead'],['Driving Properly'],['Normal'],['Vehicle hits the pedestrian walking or running out from between parked vehicles at mid-block'],['Coming From Behind Parked Vehicle'],['Inattentive'],[],[],[],D42,False,"['unknown', '30 to 34', '60 to 64']",3.0
922913.0,2006-09-08 08:00:00,1025,2006,NEILSON RD,ELLESMERE RD,,Major Arterial,Scarborough,43.782545,-79.20499,644439.2285,4849285.8787,At Intersection,Traffic Signal,Clear,Daylight,Dry,135,Morningside,135,Morningside (135),Non-Fatal Injury,1,0,0,0,0,1,0,1,0,0,0,0,0,Pedestrian Collisions,"['Passenger', 'Vehicle Owner', 'Driver', 'Pedestrian']",North,"['Other', 'Municipal Transit Bus (TTC)']",['Turning Left'],['Other'],['Normal'],['Pedestrian involved in a collision with transit vehicle anywhere along roadway'],['Crossing without right of way'],['Normal'],[],[],[],D43,False,"['35 to 39', 'unknown', '45 to 49', '75 to 79']",3.0
922947.0,2006-09-09 08:00:00,19,2006,DANFORTH AVE,GILLARD AVE,,Major Arterial,Toronto and East York,43.682345,-79.32829,634742.0548,4837949.4423,At Intersection,No Control,Rain,Dark,Wet,65,Greenwood-Coxwell,65,Greenwood-Coxwell (65),Non-Fatal Injury,1,0,1,0,0,0,0,1,0,0,0,0,0,Pedestrian Collisions,"['Passenger', 'Driver', 'Pedestrian']",South,"['Other', 'Automobile, Station Wagon']",['Going Ahead'],['Driving Properly'],['Normal'],['Vehicle is going straight thru inter.while ped cross without ROW'],"['Crossing, no Traffic Control']",['Unknown'],[],[],[],D55,False,"['20 to 24', '50 to 54']",3.0
922948.0,2006-09-09 08:00:00,308,2006,MORNINGSIDE AVE,SHEPPARD AVE E,,Major Arterial,Scarborough,43.801945,-79.19979,644810.7961,4851449.648,,Traffic Signal,Clear,Dark,Wet,146,Malvern East,132,Malvern (132),Fatal,0,0,1,0,1,0,0,1,0,1,1,0,0,Angle,"['Vehicle Owner', 'Passenger', 'Truck Driver', 'Driver']",East,"['Other', 'Truck - Open', 'Automobile, Station Wagon']",['Going Ahead'],"['Driving Properly', 'Disobeyed Traffic Control']",['Unknown'],[],[],[],[],[],[],D42,True,"['unknown', '25 to 29', '55 to 59']",4.0
923176.0,2006-09-10 08:00:00,1505,2006,36 GRAYLEE AVE,,,Local,Scarborough,43.742345,-79.24749,641113.825,4844747.7675,,No Control,Clear,Daylight,Dry,138,Eglinton East,138,Eglinton East (138),Non-Fatal Injury,0,0,1,0,0,0,0,0,0,1,0,0,0,SMV Other,['Driver'],East,"['Automobile, Station Wagon']",['Going Ahead'],['Lost control'],['Normal'],[],[],[],[],[],[],D43,False,['45 to 49'],3.0
923248.0,2006-08-17 08:00:00,1725,2006,STEELES E AVE E,TAPSCOTT RD,,Major Arterial,Scarborough,43.840445,-79.23489,641896.0399,4855664.8841,,No Control,Clear,Daylight,Dry,NSA,NSA,NSA,NSA,Non-Fatal Injury,0,0,1,0,0,0,0,0,0,0,0,0,0,Rear End,['Driver'],East,"['Automobile, Station Wagon']",['Going Ahead'],"['Driving Properly', 'Other']","['Normal', 'Unknown']",[],[],[],[],[],[],NSA,False,"['50 to 54', 'unknown']",3.0
923250.0,2006-08-17 08:00:00,2256,2006,224 BEECHGROVE DR,,,Collector,Scarborough,43.772345,-79.16079,648021.0879,4848231.0802,,No Control,Clear,Dark,Dry,136,West Hill,136,West Hill (136),Non-Fatal Injury,1,0,1,0,0,0,0,0,0,1,0,1,0,Pedestrian Collisions,"['Driver', 'Pedestrian']",South,"['Automobile, Station Wagon', 'Other']",['Going Ahead'],['Failed to Yield Right of Way'],"['Ability Impaired, Alcohol']",['Pedestrian hit on sidewalk or shoulder'],['On Sidewalk or Shoulder'],['Unknown'],[],[],[],D43,False,"['40 to 44', '15 to 19']",3.0
923341.0,2006-08-21 08:00:00,850,2006,BIRCHMOUNT RD,GLENDOWER CRCT,,Major Arterial,Scarborough,43.797145,-79.30519,636343.1337,4850737.4846,,Traffic Signal,Clear,Daylight,Dry,148,East L'Amoreaux,117,L'Amoreaux (117),Non-Fatal Injury,1,0,1,0,0,0,0,0,0,0,0,0,0,Pedestrian Collisions,"['Driver', 'Pedestrian']",South,"['Automobile, Station Wagon', 'Other']",['Going Ahead'],['Driving Properly'],['Normal'],['Vehicle is going straight thru inter.while ped cross without ROW'],['Crossing without right of way'],['Normal'],[],[],[],D42,False,"['25 to 29', '10 to 14']",3.0
923394.0,2006-09-11 08:00:00,1629,2006,EGLINTON AVE E,LESLIE ST,,Major Arterial,North York,43.715945,-79.35349,632636.7698,4841640.5612,At Intersection,No Control,Clear,Daylight,Dry,55,Thorncliffe Park,55,Thorncliffe Park (55),Fatal,0,1,0,0,1,0,0,0,0,1,0,0,0,Cyclist Collisions,"['Vehicle Owner', 'Truck Driver', 'Cyclist']",West,"['Other', 'Truck - Open', 'Bicycle']","['Overtaking', 'Going Ahead']",['Improper Passing'],['Inattentive'],[],[],[],['Cyclist and Driver travelling in same direction. One vehicle sideswipes the other.'],['Driving Properly'],['Normal'],D53,True,"['unknown', '45 to 49']",4.0
923419.0,2006-08-20 08:00:00,1513,2006,QUEEN ST W,COWAN AVE,,Major Arterial,Toronto and East York,43.641245,-79.43309,626381.1575,4833219.8171,At Intersection,Stop Sign,Clear,Daylight,Dry,85,South Parkdale,85,South Parkdale (85),Non-Fatal Injury,0,0,1,1,0,0,0,0,0,0,0,0,0,Turning Movement,"['Motorcycle Driver', 'Driver']",East,"['Motorcycle', 'Automobile, Station Wagon']","['Going Ahead', 'Making U Turn']","['Driving Properly', 'Improper Turn']",['Normal'],[],[],[],[],[],[],D14,False,"['55 to 59', '35 to 39']",3.0
923482.0,2020-05-19 08:00:00,920,2020,QUEEN ST E,CARLAW AVE,5 m West of,Minor Arterial,Toronto and East York,43.660987,-79.340053,633841.3992,4835558.3017,At Intersection,Traffic Signal,Clear,Daylight,Dry,70,South Riverdale,70,South Riverdale (70),Non-Fatal Injury,0,0,1,0,0,1,0,0,0,0,0,0,1,Angle,['Driver'],South,"['Automobile, Station Wagon', 'Street Car']",['Going Ahead'],"['Lost control', 'Driving Properly']","['Medical or Physical Disability', 'Normal']",[],[],[],[],[],[],D55,False,"['45 to 49', '40 to 44']",3.0
923585.0,2006-08-22 08:00:00,1104,2006,55 SUNNYPOINT CRES,,,Local,Scarborough,43.714545,-79.23159,642460.0189,4841687.3707,,No Control,Clear,Daylight,Dry,123,Cliffcrest,123,Cliffcrest (123),Non-Fatal Injury,0,0,1,0,0,0,0,0,1,1,0,0,1,SMV Other,"['Driver', 'Other Property Owner']",North,"['Automobile, Station Wagon', 'Other']",['Going Ahead'],['Lost control'],['Medical or Physical Disability'],[],[],[],[],[],[],D43,False,"['35 to 39', 'unknown']",3.0
923640.0,2006-08-24 08:00:00,600,2006,JOHN ST,QUEEN ST W,,Major Arterial,Toronto and East York,43.650145,-79.39119,629741.5297,4834272.9318,,No Control,Clear,Dawn,Dry,78,Kensington-Chinatown,78,Kensington-Chinatown (78),Non-Fatal Injury,1,0,1,0,0,0,0,0,0,0,0,0,1,Pedestrian Collisions,"['Vehicle Owner', 'Driver', 'Pedestrian']",East,"['Other', 'Automobile, Station Wagon']","['Turning Left', 'Parked']",['Lost control'],['Medical or Physical Disability'],['Pedestrian hit at mid-block'],['Other'],['Normal'],[],[],[],D52,False,"['unknown', '50 to 54', '30 to 34']",3.0
923655.0,2006-08-24 08:00:00,2126,2006,ATTWELL DR,READING CRT,,Collector,Etobicoke York,43.690745,-79.58729,613850.2449,4838494.191,At Intersection,No Control,Clear,Daylight,Dry,1,West Humber-Clairville,1,West Humber-Clairville (1),Non-Fatal Injury,0,0,1,0,0,0,0,0,1,1,0,1,0,Approaching,"['Driver', 'Vehicle Owner']",North,"['Automobile, Station Wagon', 'Other']",['Going Ahead'],"['Driving Properly', 'Failed to Yield Right of Way']","['Normal', 'Ability Impaired, Alcohol Over .08']",[],[],[],[],[],[],D23,False,"['15 to 19', 'unknown', '45 to 49']",3.0
923881.0,2020-05-19 08:00:00,1040,2020,LAWRENCE AVE E,KENNEDY RD,,Major Arterial,Scarborough,43.749427,-79.274898,638890.4997,4845488.0079,At Intersection,Traffic Signal,Clear,Daylight,Dry,126,Dorset Park,126,Dorset Park (126),Fatal,0,0,1,0,0,0,0,0,0,1,0,0,0,Sideswipe,['Driver'],West,"['Automobile, Station Wagon']","['Changing Lanes', 'Going Ahead']","['Improper Lane Change', 'Driving Properly']","['Unknown', 'Normal']",[],[],[],[],[],[],D41,True,"['55 to 59', '30 to 34']",4.0
923894.0,2006-09-12 08:00:00,2208,2006,F G GARDINER XY  W,DOWLING AVE,,Local,Toronto and East York,43.634345,-79.43769,626024.5587,4832446.4901,,No Control,Rain,Dark,Wet,85,South Parkdale,85,South Parkdale (85),Non-Fatal Injury,1,0,1,0,0,0,0,1,0,0,0,0,0,Pedestrian Collisions,"['Passenger', 'Driver', 'Vehicle Owner', 'Pedestrian']",West,"['Other', 'Automobile, Station Wagon']",['Going Ahead'],['Driving Properly'],['Normal'],['Pedestrian hit at mid-block'],['Other'],['Unknown'],[],[],[],D14,False,"['45 to 49', 'unknown', '60 to 64', '0 to 4', '25 to 29', '55 to 59', '20 to 24']",3.0
923895.0,2006-09-13 08:00:00,2101,2006,THE WEST MALL,BURNHAMTHORPE RD,,Major Arterial,Etobicoke York,43.644545,-79.56719,615558.7313,4833390.8733,At Intersection,Traffic Signal,Clear,Dark,Dry,13,Etobicoke West Mall,13,Etobicoke West Mall (13),Non-Fatal Injury,0,0,1,0,0,0,0,1,0,1,0,0,0,Turning Movement,"['Passenger', 'Driver']",North,"['Other', 'Automobile, Station Wagon']","['Turning Left', 'Going Ahead']","['Improper Turn', 'Driving Properly']",['Normal'],[],[],[],[],[],[],D22,False,"['60 to 64', '65 to 69', '15 to 19']",3.0
923965.0,2006-08-12 08:00:00,958,2006,100 UNWIN AVE,,,Collector,Toronto and East York,43.639045,-79.34669,633354.8043,4833110.6675,,Stop Sign,Clear,Daylight,Dry,70,South Riverdale,70,South Riverdale (70),Non-Fatal Injury,0,1,0,0,1,0,0,0,0,0,0,0,0,Cyclist Collisions,"['Vehicle Owner', 'Truck Driver', 'Cyclist']",West,"['Other', 'Truck - Open', 'Bicycle']","['Turning Right', 'Going Ahead']",['Improper Turn'],['Normal'],[],[],[],"['Motorist turns right at non-signal Inter.(stop, yield, no cont.,and dwy) and strikes cyclist.']",['Driving Properly'],['Normal'],D51,False,"['unknown', '45 to 49', '35 to 39']",3.0
924041.0,2006-08-26 08:00:00,1536,2006,OSLER ST,DAVENPORT RD,,Local,Toronto and East York,43.671045,-79.45999,624150.0571,4836488.8865,,No Control,Clear,Daylight,Dry,91,Weston-Pelham Park,91,Weston-Pellam Park (91),Non-Fatal Injury,1,0,1,0,0,0,0,0,0,0,0,0,0,Pedestrian Collisions,"['Driver', 'Pedestrian']",South,"['Automobile, Station Wagon', 'Other']",['Going Ahead'],['Driving Properly'],['Normal'],['Pedestrian hit at mid-block'],['Running onto Roadway'],['Inattentive'],[],[],[],D11,False,"['30 to 34', '0 to 4']",3.0
924064.0,2006-08-26 08:00:00,2056,2006,DUPONT ST,EDWIN AVE,,Major Arterial,Toronto and East York,43.665045,-79.45459,624597.8033,4835830.6029,,No Control,Rain,Dark,Wet,171,Junction-Wallace Emerson,93,Dovercourt-Wallace Emerson-Junction (93),Non-Fatal Injury,1,0,1,0,0,0,0,0,0,0,0,0,0,Pedestrian Collisions,"['Driver', 'Pedestrian']",East,"['Automobile, Station Wagon', 'Other']",['Slowing or Stopping'],['Driving Properly'],['Normal'],['Vehicle hits the pedestrian walking or running out from between parked vehicles at mid-block'],"['Crossing, no Traffic Control']",['Unknown'],[],[],[],D11,False,"['55 to 59', '85 to 89']",3.0
924338.0,2006-07-30 08:00:00,720,2006,LAWRENCE AVE W,JANE ST,,Major Arterial,Etobicoke York,43.702845,-79.50379,620555.3097,4839956.0862,At Intersection,Traffic Signal,Clear,Daylight,Dry,30,Brookhaven-Amesbury,30,Brookhaven-Amesbury (30),Non-Fatal Injury,1,0,1,0,0,0,0,0,0,1,0,0,0,Pedestrian Collisions,"['Driver', 'Pedestrian']",East,"['Automobile, Station Wagon', 'Other']",['Turning Right'],['Failed to Yield Right of Way'],['Unknown'],['Vehicle turns right while ped crosses with ROW at inter.'],['Crossing with right of way'],['Normal'],[],[],[],D12,False,"['20 to 24', '80 to 84']",3.0
924445.0,2006-09-12 08:00:00,2226,2006,MARTIN GROVE RD,LEXINGTON AVE,,Minor Arterial,Etobicoke York,43.744245,-79.59539,613096.7711,4844425.0167,At Intersection,Traffic Signal,Rain,Dark,Wet,1,West Humber-Clairville,1,West Humber-Clairville (1),Non-Fatal Injury,0,0,1,0,0,0,0,0,0,1,1,0,0,Angle,['Driver'],East,"['Automobile, Station Wagon']",['Going Ahead'],"['Disobeyed Traffic Control', 'Driving Properly']","['Inattentive', 'Normal']",[],[],[],[],[],[],D23,False,"['30 to 34', '55 to 59']",3.0
924979.0,2006-08-22 08:00:00,1045,2006,QUEEN ST W,JAMESON AVE,,Major Arterial,Toronto and East York,43.640445,-79.43729,626044.0705,4833124.5801,At Intersection,Stop Sign,Clear,Daylight,Dry,85,South Parkdale,86,Roncesvalles (86),Non-Fatal Injury,1,0,1,0,0,0,0,1,0,0,0,0,0,Pedestrian Collisions,"['Passenger', 'Driver', 'Pedestrian']",North,"['Other', 'Automobile, Station Wagon']",['Turning Right'],['Driving Properly'],['Normal'],['Vehicle turns right while ped crosses without ROW at inter.'],"['Crossing, no Traffic Control']",['Inattentive'],[],[],[],D14,False,"['10 to 14', '5 to 9', '60 to 64', '65 to 69']",3.0
925202.0,2006-08-29 08:00:00,1700,2006,LESLIE ST,LAWRENCE AVE E,,Major Arterial,North York,43.734545,-79.35599,632394.3949,4843702.3637,At Intersection,Traffic Signal,Clear,Daylight,Dry,42,Banbury-Don Mills,42,Banbury-Don Mills (42),Non-Fatal Injury,1,0,1,0,0,0,0,0,0,0,0,0,0,Pedestrian Collisions,"['Driver', 'Pedestrian']",East,"['Automobile, Station Wagon', 'Other']",['Going Ahead'],['Driving Properly'],['Normal'],['Vehicle is going straight thru inter.while ped cross without ROW'],['Crossing without right of way'],['Unknown'],[],[],[],D33,False,"['40 to 44', '60 to 64']",3.0
925504.0,2006-08-18 08:00:00,1640,2006,DUPONT ST,MANNING AVE,,Major Arterial,Toronto and East York,43.672145,-79.41909,627444.9711,4836673.0807,At Intersection,No Control,Clear,Daylight,Dry,95,Annex,95,Annex (95),Non-Fatal Injury,0,0,1,1,0,0,0,0,0,1,0,0,0,Turning Movement,"['Motorcycle Driver', 'Driver']",East,"['Motorcycle', 'Automobile, Station Wagon']","['Going Ahead', 'Turning Left']","['Driving Properly', 'Failed to Yield Right of Way']",['Normal'],[],[],[],[],[],[],D14,False,"['35 to 39', '70 to 74']",3.0
925612.0,2006-09-21 08:00:00,1408,2006,STEELES AVE W,BLACK HAWKWAY,,Major Arterial,North York,43.789845,-79.45759,624097.9437,4849686.928,At Intersection,Traffic Signal,Clear,Daylight,Dry,35,Westminster-Branson,35,Westminster-Branson (35),Non-Fatal Injury,1,0,1,0,0,0,0,0,0,0,0,0,0,Pedestrian Collisions,"['Vehicle Owner', 'Driver', 'Pedestrian']",East,"['Other', 'Delivery Van']",['Going Ahead'],['Driving Properly'],['Normal'],['Vehicle is going straight thru inter.while ped cross without ROW'],['Crossing without right of way'],['Unknown'],[],[],[],D32,False,"['unknown', '55 to 59', '50 to 54']",3.0
925640.0,2006-08-25 08:00:00,1700,2006,2111 LAKE SHORE BLVD W,,,Major Arterial,Etobicoke York,43.628546,-79.478587,622737.3532,4831741.162,Non Intersection,No Control,Clear,Daylight,Wet,161,Humber Bay Shores,17,Mimico (includes Humber Bay Shores) (17),Non-Fatal Injury,0,0,1,1,0,0,0,0,1,1,0,0,0,Rear End,"['Motorcycle Driver', 'Vehicle Owner', 'Driver']",East,"['Motorcycle', 'Delivery Van']","['Going Ahead', 'Stopped']","['Speed too Fast For Condition', 'Driving Properly']","['Inattentive', 'Normal']",[],[],[],[],[],[],D22,False,"['30 to 34', 'unknown', '55 to 59']",3.0
925837.0,2006-09-22 08:00:00,2158,2006,BRIMLEY RD,WETHERBY DR,,Major Arterial,Scarborough,43.738745,-79.24919,640985.3877,4844345.0388,At Intersection,No Control,Rain,Dark,Wet,138,Eglinton East,138,Eglinton East (138),Fatal,0,0,1,0,0,0,0,0,1,1,0,0,0,SMV Other,"['Vehicle Owner', 'Driver']",South,"['Other', 'Automobile, Station Wagon']",['Turning Left'],['Lost control'],['Inattentive'],[],[],[],[],[],[],D43,True,"['unknown', '40 to 44']",4.0
925963.0,2006-08-31 08:00:00,2005,2006,VALENTINE DR,SHAMOKIN DR,,Local,North York,43.761645,-79.34459,633252.3122,4846730.5035,At Intersection,Stop Sign,Clear,Dark,Dry,149,Parkwoods-O'Connor Hills,45,Parkwoods-Donalda (45),Non-Fatal Injury,0,1,1,0,0,0,0,0,0,0,0,0,0,Cyclist Collisions,"['Driver', 'Cyclist']",North,"['Automobile, Station Wagon', 'Bicycle']",['Going Ahead'],['Driving Properly'],['Normal'],[],[],[],"['Cyclist without ROW rides into path of motorist at inter, lnwy, dwy-Cyclist not turn.']",['Disobeyed Traffic Control'],['Normal'],D33,False,"['55 to 59', '15 to 19']",3.0
925966.0,2006-08-31 08:00:00,117,2006,YONGE ST,BREADALBANE ST,,Major Arterial,Toronto and East York,43.663845,-79.38419,630276.4162,4835805.466,At Intersection,Stop Sign,Clear,Dark,Dry,169,Bay-Cloverhill,76,Bay Street Corridor (76),Non-Fatal Injury,0,1,1,0,0,0,0,0,0,0,0,0,0,Cyclist Collisions,"['Driver', 'Cyclist']",East,"['Automobile, Station Wagon', 'Bicycle']",['Going Ahead'],['Driving Properly'],['Normal'],[],[],[],"['Motorist without ROW drives into path of cyclist at inter, lnwy, dwy-Driver not turn.']",['Failed to Yield Right of Way'],['Normal'],D52,False,"['25 to 29', '30 to 34']",3.0
925968.0,2006-08-31 08:00:00,740,2006,SHEPPARD AVE E,REAN DR,,Major Arterial,North York,43.767745,-79.38309,630139.9942,4847346.7733,At Intersection,Traffic Signal,Clear,Daylight,Dry,52,Bayview Village,52,Bayview Village (52),Non-Fatal Injury,1,0,1,0,0,0,0,0,0,0,0,0,0,Pedestrian Collisions,"['Driver', 'Pedestrian']",East,"['Automobile, Station Wagon', 'Other']",['Going Ahead'],['Driving Properly'],['Normal'],['Vehicle is going straight thru inter.while ped cross without ROW'],['Crossing without right of way'],['Normal'],[],[],[],D33,False,"['30 to 34', '65 to 69']",3.0
926117.0,2006-08-29 08:00:00,1415,2006,EASTERN AVE,MARIGOLD AVE,,Minor Arterial,Toronto and East York,43.660845,-79.33029,634628.9155,4835558.3268,,No Control,Clear,Daylight,Dry,70,South Riverdale,70,South Riverdale (70),Non-Fatal Injury,0,0,1,1,0,0,0,0,0,0,0,0,0,Turning Movement,"['Motorcycle Driver', 'Driver']",East,"['Motorcycle', 'Automobile, Station Wagon']","['Going Ahead', 'Turning Left']","['Driving Properly', 'Improper Turn']","['Normal', 'Inattentive']",[],[],[],[],[],[],D55,False,"['35 to 39', '55 to 59']",3.0
926125.0,2006-08-29 08:00:00,2114,2006,LAWRENCE AVE W,BENTON RD,,Major Arterial,Etobicoke York,43.710245,-79.47189,623110.486,4840824.8394,At Intersection,Traffic Signal,Clear,Dark,Dry,30,Brookhaven-Amesbury,30,Brookhaven-Amesbury (30),Non-Fatal Injury,0,0,1,1,0,0,0,0,0,1,0,0,0,Sideswipe,"['Motorcycle Driver', 'Driver']",West,"['Motorcycle', 'Automobile, Station Wagon']","['Going Ahead', 'Pulling Away from Shoulder or Curb']","['Driving Properly', 'Failed to Yield Right of Way']",['Unknown'],[],[],[],[],[],[],D12,False,"['15 to 19', '45 to 49']",3.0
926129.0,2006-09-25 08:00:00,1242,2006,BRENTCLIFFE RD,WICKSTEED AVE,,Minor Arterial,North York,43.711445,-79.35849,632243.8819,4841132.7826,At Intersection,Traffic Signal,Clear,Daylight,Dry,55,Thorncliffe Park,55,Thorncliffe Park (55),Non-Fatal Injury,1,0,0,0,1,0,0,0,0,1,0,0,0,Pedestrian Collisions,"['Vehicle Owner', 'Truck Driver', 'Pedestrian']",South,"['Other', 'Truck - Open']",['Turning Left'],['Failed to Yield Right of Way'],['Normal'],['Vehicle turns left while ped crosses with ROW at inter.'],['Crossing with right of way'],['Normal'],[],[],[],D53,False,"['unknown', '30 to 34', '80 to 84']",3.0