accident_number,date,time,year,street1,street2,offset,road_class,district,latitude,longitude,x,y,accident_location,traffctl,visibility,light,road_surface_condition,hood_158,neighbourhood_new,hood_140,neighbourhood_old,accident_class,pedestrian,cyclist,automobile,motorcycle,truck,trsn_city_veh,emerg_veh,passenger,speeding,aggressive_driving,redlight,alcohol,disability,impact_type,involvement_type,initial_direction,vehicle_type,manoeuver,driver_action,driver_condition,pedestrian_type,pedestrian_action,pedestrian_condition,cyclist_type,cyclist_action,cyclist_condition,division,injury,involvement_age,injury_severity_score
931773.0,2006-10-05 08:00:00,1940,2006,QUEEN ST E,LOGAN AVE,,Minor Arterial,Toronto and East York,43.660545,-79.34249,633645.8826,4835505.2832,At Intersection,Traffic Signal,Clear,Dark,Dry,70,South Riverdale,70,South Riverdale (70),Non-Fatal Injury,0,1,1,0,0,0,0,1,0,1,1,0,0,Cyclist Collisions,"['Driver', 'Passenger', 'Vehicle Owner', 'Cyclist']",East,"['Automobile, Station Wagon', 'Other', 'Taxi', 'Bicycle']",['Going Ahead'],"['Driving Properly', 'Disobeyed Traffic Control']","['Normal', 'Inattentive']",[],[],[],"['Motorist without ROW drives into path of cyclist at inter, lnwy, dwy-Driver not turn.']",['Driving Properly'],['Normal'],D55,False,"['35 to 39', 'unknown', '25 to 29', '30 to 34']",3.0
932028.0,2006-10-09 08:00:00,1002,2006,PARLIAMENT ST,GERRARD ST E,,Minor Arterial,Toronto and East York,43.661945,-79.36699,631667.353,4835621.5984,At Intersection,Traffic Signal,Clear,Daylight,Dry,72,Regent Park,72,Regent Park (72),Non-Fatal Injury,0,1,1,0,0,0,0,0,0,0,0,0,0,Cyclist Collisions,"['Driver', 'Cyclist']",East,"['Automobile, Station Wagon', 'Bicycle']","['Going Ahead', 'Turning Left']",['Driving Properly'],['Normal'],[],[],[],['Cyclist turned left across motorists path.'],['Improper Turn'],['Normal'],D51,False,"['25 to 29', '35 to 39']",3.0
932038.0,2006-10-09 08:00:00,1912,2006,YONGE ST,CHURCH AVE,,Major Arterial,North York,43.773745,-79.41399,627640.1636,4847965.0656,At Intersection,Traffic Signal,Clear,Dark,Dry,151,Yonge-Doris,51,Willowdale East (51),Non-Fatal Injury,1,0,1,0,0,0,0,0,0,1,1,0,0,Pedestrian Collisions,"['Driver', 'Pedestrian']",North,"['Automobile, Station Wagon', 'Other']",['Going Ahead'],['Disobeyed Traffic Control'],['Had Been Drinking'],['Pedestrian hit on sidewalk or shoulder'],['On Sidewalk or Shoulder'],['Normal'],[],[],[],D32,False,"['60 to 64', '25 to 29']",3.0
932044.0,2006-10-10 08:00:00,743,2006,CARSLAKE CRES,DANFORTH RD,,Major Arterial,Scarborough,43.747145,-79.24459,641336.0415,4845285.8244,At Intersection,Stop Sign,Clear,Daylight,Dry,157,Bendale South,127,Bendale (127),Non-Fatal Injury,0,1,1,0,0,0,0,0,0,1,0,0,0,Cyclist Collisions,"['Driver', 'Cyclist']",South,"['Automobile, Station Wagon', 'Bicycle']","['Turning Right', 'Going Ahead']",['Failed to Yield Right of Way'],['Normal'],[],[],[],"['Motorist turns right at non-signal Inter.(stop, yield, no cont.,and dwy) and strikes cyclist.']",['Driving Properly'],['Normal'],D43,False,"['50 to 54', '10 to 14']",3.0
932096.0,2006-10-11 08:00:00,1406,2006,SPADINA AVE,BALDWIN ST,,Major Arterial,Toronto and East York,43.655545,-79.39909,629092.8618,4834860.3517,,No Control,Rain,Daylight,Wet,78,Kensington-Chinatown,78,Kensington-Chinatown (78),Non-Fatal Injury,1,0,0,0,0,1,0,0,0,0,0,0,0,Pedestrian Collisions,"['Pedestrian', 'Vehicle Owner', 'Driver']",North,"['Other', 'Municipal Transit Bus (TTC)']",['Slowing or Stopping'],['Driving Properly'],['Normal'],['Pedestrian involved in a collision with transit vehicle anywhere along roadway'],['Other'],['Had Been Drinking'],[],[],[],D52,False,"['unknown', '45 to 49', '30 to 34']",3.0
932337.0,2006-10-25 08:00:00,1300,2006,DON MILLS RD,GREEN BELT DR,,Major Arterial,North York,43.727645,-79.34089,633625.7758,4842960.2567,,Traffic Signal,Clear,Daylight,Dry,42,Banbury-Don Mills,42,Banbury-Don Mills (42),Non-Fatal Injury,0,0,1,0,0,0,0,1,0,0,0,0,0,Turning Movement,"['Passenger', 'Driver', 'Vehicle Owner']",North,"['Other', 'Automobile, Station Wagon']","['Turning Left', 'Going Ahead']","['Improper Turn', 'Driving Properly']",['Normal'],[],[],[],[],[],[],D33,False,"['80 to 84', '70 to 74', 'unknown', '30 to 34']",3.0
932486.0,2006-10-15 08:00:00,1912,2006,2650 FINCH AVE W,,,Major Arterial,Etobicoke York,43.746645,-79.56669,615403.0494,4844731.1507,,No Control,Clear,Dark,Dry,22,Humbermede,22,Humbermede (22),Non-Fatal Injury,0,1,1,0,0,0,0,0,0,1,0,0,0,Cyclist Collisions,"['Cyclist', 'Driver']",East,"['Bicycle', 'Automobile, Station Wagon']","['Going Ahead', 'Turning Right']",['Failed to Yield Right of Way'],['Normal'],[],[],[],"['Motorist without ROW drives into path of cyclist at inter, lnwy, dwy-Driver not turn.']",['Other'],['Normal'],D31,False,"['45 to 49', '40 to 44']",3.0
93249.0,2020-01-14 10:00:00,1356,2020,LAKE SHORE BV E,DON RY,250 m West o,Major Arterial,North York,43.650023,-79.34885,633156.321,4834326.4501,Non Intersection,No Control,Clear,Daylight,Dry,166,St Lawrence-East Bayfront-The Islands,77,Waterfront Communities-The Island (77),Non-Fatal Injury,0,0,1,0,0,0,0,1,0,0,0,0,0,Turning Movement,"['Driver', 'Passenger']",West,"['Pick Up Truck', 'Automobile, Station Wagon']","['Turning Left', 'Going Ahead']","['Improper Turn', 'Driving Properly']",['Normal'],[],[],[],[],[],[],D51,False,"['35 to 39', '65 to 69', '45 to 49']",3.0
932574.0,2006-10-16 08:00:00,745,2006,CUMMER AVE,WILLOWDALE AVE,,Minor Arterial,North York,43.788845,-79.40909,628002.2849,4849649.7186,,No Control,Clear,Daylight,Dry,50,Newtonbrook East,50,Newtonbrook East (50),Non-Fatal Injury,1,0,1,0,0,0,0,0,0,1,0,0,0,Pedestrian Collisions,"['Driver', 'Pedestrian']",East,"['Automobile, Station Wagon', 'Other']",['Going Ahead'],['Improper Passing'],['Normal'],['Pedestrian hit at mid-block'],"['Crossing, no Traffic Control']",['Normal'],[],[],[],D32,False,"['40 to 44', '75 to 79']",3.0
932578.0,2006-09-25 08:00:00,805,2006,THE WEST MALL,BURNHAMTHORPE RD,,Major Arterial,Etobicoke York,43.644545,-79.56719,615558.7313,4833390.8733,At Intersection,Traffic Signal,Clear,Daylight,Dry,13,Etobicoke West Mall,13,Etobicoke West Mall (13),Non-Fatal Injury,1,0,1,0,0,0,0,0,0,1,0,0,0,Pedestrian Collisions,"['Driver', 'Pedestrian']",North,"['Automobile, Station Wagon', 'Other']",['Turning Left'],['Failed to Yield Right of Way'],['Inattentive'],['Vehicle turns left while ped crosses with ROW at inter.'],['Crossing with right of way'],['Normal'],[],[],[],D22,False,"['45 to 49', '35 to 39']",3.0
932797.0,2006-10-17 08:00:00,1042,2006,RIVERSIDE DR,RIVERSIDE TRL,,Local,Toronto and East York,43.643545,-79.48489,622198.4597,4833397.6907,,No Control,Rain,Daylight,Wet,87,High Park-Swansea,87,High Park-Swansea (87),Non-Fatal Injury,0,0,1,0,0,0,0,1,0,0,0,0,0,SMV Other,"['Passenger', 'Vehicle Owner', 'Driver', 'Other Property Owner']",North,"['Other', 'Automobile, Station Wagon']","['Other', 'Going Ahead']",['Lost control'],['Normal'],[],[],[],[],[],[],D11,False,"['10 to 14', '15 to 19', 'unknown']",3.0
932873.0,2006-08-20 08:00:00,1543,2006,COLLEGE ST,CLINTON ST,,Major Arterial,Toronto and East York,43.655345,-79.41299,627972.4185,4834816.6077,At Intersection,No Control,Clear,Daylight,Dry,81,Trinity-Bellwoods,81,Trinity-Bellwoods (81),Non-Fatal Injury,0,1,1,0,0,0,0,1,0,0,0,0,0,Cyclist Collisions,"['Passenger', 'Driver', 'Cyclist']",West,"['Other', 'Automobile, Station Wagon', 'Bicycle']","['Parked', 'Going Ahead']",['Other'],['Normal'],[],[],[],['Cyclist struck opened vehicle door'],['Driving Properly'],['Normal'],D14,False,"['35 to 39', '40 to 44', '20 to 24']",3.0
932897.0,2006-10-07 08:00:00,850,2006,ST CLAIR AVE W,MOULD AVE,,Major Arterial,Etobicoke York,43.668145,-79.48699,621979.2694,4836126.7493,At Intersection,No Control,Clear,Daylight,Dry,111,Rockcliffe-Smythe,111,Rockcliffe-Smythe (111),Non-Fatal Injury,0,0,1,0,0,0,0,0,0,1,0,0,0,Rear End,['Driver'],West,"['Automobile, Station Wagon']","['Stopped', 'Going Ahead']","['Driving Properly', 'Following too Close']",['Normal'],[],[],[],[],[],[],D11,False,"['50 to 54', '20 to 24']",3.0
933152.0,2006-10-28 08:00:00,2030,2006,EGLINTON AVE E,BRENTCLIFFE RD,,Major Arterial,North York,43.714745,-79.35889,632204.4001,4841498.6567,,No Control,Rain,Dark,Wet,55,Thorncliffe Park,55,Thorncliffe Park (55),Non-Fatal Injury,1,0,1,0,0,0,0,0,0,0,0,0,0,Pedestrian Collisions,"['Driver', 'Pedestrian']",North,"['Automobile, Station Wagon', 'Other']",['Going Ahead'],['Driving Properly'],['Normal'],['Pedestrian hit at mid-block'],"['Crossing, no Traffic Control']",['Normal'],[],[],[],D53,False,"['30 to 34', '40 to 44']",3.0
933173.0,2006-10-29 09:00:00,35,2006,HIGHWAY 27  N,HUMBER COLLEGE BLVD,,Major Arterial,Etobicoke York,43.730445,-79.60139,612639.5294,4842884.158,At Intersection,Traffic Signal,Rain,Dark,Wet,1,West Humber-Clairville,1,West Humber-Clairville (1),Fatal,1,0,1,0,0,0,0,0,0,0,0,0,0,Pedestrian Collisions,"['Driver', 'Pedestrian']",East,"['Automobile, Station Wagon', 'Other']",['Going Ahead'],['Driving Properly'],['Normal'],['Vehicle is going straight thru inter.while ped cross without ROW'],['Crossing without right of way'],['Unknown'],[],[],[],D23,True,"['60 to 64', '15 to 19']",4.0
933527.0,2006-10-06 08:00:00,1830,2006,ROGERS RD,GLENHOLME AVE,,Minor Arterial,Toronto and East York,43.686545,-79.441592,625600.9066,4838238.0694,At Intersection,Traffic Signal,Clear,"Dusk, artificial",Dry,107,Oakwood Village,107,Oakwood Village (107),Non-Fatal Injury,0,1,1,0,0,0,0,0,0,0,0,0,0,Cyclist Collisions,"['Driver', 'Cyclist']",South,"['Automobile, Station Wagon', 'Bicycle']",['Going Ahead'],['Driving Properly'],['Normal'],[],[],[],"['Cyclist without ROW rides into path of motorist at inter, lnwy, dwy-Cyclist not turn.']",['Disobeyed Traffic Control'],['Normal'],D13,False,"['75 to 79', '40 to 44']",3.0
933951.0,2006-10-26 08:00:00,225,2006,SHERBOURNE ST,QUEEN ST E,,Major Arterial,Toronto and East York,43.654545,-79.36949,631481.93,4834795.7656,At Intersection,Traffic Signal,Clear,Dark,Dry,73,Moss Park,73,Moss Park (73),Non-Fatal Injury,1,0,1,0,0,0,0,0,0,0,0,0,0,Pedestrian Collisions,"['Driver', 'Pedestrian']",East,"['Automobile, Station Wagon', 'Other']",['Turning Left'],['Driving Properly'],['Normal'],['Vehicle turns left while ped crosses without ROW at inter.'],['Running onto Roadway'],['Inattentive'],[],[],[],D51,False,"['40 to 44', '45 to 49']",3.0
933963.0,2006-10-30 10:00:00,1320,2006,SHEPPARD AVE E,KENNEDY RD,,Major Arterial,Scarborough,43.783245,-79.28829,637734.6365,4849221.6502,At Intersection,Traffic Signal,Clear,Daylight,Dry,118,Tam O'Shanter-Sullivan,118,Tam O'Shanter-Sullivan (118),Non-Fatal Injury,1,0,1,0,0,0,0,0,0,1,0,0,0,Pedestrian Collisions,"['Vehicle Owner', 'Driver', 'Pedestrian']",East,"['Other', 'Automobile, Station Wagon']",['Turning Right'],['Failed to Yield Right of Way'],['Normal'],['Pedestrian involved in a collision with transit vehicle anywhere along roadway'],['Crossing with right of way'],['Normal'],[],[],[],D42,False,"['unknown', '45 to 49', '70 to 74']",3.0
934047.0,2006-10-29 09:00:00,228,2006,QUEEN ST W,YORK ST,,Major Arterial,Toronto and East York,43.651245,-79.38499,630239.1527,4834404.8133,At Intersection,Traffic Signal,Rain,Dark,Wet,170,Yonge-Bay Corridor,76,Bay Street Corridor (76),Non-Fatal Injury,1,0,1,0,0,0,0,0,0,1,1,0,0,Pedestrian Collisions,"['Driver', 'Pedestrian']",South,"['Automobile, Station Wagon', 'Other']",['Going Ahead'],['Disobeyed Traffic Control'],['Unknown'],['Vehicle is going straight thru inter.while ped cross with ROW'],['Crossing with right of way'],['Normal'],[],[],[],D52,False,"['unknown', '20 to 24']",3.0
934070.0,2006-10-27 08:00:00,2330,2006,1345 BAYVIEW AVE,AIRDRIE Road,,Major Arterial,North York,43.699345,-79.37279,631118.2067,4839766.1918,,No Control,Rain,Dark,Wet,99,Mount Pleasant East,99,Mount Pleasant East (99),Non-Fatal Injury,0,0,1,0,0,0,0,1,1,1,0,0,0,SMV Other,"['Passenger', 'Driver', 'Other Property Owner']",North,"['Other', 'Automobile, Station Wagon']",['Going Ahead'],['Speed too Fast For Condition'],['Normal'],[],[],[],[],[],[],D53,False,"['25 to 29', '30 to 34', '15 to 19', 'unknown']",3.0
934337.0,2006-11-03 10:00:00,1053,2006,STEELES AVE E,TOWNSEND RD,,Major Arterial,North York,43.811945,-79.35749,632103.0636,4852296.4285,,Traffic Signal,Clear,Daylight,Dry,NSA,NSA,NSA,NSA,Non-Fatal Injury,1,0,1,0,0,0,0,0,0,0,0,0,0,Pedestrian Collisions,"['Driver', 'Pedestrian']",West,"['Automobile, Station Wagon', 'Other']","['Going Ahead', 'Changing Lanes']","['Driving Properly', 'Improper Lane Change']",['Normal'],['Pedestrian hit on sidewalk or shoulder'],['On Sidewalk or Shoulder'],['Normal'],[],[],[],NSA,False,"['50 to 54', '40 to 44', '60 to 64']",3.0
934341.0,2006-11-03 10:00:00,830,2006,F G GARDINER XY  W,ISLINGTON AVE,,,Etobicoke York,43.620645,-79.51199,620058.3271,4830814.8175,,,Other,Daylight,Other,160,Mimico-Queensway,17,Mimico (includes Humber Bay Shores) (17),Non-Fatal Injury,0,0,1,0,0,0,0,0,0,0,0,0,0,Other,"['Vehicle Owner', 'Driver']",West,"['Other', 'Automobile, Station Wagon']",['Unknown'],[],[],[],[],[],[],[],[],D22,False,"['unknown', '25 to 29', '40 to 44']",3.0
934738.0,2006-10-12 08:00:00,1500,2006,SCARLETT RD,LA ROSE AVE,,Major Arterial,Etobicoke York,43.686845,-79.51309,619837.8324,4838165.5877,,Traffic Signal,Clear,Daylight,Dry,8,Humber Heights-Westmount,8,Humber Heights-Westmount (8),Non-Fatal Injury,0,0,1,0,1,0,0,0,0,1,0,1,0,Rear End,"['Vehicle Owner', 'Truck Driver', 'Driver']",North,"['Other', 'Truck - Open', 'Automobile, Station Wagon']","['Stopped', 'Going Ahead']","['Driving Properly', 'Following too Close']","['Unknown', 'Ability Impaired, Alcohol Over .08']",[],[],[],[],[],[],D23,False,"['unknown', '35 to 39', '25 to 29']",3.0
935003.0,2006-10-04 08:00:00,1500,2006,ROGERS RD,KEELE ST,,Major Arterial,Etobicoke York,43.682145,-79.47159,623192.1825,4837704.3946,At Intersection,Traffic Signal,Clear,Daylight,Dry,110,Keelesdale-Eglinton West,110,Keelesdale-Eglinton West (110),Non-Fatal Injury,1,0,1,0,0,0,0,0,0,1,1,0,0,Pedestrian Collisions,"['Driver', 'Pedestrian']",East,"['Automobile, Station Wagon', 'Other']",['Slowing or Stopping'],['Disobeyed Traffic Control'],['Unknown'],['Vehicle is going straight thru inter.while ped cross with ROW'],['Crossing with right of way'],['Unknown'],[],[],[],D12,False,"['15 to 19', '10 to 14']",3.0
935134.0,2006-11-07 10:00:00,1916,2006,BATHURST ST,SARANAC BLVD,,Major Arterial,North York,43.723045,-79.43069,626402.832,4842308.4735,At Intersection,Traffic Signal,Rain,Dark,Wet,32,Englemount-Lawrence,32,Englemount-Lawrence (32),Non-Fatal Injury,1,0,1,0,0,0,0,0,0,0,0,0,0,Pedestrian Collisions,"['Vehicle Owner', 'Driver', 'Pedestrian']",East,"['Other', 'Automobile, Station Wagon']",['Going Ahead'],['Driving Properly'],['Normal'],['Vehicle is going straight thru inter.while ped cross without ROW'],['Crossing without right of way'],['Normal'],[],[],[],D32,False,"['unknown', '55 to 59', '70 to 74']",3.0
935226.0,2006-10-10 08:00:00,1256,2006,FINCH Aven W,WESTMORE Driv,,Major Arterial,Etobicoke York,43.734645,-79.60099,612663.869,4843351.1709,At Intersection,Traffic Signal,Clear,Daylight,Dry,1,West Humber-Clairville,1,West Humber-Clairville (1),Non-Fatal Injury,0,0,1,0,0,0,0,0,0,1,1,0,0,Angle,['Driver'],South,"['Automobile, Station Wagon']",['Going Ahead'],"['Driving Properly', 'Disobeyed Traffic Control']","['Normal', 'Inattentive']",[],[],[],[],[],[],D23,False,"['60 to 64', '45 to 49']",3.0
935297.0,2006-10-13 08:00:00,2325,2006,ADELAIDE ST E,YONGE ST,,Major Arterial,Toronto and East York,43.650445,-79.37849,630765.0735,4834326.1849,At Intersection,Traffic Signal,Clear,Dark,Dry,170,Yonge-Bay Corridor,76,Bay Street Corridor (76),Non-Fatal Injury,0,1,1,0,0,0,0,0,0,1,0,0,0,Cyclist Collisions,"['Vehicle Owner', 'Driver', 'Other Property Owner', 'Cyclist']",East,"['Other', 'Automobile, Station Wagon', 'Bicycle']","['Going Ahead', 'Stopped']","['Failed to Yield Right of Way', 'Other']","['Inattentive', 'Had Been Drinking']",[],[],[],['Insufficient information (to determine cyclist crash type).'],['Driving Properly'],['Normal'],D52,False,"['unknown', '45 to 49', '20 to 24', '40 to 44']",3.0
935384.0,2006-10-18 08:00:00,637,2006,MCCOWAN RD,BUSHBY DR,,Major Arterial,Scarborough,43.774545,-79.25219,640659.896,4848316.0775,At Intersection,Traffic Signal,Clear,Dawn,Dry,142,Woburn North,137,Woburn (137),Non-Fatal Injury,1,0,1,0,0,0,0,0,0,1,0,0,0,Pedestrian Collisions,"['Vehicle Owner', 'Driver', 'Pedestrian']",North,"['Other', 'Automobile, Station Wagon']","['Turning Left', 'Going Ahead', 'Other']","['Failed to Yield Right of Way', 'Lost control']",['Inattentive'],['Pedestrian hit on sidewalk or shoulder'],['On Sidewalk or Shoulder'],['Normal'],[],[],[],D43,False,"['unknown', '20 to 24', '25 to 29', '30 to 34']",3.0
935412.0,2006-10-02 08:00:00,2308,2006,GILROY DR,BRIGSTOCK RD,,Local,Scarborough,43.760945,-79.28099,638373.4671,4846757.0605,,No Control,Clear,Dark,Dry,126,Dorset Park,126,Dorset Park (126),Non-Fatal Injury,1,0,1,0,0,0,0,0,0,0,0,0,0,Pedestrian Collisions,"['Vehicle Owner', 'Driver', 'Pedestrian']",North,"['Other', 'Automobile, Station Wagon']",['Going Ahead'],['Other'],['Normal'],['Other / Undefined'],['Other'],['Normal'],[],[],[],D41,False,"['unknown', '30 to 34']",3.0
935641.0,2006-11-10 10:00:00,1906,2006,ROGERS RD,CHAMBERS AVE,,Minor Arterial,Etobicoke York,43.682345,-79.46549,623683.4452,4837735.686,At Intersection,Stop Sign,Clear,Dark,Dry,110,Keelesdale-Eglinton West,110,Keelesdale-Eglinton West (110),Non-Fatal Injury,1,0,1,0,0,0,0,0,0,0,0,0,0,Pedestrian Collisions,"['Pedestrian', 'Driver']",West,"['Other', 'Automobile, Station Wagon']",['Going Ahead'],['Driving Properly'],['Normal'],['Vehicle is going straight thru inter.while ped cross without ROW'],['Crossing without right of way'],['Inattentive'],[],[],[],D12,False,"['50 to 54', '75 to 79']",3.0
935742.0,2006-11-11 10:00:00,638,2006,F G GARDINER XY  W,GARDINER W LAKE SHORE W RAMP,,,Etobicoke York,43.629745,-79.47859,622734.6708,4831874.3215,,No Control,Clear,Dark,Wet,161,Humber Bay Shores,17,Mimico (includes Humber Bay Shores) (17),Fatal,0,0,1,0,0,0,0,1,0,0,0,0,0,Sideswipe,"['Driver', 'Passenger', 'Vehicle Owner']",West,"['Automobile, Station Wagon', 'Other']",['Going Ahead'],"['Lost control', 'Driving Properly']","['Unknown', 'Normal']",[],[],[],[],[],[],D22,True,"['45 to 49', '25 to 29', '60 to 64', '50 to 54', 'unknown']",4.0
935843.0,2006-11-12 10:00:00,318,2006,101 YORK MILLS RD,,,Major Arterial,North York,43.745045,-79.39829,628965.3387,4844801.8219,,No Control,Clear,Dark,Dry,41,Bridle Path-Sunnybrook-York Mills,41,Bridle Path-Sunnybrook-York Mills (41),Non-Fatal Injury,0,0,1,0,0,0,0,1,0,0,0,0,0,SMV Unattended Vehicle,"['Other', 'Passenger', 'Vehicle Owner', 'Driver']",East,"['Other', 'Automobile, Station Wagon']","['Parked', 'Going Ahead']",['Lost control'],['Had Been Drinking'],[],[],[],[],[],[],D32,False,"['unknown', '45 to 49', '15 to 19']",3.0
935844.0,2006-11-12 10:00:00,2000,2006,LAWRENCE AVE E,WEXFORD BLVD,,Major Arterial,Scarborough,43.743845,-79.30179,636738.0708,4844823.3019,,No Control,Clear,Dark,Dry,119,Wexford/Maryvale,119,Wexford/Maryvale (119),Non-Fatal Injury,1,0,1,0,0,0,0,0,0,0,0,0,0,Pedestrian Collisions,"['Driver', 'Pedestrian']",South,"['Automobile, Station Wagon', 'Other']",['Overtaking'],['Other'],['Inattentive'],['Pedestrian hit at mid-block'],"['Crossing, no Traffic Control']",['Inattentive'],[],[],[],D41,False,"['50 to 54', '55 to 59']",3.0
936265.0,2006-08-21 08:00:00,1315,2006,KHEDIVE AVE,SULTANA AVE,,Local,North York,43.728345,-79.43379,626142.0099,4842892.391,At Intersection,Stop Sign,Clear,Daylight,Dry,32,Englemount-Lawrence,32,Englemount-Lawrence (32),Non-Fatal Injury,1,0,1,0,0,0,0,0,0,1,0,0,0,Pedestrian Collisions,"['In-Line Skater', 'Driver']",North,"['Automobile, Station Wagon', 'Other']","['Stopped', 'Going Ahead']",['Disobeyed Traffic Control'],['Normal'],['Vehicle is going straight thru inter.while ped cross with ROW'],['Crossing with right of way'],['Normal'],[],[],[],D32,False,"['50 to 54', '15 to 19']",3.0
936341.0,2006-11-04 10:00:00,1805,2006,BIRCHMOUNT RD,IVY BUSH AVE,,Major Arterial,Scarborough,43.810745,-79.31209,635757.23,4852236.6384,At Intersection,Traffic Signal,Clear,Dark,Dry,116,Steeles,116,Steeles (116),Fatal,0,0,1,0,0,0,0,0,0,1,0,0,0,Turning Movement,"['Driver', 'Vehicle Owner']",North,"['Automobile, Station Wagon', 'Other']","['Turning Left', 'Going Ahead', 'Stopped']","['Failed to Yield Right of Way', 'Driving Properly']","['Unknown', 'Normal']",[],[],[],[],[],[],D42,True,"['75 to 79', 'unknown', '25 to 29', '65 to 69']",4.0
936387.0,2006-10-27 08:00:00,2215,2006,RICHMOND ST E,BERTI ST,,Major Arterial,Toronto and East York,43.652245,-79.37639,630930.5163,4834529.4099,,No Control,Rain,Dark,Wet,168,Downtown Yonge East,75,Church-Yonge Corridor (75),Non-Fatal Injury,1,0,1,0,0,0,0,0,0,0,0,0,0,Pedestrian Collisions,"['Vehicle Owner', 'Driver', 'Pedestrian']",North,"['Other', 'Automobile, Station Wagon']",['Going Ahead'],['Driving Properly'],['Normal'],['Vehicle is going straight thru inter.while ped cross without ROW'],['Running onto Roadway'],"['Ability Impaired, Alcohol']",[],[],[],D51,False,"['unknown', '45 to 49', '25 to 29']",3.0
936669.0,2006-10-28 08:00:00,2241,2006,FINCH AVE W,WESTMORE DR,,Major Arterial,Etobicoke York,43.734645,-79.60099,612663.869,4843351.1709,At Intersection,Traffic Signal,Rain,Dark,Wet,1,West Humber-Clairville,1,West Humber-Clairville (1),Non-Fatal Injury,1,0,1,0,0,0,0,0,0,0,0,0,0,Pedestrian Collisions,"['Vehicle Owner', 'Driver', 'Pedestrian']",North,"['Other', 'Automobile, Station Wagon']",['Going Ahead'],['Driving Properly'],['Normal'],['Vehicle is going straight thru inter.while ped cross without ROW'],['Crossing without right of way'],['Had Been Drinking'],[],[],[],D23,False,"['unknown', '45 to 49', '20 to 24']",3.0
936726.0,2006-11-17 10:00:00,203,2006,KENNEDY RD,EGLINTON AVE E,,Major Arterial,Scarborough,43.732145,-79.26789,639494.862,4843580.357,At Intersection,Traffic Signal,Rain,Dark,Wet,124,Kennedy Park,124,Kennedy Park (124),Non-Fatal Injury,1,0,1,0,0,0,0,0,0,0,0,0,0,Pedestrian Collisions,"['Driver', 'Pedestrian']",South,"['Automobile, Station Wagon', 'Other']",['Going Ahead'],['Driving Properly'],['Normal'],['Vehicle is going straight thru inter.while ped cross without ROW'],['Crossing without right of way'],['Normal'],[],[],[],D41,False,"['20 to 24', '45 to 49']",3.0
937278.0,2006-11-21 10:00:00,225,2006,GARDINER W S KINGSWAY RAMP,F G GARDINER XY Ramp W,,,Toronto and East York,43.634745,-79.47199,623256.8873,4832439.413,,No Control,Clear,Dark,Dry,87,High Park-Swansea,87,High Park-Swansea (87),Non-Fatal Injury,0,0,1,0,0,0,0,1,1,1,0,0,0,SMV Other,"['Passenger', 'Driver']",West,"['Other', 'Automobile, Station Wagon']",['Slowing or Stopping'],['Speed too Fast For Condition'],['Unknown'],[],[],[],[],[],[],D11,False,"['unknown', '35 to 39']",3.0
937379.0,2006-11-21 10:00:00,1315,2006,TWYN RIVERS Driv,SHEPPARD Aven E,,Collector,Scarborough,43.811645,-79.15649,648269.9344,4852603.68,,No Control,Clear,Daylight,Dry,144,Morningside Heights,131,Rouge (131),Non-Fatal Injury,0,0,1,0,0,0,0,1,0,0,0,0,0,SMV Other,"['Passenger', 'Driver']",East,"['Other', 'Automobile, Station Wagon']",['Turning Left'],['Lost control'],['Inattentive'],[],[],[],[],[],[],D42,False,"['90 to 94', '70 to 74', '80 to 84']",3.0
937408.0,2006-10-04 08:00:00,1250,2006,WARDEN AVE,BRIDLETOWNE CRCL,,Major Arterial,Scarborough,43.792145,-79.31389,635654.5471,4850167.8591,At Intersection,Traffic Signal,Rain,Daylight,Wet,147,L'Amoreaux West,117,L'Amoreaux (117),Non-Fatal Injury,1,0,1,0,0,0,0,0,0,0,0,0,1,Pedestrian Collisions,"['Driver', 'Other Property Owner', 'Pedestrian']",North,"['Automobile, Station Wagon', 'Other']",['Going Ahead'],['Lost control'],['Medical or Physical Disability'],['Pedestrian hit on sidewalk or shoulder'],['On Sidewalk or Shoulder'],['Unknown'],[],[],[],D42,False,"['65 to 69', 'unknown', '15 to 19', '60 to 64']",3.0
937458.0,2006-10-29 09:00:00,735,2006,244 CHARTLAND BLVD S,,,Collector,Scarborough,43.802645,-79.27009,639154.1003,4851406.7731,,No Control,Clear,Daylight,Wet,129,Agincourt North,129,Agincourt North (129),Non-Fatal Injury,0,0,1,0,0,0,0,0,1,1,0,0,0,SMV Other,['Driver'],West,"['Automobile, Station Wagon']",['Going Ahead'],['Lost control'],['Normal'],[],[],[],[],[],[],D42,False,['15 to 19'],3.0
937526.0,2006-11-02 10:00:00,1600,2006,EMPRESS AVE,BAYVIEW AVE,,Major Arterial,North York,43.774345,-79.38979,629586.4723,4848069.2959,At Intersection,Traffic Signal,Clear,Daylight,Dry,152,East Willowdale,51,Willowdale East (51),Non-Fatal Injury,1,0,1,0,0,0,0,0,0,1,0,0,0,Pedestrian Collisions,"['Vehicle Owner', 'Driver', 'Pedestrian']",East,"['Other', 'Automobile, Station Wagon']",['Turning Right'],['Failed to Yield Right of Way'],['Inattentive'],['Vehicle turns right while ped crosses with ROW at inter.'],['Crossing with right of way'],['Normal'],[],[],[],D32,False,"['unknown', '30 to 34', '15 to 19']",3.0
937955.0,2006-11-04 10:00:00,1800,2006,PHARMACY AVE,KELLYVALE RD,,Minor Arterial,Scarborough,43.757045,-79.31019,636031.7957,4846275.5302,,No Control,Clear,Dark,Dry,119,Wexford/Maryvale,119,Wexford/Maryvale (119),Non-Fatal Injury,0,1,1,0,0,0,0,0,0,0,0,0,0,Sideswipe,"['Driver', 'Moped Driver']",North,"['Automobile, Station Wagon', 'Moped']","['Changing Lanes', 'Going Ahead']","['Improper Lane Change', 'Driving Properly']","['Inattentive', 'Normal']",[],[],[],[],[],[],D41,False,"['75 to 79', '55 to 59']",3.0