accident_number,date,time,year,street1,street2,offset,road_class,district,latitude,longitude,x,y,accident_location,traffctl,visibility,light,road_surface_condition,hood_158,neighbourhood_new,hood_140,neighbourhood_old,accident_class,pedestrian,cyclist,automobile,motorcycle,truck,trsn_city_veh,emerg_veh,passenger,speeding,aggressive_driving,redlight,alcohol,disability,impact_type,involvement_type,initial_direction,vehicle_type,manoeuver,driver_action,driver_condition,pedestrian_type,pedestrian_action,pedestrian_condition,cyclist_type,cyclist_action,cyclist_condition,division,injury,involvement_age,injury_severity_score
944033.0,2006-12-24 10:00:00,820,2006,35 BRAYWIN DR,,,Local,Etobicoke York,43.700245,-79.53629,617941.7389,4839620.5761,,No Control,Clear,Daylight,Dry,6,Kingsview Village-The Westway,6,Kingsview Village-The Westway (6),Non-Fatal Injury,0,0,1,0,0,0,0,0,0,0,0,0,1,SMV Other,['Driver'],West,"['Automobile, Station Wagon']",['Unknown'],['Driving Properly'],['Medical or Physical Disability'],[],[],[],[],[],[],D23,False,['90 to 94'],3.0
944038.0,2006-12-24 10:00:00,850,2006,MARKHAM RD,PAINTED POST DR,,Major Arterial,Scarborough,43.767545,-79.22839,642591.9255,4847579.3285,At Intersection,Traffic Signal,Clear,Daylight,Dry,142,Woburn North,137,Woburn (137),Fatal,0,0,1,0,0,0,0,0,0,1,1,0,0,Angle,"['Vehicle Owner', 'Driver']",North,"['Other', 'Automobile, Station Wagon']",['Going Ahead'],"['Disobeyed Traffic Control', 'Driving Properly']","['Normal', 'Unknown']",[],[],[],[],[],[],D43,True,"['unknown', '25 to 29', '40 to 44']",4.0
944085.0,2006-12-25 10:00:00,2205,2006,EGLINTON AVE E,KENNEDY RD,,Major Arterial,Scarborough,43.732145,-79.26789,639494.862,4843580.357,At Intersection,Traffic Signal,Rain,Dark,Wet,124,Kennedy Park,124,Kennedy Park (124),Non-Fatal Injury,1,0,1,0,0,0,0,0,0,0,0,0,0,Pedestrian Collisions,"['Driver', 'Pedestrian']",East,"['Automobile, Station Wagon', 'Other']",['Going Ahead'],['Driving Properly'],['Normal'],['Vehicle is going straight thru inter.while ped cross without ROW'],['Crossing without right of way'],['Unknown'],[],[],[],D41,False,['45 to 49'],3.0
944296.0,2006-09-30 08:00:00,510,2006,DUNDAS ST W,LAKEVIEW AVE,,Minor Arterial,Toronto and East York,43.649345,-79.42159,627291.6049,4834137.0019,,No Control,Clear,Dark,Dry,81,Trinity-Bellwoods,81,Trinity-Bellwoods (81),Non-Fatal Injury,1,0,1,0,0,0,0,0,0,0,0,1,0,Pedestrian Collisions,"['Other', 'Driver', 'Pedestrian']",East,"['Other', 'Automobile, Station Wagon']",['Going Ahead'],['Lost control'],"['Ability Impaired, Alcohol Over .08']",['Pedestrian hit on sidewalk or shoulder'],['On Sidewalk or Shoulder'],['Normal'],[],[],[],D14,False,"['unknown', '30 to 34', '40 to 44']",3.0
944350.0,2006-12-10 10:00:00,20,2006,LAWRENCE AVE W,ROSEWELL AVE,,Major Arterial,North York,43.722945,-79.41269,627852.8999,4842324.9787,,No Control,Clear,Dark,Dry,105,Lawrence Park North,105,Lawrence Park North (105),Non-Fatal Injury,1,0,1,0,0,0,0,0,0,0,0,0,0,Pedestrian Collisions,"['Driver', 'Pedestrian']",East,"['Automobile, Station Wagon', 'Other']",['Going Ahead'],['Driving Properly'],['Normal'],['Pedestrian hit at mid-block'],"['Crossing, no Traffic Control']","['Ability Impaired, Alcohol']",[],[],[],D32,False,"['30 to 34', '15 to 19']",3.0
944492.0,2006-12-28 10:00:00,645,2006,LAKE SHORE BLVD W,AQUATIC DR,,Major Arterial,Toronto and East York,43.630045,-79.42419,627122.6197,4831989.5048,,No Control,Clear,Daylight,Dry,163,Fort York-Liberty Village,82,Niagara (82),Non-Fatal Injury,0,0,1,0,0,0,0,1,0,0,0,1,0,SMV Other,"['Passenger', 'Driver']",West,"['Other', 'Automobile, Station Wagon']",['Going Ahead'],['Lost control'],"['Ability Impaired, Alcohol']",[],[],[],[],[],[],D14,False,['20 to 24'],3.0
944497.0,2006-12-11 10:00:00,1200,2006,CHURCH ST,LOMBARD ST,,Major Arterial,Toronto and East York,43.651445,-79.37509,631037.0914,4834442.6114,,No Control,Rain,Daylight,Wet,168,Downtown Yonge East,75,Church-Yonge Corridor (75),Non-Fatal Injury,0,0,1,1,0,0,0,0,0,0,0,0,0,Approaching,"['Motorcycle Driver', 'Driver']",North,"['Motorcycle', 'Automobile, Station Wagon']",['Going Ahead'],"['Lost control', 'Driving Properly']","['Unknown', 'Normal']",[],[],[],[],[],[],D51,False,['40 to 44'],3.0
944792.0,2006-12-31 10:00:00,1958,2006,F G GARDINER XY  E,GRAND AVE,,,Etobicoke York,43.625745,-79.48839,621952.17,4831415.63,,No Control,Rain,Dark,Wet,161,Humber Bay Shores,17,Mimico (includes Humber Bay Shores) (17),Non-Fatal Injury,0,0,1,0,0,0,0,1,1,1,0,0,0,SMV Other,"['Driver', 'Passenger']",East,"['Automobile, Station Wagon', 'Other']","['Going Ahead', 'Changing Lanes']","['Driving Properly', 'Lost control']",['Normal'],[],[],[],[],[],[],D22,False,"['50 to 54', '15 to 19']",3.0
944794.0,2006-12-31 10:00:00,1741,2006,LAWRENCE AVE W,BLACK CREEK DR,,Major Arterial,Etobicoke York,43.705245,-79.49289,621428.7257,4840238.5467,,No Control,Rain,Dark,Wet,28,Rustic,28,Rustic (28),Non-Fatal Injury,1,0,1,0,0,0,0,0,0,0,0,0,0,Pedestrian Collisions,"['Driver', 'Pedestrian']",East,"['Automobile, Station Wagon', 'Other']",['Going Ahead'],['Driving Properly'],['Other'],['Pedestrian hit at private driveway'],"['Crossing, no Traffic Control']","['Ability Impaired, Alcohol Over .80']",[],[],[],D12,False,"['65 to 69', '50 to 54']",3.0
944795.0,2007-01-01 10:00:00,330,2007,DIXON RD,KELFIELD ST,,Major Arterial,Etobicoke York,43.690245,-79.57709,614673.2212,4838452.7133,,Traffic Signal,Rain,Dark,Wet,1,West Humber-Clairville,1,West Humber-Clairville (1),Non-Fatal Injury,1,0,1,0,0,0,0,0,0,0,0,0,0,Pedestrian Collisions,"['Driver', 'Pedestrian']",East,"['Automobile, Station Wagon', 'Other']",['Going Ahead'],['Driving Properly'],['Normal'],['Vehicle is going straight thru inter.while ped cross without ROW'],['Crossing without right of way'],['Inattentive'],[],[],[],D23,False,"['25 to 29', '70 to 74']",3.0
944879.0,2007-01-01 10:00:00,1645,2007,SENLAC RD,ELLERSLIE AVE,,Minor Arterial,North York,43.768645,-79.42669,626628.8366,4847379.1335,At Intersection,Stop Sign,Clear,Dusk,Wet,37,Willowdale West,37,Willowdale West (37),Non-Fatal Injury,1,0,1,0,0,0,0,1,0,1,0,0,0,Pedestrian Collisions,"['Passenger', 'Driver', 'Pedestrian']",South,"['Other', 'Automobile, Station Wagon']",['Going Ahead'],['Disobeyed Traffic Control'],['Normal'],['Vehicle is going straight thru inter.while ped cross with ROW'],['Crossing with right of way'],['Normal'],[],[],[],D32,False,"['15 to 19', '65 to 69']",3.0
944952.0,2006-12-10 10:00:00,1405,2006,YONGE ST,WANLESS AVE,,Major Arterial,North York,43.726245,-79.40249,628667.421,4842707.2776,At Intersection,Stop Sign,Clear,Daylight,Dry,105,Lawrence Park North,105,Lawrence Park North (105),Non-Fatal Injury,1,0,1,0,0,0,0,0,0,1,0,0,0,Pedestrian Collisions,"['Pedestrian', 'Driver']",South,"['Other', 'Automobile, Station Wagon']",['Turning Left'],['Failed to Yield Right of Way'],['Normal'],['Vehicle turns left while ped crosses with ROW at inter.'],['Crossing with right of way'],['Unknown'],[],[],[],D32,False,['60 to 64'],3.0
945089.0,2007-01-02 10:00:00,1750,2007,VICTORIA PARK AVE,HARE GT,,Major Arterial,North York,43.795945,-79.33269,634133.4915,4850559.2681,At Intersection,No Control,Clear,Dark,Dry,46,Pleasant View,46,Pleasant View (46),Fatal,1,0,1,0,0,0,0,0,0,0,0,0,0,Pedestrian Collisions,"['Vehicle Owner', 'Driver', 'Pedestrian']",North,"['Other', 'Automobile, Station Wagon']",['Going Ahead'],['Driving Properly'],['Normal'],['Vehicle is going straight thru inter.while ped cross without ROW'],"['Crossing, no Traffic Control']",['Unknown'],[],[],[],D33,True,"['unknown', '50 to 54', '40 to 44']",4.0
945617.0,2006-11-14 10:00:00,1600,2006,CARLAW AVE,EASTERN AVE,,Major Arterial,Toronto and East York,43.658345,-79.33899,633932.9841,4835266.5876,At Intersection,Traffic Signal,Clear,Daylight,Dry,70,South Riverdale,70,South Riverdale (70),Non-Fatal Injury,0,0,1,0,1,0,0,0,0,1,1,0,0,Angle,"['Driver', 'Vehicle Owner', 'Truck Driver']",North,"['Automobile, Station Wagon', 'Other', 'Truck - Open']",['Going Ahead'],"['Driving Properly', 'Disobeyed Traffic Control']",['Normal'],[],[],[],[],[],[],D55,False,"['45 to 49', 'unknown', '50 to 54', '35 to 39']",3.0
945654.0,2006-12-19 10:00:00,2000,2006,39 WESTHAMPTON DR,,,Local,Etobicoke York,43.702945,-79.55629,616324.9602,4839892.1925,,No Control,Clear,Dark,Dry,6,Kingsview Village-The Westway,6,Kingsview Village-The Westway (6),Non-Fatal Injury,0,0,1,0,0,0,0,1,0,0,0,0,0,SMV Unattended Vehicle,"['Vehicle Owner', 'Passenger', 'Driver']",East,"['Other', 'Automobile, Station Wagon']","['Parked', 'Slowing or Stopping']",['Lost control'],['Normal'],[],[],[],[],[],[],D23,False,"['unknown', '15 to 19', '20 to 24']",3.0
945676.0,2006-12-20 10:00:00,1420,2006,EMERSON AVE,WALLACE AVE,,Collector,Toronto and East York,43.662745,-79.44239,625586.2264,4835593.5523,At Intersection,Stop Sign,Clear,Daylight,Dry,171,Junction-Wallace Emerson,93,Dovercourt-Wallace Emerson-Junction (93),Non-Fatal Injury,0,1,0,0,0,1,0,0,0,0,0,0,0,Cyclist Collisions,"['Cyclist', 'Vehicle Owner', 'Driver']",South,"['Bicycle', 'Other', 'Municipal Transit Bus (TTC)']",['Going Ahead'],['Driving Properly'],['Normal'],[],[],[],"['Cyclist without ROW rides into path of motorist at inter, lnwy, dwy-Cyclist not turn.']",['Disobeyed Traffic Control'],['Normal'],D11,False,"['55 to 59', 'unknown', '40 to 44']",3.0
945694.0,2006-12-20 10:00:00,1023,2006,DUNDAS ST W,PALMERSTON AVE,,Major Arterial,Toronto and East York,43.651745,-79.40849,628342.9591,4834423.7305,At Intersection,Pedestrian Crossover,Clear,Daylight,Dry,81,Trinity-Bellwoods,81,Trinity-Bellwoods (81),Non-Fatal Injury,1,0,1,0,0,0,0,0,0,1,0,0,0,Pedestrian Collisions,"['Driver', 'Pedestrian']",North,"['Automobile, Station Wagon', 'Other']",['Turning Left'],['Failed to Yield Right of Way'],['Unknown'],['Pedestrian hit a PXO/ped. Mid-block signal'],"['Crossing, Pedestrian Crossover']",['Normal'],[],[],[],D14,False,"['50 to 54', '45 to 49']",3.0
945718.0,2006-12-19 10:00:00,1855,2006,WILLOWDALE AVE,BYNG AVE,,Minor Arterial,North York,43.778545,-79.40579,628289.8306,4848510.8528,,Traffic Signal,Clear,Dark,Dry,152,East Willowdale,51,Willowdale East (51),Non-Fatal Injury,1,0,1,0,0,0,0,0,0,1,0,0,0,Pedestrian Collisions,"['Driver', 'Pedestrian']",East,"['Automobile, Station Wagon', 'Other']",['Turning Left'],['Failed to Yield Right of Way'],['Inattentive'],['Vehicle turns left while ped crosses with ROW at inter.'],['Crossing with right of way'],['Normal'],[],[],[],D32,False,"['40 to 44', '45 to 49']",3.0
945854.0,2006-12-22 10:00:00,1645,2006,VICTORIA ST,RICHMOND ST E,,Major Arterial,Toronto and East York,43.651945,-79.37779,630818.2682,4834493.8829,,Traffic Signal,Rain,Dark,Wet,168,Downtown Yonge East,75,Church-Yonge Corridor (75),Non-Fatal Injury,1,0,1,0,0,0,0,0,0,0,0,0,0,Pedestrian Collisions,"['Driver', 'Pedestrian']",East,"['Automobile, Station Wagon', 'Other']",['Turning Left'],['Driving Properly'],['Normal'],['Vehicle turns left while ped crosses without ROW at inter.'],['Crossing without right of way'],['Inattentive'],[],[],[],D51,False,"['50 to 54', '75 to 79']",3.0
946028.0,2006-12-23 10:00:00,425,2006,BIRCHMOUNT RD,ELLESMERE RD,,Major Arterial,Scarborough,43.763445,-79.29139,637530.5704,4847017.399,,Traffic Signal,Clear,Dark,Wet,119,Wexford/Maryvale,119,Wexford/Maryvale (119),Non-Fatal Injury,0,0,1,0,0,0,0,1,0,1,1,0,0,Rear End,"['Driver', 'Passenger']",East,"['Automobile, Station Wagon', 'Other']",['Going Ahead'],"['Disobeyed Traffic Control', 'Driving Properly']",['Normal'],[],[],[],[],[],[],D41,False,"['45 to 49', '40 to 44', '30 to 34']",3.0
946073.0,2006-12-24 10:00:00,1350,2006,52 RANEE AVE,,,Collector,North York,43.726345,-79.43439,626097.8823,4842669.3491,,No Control,Clear,Daylight,Dry,32,Englemount-Lawrence,32,Englemount-Lawrence (32),Non-Fatal Injury,0,0,1,0,0,0,0,0,0,0,0,0,0,Approaching,"['Driver', 'Other Property Owner']",East,"['Automobile, Station Wagon', 'Other']",['Going Ahead'],"['Lost control', 'Driving Properly']","['Fatigue', 'Normal']",[],[],[],[],[],[],D32,False,"['55 to 59', '40 to 44', 'unknown']",3.0
946102.0,2006-12-24 10:00:00,30,2006,YONGE ST,MC NAIRN AVE,,Major Arterial,North York,43.735745,-79.40489,628453.8063,4843758.6668,,No Control,Clear,Dark,Dry,105,Lawrence Park North,105,Lawrence Park North (105),Non-Fatal Injury,0,0,1,0,0,0,0,1,0,0,0,0,1,Approaching,"['Driver', 'Passenger']",North,"['Automobile, Station Wagon', 'Other']",['Going Ahead'],"['Lost control', 'Driving Properly']","['Medical or Physical Disability', 'Normal']",[],[],[],[],[],[],D32,False,"['40 to 44', '30 to 34', '35 to 39', '10 to 14', '15 to 19']",3.0
946202.0,2007-01-07 10:00:00,1336,2007,FINCH AVE E,MARKHAM RD,,Major Arterial,Scarborough,43.811343,-79.250491,640710.2372,4852405.9721,Non Intersection,No Control,Clear,Daylight,Dry,129,Agincourt North,129,Agincourt North (129),Non-Fatal Injury,0,0,0,1,0,0,0,0,0,0,0,0,0,SMV Other,['Motorcycle Driver'],East,['Motorcycle'],['Changing Lanes'],['Lost control'],['Normal'],[],[],[],[],[],[],D42,False,['20 to 24'],3.0
946225.0,2006-08-31 08:00:00,1610,2006,DUNDAS ST E,BROADVIEW AVE,,Major Arterial,Toronto and East York,43.662445,-79.35139,632924.0699,4835702.0058,,Traffic Signal,Clear,Daylight,Dry,70,South Riverdale,70,South Riverdale (70),Non-Fatal Injury,0,0,1,1,0,0,0,0,0,1,0,0,0,Turning Movement,"['Driver', 'Motorcycle Driver']",East,"['Automobile, Station Wagon', 'Motorcycle']","['Turning Left', 'Going Ahead']","['Failed to Yield Right of Way', 'Driving Properly']",['Normal'],[],[],[],[],[],[],D55,False,"['80 to 84', '20 to 24']",3.0
946237.0,2006-12-17 10:00:00,1355,2006,WILSON AVE,ELROSE AVE,,Major Arterial,Etobicoke York,43.717445,-79.52409,618890.779,4841548.3005,,No Control,Clear,Daylight,Dry,154,Oakdale-Beverley Heights,26,Downsview-Roding-CFB (26),Non-Fatal Injury,0,0,1,0,0,0,0,1,0,1,0,0,0,Turning Movement,"['Driver', 'Passenger']",East,"['Automobile, Station Wagon', 'Other']","['Turning Left', 'Going Ahead']","['Failed to Yield Right of Way', 'Driving Properly']",['Normal'],[],[],[],[],[],[],D31,False,"['75 to 79', '40 to 44', '35 to 39', '20 to 24']",3.0
946244.0,2006-12-25 10:00:00,114,2006,123 REXDALE BLVD,,,Major Arterial,Etobicoke York,43.712045,-79.56509,615598.4138,4840890.563,,Stop Sign,Clear,Dark,Dry,1,West Humber-Clairville,1,West Humber-Clairville (1),Non-Fatal Injury,0,0,1,0,0,0,0,1,0,0,0,0,0,Turning Movement,"['Vehicle Owner', 'Driver', 'Passenger']",East,"['Other', 'Automobile, Station Wagon']","['Turning Left', 'Going Ahead']","['Improper Turn', 'Driving Properly']",['Normal'],[],[],[],[],[],[],D23,False,"['unknown', '20 to 24', '65 to 69', '55 to 59']",3.0
946528.0,2007-01-09 10:00:00,2125,2007,DON VALLEY PARKWAY  N,LEASIDE BDGE Road,,Major Arterial,Toronto and East York,43.697845,-79.34959,632990.9649,4839636.5475,,No Control,Clear,Dark,Dry,58,Old East York,58,Old East York (58),Non-Fatal Injury,1,0,1,0,0,0,0,1,0,0,0,0,0,Pedestrian Collisions,"['Passenger', 'Driver', 'Pedestrian']",,"['Other', 'Automobile, Station Wagon']","['Other', 'Going Ahead']",[],[],[],[],[],[],[],[],D55,False,"['unknown', '40 to 44']",3.0
946585.0,2006-12-19 10:00:00,1200,2006,WARDEN AVE,BAMBURGH CRCL,,Major Arterial,Scarborough,43.816145,-79.32459,634739.7099,4852815.9619,At Intersection,Traffic Signal,Clear,Daylight,Dry,116,Steeles,116,Steeles (116),Non-Fatal Injury,0,0,1,0,0,0,0,1,0,1,1,0,0,Angle,"['Driver', 'Passenger', 'Vehicle Owner']",East,"['Automobile, Station Wagon', 'Other']","['Slowing or Stopping', 'Going Ahead']","['Driving Properly', 'Disobeyed Traffic Control']",['Normal'],[],[],[],[],[],[],D42,False,"['35 to 39', '60 to 64', '80 to 84', 'unknown', '50 to 54', '40 to 44']",3.0
946614.0,2006-12-20 10:00:00,1043,2006,MCCOWAN RD,SANDHURST CRCL,,Major Arterial,Scarborough,43.811645,-79.26919,639205.588,4852407.8828,,Traffic Signal,Clear,Daylight,Dry,129,Agincourt North,129,Agincourt North (129),Non-Fatal Injury,0,0,1,0,0,0,0,1,0,1,1,0,0,Angle,"['Driver', 'Passenger']",North,"['Automobile, Station Wagon', 'Other']",['Going Ahead'],"['Disobeyed Traffic Control', 'Driving Properly']",['Normal'],[],[],[],[],[],[],D42,False,"['35 to 39', '40 to 44', '5 to 9', '60 to 64']",3.0
947071.0,2007-01-14 10:00:00,336,2007,DON VALLEY PARKWAY  N,BAYVIEW BLOOR DVP RAMP,,,Toronto and East York,43.683245,-79.36189,632031.8462,4837995.3588,,No Control,Clear,Dark,Dry,57,Broadview North,57,Broadview North (57),Non-Fatal Injury,0,0,1,0,0,0,0,1,1,1,0,0,0,SMV Other,"['Passenger', 'Vehicle Owner', 'Driver', 'Other Property Owner']",North,"['Other', 'Automobile, Station Wagon']",['Going Ahead'],['Lost control'],['Normal'],[],[],[],[],[],[],D55,False,"['25 to 29', 'unknown']",3.0
947135.0,2006-12-02 10:00:00,1300,2006,THE EAST MALL,FORMULA CRT,,Minor Arterial,Etobicoke York,43.640145,-79.55709,616381.8162,4832916.3102,,No Control,Clear,Daylight,Dry,158,Islington,14,Islington-City Centre West (14),Non-Fatal Injury,1,0,1,0,0,0,0,0,0,0,0,0,0,Pedestrian Collisions,"['Driver', 'Pedestrian']",North,"['Automobile, Station Wagon', 'Other']",['Going Ahead'],['Driving Properly'],['Normal'],['Vehicle is going straight thru inter.while ped cross without ROW'],"['Crossing, no Traffic Control']",['Unknown'],[],[],[],D22,False,"['80 to 84', '70 to 74']",3.0
947143.0,2006-12-06 10:00:00,2248,2006,VICTORIA PARK AVE,HUNTINGWOOD DR,,Major Arterial,North York,43.780345,-79.32539,634755.8282,4848838.4999,At Intersection,Traffic Signal,Drifting Snow,Dark,Wet,147,L'Amoreaux West,117,L'Amoreaux (117),Non-Fatal Injury,1,0,1,0,0,0,0,0,0,1,1,0,0,Pedestrian Collisions,"['Driver', 'Pedestrian']",East,"['Automobile, Station Wagon', 'Other']",['Going Ahead'],['Disobeyed Traffic Control'],['Unknown'],['Vehicle is going straight thru inter.while ped cross with ROW'],['Crossing with right of way'],['Unknown'],[],[],[],D42,False,"['unknown', '55 to 59']",3.0
947325.0,2007-01-10 10:00:00,1515,2007,HUMBER COLLEGE BLVD,WESTMORE DR,,Minor Arterial,Etobicoke York,43.730945,-79.59939,612799.6654,4842942.4105,,No Control,Clear,Daylight,Dry,1,West Humber-Clairville,1,West Humber-Clairville (1),Non-Fatal Injury,1,0,1,0,0,0,0,0,0,0,0,0,0,Pedestrian Collisions,"['Vehicle Owner', 'Driver', 'Pedestrian']",East,"['Other', 'Automobile, Station Wagon']",['Going Ahead'],['Driving Properly'],['Normal'],['Vehicle is going straight thru inter.while ped cross without ROW'],['Running onto Roadway'],['Normal'],[],[],[],D23,False,"['unknown', '30 to 34', '50 to 54']",3.0
947697.0,2006-08-20 08:00:00,209,2006,DUFFERIN ST,GERRY FITZGERALD DR W,,Major Arterial,North York,43.783845,-79.47009,623104.537,4849001.8716,At Intersection,No Control,Clear,Dark,Dry,34,Bathurst Manor,34,Bathurst Manor (34),Non-Fatal Injury,0,0,1,0,0,0,0,1,1,1,0,0,0,SMV Other,"['Vehicle Owner', 'Passenger', 'Driver', 'Other Property Owner']",North,"['Other', 'Automobile, Station Wagon']",['Going Ahead'],['Exceeding Speed Limit'],['Unknown'],[],[],[],[],[],[],D32,False,"['unknown', '20 to 24', '25 to 29']",3.0
948014.0,2006-12-31 10:00:00,1848,2006,2540 EGLINTON AVE E,,,Major Arterial,Scarborough,43.734945,-79.25609,640438.6367,4843911.2727,,No Control,Rain,Dark,Wet,124,Kennedy Park,124,Kennedy Park (124),Non-Fatal Injury,1,0,1,0,0,0,0,0,1,1,0,0,0,Pedestrian Collisions,"['Vehicle Owner', 'Driver', 'Pedestrian']",East,"['Other', 'Automobile, Station Wagon']",['Going Ahead'],['Speed too Fast For Condition'],['Normal'],['Pedestrian hit at mid-block'],"['Crossing, no Traffic Control']",['Normal'],[],[],[],D41,False,"['unknown', '30 to 34', '15 to 19']",3.0
948029.0,2007-01-01 10:00:00,355,2007,PARKSIDE DR,HIGH PARK BLVD,,Major Arterial,Toronto and East York,43.644845,-79.45629,624502.4769,4833584.5785,,Traffic Signal,Rain,Dark,Wet,87,High Park-Swansea,87,High Park-Swansea (87),Non-Fatal Injury,1,0,1,0,0,0,0,0,0,0,0,0,0,Pedestrian Collisions,"['Driver', 'Pedestrian']",South,"['Automobile, Station Wagon', 'Other']",['Going Ahead'],['Driving Properly'],['Normal'],['Vehicle is going straight thru inter.while ped cross without ROW'],['Crossing without right of way'],['Had Been Drinking'],[],[],[],D11,False,"['45 to 49', '40 to 44']",3.0
948249.0,2007-01-03 10:00:00,1335,2007,LAKE SHORE Blvd E,CARLAW Ave,,Major Arterial,Toronto and East York,43.654945,-79.33739,634069.5657,4834891.5563,At Intersection,Traffic Signal,Clear,Daylight,Dry,70,South Riverdale,70,South Riverdale (70),Non-Fatal Injury,0,0,1,0,0,0,0,0,0,1,0,0,0,Rear End,"['Driver', 'Vehicle Owner']",East,"['Automobile, Station Wagon', 'Other']","['Going Ahead', 'Stopped']","['Following too Close', 'Driving Properly']","['Inattentive', 'Normal']",[],[],[],[],[],[],D55,False,"['80 to 84', 'unknown', '30 to 34']",3.0
948311.0,2007-01-05 10:00:00,1207,2007,BATHURST St,WARWICK Ave,,Major Arterial,Toronto and East York,43.695245,-79.42319,627065.6685,4839232.359,,Traffic Signal,Clear,Daylight,Dry,101,Forest Hill South,101,Forest Hill South (101),Non-Fatal Injury,0,0,1,0,0,0,0,0,0,0,0,0,1,Approaching,"['Other', 'Driver', 'Vehicle Owner']",South,"['Other', 'Automobile, Station Wagon']","['Slowing or Stopping', 'Going Ahead']","['Driving Properly', 'Lost control']","['Normal', 'Medical or Physical Disability']",[],[],[],[],[],[],D13,False,"['10 to 14', '45 to 49', 'unknown', '75 to 79']",3.0
948322.0,2007-01-05 10:00:00,1450,2007,KIPLING AVE,WIDDICOMBE HILL,,Major Arterial,Etobicoke York,43.678945,-79.55169,616742.1544,4837233.1346,,Traffic Signal,Clear,Daylight,Dry,7,Willowridge-Martingrove-Richview,7,Willowridge-Martingrove-Richview (7),Non-Fatal Injury,0,0,1,0,0,0,0,0,0,1,1,0,0,Angle,"['Driver', 'Vehicle Owner']",East,"['Automobile, Station Wagon', 'Other']",['Going Ahead'],"['Driving Properly', 'Disobeyed Traffic Control']",['Normal'],[],[],[],[],[],[],D23,False,"['70 to 74', 'unknown', '40 to 44']",3.0
948356.0,2007-01-06 10:00:00,1140,2007,LAWRENCE AVE E,ORTON PARK RD,,Major Arterial,Scarborough,43.764045,-79.20559,644435.4802,4847230.1152,,Traffic Signal,Rain,Daylight,Wet,141,Golfdale-Cedarbrae-Woburn,137,Woburn (137),Non-Fatal Injury,0,0,1,0,0,0,0,1,0,0,0,0,0,Turning Movement,"['Vehicle Owner', 'Driver', 'Passenger', 'Other Property Owner']",East,"['Other', 'Automobile, Station Wagon']","['Going Ahead', 'Turning Left']","['Driving Properly', 'Improper Turn']",['Normal'],[],[],[],[],[],[],D43,False,"['unknown', '40 to 44', '35 to 39', '55 to 59']",3.0
949215.0,2007-01-12 10:00:00,2030,2007,4071 KINGSTON RD,,,Major Arterial,Scarborough,43.755345,-79.20089,644834.7889,4846272.0537,,No Control,Rain,Dark,Wet,136,West Hill,136,West Hill (136),Non-Fatal Injury,1,0,1,0,0,0,0,0,0,0,0,0,0,Pedestrian Collisions,"['Vehicle Owner', 'Driver', 'Pedestrian']",East,"['Other', 'Automobile, Station Wagon']",['Going Ahead'],['Driving Properly'],['Normal'],['Pedestrian hit at mid-block'],['Running onto Roadway'],['Normal'],[],[],[],D43,False,"['unknown', '40 to 44', '35 to 39']",3.0
949221.0,2006-08-09 08:00:00,2155,2006,QUEEN ST E,HAMMERSMITH AVE,,Minor Arterial,Toronto and East York,43.671145,-79.29429,637508.1133,4836761.3294,,No Control,Clear,Dark,Dry,63,The Beaches,63,The Beaches (63),Non-Fatal Injury,1,0,1,0,0,0,0,0,0,0,0,0,0,Pedestrian Collisions,"['Driver', 'Pedestrian']",East,"['Automobile, Station Wagon', 'Other']",['Reversing'],['Other'],['Normal'],['Vehicle is reversing and hits pedestrian'],"['Crossing, no Traffic Control']",['Normal'],[],[],[],D55,False,"['50 to 54', '35 to 39']",3.0
949432.0,2007-01-04 10:00:00,905,2007,FINCH AVE W,WESTON RD,,Major Arterial,Etobicoke York,43.752045,-79.54239,617349.0263,4845365.037,At Intersection,Traffic Signal,Clear,Daylight,Dry,22,Humbermede,22,Humbermede (22),Non-Fatal Injury,1,0,1,0,0,0,0,0,0,1,0,0,0,Pedestrian Collisions,"['Driver', 'Pedestrian']",North,"['Automobile, Station Wagon', 'Other']",['Turning Left'],['Failed to Yield Right of Way'],['Normal'],['Vehicle turns left while ped crosses with ROW at inter.'],['Crossing with right of way'],['Normal'],[],[],[],D31,False,"['70 to 74', '55 to 59']",3.0
949483.0,2007-01-19 10:00:00,1331,2007,DUFFERIN ST,KING ST W,,Major Arterial,Toronto and East York,43.638945,-79.42739,626845.7427,4832973.0677,,Traffic Signal,Clear,Daylight,Dry,85,South Parkdale,85,South Parkdale (85),Non-Fatal Injury,1,0,1,0,0,0,0,0,0,1,0,0,0,Pedestrian Collisions,"['Vehicle Owner', 'Driver', 'Pedestrian']",East,"['Other', 'Automobile, Station Wagon']",['Turning Left'],['Failed to Yield Right of Way'],['Inattentive'],['Vehicle turns left while ped crosses with ROW at inter.'],['Crossing with right of way'],['Normal'],[],[],[],D14,False,"['unknown', '45 to 49', '65 to 69']",3.0
949724.0,2007-01-15 10:00:00,1715,2007,150 DISCO RD,,,Collector,Etobicoke York,43.700645,-79.60769,612187.7368,4839565.9141,,No Control,Freezing Rain,Dark,Slush,1,West Humber-Clairville,1,West Humber-Clairville (1),Non-Fatal Injury,0,0,1,0,0,0,0,0,0,1,0,0,0,Approaching,"['Driver', 'Vehicle Owner']",East,"['Automobile, Station Wagon', 'Other']",['Going Ahead'],"['Lost control', 'Driving Properly']",['Normal'],[],[],[],[],[],[],D23,False,"['35 to 39', 'unknown', '45 to 49']",3.0