accident_number,date,time,year,street1,street2,offset,road_class,district,latitude,longitude,x,y,accident_location,traffctl,visibility,light,road_surface_condition,hood_158,neighbourhood_new,hood_140,neighbourhood_old,accident_class,pedestrian,cyclist,automobile,motorcycle,truck,trsn_city_veh,emerg_veh,passenger,speeding,aggressive_driving,redlight,alcohol,disability,impact_type,involvement_type,initial_direction,vehicle_type,manoeuver,driver_action,driver_condition,pedestrian_type,pedestrian_action,pedestrian_condition,cyclist_type,cyclist_action,cyclist_condition,division,injury,involvement_age,injury_severity_score
964254.0,2007-03-22 08:00:00,1907,2007,ALLEN X S LAWRENCE E RAMP W,LAWRENCE AVE W,,Major Arterial,North York,43.715945,-79.44499,625265.7978,4841498.2065,At Intersection,Yield Sign,Clear,"Dusk, artificial",Dry,31,Yorkdale-Glen Park,31,Yorkdale-Glen Park (31),Non-Fatal Injury,1,0,1,0,0,0,0,0,0,1,0,0,0,Pedestrian Collisions,"['Vehicle Owner', 'Driver', 'Pedestrian']",East,"['Other', 'Automobile, Station Wagon']",['Going Ahead'],['Failed to Yield Right of Way'],['Normal'],['Vehicle is going straight thru inter.while ped cross with ROW'],['Crossing with right of way'],['Normal'],[],[],[],D32,False,"['unknown', '65 to 69', '45 to 49']",3.0
964318.0,2007-04-14 08:00:00,1305,2007,FINCH AVE E,DON MILLS RD,,Major Arterial,North York,43.792745,-79.35429,632402.8421,4850169.0772,,No Control,Clear,Daylight,Dry,47,Don Valley Village,48,Hillcrest Village (48),Non-Fatal Injury,1,0,1,0,0,0,0,0,0,0,0,0,0,Pedestrian Collisions,"['Driver', 'Pedestrian']",East,"['Automobile, Station Wagon', 'Other']",['Going Ahead'],['Driving Properly'],['Normal'],['Pedestrian hit at mid-block'],"['Crossing, no Traffic Control']",['Unknown'],[],[],[],D33,False,"['45 to 49', '65 to 69']",3.0
964373.0,2007-03-22 08:00:00,1844,2007,DUNDAS ST W,SUBWAY CRES,,Major Arterial,Etobicoke York,43.636145,-79.54009,617760.8215,4832496.0368,At Intersection,Traffic Signal,Clear,Daylight,Dry,158,Islington,14,Islington-City Centre West (14),Non-Fatal Injury,1,0,1,0,0,0,0,0,0,0,0,0,0,Pedestrian Collisions,"['Driver', 'Pedestrian']",North,"['Automobile, Station Wagon', 'Other']",['Turning Left'],['Driving Properly'],['Unknown'],['Vehicle turns left while ped crosses without ROW at inter.'],['Running onto Roadway'],['Inattentive'],[],[],[],D22,False,"['55 to 59', '35 to 39']",3.0
964426.0,2007-03-23 08:00:00,817,2007,FINCH AVE W,KENDLETON DR,,Major Arterial,Etobicoke York,43.740745,-79.58939,613586.5023,4844044.5,,No Control,Clear,Daylight,Dry,2,Mount Olive-Silverstone-Jamestown,2,Mount Olive-Silverstone-Jamestown (2),Non-Fatal Injury,0,0,1,0,0,0,0,1,0,1,0,0,0,Rear End,"['Driver', 'Passenger']",North,"['Automobile, Station Wagon', 'Other']",['Going Ahead'],"['Following too Close', 'Driving Properly']",['Normal'],[],[],[],[],[],[],D23,False,"['40 to 44', '35 to 39']",3.0
964433.0,2007-03-23 08:00:00,658,2007,OLD WESTON RD,TURNBERRY AVE,,Minor Arterial,Toronto and East York,43.679545,-79.46549,623689.1987,4837424.7084,,No Control,Clear,Daylight,Dry,91,Weston-Pelham Park,91,Weston-Pellam Park (91),Non-Fatal Injury,0,0,1,0,0,0,0,0,0,1,0,0,1,SMV Unattended Vehicle,"['Driver', 'Vehicle Owner', 'Other Property Owner']",South,"['Automobile, Station Wagon', 'Other']","['Going Ahead', 'Parked']",['Lost control'],['Medical or Physical Disability'],[],[],[],[],[],[],D12,False,"['45 to 49', 'unknown']",3.0
964482.0,2007-03-24 08:00:00,958,2007,ALBION RD,RIVERDALE DR,,Major Arterial,Etobicoke York,43.735345,-79.56139,615851.574,4843483.5207,At Intersection,Traffic Signal,Rain,Daylight,Wet,3,Thistletown-Beaumond Heights,3,Thistletown-Beaumond Heights (3),Non-Fatal Injury,1,0,1,0,0,0,0,0,0,0,0,0,0,Pedestrian Collisions,"['Driver', 'Pedestrian']",South,"['Automobile, Station Wagon', 'Other']",['Going Ahead'],['Driving Properly'],['Normal'],['Vehicle is going straight thru inter.while ped cross without ROW'],['Crossing without right of way'],['Normal'],[],[],[],D23,False,"['80 to 84', '50 to 54', '55 to 59']",3.0
964573.0,2007-02-25 10:00:00,2129,2007,SHEPPARD AVE E,NEILSON RD,,Major Arterial,Scarborough,43.798245,-79.21699,643436.0476,4851008.7469,,No Control,Snow,Dark,Packed Snow,146,Malvern East,132,Malvern (132),Non-Fatal Injury,0,0,1,0,0,0,0,0,1,1,0,0,0,SMV Other,"['Driver', 'Other Property Owner']",East,"['Automobile, Station Wagon', 'Other']",['Going Ahead'],['Speed too Fast For Condition'],['Normal'],[],[],[],[],[],[],D42,False,"['55 to 59', 'unknown']",3.0
964724.0,2007-04-17 08:00:00,740,2007,WARDEN AVE,SHEPPARD AVE E,,Major Arterial,Scarborough,43.778745,-79.30789,636167.6997,4848689.4299,At Intersection,Traffic Signal,Clear,Daylight,Dry,118,Tam O'Shanter-Sullivan,118,Tam O'Shanter-Sullivan (118),Non-Fatal Injury,0,0,1,0,0,0,0,0,0,1,1,0,1,Turning Movement,"['Driver', 'Vehicle Owner']",North,"['Automobile, Station Wagon', 'Other']","['Going Ahead', 'Reversing', 'Turning Left']","['Disobeyed Traffic Control', 'Driving Properly']","['Medical or Physical Disability', 'Normal']",[],[],[],[],[],[],D42,False,"['70 to 74', '35 to 39', 'unknown']",3.0
964835.0,2007-04-17 08:00:00,1603,2007,149 SHELDON AVE,,,Local,Etobicoke York,43.602645,-79.54319,617576.0392,4828771.0619,,No Control,Clear,Daylight,Dry,20,Alderwood,20,Alderwood (20),Fatal,0,0,1,0,0,0,0,1,0,0,0,0,0,SMV Other,"['Passenger', 'Driver']",East,"['Other', 'Automobile, Station Wagon']",['Going Ahead'],['Lost control'],['Had Been Drinking'],[],[],[],[],[],[],D22,True,"['80 to 84', '90 to 94']",4.0
964870.0,2007-03-27 08:00:00,2045,2007,40 WILLCOCKS St,,,Local,Toronto and East York,43.661445,-79.40069,628951.2105,4835513.1366,,No Control,Clear,Dark,Dry,79,University,79,University (79),Non-Fatal Injury,0,1,1,0,0,0,0,0,0,0,0,0,0,Cyclist Collisions,"['Driver', 'Cyclist']",East,"['Automobile, Station Wagon', 'Bicycle']","['Turning Left', 'Going Ahead']",['Improper Turn'],['Inattentive'],[],[],[],['Motorist turned left across cyclists path.'],[],[],D52,False,"['40 to 44', '65 to 69']",3.0
965074.0,2007-04-18 08:00:00,1705,2007,SHEPPARD Ave W,LAURA Rd,,Major Arterial,Etobicoke York,43.738045,-79.51899,619260.7206,4843843.5505,,No Control,Clear,Daylight,Dry,154,Oakdale-Beverley Heights,26,Downsview-Roding-CFB (26),Non-Fatal Injury,0,0,1,0,0,0,0,1,0,1,0,0,0,Approaching,"['Passenger', 'Driver']",East,"['Other', 'Automobile, Station Wagon']","['Going Ahead', 'Overtaking']","['Driving Properly', 'Failed to Yield Right of Way']",['Normal'],[],[],[],[],[],[],D31,False,"['75 to 79', '30 to 34', '35 to 39']",3.0
965365.0,2007-04-20 08:00:00,1430,2007,KIPLING AVE,NAMCO RD,,Major Arterial,Etobicoke York,43.708445,-79.56519,615597.2779,4840490.5941,,No Control,Clear,Daylight,Dry,1,West Humber-Clairville,1,West Humber-Clairville (1),Non-Fatal Injury,0,0,1,0,0,0,0,0,0,0,0,0,0,SMV Other,"['Vehicle Owner', 'Driver']",South,"['Other', 'Automobile, Station Wagon']",['Going Ahead'],['Lost control'],['Normal'],[],[],[],[],[],[],D23,False,"['unknown', '20 to 24']",3.0
965369.0,2007-04-22 08:00:00,4,2007,WARDEN AVE,SHEPPARD AVE E,,Major Arterial,Scarborough,43.778746,-79.307887,636167.9389,4848689.5459,At Intersection,Traffic Signal,Clear,Dark,Dry,118,Tam O'Shanter-Sullivan,118,Tam O'Shanter-Sullivan (118),Fatal,0,0,1,1,0,0,0,0,1,1,0,0,0,Turning Movement,"['Motorcycle Driver', 'Vehicle Owner', 'Driver']",North,"['Motorcycle', 'Other', 'Automobile, Station Wagon']","['Going Ahead', 'Turning Left']","['Exceeding Speed Limit', 'Improper Turn']",['Normal'],[],[],[],[],[],[],D42,True,"['20 to 24', 'unknown', '30 to 34']",4.0
966139.0,2007-04-03 08:00:00,1220,2007,KINGSTON RD,EASTVILLE AVE,,Major Arterial,Scarborough,43.721445,-79.23669,642032.8618,4842444.9638,,No Control,Clear,Daylight,Dry,123,Cliffcrest,123,Cliffcrest (123),Non-Fatal Injury,1,0,1,0,0,0,0,0,0,0,0,0,0,Pedestrian Collisions,"['Driver', 'Pedestrian']",East,"['Automobile, Station Wagon', 'Other']",['Going Ahead'],['Driving Properly'],['Normal'],['Pedestrian hit at mid-block'],"['Crossing, no Traffic Control']",['Inattentive'],[],[],[],D43,False,"['30 to 34', '15 to 19']",3.0
966448.0,2007-04-05 08:00:00,1305,2007,UNIVERSITY AVE,WELLINGTON ST W,,Major Arterial,Toronto and East York,43.646345,-79.38409,630322.3289,4833862.0171,At Intersection,Traffic Signal,Clear,Daylight,Wet,170,Yonge-Bay Corridor,76,Bay Street Corridor (76),Non-Fatal Injury,0,1,1,0,0,0,0,0,0,0,0,0,0,Cyclist Collisions,"['Driver', 'Cyclist']",North,"['Automobile, Station Wagon', 'Bicycle']","['Turning Left', 'Going Ahead']",['Driving Properly'],['Normal'],[],[],[],['Motorist turned left across cyclists path.'],[],[],D52,False,"['55 to 59', '30 to 34']",3.0
966627.0,2007-04-28 08:00:00,1415,2007,STEELES AVE E,ASHCOTT ST,,Major Arterial,Scarborough,43.827245,-79.29169,637360.1596,4854102.9077,At Intersection,Traffic Signal,Clear,Daylight,Dry,130,Milliken,130,Milliken (130),Non-Fatal Injury,1,0,1,0,0,0,0,0,0,0,0,0,0,Pedestrian Collisions,"['Driver', 'Pedestrian']",East,"['Automobile, Station Wagon', 'Other']",['Going Ahead'],['Driving Properly'],['Normal'],['Vehicle is going straight thru inter.while ped cross without ROW'],['Crossing without right of way'],['Normal'],[],[],[],D42,False,"['35 to 39', '15 to 19']",3.0
966632.0,2007-04-28 08:00:00,1734,2007,746 OSSINGTON AVE,,,Minor Arterial,Toronto and East York,43.662345,-79.42579,626925.499,4835574.3884,,No Control,Clear,Daylight,Dry,172,Dovercourt Village,93,Dovercourt-Wallace Emerson-Junction (93),Non-Fatal Injury,1,0,0,0,0,1,0,0,0,1,0,0,0,Pedestrian Collisions,"['Vehicle Owner', 'Driver', 'Pedestrian']",North,"['Other', 'Municipal Transit Bus (TTC)']",['Turning Left'],['Failed to Yield Right of Way'],['Normal'],['Pedestrian involved in a collision with transit vehicle anywhere along roadway'],"['Crossing, no Traffic Control']",['Normal'],[],[],[],D14,False,"['unknown', '45 to 49', '75 to 79']",3.0
966951.0,2007-04-30 08:00:00,910,2007,CENTRAL PARK RDWY Road,CORDOVA AVE,,Collector,Etobicoke York,43.647845,-79.52689,618802.5204,4833814.2799,At Intersection,Stop Sign,Clear,Daylight,Dry,159,Etobicoke City Centre,14,Islington-City Centre West (14),Non-Fatal Injury,1,0,1,0,0,0,0,0,0,1,0,0,0,Pedestrian Collisions,"['Driver', 'Pedestrian']",North,"['Automobile, Station Wagon', 'Other']",['Turning Left'],['Failed to Yield Right of Way'],['Unknown'],['Vehicle turns left while ped crosses with ROW at inter.'],['Crossing with right of way'],['Normal'],[],[],[],D22,False,"['unknown', '75 to 79']",3.0
967064.0,2007-04-08 08:00:00,316,2007,FINCH AVE W,MARTIN GROVE RD,,Major Arterial,Etobicoke York,43.737245,-79.59029,613520.645,4843654.5417,,No Control,Snow,Dark,Wet,2,Mount Olive-Silverstone-Jamestown,2,Mount Olive-Silverstone-Jamestown (2),Non-Fatal Injury,0,0,1,0,0,0,0,1,1,1,0,0,0,Approaching,"['Passenger', 'Vehicle Owner', 'Driver']",East,"['Other', 'Automobile, Station Wagon']","['Going Ahead', 'Other']","['Driving Properly', 'Lost control']","['Normal', 'Had Been Drinking']",[],[],[],[],[],[],D23,False,"['20 to 24', 'unknown', '35 to 39', '30 to 34', '25 to 29']",3.0
967321.0,2007-04-10 08:00:00,1645,2007,ABITIBI AVE,YONGE ST,,Local,North York,43.796445,-79.41909,627181.5702,4850478.4018,,No Control,Clear,Daylight,Dry,50,Newtonbrook East,50,Newtonbrook East (50),Non-Fatal Injury,1,0,1,0,0,0,0,0,0,0,0,0,0,Pedestrian Collisions,"['Driver', 'Pedestrian']",West,"['Automobile, Station Wagon', 'Other']",['Going Ahead'],['Driving Properly'],['Normal'],['Pedestrian hit at mid-block'],['Running onto Roadway'],['Normal'],[],[],[],D32,False,"['55 to 59', '15 to 19']",3.0
967550.0,2007-03-27 08:00:00,1550,2007,BAY ST,YORKVILLE AVE,,Major Arterial,Toronto and East York,43.671545,-79.39029,629767.9981,4836651.0935,,No Control,Clear,Daylight,Dry,95,Annex,95,Annex (95),Non-Fatal Injury,0,0,1,0,1,0,0,0,0,0,0,0,0,Turning Movement,"['Vehicle Owner', 'Truck Driver', 'Driver']",North,"['Other', 'Truck - Open', 'Automobile, Station Wagon']","['Going Ahead', 'Making U Turn']","['Driving Properly', 'Improper Lane Change']","['Normal', 'Other']",[],[],[],[],[],[],D53,False,"['unknown', '30 to 34', '35 to 39']",3.0
967741.0,2007-04-14 08:00:00,1042,2007,VICTORIA PARK AVE,COMBERMERE DR,,Major Arterial,North York,43.756645,-79.31479,635662.3899,4846223.5589,,No Control,Clear,Daylight,Dry,119,Wexford/Maryvale,119,Wexford/Maryvale (119),Non-Fatal Injury,0,0,1,0,0,0,0,1,0,1,0,0,0,Rear End,"['Vehicle Owner', 'Driver', 'Passenger']",South,"['Other', 'Automobile, Station Wagon']","['Going Ahead', 'Stopped']","['Following too Close', 'Driving Properly']",['Normal'],[],[],[],[],[],[],D41,False,"['unknown', '30 to 34', '55 to 59', '50 to 54']",3.0
967864.0,2007-05-06 08:00:00,1615,2007,QUEEN ST E,CARLAW AVE,,Minor Arterial,Toronto and East York,43.661045,-79.34009,633838.287,4835564.6837,At Intersection,Traffic Signal,Clear,Daylight,Dry,70,South Riverdale,70,South Riverdale (70),Non-Fatal Injury,0,0,1,1,0,0,0,1,0,0,0,0,0,Turning Movement,"['Motorcycle Driver', 'Passenger', 'Driver']",East,"['Motorcycle', 'Other', 'Automobile, Station Wagon']","['Going Ahead', 'Turning Left']","['Driving Properly', 'Improper Turn']",['Normal'],[],[],[],[],[],[],D55,False,"['25 to 29', '15 to 19', '50 to 54']",3.0
967962.0,2007-04-15 08:00:00,1040,2007,KIPLING AVE,BELFIELD RD,,Major Arterial,Etobicoke York,43.704845,-79.56349,615741.1695,4840093.1367,,Traffic Signal,Clear,Daylight,Dry,1,West Humber-Clairville,1,West Humber-Clairville (1),Non-Fatal Injury,0,0,1,0,0,0,0,1,0,1,1,0,0,Angle,"['Driver', 'Passenger']",South,"['Automobile, Station Wagon', 'Other']",['Going Ahead'],"['Disobeyed Traffic Control', 'Driving Properly']",['Normal'],[],[],[],[],[],[],D23,False,"['65 to 69', '10 to 14', '60 to 64', '15 to 19', '45 to 49']",3.0
968070.0,2007-04-17 08:00:00,2257,2007,BATHURST ST,MARKDALE AVE,,Major Arterial,Toronto and East York,43.694345,-79.42289,627091.7451,4839132.8614,,No Control,Clear,Dark,Dry,106,Humewood-Cedarvale,106,Humewood-Cedarvale (106),Non-Fatal Injury,0,0,1,0,0,0,0,1,1,1,0,1,0,SMV Unattended Vehicle,"['Vehicle Owner', 'Driver', 'Passenger', 'Other Property Owner']",North,"['Other', 'Automobile, Station Wagon']","['Parked', 'Going Ahead', 'Changing Lanes']","['Driving Properly', 'Failed to Yield Right of Way']","['Normal', 'Ability Impaired, Alcohol']",[],[],[],[],[],[],D13,False,"['unknown', '35 to 39', '20 to 24']",3.0
968074.0,2007-04-17 08:00:00,751,2007,SHEPPARD AVE E,BESSARION RD,,Major Arterial,North York,43.769145,-79.37659,630660.1153,4847512.5007,At Intersection,Traffic Signal,Clear,Daylight,Dry,52,Bayview Village,52,Bayview Village (52),Non-Fatal Injury,0,0,1,0,0,0,0,0,0,1,1,0,0,Angle,"['Driver', 'Vehicle Owner']",East,"['Automobile, Station Wagon', 'Other']","['Stopped', 'Going Ahead']","['Driving Properly', 'Disobeyed Traffic Control']","['Unknown', 'Normal']",[],[],[],[],[],[],D33,False,"['40 to 44', 'unknown', '35 to 39', '70 to 74']",3.0
968131.0,2007-05-07 08:00:00,645,2007,330 PROGRESS AVE,,,Minor Arterial,Scarborough,43.773945,-79.26839,639357.5346,4848222.0427,,No Control,Clear,Daylight,Dry,156,Bendale-Glen Andrew,127,Bendale (127),Non-Fatal Injury,0,0,1,0,0,0,0,1,0,0,0,1,0,Rear End,"['Vehicle Owner', 'Passenger', 'Driver']",East,"['Other', 'Automobile, Station Wagon']","['Stopped', 'Going Ahead']","['Driving Properly', 'Lost control']","['Normal', 'Ability Impaired, Alcohol']",[],[],[],[],[],[],D41,False,"['unknown', '45 to 49', '40 to 44', '25 to 29']",3.0
968157.0,2007-05-07 08:00:00,1103,2007,1369 BLOOR ST W,,,Major Arterial,Toronto and East York,43.657745,-79.44579,625322.4924,4835033.0958,,No Control,Clear,Daylight,Dry,171,Junction-Wallace Emerson,93,Dovercourt-Wallace Emerson-Junction (93),Non-Fatal Injury,1,0,1,0,0,0,0,0,0,0,0,0,0,Pedestrian Collisions,"['Driver', 'Pedestrian']",East,"['Automobile, Station Wagon', 'Other']",['Going Ahead'],['Driving Properly'],['Normal'],['Pedestrian hit at mid-block'],['Running onto Roadway'],['Unknown'],[],[],[],D11,False,"['60 to 64', '75 to 79']",3.0
968354.0,2007-04-20 08:00:00,2240,2007,343 CHEROKEE BLVD,,,Collector,North York,43.799345,-79.33759,633731.7019,4850928.9623,,No Control,Clear,Dark,Dry,46,Pleasant View,46,Pleasant View (46),Non-Fatal Injury,1,0,1,0,0,0,0,0,0,0,0,0,0,Pedestrian Collisions,"['Vehicle Owner', 'Driver', 'Pedestrian']",East,"['Other', 'Automobile, Station Wagon']",['Reversing'],['Lost control'],['Normal'],['Pedestrian hit at private driveway'],['Other'],['Normal'],[],[],[],D33,False,"['unknown', '40 to 44', '35 to 39']",3.0
968405.0,2007-05-08 08:00:00,1450,2007,YONGE Stre,WILLIAM CARSON Cres,,Major Arterial,North York,43.747245,-79.40749,628219.8755,4845031.8831,At Intersection,Traffic Signal,Clear,Daylight,Dry,39,Bedford Park-Nortown,39,Bedford Park-Nortown (39),Non-Fatal Injury,0,0,1,0,0,0,0,0,0,0,0,0,1,Rear End,['Driver'],North,"['Automobile, Station Wagon']",['Turning Left'],"['Driving Properly', 'Other']","['Normal', 'Medical or Physical Disability']",[],[],[],[],[],[],D32,False,"['60 to 64', '50 to 54']",3.0
968451.0,2007-04-21 08:00:00,1309,2007,BOOTH AVE,LAKE SHORE BLVD E,,Major Arterial,Toronto and East York,43.653544,-79.340793,633798.2628,4834730.4637,At Intersection,Stop Sign,Clear,Daylight,Dry,70,South Riverdale,70,South Riverdale (70),Non-Fatal Injury,1,0,1,0,0,0,0,0,0,1,0,0,0,Pedestrian Collisions,"['Driver', 'Pedestrian']",East,"['Automobile, Station Wagon']",['Going Ahead'],['Failed to Yield Right of Way'],['Normal'],[],[],[],[],[],[],D55,False,"['55 to 59', '25 to 29']",3.0
968566.0,2007-05-09 08:00:00,1928,2007,STEELES AVE W,PETER KAISER GT,,Major Arterial,Etobicoke York,43.775245,-79.52239,618913.2216,4847970.2688,,No Control,Clear,Dark,Dry,24,Black Creek,24,Black Creek (24),Non-Fatal Injury,0,0,1,0,1,0,0,0,0,0,0,0,0,Approaching,"['Vehicle Owner', 'Truck Driver', 'Driver']",East,"['Other', 'Truck - Open', 'Automobile, Station Wagon']","['Stopped', 'Going Ahead']","['Driving Properly', 'Lost control']","['Normal', 'Unknown']",[],[],[],[],[],[],D31,False,"['unknown', '35 to 39', '40 to 44']",3.0
968739.0,2007-04-22 08:00:00,1210,2007,KEELE ST,JACKSON PL,,Major Arterial,Toronto and East York,43.666345,-79.46489,623764.6925,4835959.5676,,Stop Sign,Clear,Daylight,Dry,90,Junction Area,90,Junction Area (90),Non-Fatal Injury,0,0,1,0,0,0,0,1,1,1,0,1,0,Angle,"['Vehicle Owner', 'Driver', 'Passenger']",South,"['Other', 'Automobile, Station Wagon']",['Going Ahead'],"['Driving Properly', 'Failed to Yield Right of Way']","['Normal', 'Ability Impaired, Alcohol Over .08']",[],[],[],[],[],[],D11,False,"['unknown', '50 to 54', '20 to 24', '60 to 64']",3.0
969441.0,2007-05-14 08:00:00,2103,2007,295 JARVIS ST,,,Major Arterial,Toronto and East York,43.658745,-79.37519,631013.1511,4835253.215,,No Control,Clear,Dark,Dry,73,Moss Park,73,Moss Park (73),Non-Fatal Injury,1,0,1,0,0,0,0,0,0,0,0,0,0,Pedestrian Collisions,"['Driver', 'Pedestrian']",East,"['Automobile, Station Wagon', 'Other']",['Going Ahead'],['Other'],['Unknown'],['Pedestrian hit at mid-block'],"['Crossing, no Traffic Control']",['Unknown'],[],[],[],D51,False,"['unknown', '80 to 84']",3.0
969630.0,2007-04-28 08:00:00,15,2007,GERRARD ST E,GLENMORE RD,,Minor Arterial,Toronto and East York,43.680645,-79.31109,636132.2585,4837788.7224,At Intersection,No Control,Rain,Dark,Wet,64,Woodbine Corridor,64,Woodbine Corridor (64),Non-Fatal Injury,1,0,1,0,0,0,0,0,0,0,0,0,0,Pedestrian Collisions,"['Driver', 'Pedestrian']",South,"['Automobile, Station Wagon', 'Other']",['Going Ahead'],['Driving Properly'],['Normal'],['Pedestrian hit at mid-block'],['Running onto Roadway'],"['Ability Impaired, Alcohol']",[],[],[],D55,False,"['50 to 54', '60 to 64']",3.0
969646.0,2007-04-17 08:00:00,1836,2007,DUNDAS SQ,OKEEFE LANE,,Collector,Toronto and East York,43.655945,-79.37979,630648.3082,4834934.9847,,No Control,Clear,Daylight,Dry,168,Downtown Yonge East,75,Church-Yonge Corridor (75),Non-Fatal Injury,0,0,0,1,0,0,0,0,0,0,0,0,0,SMV Other,"['Vehicle Owner', 'Motorcycle Driver', 'Other Property Owner']",West,"['Other', 'Motorcycle']",['Going Ahead'],['Other'],['Inattentive'],[],[],[],[],[],[],D51,False,"['unknown', '20 to 24']",3.0
969841.0,2007-04-21 08:00:00,1741,2007,BLOOR ST W,HURON ST,,Major Arterial,Toronto and East York,43.667145,-79.40149,628874.5089,4836144.9545,At Intersection,Traffic Signal,Clear,Daylight,Dry,79,University,79,University (79),Non-Fatal Injury,0,1,1,0,0,0,0,0,0,1,0,0,0,Turning Movement,"['Driver', 'Moped Driver']",West,"['Automobile, Station Wagon', 'Moped']","['Going Ahead', 'Turning Left']","['Driving Properly', 'Failed to Yield Right of Way']",['Normal'],[],[],[],[],[],[],D52,False,"['25 to 29', '50 to 54', 'unknown']",3.0
969857.0,2007-04-30 08:00:00,1841,2007,MARLEE AVE,WHITMORE AVE,,Minor Arterial,North York,43.699945,-79.44009,625693.9654,4839728.5995,At Intersection,Stop Sign,Clear,Daylight,Dry,108,Briar Hill-Belgravia,108,Briar Hill-Belgravia (108),Non-Fatal Injury,0,0,1,1,0,0,0,0,1,1,0,0,0,Turning Movement,"['Vehicle Owner', 'Motorcycle Driver', 'Driver']",North,"['Other', 'Motorcycle', 'Automobile, Station Wagon']","['Going Ahead', 'Turning Left']","['Exceeding Speed Limit', 'Failed to Yield Right of Way']",['Normal'],[],[],[],[],[],[],D13,False,"['unknown', '20 to 24', '45 to 49']",3.0
969872.0,2007-05-01 08:00:00,2108,2007,LAWRENCE AVE W,BRUCEWOOD CRES,,Major Arterial,North York,43.718445,-79.43299,626227.2324,4841794.0725,At Intersection,Traffic Signal,Clear,Dark,Wet,32,Englemount-Lawrence,32,Englemount-Lawrence (32),Non-Fatal Injury,0,0,1,0,0,0,0,1,0,0,0,0,0,Turning Movement,"['Passenger', 'Driver']",East,"['Other', 'Automobile, Station Wagon']","['Going Ahead', 'Turning Left']","['Driving Properly', 'Improper Turn']",['Normal'],[],[],[],[],[],[],D13,False,"['20 to 24', '15 to 19']",3.0
970082.0,2007-05-03 08:00:00,1924,2007,FINCH AVE W,EDITHVALE DR,,Major Arterial,North York,43.777345,-79.42649,626626.5712,4848345.7066,At Intersection,Pedestrian Crossover,Clear,Daylight,Dry,36,Newtonbrook West,36,Newtonbrook West (36),Non-Fatal Injury,1,0,1,0,0,0,0,0,0,1,0,0,0,Pedestrian Collisions,"['Driver', 'Pedestrian']",West,"['Automobile, Station Wagon', 'Other']",['Going Ahead'],['Failed to Yield Right of Way'],['Normal'],['Pedestrian hit a PXO/ped. Mid-block signal'],"['Crossing, Pedestrian Crossover']",['Normal'],[],[],[],D32,False,"['40 to 44', '25 to 29']",3.0
970485.0,2007-05-07 08:00:00,2300,2007,BIRCHMOUNT RD,MACK AVE,,Minor Arterial,Scarborough,43.701545,-79.26589,639727.0417,4840185.1489,At Intersection,Stop Sign,Clear,Dark,Dry,120,Clairlea-Birchmount,120,Clairlea-Birchmount (120),Non-Fatal Injury,0,0,1,0,0,0,0,1,0,1,0,0,0,Turning Movement,"['Passenger', 'Driver']",East,"['Other', 'Automobile, Station Wagon']","['Going Ahead', 'Turning Left']","['Driving Properly', 'Improper Turn']",['Normal'],[],[],[],[],[],[],D41,False,"['30 to 34', '40 to 44', '15 to 19']",3.0
970644.0,2007-05-20 08:00:00,440,2007,STEELES AVE E,MIDLAND AVE,,Major Arterial,Scarborough,43.825945,-79.29729,636912.8477,4853949.2368,At Intersection,Traffic Signal,Clear,Dark,Dry,130,Milliken,130,Milliken (130),Fatal,1,0,1,0,0,0,0,0,0,1,0,0,0,Pedestrian Collisions,"['Driver', 'Pedestrian']",South,"['Automobile, Station Wagon', 'Other']",['Going Ahead'],['Failed to Yield Right of Way'],['Unknown'],['Vehicle is going straight thru inter.while ped cross with ROW'],['Crossing with right of way'],['Unknown'],[],[],[],D42,True,"['20 to 24', '55 to 59']",4.0
970666.0,2007-05-21 08:00:00,237,2007,DON VALLEY PARKWAY  N,BEECHWOOD DR,,Local,Toronto and East York,43.696245,-79.35369,632664.1095,4839452.2767,,No Control,Clear,Dark,Dry,57,Broadview North,57,Broadview North (57),Non-Fatal Injury,0,0,1,0,0,0,0,1,1,1,0,0,0,SMV Other,"['Vehicle Owner', 'Passenger', 'Driver']",North,"['Other', 'Automobile, Station Wagon']",['Going Ahead'],['Exceeding Speed Limit'],['Normal'],[],[],[],[],[],[],D55,False,"['unknown', '20 to 24', '15 to 19']",3.0
970906.0,2007-05-22 08:00:00,2157,2007,DON VALLEY PARKWAY  S,DUNDAS ST E,,,Toronto and East York,43.664245,-79.35589,632557.2783,4835894.72,,No Control,Clear,Dark,Dry,70,South Riverdale,70,South Riverdale (70),Non-Fatal Injury,1,0,1,0,0,0,0,0,0,0,0,0,0,Pedestrian Collisions,"['Vehicle Owner', 'Driver', 'Pedestrian']",South,"['Other', 'Automobile, Station Wagon']",['Going Ahead'],['Driving Properly'],['Normal'],['Other / Undefined'],['Other'],['Other'],[],[],[],D55,False,"['unknown', '55 to 59', '25 to 29']",3.0
971231.0,2007-05-09 08:00:00,517,2007,ALBION RD,FINCH AVE W,,Major Arterial,Etobicoke York,43.741045,-79.58919,613602.0397,4844078.0934,At Intersection,Traffic Controller,Clear,Daylight,Dry,2,Mount Olive-Silverstone-Jamestown,2,Mount Olive-Silverstone-Jamestown (2),Non-Fatal Injury,0,0,1,0,0,0,0,0,0,1,0,0,0,Angle,['Driver'],East,"['Automobile, Station Wagon']",['Going Ahead'],"['Disobeyed Traffic Control', 'Driving Properly']",['Normal'],[],[],[],[],[],[],D23,False,"['30 to 34', '45 to 49']",3.0
971237.0,2007-04-28 08:00:00,1905,2007,EGLINTON AVE E,BRIMLEY RD,,Major Arterial,Scarborough,43.736645,-79.24809,641078.8992,4844113.6748,,Traffic Signal,Clear,Daylight,Dry,124,Kennedy Park,124,Kennedy Park (124),Non-Fatal Injury,0,0,1,0,0,0,0,1,0,1,1,0,0,Angle,"['Passenger', 'Driver']",East,"['Other', 'Automobile, Station Wagon']",['Going Ahead'],"['Driving Properly', 'Disobeyed Traffic Control']",['Normal'],[],[],[],[],[],[],D41,False,"['0 to 4', '10 to 14', '45 to 49', '15 to 19']",3.0